Failed to load tclreadline.tcl
+ define_corners nom_ss_125C_3v00
Reading timing models for corner nom_ss_125C_3v00…
Reading cell library for the 'nom_ss_125C_3v00' corner at '/home/ihsan/.cc/toolchains/iic-osic-tools-2026.09/foss/pdks/gf180mcuD/libs.ref/gf180mcu_fd_sc_mcu7t5v0/lib/gf180mcu_fd_sc_mcu7t5v0__ss_125C_3v00.lib'…
Reading cell library for the 'nom_ss_125C_3v00' corner at '/home/ihsan/.cc/toolchains/iic-osic-tools-2026.09/foss/pdks/gf180mcuD/libs.ref/gf180mcu_fd_io/lib/gf180mcu_fd_io__ss_125C_2v97.lib.gz'…
Reading top-level netlist at '/home/ihsan/.cc/worktrees/ece298a/r2r-dac/blocks/r2r_dac/top/harden/runs/run/06-yosys-synthesis/tt_um_r2r_dac_digital.nl.v'…
Linking design 'tt_um_r2r_dac_digital' from netlist…
Warning: /home/ihsan/.cc/worktrees/ece298a/r2r-dac/blocks/r2r_dac/top/harden/runs/run/06-yosys-synthesis/tt_um_r2r_dac_digital.nl.v line 2418, module r2r_dac_analog not found. Creating black box for u_analog.
Reading design constraints file at '/home/ihsan/.cc/toolchains/iic-osic-tools-2026.09/usr/local/lib/python3.12/dist-packages/librelane/scripts/base.sdc'…
[INFO] Using clock clk…
[INFO] Setting output delay to: 4.0
[INFO] Setting input delay to: 4.0
[INFO] Setting load to: 0.07291
[INFO] Setting clock uncertainty to: 0.25
[INFO] Setting clock transition to: 0.15
[INFO] Setting timing derate to: 5.0%
%OL_CREATE_REPORT min.rpt

===========================================================================
report_checks -path_delay min (Hold)
============================================================================
======================= nom_ss_125C_3v00 Corner ===================================

Startpoint: _656_ (rising edge-triggered flip-flop clocked by clk)
Endpoint: _656_ (rising edge-triggered flip-flop clocked by clk)
Path Group: clk
Path Type: min

Fanout         Cap        Slew       Delay        Time   Description
---------------------------------------------------------------------------------------------
                      0.150000    0.000000    0.000000   clock clk (rise edge)
                                  0.000000    0.000000   clock network delay (ideal)
                      0.150000    0.000000    0.000000 ^ _656_/CLK (gf180mcu_fd_sc_mcu7t5v0__dffq_1)
     3    0.010995    0.417596    1.857473    1.857473 v _656_/Q (gf180mcu_fd_sc_mcu7t5v0__dffq_1)
                                                         u_r2r_dac_digital.presc[6] (net)
                      0.417596    0.000000    1.857473 v _318_/I (gf180mcu_fd_sc_mcu7t5v0__clkinv_1)
     1    0.004828    0.371074    0.328746    2.186219 ^ _318_/ZN (gf180mcu_fd_sc_mcu7t5v0__clkinv_1)
                                                         _303_ (net)
                      0.371074    0.000000    2.186219 ^ _547_/A1 (gf180mcu_fd_sc_mcu7t5v0__aoi21_1)
     1    0.002342    0.286911    0.251784    2.438003 v _547_/ZN (gf180mcu_fd_sc_mcu7t5v0__aoi21_1)
                                                         _007_ (net)
                      0.286911    0.000000    2.438003 v _656_/D (gf180mcu_fd_sc_mcu7t5v0__dffq_1)
                                              2.438003   data arrival time

                      0.150000    0.000000    0.000000   clock clk (rise edge)
                                  0.000000    0.000000   clock network delay (ideal)
                                  0.250000    0.250000   clock uncertainty
                                  0.000000    0.250000   clock reconvergence pessimism
                                              0.250000 ^ _656_/CLK (gf180mcu_fd_sc_mcu7t5v0__dffq_1)
                                  0.077522    0.327522   library hold time
                                              0.327522   data required time
---------------------------------------------------------------------------------------------
                                              0.327522   data required time
                                             -2.438003   data arrival time
---------------------------------------------------------------------------------------------
                                              2.110482   slack (MET)


Startpoint: _634_ (rising edge-triggered flip-flop clocked by clk)
Endpoint: _634_ (rising edge-triggered flip-flop clocked by clk)
Path Group: clk
Path Type: min

Fanout         Cap        Slew       Delay        Time   Description
---------------------------------------------------------------------------------------------
                      0.150000    0.000000    0.000000   clock clk (rise edge)
                                  0.000000    0.000000   clock network delay (ideal)
                      0.150000    0.000000    0.000000 ^ _634_/CLK (gf180mcu_fd_sc_mcu7t5v0__dffq_1)
     2    0.009302    0.382549    1.827410    1.827410 v _634_/Q (gf180mcu_fd_sc_mcu7t5v0__dffq_1)
                                                         u_r2r_dac_digital.code_reg[0] (net)
                      0.382549    0.000000    1.827410 v _588_/A1 (gf180mcu_fd_sc_mcu7t5v0__nand2_1)
     1    0.004707    0.417520    0.367546    2.194957 ^ _588_/ZN (gf180mcu_fd_sc_mcu7t5v0__nand2_1)
                                                         _278_ (net)
                      0.417520    0.000000    2.194957 ^ _589_/A2 (gf180mcu_fd_sc_mcu7t5v0__aoi21_1)
     1    0.002342    0.279190    0.265449    2.460406 v _589_/ZN (gf180mcu_fd_sc_mcu7t5v0__aoi21_1)
                                                         _018_ (net)
                      0.279190    0.000000    2.460406 v _634_/D (gf180mcu_fd_sc_mcu7t5v0__dffq_1)
                                              2.460406   data arrival time

                      0.150000    0.000000    0.000000   clock clk (rise edge)
                                  0.000000    0.000000   clock network delay (ideal)
                                  0.250000    0.250000   clock uncertainty
                                  0.000000    0.250000   clock reconvergence pessimism
                                              0.250000 ^ _634_/CLK (gf180mcu_fd_sc_mcu7t5v0__dffq_1)
                                  0.079226    0.329226   library hold time
                                              0.329226   data required time
---------------------------------------------------------------------------------------------
                                              0.329226   data required time
                                             -2.460406   data arrival time
---------------------------------------------------------------------------------------------
                                              2.131180   slack (MET)


Startpoint: _636_ (rising edge-triggered flip-flop clocked by clk)
Endpoint: _636_ (rising edge-triggered flip-flop clocked by clk)
Path Group: clk
Path Type: min

Fanout         Cap        Slew       Delay        Time   Description
---------------------------------------------------------------------------------------------
                      0.150000    0.000000    0.000000   clock clk (rise edge)
                                  0.000000    0.000000   clock network delay (ideal)
                      0.150000    0.000000    0.000000 ^ _636_/CLK (gf180mcu_fd_sc_mcu7t5v0__dffq_1)
     2    0.009302    0.382549    1.827410    1.827410 v _636_/Q (gf180mcu_fd_sc_mcu7t5v0__dffq_1)
                                                         u_r2r_dac_digital.code_reg[2] (net)
                      0.382549    0.000000    1.827410 v _592_/A1 (gf180mcu_fd_sc_mcu7t5v0__nand2_1)
     1    0.004707    0.417520    0.367546    2.194957 ^ _592_/ZN (gf180mcu_fd_sc_mcu7t5v0__nand2_1)
                                                         _280_ (net)
                      0.417520    0.000000    2.194957 ^ _593_/A2 (gf180mcu_fd_sc_mcu7t5v0__aoi21_1)
     1    0.002342    0.279190    0.265449    2.460406 v _593_/ZN (gf180mcu_fd_sc_mcu7t5v0__aoi21_1)
                                                         _020_ (net)
                      0.279190    0.000000    2.460406 v _636_/D (gf180mcu_fd_sc_mcu7t5v0__dffq_1)
                                              2.460406   data arrival time

                      0.150000    0.000000    0.000000   clock clk (rise edge)
                                  0.000000    0.000000   clock network delay (ideal)
                                  0.250000    0.250000   clock uncertainty
                                  0.000000    0.250000   clock reconvergence pessimism
                                              0.250000 ^ _636_/CLK (gf180mcu_fd_sc_mcu7t5v0__dffq_1)
                                  0.079226    0.329226   library hold time
                                              0.329226   data required time
---------------------------------------------------------------------------------------------
                                              0.329226   data required time
                                             -2.460406   data arrival time
---------------------------------------------------------------------------------------------
                                              2.131180   slack (MET)


Startpoint: _637_ (rising edge-triggered flip-flop clocked by clk)
Endpoint: _637_ (rising edge-triggered flip-flop clocked by clk)
Path Group: clk
Path Type: min

Fanout         Cap        Slew       Delay        Time   Description
---------------------------------------------------------------------------------------------
                      0.150000    0.000000    0.000000   clock clk (rise edge)
                                  0.000000    0.000000   clock network delay (ideal)
                      0.150000    0.000000    0.000000 ^ _637_/CLK (gf180mcu_fd_sc_mcu7t5v0__dffq_1)
     2    0.009302    0.382549    1.827410    1.827410 v _637_/Q (gf180mcu_fd_sc_mcu7t5v0__dffq_1)
                                                         u_r2r_dac_digital.code_reg[3] (net)
                      0.382549    0.000000    1.827410 v _594_/A1 (gf180mcu_fd_sc_mcu7t5v0__nand2_1)
     1    0.004707    0.417520    0.367546    2.194957 ^ _594_/ZN (gf180mcu_fd_sc_mcu7t5v0__nand2_1)
                                                         _281_ (net)
                      0.417520    0.000000    2.194957 ^ _595_/A2 (gf180mcu_fd_sc_mcu7t5v0__aoi21_1)
     1    0.002342    0.279190    0.265449    2.460406 v _595_/ZN (gf180mcu_fd_sc_mcu7t5v0__aoi21_1)
                                                         _021_ (net)
                      0.279190    0.000000    2.460406 v _637_/D (gf180mcu_fd_sc_mcu7t5v0__dffq_1)
                                              2.460406   data arrival time

                      0.150000    0.000000    0.000000   clock clk (rise edge)
                                  0.000000    0.000000   clock network delay (ideal)
                                  0.250000    0.250000   clock uncertainty
                                  0.000000    0.250000   clock reconvergence pessimism
                                              0.250000 ^ _637_/CLK (gf180mcu_fd_sc_mcu7t5v0__dffq_1)
                                  0.079226    0.329226   library hold time
                                              0.329226   data required time
---------------------------------------------------------------------------------------------
                                              0.329226   data required time
                                             -2.460406   data arrival time
---------------------------------------------------------------------------------------------
                                              2.131180   slack (MET)


Startpoint: _638_ (rising edge-triggered flip-flop clocked by clk)
Endpoint: _638_ (rising edge-triggered flip-flop clocked by clk)
Path Group: clk
Path Type: min

Fanout         Cap        Slew       Delay        Time   Description
---------------------------------------------------------------------------------------------
                      0.150000    0.000000    0.000000   clock clk (rise edge)
                                  0.000000    0.000000   clock network delay (ideal)
                      0.150000    0.000000    0.000000 ^ _638_/CLK (gf180mcu_fd_sc_mcu7t5v0__dffq_1)
     2    0.009302    0.382549    1.827410    1.827410 v _638_/Q (gf180mcu_fd_sc_mcu7t5v0__dffq_1)
                                                         u_r2r_dac_digital.code_reg[4] (net)
                      0.382549    0.000000    1.827410 v _596_/A1 (gf180mcu_fd_sc_mcu7t5v0__nand2_1)
     1    0.004707    0.417520    0.367546    2.194957 ^ _596_/ZN (gf180mcu_fd_sc_mcu7t5v0__nand2_1)
                                                         _282_ (net)
                      0.417520    0.000000    2.194957 ^ _597_/A2 (gf180mcu_fd_sc_mcu7t5v0__aoi21_1)
     1    0.002342    0.279190    0.265449    2.460406 v _597_/ZN (gf180mcu_fd_sc_mcu7t5v0__aoi21_1)
                                                         _022_ (net)
                      0.279190    0.000000    2.460406 v _638_/D (gf180mcu_fd_sc_mcu7t5v0__dffq_1)
                                              2.460406   data arrival time

                      0.150000    0.000000    0.000000   clock clk (rise edge)
                                  0.000000    0.000000   clock network delay (ideal)
                                  0.250000    0.250000   clock uncertainty
                                  0.000000    0.250000   clock reconvergence pessimism
                                              0.250000 ^ _638_/CLK (gf180mcu_fd_sc_mcu7t5v0__dffq_1)
                                  0.079226    0.329226   library hold time
                                              0.329226   data required time
---------------------------------------------------------------------------------------------
                                              0.329226   data required time
                                             -2.460406   data arrival time
---------------------------------------------------------------------------------------------
                                              2.131180   slack (MET)


Startpoint: _635_ (rising edge-triggered flip-flop clocked by clk)
Endpoint: _635_ (rising edge-triggered flip-flop clocked by clk)
Path Group: clk
Path Type: min

Fanout         Cap        Slew       Delay        Time   Description
---------------------------------------------------------------------------------------------
                      0.150000    0.000000    0.000000   clock clk (rise edge)
                                  0.000000    0.000000   clock network delay (ideal)
                      0.150000    0.000000    0.000000 ^ _635_/CLK (gf180mcu_fd_sc_mcu7t5v0__dffq_1)
     2    0.009722    0.391243    1.834868    1.834868 v _635_/Q (gf180mcu_fd_sc_mcu7t5v0__dffq_1)
                                                         u_r2r_dac_digital.code_reg[1] (net)
                      0.391243    0.000000    1.834868 v _590_/A1 (gf180mcu_fd_sc_mcu7t5v0__nand2_1)
     1    0.004707    0.418134    0.370299    2.205168 ^ _590_/ZN (gf180mcu_fd_sc_mcu7t5v0__nand2_1)
                                                         _279_ (net)
                      0.418134    0.000000    2.205168 ^ _591_/A2 (gf180mcu_fd_sc_mcu7t5v0__aoi21_1)
     1    0.002342    0.279253    0.265528    2.470695 v _591_/ZN (gf180mcu_fd_sc_mcu7t5v0__aoi21_1)
                                                         _019_ (net)
                      0.279253    0.000000    2.470695 v _635_/D (gf180mcu_fd_sc_mcu7t5v0__dffq_1)
                                              2.470695   data arrival time

                      0.150000    0.000000    0.000000   clock clk (rise edge)
                                  0.000000    0.000000   clock network delay (ideal)
                                  0.250000    0.250000   clock uncertainty
                                  0.000000    0.250000   clock reconvergence pessimism
                                              0.250000 ^ _635_/CLK (gf180mcu_fd_sc_mcu7t5v0__dffq_1)
                                  0.079213    0.329213   library hold time
                                              0.329213   data required time
---------------------------------------------------------------------------------------------
                                              0.329213   data required time
                                             -2.470695   data arrival time
---------------------------------------------------------------------------------------------
                                              2.141483   slack (MET)


Startpoint: _639_ (rising edge-triggered flip-flop clocked by clk)
Endpoint: _639_ (rising edge-triggered flip-flop clocked by clk)
Path Group: clk
Path Type: min

Fanout         Cap        Slew       Delay        Time   Description
---------------------------------------------------------------------------------------------
                      0.150000    0.000000    0.000000   clock clk (rise edge)
                                  0.000000    0.000000   clock network delay (ideal)
                      0.150000    0.000000    0.000000 ^ _639_/CLK (gf180mcu_fd_sc_mcu7t5v0__dffq_1)
     2    0.009722    0.391243    1.834868    1.834868 v _639_/Q (gf180mcu_fd_sc_mcu7t5v0__dffq_1)
                                                         u_r2r_dac_digital.code_reg[5] (net)
                      0.391243    0.000000    1.834868 v _598_/A1 (gf180mcu_fd_sc_mcu7t5v0__nand2_1)
     1    0.004707    0.418134    0.370299    2.205168 ^ _598_/ZN (gf180mcu_fd_sc_mcu7t5v0__nand2_1)
                                                         _283_ (net)
                      0.418134    0.000000    2.205168 ^ _599_/A2 (gf180mcu_fd_sc_mcu7t5v0__aoi21_1)
     1    0.002342    0.279253    0.265528    2.470695 v _599_/ZN (gf180mcu_fd_sc_mcu7t5v0__aoi21_1)
                                                         _023_ (net)
                      0.279253    0.000000    2.470695 v _639_/D (gf180mcu_fd_sc_mcu7t5v0__dffq_1)
                                              2.470695   data arrival time

                      0.150000    0.000000    0.000000   clock clk (rise edge)
                                  0.000000    0.000000   clock network delay (ideal)
                                  0.250000    0.250000   clock uncertainty
                                  0.000000    0.250000   clock reconvergence pessimism
                                              0.250000 ^ _639_/CLK (gf180mcu_fd_sc_mcu7t5v0__dffq_1)
                                  0.079213    0.329213   library hold time
                                              0.329213   data required time
---------------------------------------------------------------------------------------------
                                              0.329213   data required time
                                             -2.470695   data arrival time
---------------------------------------------------------------------------------------------
                                              2.141483   slack (MET)


Startpoint: _640_ (rising edge-triggered flip-flop clocked by clk)
Endpoint: _640_ (rising edge-triggered flip-flop clocked by clk)
Path Group: clk
Path Type: min

Fanout         Cap        Slew       Delay        Time   Description
---------------------------------------------------------------------------------------------
                      0.150000    0.000000    0.000000   clock clk (rise edge)
                                  0.000000    0.000000   clock network delay (ideal)
                      0.150000    0.000000    0.000000 ^ _640_/CLK (gf180mcu_fd_sc_mcu7t5v0__dffq_1)
     2    0.009722    0.391243    1.834868    1.834868 v _640_/Q (gf180mcu_fd_sc_mcu7t5v0__dffq_1)
                                                         u_r2r_dac_digital.code_reg[6] (net)
                      0.391243    0.000000    1.834868 v _600_/A1 (gf180mcu_fd_sc_mcu7t5v0__nand2_1)
     1    0.004707    0.418134    0.370299    2.205168 ^ _600_/ZN (gf180mcu_fd_sc_mcu7t5v0__nand2_1)
                                                         _284_ (net)
                      0.418134    0.000000    2.205168 ^ _601_/A2 (gf180mcu_fd_sc_mcu7t5v0__aoi21_1)
     1    0.002342    0.279253    0.265528    2.470695 v _601_/ZN (gf180mcu_fd_sc_mcu7t5v0__aoi21_1)
                                                         _024_ (net)
                      0.279253    0.000000    2.470695 v _640_/D (gf180mcu_fd_sc_mcu7t5v0__dffq_1)
                                              2.470695   data arrival time

                      0.150000    0.000000    0.000000   clock clk (rise edge)
                                  0.000000    0.000000   clock network delay (ideal)
                                  0.250000    0.250000   clock uncertainty
                                  0.000000    0.250000   clock reconvergence pessimism
                                              0.250000 ^ _640_/CLK (gf180mcu_fd_sc_mcu7t5v0__dffq_1)
                                  0.079213    0.329213   library hold time
                                              0.329213   data required time
---------------------------------------------------------------------------------------------
                                              0.329213   data required time
                                             -2.470695   data arrival time
---------------------------------------------------------------------------------------------
                                              2.141483   slack (MET)


Startpoint: _641_ (rising edge-triggered flip-flop clocked by clk)
Endpoint: _641_ (rising edge-triggered flip-flop clocked by clk)
Path Group: clk
Path Type: min

Fanout         Cap        Slew       Delay        Time   Description
---------------------------------------------------------------------------------------------
                      0.150000    0.000000    0.000000   clock clk (rise edge)
                                  0.000000    0.000000   clock network delay (ideal)
                      0.150000    0.000000    0.000000 ^ _641_/CLK (gf180mcu_fd_sc_mcu7t5v0__dffq_1)
     2    0.009722    0.391243    1.834868    1.834868 v _641_/Q (gf180mcu_fd_sc_mcu7t5v0__dffq_1)
                                                         u_r2r_dac_digital.code_reg[7] (net)
                      0.391243    0.000000    1.834868 v _602_/A1 (gf180mcu_fd_sc_mcu7t5v0__nand2_1)
     1    0.004707    0.418134    0.370299    2.205168 ^ _602_/ZN (gf180mcu_fd_sc_mcu7t5v0__nand2_1)
                                                         _285_ (net)
                      0.418134    0.000000    2.205168 ^ _603_/A2 (gf180mcu_fd_sc_mcu7t5v0__aoi21_1)
     1    0.002342    0.279253    0.265528    2.470695 v _603_/ZN (gf180mcu_fd_sc_mcu7t5v0__aoi21_1)
                                                         _025_ (net)
                      0.279253    0.000000    2.470695 v _641_/D (gf180mcu_fd_sc_mcu7t5v0__dffq_1)
                                              2.470695   data arrival time

                      0.150000    0.000000    0.000000   clock clk (rise edge)
                                  0.000000    0.000000   clock network delay (ideal)
                                  0.250000    0.250000   clock uncertainty
                                  0.000000    0.250000   clock reconvergence pessimism
                                              0.250000 ^ _641_/CLK (gf180mcu_fd_sc_mcu7t5v0__dffq_1)
                                  0.079213    0.329213   library hold time
                                              0.329213   data required time
---------------------------------------------------------------------------------------------
                                              0.329213   data required time
                                             -2.470695   data arrival time
---------------------------------------------------------------------------------------------
                                              2.141483   slack (MET)


Startpoint: _620_ (rising edge-triggered flip-flop clocked by clk)
Endpoint: _628_ (rising edge-triggered flip-flop clocked by clk)
Path Group: clk
Path Type: min

Fanout         Cap        Slew       Delay        Time   Description
---------------------------------------------------------------------------------------------
                      0.150000    0.000000    0.000000   clock clk (rise edge)
                                  0.000000    0.000000   clock network delay (ideal)
                      0.150000    0.000000    0.000000 ^ _620_/CLK (gf180mcu_fd_sc_mcu7t5v0__dffq_1)
     1    0.004940    0.292251    1.749954    1.749954 v _620_/Q (gf180mcu_fd_sc_mcu7t5v0__dffq_1)
                                                         u_r2r_dac_digital.sine_val[2] (net)
                      0.292251    0.000000    1.749954 v _566_/A1 (gf180mcu_fd_sc_mcu7t5v0__aoi22_1)
     1    0.004707    0.598547    0.436934    2.186889 ^ _566_/ZN (gf180mcu_fd_sc_mcu7t5v0__aoi22_1)
                                                         _262_ (net)
                      0.598547    0.000000    2.186889 ^ _567_/A2 (gf180mcu_fd_sc_mcu7t5v0__aoi21_1)
     1    0.002342    0.301509    0.280873    2.467762 v _567_/ZN (gf180mcu_fd_sc_mcu7t5v0__aoi21_1)
                                                         _012_ (net)
                      0.301509    0.000000    2.467762 v _628_/D (gf180mcu_fd_sc_mcu7t5v0__dffq_1)
                                              2.467762   data arrival time

                      0.150000    0.000000    0.000000   clock clk (rise edge)
                                  0.000000    0.000000   clock network delay (ideal)
                                  0.250000    0.250000   clock uncertainty
                                  0.000000    0.250000   clock reconvergence pessimism
                                              0.250000 ^ _628_/CLK (gf180mcu_fd_sc_mcu7t5v0__dffq_1)
                                  0.074298    0.324298   library hold time
                                              0.324298   data required time
---------------------------------------------------------------------------------------------
                                              0.324298   data required time
                                             -2.467762   data arrival time
---------------------------------------------------------------------------------------------
                                              2.143464   slack (MET)


Startpoint: _619_ (rising edge-triggered flip-flop clocked by clk)
Endpoint: _627_ (rising edge-triggered flip-flop clocked by clk)
Path Group: clk
Path Type: min

Fanout         Cap        Slew       Delay        Time   Description
---------------------------------------------------------------------------------------------
                      0.150000    0.000000    0.000000   clock clk (rise edge)
                                  0.000000    0.000000   clock network delay (ideal)
                      0.150000    0.000000    0.000000 ^ _619_/CLK (gf180mcu_fd_sc_mcu7t5v0__dffq_1)
     1    0.004940    0.292251    1.749954    1.749954 v _619_/Q (gf180mcu_fd_sc_mcu7t5v0__dffq_1)
                                                         u_r2r_dac_digital.sine_val[1] (net)
                      0.292251    0.000000    1.749954 v _561_/A1 (gf180mcu_fd_sc_mcu7t5v0__aoi22_1)
     1    0.004828    0.606402    0.441310    2.191265 ^ _561_/ZN (gf180mcu_fd_sc_mcu7t5v0__aoi22_1)
                                                         _258_ (net)
                      0.606402    0.000000    2.191265 ^ _563_/A1 (gf180mcu_fd_sc_mcu7t5v0__aoi21_1)
     1    0.002342    0.301620    0.285739    2.477004 v _563_/ZN (gf180mcu_fd_sc_mcu7t5v0__aoi21_1)
                                                         _011_ (net)
                      0.301620    0.000000    2.477004 v _627_/D (gf180mcu_fd_sc_mcu7t5v0__dffq_1)
                                              2.477004   data arrival time

                      0.150000    0.000000    0.000000   clock clk (rise edge)
                                  0.000000    0.000000   clock network delay (ideal)
                                  0.250000    0.250000   clock uncertainty
                                  0.000000    0.250000   clock reconvergence pessimism
                                              0.250000 ^ _627_/CLK (gf180mcu_fd_sc_mcu7t5v0__dffq_1)
                                  0.074274    0.324273   library hold time
                                              0.324273   data required time
---------------------------------------------------------------------------------------------
                                              0.324273   data required time
                                             -2.477004   data arrival time
---------------------------------------------------------------------------------------------
                                              2.152730   slack (MET)


Startpoint: _623_ (rising edge-triggered flip-flop clocked by clk)
Endpoint: _631_ (rising edge-triggered flip-flop clocked by clk)
Path Group: clk
Path Type: min

Fanout         Cap        Slew       Delay        Time   Description
---------------------------------------------------------------------------------------------
                      0.150000    0.000000    0.000000   clock clk (rise edge)
                                  0.000000    0.000000   clock network delay (ideal)
                      0.150000    0.000000    0.000000 ^ _623_/CLK (gf180mcu_fd_sc_mcu7t5v0__dffq_1)
     1    0.004940    0.292251    1.749954    1.749954 v _623_/Q (gf180mcu_fd_sc_mcu7t5v0__dffq_1)
                                                         u_r2r_dac_digital.sine_val[5] (net)
                      0.292251    0.000000    1.749954 v _577_/A1 (gf180mcu_fd_sc_mcu7t5v0__aoi22_1)
     1    0.004828    0.606402    0.441310    2.191265 ^ _577_/ZN (gf180mcu_fd_sc_mcu7t5v0__aoi22_1)
                                                         _270_ (net)
                      0.606402    0.000000    2.191265 ^ _579_/A1 (gf180mcu_fd_sc_mcu7t5v0__aoi21_1)
     1    0.002342    0.301620    0.285739    2.477004 v _579_/ZN (gf180mcu_fd_sc_mcu7t5v0__aoi21_1)
                                                         _015_ (net)
                      0.301620    0.000000    2.477004 v _631_/D (gf180mcu_fd_sc_mcu7t5v0__dffq_1)
                                              2.477004   data arrival time

                      0.150000    0.000000    0.000000   clock clk (rise edge)
                                  0.000000    0.000000   clock network delay (ideal)
                                  0.250000    0.250000   clock uncertainty
                                  0.000000    0.250000   clock reconvergence pessimism
                                              0.250000 ^ _631_/CLK (gf180mcu_fd_sc_mcu7t5v0__dffq_1)
                                  0.074274    0.324273   library hold time
                                              0.324273   data required time
---------------------------------------------------------------------------------------------
                                              0.324273   data required time
                                             -2.477004   data arrival time
---------------------------------------------------------------------------------------------
                                              2.152730   slack (MET)


Startpoint: _624_ (rising edge-triggered flip-flop clocked by clk)
Endpoint: _632_ (rising edge-triggered flip-flop clocked by clk)
Path Group: clk
Path Type: min

Fanout         Cap        Slew       Delay        Time   Description
---------------------------------------------------------------------------------------------
                      0.150000    0.000000    0.000000   clock clk (rise edge)
                                  0.000000    0.000000   clock network delay (ideal)
                      0.150000    0.000000    0.000000 ^ _624_/CLK (gf180mcu_fd_sc_mcu7t5v0__dffq_1)
     1    0.004940    0.292251    1.749954    1.749954 v _624_/Q (gf180mcu_fd_sc_mcu7t5v0__dffq_1)
                                                         u_r2r_dac_digital.sine_val[6] (net)
                      0.292251    0.000000    1.749954 v _581_/A1 (gf180mcu_fd_sc_mcu7t5v0__aoi22_1)
     1    0.004828    0.606402    0.441310    2.191265 ^ _581_/ZN (gf180mcu_fd_sc_mcu7t5v0__aoi22_1)
                                                         _273_ (net)
                      0.606402    0.000000    2.191265 ^ _583_/A1 (gf180mcu_fd_sc_mcu7t5v0__aoi21_1)
     1    0.002342    0.301620    0.285739    2.477004 v _583_/ZN (gf180mcu_fd_sc_mcu7t5v0__aoi21_1)
                                                         _016_ (net)
                      0.301620    0.000000    2.477004 v _632_/D (gf180mcu_fd_sc_mcu7t5v0__dffq_1)
                                              2.477004   data arrival time

                      0.150000    0.000000    0.000000   clock clk (rise edge)
                                  0.000000    0.000000   clock network delay (ideal)
                                  0.250000    0.250000   clock uncertainty
                                  0.000000    0.250000   clock reconvergence pessimism
                                              0.250000 ^ _632_/CLK (gf180mcu_fd_sc_mcu7t5v0__dffq_1)
                                  0.074274    0.324273   library hold time
                                              0.324273   data required time
---------------------------------------------------------------------------------------------
                                              0.324273   data required time
                                             -2.477004   data arrival time
---------------------------------------------------------------------------------------------
                                              2.152730   slack (MET)


Startpoint: _625_ (rising edge-triggered flip-flop clocked by clk)
Endpoint: _633_ (rising edge-triggered flip-flop clocked by clk)
Path Group: clk
Path Type: min

Fanout         Cap        Slew       Delay        Time   Description
---------------------------------------------------------------------------------------------
                      0.150000    0.000000    0.000000   clock clk (rise edge)
                                  0.000000    0.000000   clock network delay (ideal)
                      0.150000    0.000000    0.000000 ^ _625_/CLK (gf180mcu_fd_sc_mcu7t5v0__dffq_1)
     1    0.004940    0.292251    1.749954    1.749954 v _625_/Q (gf180mcu_fd_sc_mcu7t5v0__dffq_1)
                                                         u_r2r_dac_digital.sine_val[7] (net)
                      0.292251    0.000000    1.749954 v _585_/A1 (gf180mcu_fd_sc_mcu7t5v0__aoi22_1)
     1    0.004828    0.606402    0.441310    2.191265 ^ _585_/ZN (gf180mcu_fd_sc_mcu7t5v0__aoi22_1)
                                                         _276_ (net)
                      0.606402    0.000000    2.191265 ^ _587_/A1 (gf180mcu_fd_sc_mcu7t5v0__aoi21_1)
     1    0.002342    0.301620    0.285739    2.477004 v _587_/ZN (gf180mcu_fd_sc_mcu7t5v0__aoi21_1)
                                                         _017_ (net)
                      0.301620    0.000000    2.477004 v _633_/D (gf180mcu_fd_sc_mcu7t5v0__dffq_1)
                                              2.477004   data arrival time

                      0.150000    0.000000    0.000000   clock clk (rise edge)
                                  0.000000    0.000000   clock network delay (ideal)
                                  0.250000    0.250000   clock uncertainty
                                  0.000000    0.250000   clock reconvergence pessimism
                                              0.250000 ^ _633_/CLK (gf180mcu_fd_sc_mcu7t5v0__dffq_1)
                                  0.074274    0.324273   library hold time
                                              0.324273   data required time
---------------------------------------------------------------------------------------------
                                              0.324273   data required time
                                             -2.477004   data arrival time
---------------------------------------------------------------------------------------------
                                              2.152730   slack (MET)


Startpoint: _622_ (rising edge-triggered flip-flop clocked by clk)
Endpoint: _630_ (rising edge-triggered flip-flop clocked by clk)
Path Group: clk
Path Type: min

Fanout         Cap        Slew       Delay        Time   Description
---------------------------------------------------------------------------------------------
                      0.150000    0.000000    0.000000   clock clk (rise edge)
                                  0.000000    0.000000   clock network delay (ideal)
                      0.150000    0.000000    0.000000 ^ _622_/CLK (gf180mcu_fd_sc_mcu7t5v0__dffq_1)
     1    0.004940    0.292251    1.749954    1.749954 v _622_/Q (gf180mcu_fd_sc_mcu7t5v0__dffq_1)
                                                         u_r2r_dac_digital.sine_val[4] (net)
                      0.292251    0.000000    1.749954 v _573_/A1 (gf180mcu_fd_sc_mcu7t5v0__aoi22_1)
     1    0.004828    0.606402    0.441310    2.191265 ^ _573_/ZN (gf180mcu_fd_sc_mcu7t5v0__aoi22_1)
                                                         _267_ (net)
                      0.606402    0.000000    2.191265 ^ _575_/A1 (gf180mcu_fd_sc_mcu7t5v0__aoi21_1)
     1    0.002342    0.301699    0.285739    2.477004 v _575_/ZN (gf180mcu_fd_sc_mcu7t5v0__aoi21_1)
                                                         _014_ (net)
                      0.301699    0.000000    2.477004 v _630_/D (gf180mcu_fd_sc_mcu7t5v0__dffq_1)
                                              2.477004   data arrival time

                      0.150000    0.000000    0.000000   clock clk (rise edge)
                                  0.000000    0.000000   clock network delay (ideal)
                                  0.250000    0.250000   clock uncertainty
                                  0.000000    0.250000   clock reconvergence pessimism
                                              0.250000 ^ _630_/CLK (gf180mcu_fd_sc_mcu7t5v0__dffq_1)
                                  0.074256    0.324256   library hold time
                                              0.324256   data required time
---------------------------------------------------------------------------------------------
                                              0.324256   data required time
                                             -2.477004   data arrival time
---------------------------------------------------------------------------------------------
                                              2.152748   slack (MET)


Startpoint: _621_ (rising edge-triggered flip-flop clocked by clk)
Endpoint: _629_ (rising edge-triggered flip-flop clocked by clk)
Path Group: clk
Path Type: min

Fanout         Cap        Slew       Delay        Time   Description
---------------------------------------------------------------------------------------------
                      0.150000    0.000000    0.000000   clock clk (rise edge)
                                  0.000000    0.000000   clock network delay (ideal)
                      0.150000    0.000000    0.000000 ^ _621_/CLK (gf180mcu_fd_sc_mcu7t5v0__dffq_1)
     1    0.004940    0.292251    1.749954    1.749954 v _621_/Q (gf180mcu_fd_sc_mcu7t5v0__dffq_1)
                                                         u_r2r_dac_digital.sine_val[3] (net)
                      0.292251    0.000000    1.749954 v _569_/A1 (gf180mcu_fd_sc_mcu7t5v0__aoi22_1)
     1    0.004828    0.606402    0.441310    2.191265 ^ _569_/ZN (gf180mcu_fd_sc_mcu7t5v0__aoi22_1)
                                                         _264_ (net)
                      0.606402    0.000000    2.191265 ^ _571_/A1 (gf180mcu_fd_sc_mcu7t5v0__aoi21_1)
     1    0.002342    0.306929    0.285739    2.477004 v _571_/ZN (gf180mcu_fd_sc_mcu7t5v0__aoi21_1)
                                                         _013_ (net)
                      0.306929    0.000000    2.477004 v _629_/D (gf180mcu_fd_sc_mcu7t5v0__dffq_1)
                                              2.477004   data arrival time

                      0.150000    0.000000    0.000000   clock clk (rise edge)
                                  0.000000    0.000000   clock network delay (ideal)
                                  0.250000    0.250000   clock uncertainty
                                  0.000000    0.250000   clock reconvergence pessimism
                                              0.250000 ^ _629_/CLK (gf180mcu_fd_sc_mcu7t5v0__dffq_1)
                                  0.073101    0.323101   library hold time
                                              0.323101   data required time
---------------------------------------------------------------------------------------------
                                              0.323101   data required time
                                             -2.477004   data arrival time
---------------------------------------------------------------------------------------------
                                              2.153903   slack (MET)


Startpoint: _618_ (rising edge-triggered flip-flop clocked by clk)
Endpoint: _626_ (rising edge-triggered flip-flop clocked by clk)
Path Group: clk
Path Type: min

Fanout         Cap        Slew       Delay        Time   Description
---------------------------------------------------------------------------------------------
                      0.150000    0.000000    0.000000   clock clk (rise edge)
                                  0.000000    0.000000   clock network delay (ideal)
                      0.150000    0.000000    0.000000 ^ _618_/CLK (gf180mcu_fd_sc_mcu7t5v0__dffq_1)
     1    0.004940    0.292251    1.749954    1.749954 v _618_/Q (gf180mcu_fd_sc_mcu7t5v0__dffq_1)
                                                         u_r2r_dac_digital.sine_val[0] (net)
                      0.292251    0.000000    1.749954 v _557_/A1 (gf180mcu_fd_sc_mcu7t5v0__aoi22_1)
     1    0.004828    0.606402    0.441310    2.191265 ^ _557_/ZN (gf180mcu_fd_sc_mcu7t5v0__aoi22_1)
                                                         _255_ (net)
                      0.606402    0.000000    2.191265 ^ _559_/A1 (gf180mcu_fd_sc_mcu7t5v0__aoi21_1)
     1    0.002342    0.308868    0.285739    2.477004 v _559_/ZN (gf180mcu_fd_sc_mcu7t5v0__aoi21_1)
                                                         _010_ (net)
                      0.308868    0.000000    2.477004 v _626_/D (gf180mcu_fd_sc_mcu7t5v0__dffq_1)
                                              2.477004   data arrival time

                      0.150000    0.000000    0.000000   clock clk (rise edge)
                                  0.000000    0.000000   clock network delay (ideal)
                                  0.250000    0.250000   clock uncertainty
                                  0.000000    0.250000   clock reconvergence pessimism
                                              0.250000 ^ _626_/CLK (gf180mcu_fd_sc_mcu7t5v0__dffq_1)
                                  0.072673    0.322673   library hold time
                                              0.322673   data required time
---------------------------------------------------------------------------------------------
                                              0.322673   data required time
                                             -2.477004   data arrival time
---------------------------------------------------------------------------------------------
                                              2.154331   slack (MET)


Startpoint: _651_ (rising edge-triggered flip-flop clocked by clk)
Endpoint: _651_ (rising edge-triggered flip-flop clocked by clk)
Path Group: clk
Path Type: min

Fanout         Cap        Slew       Delay        Time   Description
---------------------------------------------------------------------------------------------
                      0.150000    0.000000    0.000000   clock clk (rise edge)
                                  0.000000    0.000000   clock network delay (ideal)
                      0.150000    0.000000    0.000000 ^ _651_/CLK (gf180mcu_fd_sc_mcu7t5v0__dffq_1)
     5    0.021889    0.633022    2.014285    2.014285 v _651_/Q (gf180mcu_fd_sc_mcu7t5v0__dffq_1)
                                                         u_r2r_dac_digital.presc[1] (net)
                      0.633022    0.000000    2.014285 v _606_/A1 (gf180mcu_fd_sc_mcu7t5v0__aoi21_1)
     1    0.002342    0.517362    0.510708    2.524993 ^ _606_/ZN (gf180mcu_fd_sc_mcu7t5v0__aoi21_1)
                                                         _035_ (net)
                      0.517362    0.000000    2.524993 ^ _651_/D (gf180mcu_fd_sc_mcu7t5v0__dffq_1)
                                              2.524993   data arrival time

                      0.150000    0.000000    0.000000   clock clk (rise edge)
                                  0.000000    0.000000   clock network delay (ideal)
                                  0.250000    0.250000   clock uncertainty
                                  0.000000    0.250000   clock reconvergence pessimism
                                              0.250000 ^ _651_/CLK (gf180mcu_fd_sc_mcu7t5v0__dffq_1)
                                  0.003040    0.253040   library hold time
                                              0.253040   data required time
---------------------------------------------------------------------------------------------
                                              0.253040   data required time
                                             -2.524993   data arrival time
---------------------------------------------------------------------------------------------
                                              2.271953   slack (MET)


Startpoint: _650_ (rising edge-triggered flip-flop clocked by clk)
Endpoint: _650_ (rising edge-triggered flip-flop clocked by clk)
Path Group: clk
Path Type: min

Fanout         Cap        Slew       Delay        Time   Description
---------------------------------------------------------------------------------------------
                      0.150000    0.000000    0.000000   clock clk (rise edge)
                                  0.000000    0.000000   clock network delay (ideal)
                      0.150000    0.000000    0.000000 ^ _650_/CLK (gf180mcu_fd_sc_mcu7t5v0__dffq_1)
     6    0.025819    0.710368    2.069511    2.069511 v _650_/Q (gf180mcu_fd_sc_mcu7t5v0__dffq_1)
                                                         u_r2r_dac_digital.presc[0] (net)
                      0.710368    0.000000    2.069511 v _604_/A1 (gf180mcu_fd_sc_mcu7t5v0__nor2_1)
     1    0.002342    0.582867    0.505191    2.574702 ^ _604_/ZN (gf180mcu_fd_sc_mcu7t5v0__nor2_1)
                                                         _034_ (net)
                      0.582867    0.000000    2.574702 ^ _650_/D (gf180mcu_fd_sc_mcu7t5v0__dffq_1)
                                              2.574702   data arrival time

                      0.150000    0.000000    0.000000   clock clk (rise edge)
                                  0.000000    0.000000   clock network delay (ideal)
                                  0.250000    0.250000   clock uncertainty
                                  0.000000    0.250000   clock reconvergence pessimism
                                              0.250000 ^ _650_/CLK (gf180mcu_fd_sc_mcu7t5v0__dffq_1)
                                  0.000688    0.250688   library hold time
                                              0.250688   data required time
---------------------------------------------------------------------------------------------
                                              0.250688   data required time
                                             -2.574702   data arrival time
---------------------------------------------------------------------------------------------
                                              2.324014   slack (MET)


Startpoint: _654_ (rising edge-triggered flip-flop clocked by clk)
Endpoint: _654_ (rising edge-triggered flip-flop clocked by clk)
Path Group: clk
Path Type: min

Fanout         Cap        Slew       Delay        Time   Description
---------------------------------------------------------------------------------------------
                      0.150000    0.000000    0.000000   clock clk (rise edge)
                                  0.000000    0.000000   clock network delay (ideal)
                      0.150000    0.000000    0.000000 ^ _654_/CLK (gf180mcu_fd_sc_mcu7t5v0__dffq_1)
     6    0.025932    0.712591    2.071099    2.071099 v _654_/Q (gf180mcu_fd_sc_mcu7t5v0__dffq_1)
                                                         u_r2r_dac_digital.presc[4] (net)
                      0.712591    0.000000    2.071099 v _614_/A1 (gf180mcu_fd_sc_mcu7t5v0__aoi21_1)
     1    0.002342    0.521355    0.533215    2.604315 ^ _614_/ZN (gf180mcu_fd_sc_mcu7t5v0__aoi21_1)
                                                         _038_ (net)
                      0.521355    0.000000    2.604315 ^ _654_/D (gf180mcu_fd_sc_mcu7t5v0__dffq_1)
                                              2.604315   data arrival time

                      0.150000    0.000000    0.000000   clock clk (rise edge)
                                  0.000000    0.000000   clock network delay (ideal)
                                  0.250000    0.250000   clock uncertainty
                                  0.000000    0.250000   clock reconvergence pessimism
                                              0.250000 ^ _654_/CLK (gf180mcu_fd_sc_mcu7t5v0__dffq_1)
                                  0.002896    0.252896   library hold time
                                              0.252896   data required time
---------------------------------------------------------------------------------------------
                                              0.252896   data required time
                                             -2.604315   data arrival time
---------------------------------------------------------------------------------------------
                                              2.351418   slack (MET)


Startpoint: _657_ (rising edge-triggered flip-flop clocked by clk)
Endpoint: _657_ (rising edge-triggered flip-flop clocked by clk)
Path Group: clk
Path Type: min

Fanout         Cap        Slew       Delay        Time   Description
---------------------------------------------------------------------------------------------
                      0.150000    0.000000    0.000000   clock clk (rise edge)
                                  0.000000    0.000000   clock network delay (ideal)
                      0.150000    0.000000    0.000000 ^ _657_/CLK (gf180mcu_fd_sc_mcu7t5v0__dffq_1)
     2    0.009008    0.376463    1.822190    1.822190 v _657_/Q (gf180mcu_fd_sc_mcu7t5v0__dffq_1)
                                                         u_r2r_dac_digital.presc[7] (net)
                      0.376463    0.000000    1.822190 v _319_/I (gf180mcu_fd_sc_mcu7t5v0__clkinv_1)
     3    0.014704    0.769546    0.552208    2.374398 ^ _319_/ZN (gf180mcu_fd_sc_mcu7t5v0__clkinv_1)
                                                         _304_ (net)
                      0.769546    0.000000    2.374398 ^ _549_/A1 (gf180mcu_fd_sc_mcu7t5v0__aoi21_1)
     1    0.002342    0.356067    0.297834    2.672233 v _549_/ZN (gf180mcu_fd_sc_mcu7t5v0__aoi21_1)
                                                         _008_ (net)
                      0.356067    0.000000    2.672233 v _657_/D (gf180mcu_fd_sc_mcu7t5v0__dffq_1)
                                              2.672233   data arrival time

                      0.150000    0.000000    0.000000   clock clk (rise edge)
                                  0.000000    0.000000   clock network delay (ideal)
                                  0.250000    0.250000   clock uncertainty
                                  0.000000    0.250000   clock reconvergence pessimism
                                              0.250000 ^ _657_/CLK (gf180mcu_fd_sc_mcu7t5v0__dffq_1)
                                  0.062251    0.312251   library hold time
                                              0.312251   data required time
---------------------------------------------------------------------------------------------
                                              0.312251   data required time
                                             -2.672233   data arrival time
---------------------------------------------------------------------------------------------
                                              2.359982   slack (MET)


Startpoint: _652_ (rising edge-triggered flip-flop clocked by clk)
Endpoint: _652_ (rising edge-triggered flip-flop clocked by clk)
Path Group: clk
Path Type: min

Fanout         Cap        Slew       Delay        Time   Description
---------------------------------------------------------------------------------------------
                      0.150000    0.000000    0.000000   clock clk (rise edge)
                                  0.000000    0.000000   clock network delay (ideal)
                      0.150000    0.000000    0.000000 ^ _652_/CLK (gf180mcu_fd_sc_mcu7t5v0__dffq_1)
     3    0.011096    0.419686    1.859267    1.859267 v _652_/Q (gf180mcu_fd_sc_mcu7t5v0__dffq_1)
                                                         u_r2r_dac_digital.presc[2] (net)
                      0.419686    0.000000    1.859267 v _607_/B (gf180mcu_fd_sc_mcu7t5v0__aoi21_1)
     1    0.004447    0.652621    0.580928    2.440195 ^ _607_/ZN (gf180mcu_fd_sc_mcu7t5v0__aoi21_1)
                                                         _287_ (net)
                      0.652621    0.000000    2.440195 ^ _609_/A1 (gf180mcu_fd_sc_mcu7t5v0__nor2_1)
     1    0.002342    0.289533    0.259325    2.699519 v _609_/ZN (gf180mcu_fd_sc_mcu7t5v0__nor2_1)
                                                         _036_ (net)
                      0.289533    0.000000    2.699519 v _652_/D (gf180mcu_fd_sc_mcu7t5v0__dffq_1)
                                              2.699519   data arrival time

                      0.150000    0.000000    0.000000   clock clk (rise edge)
                                  0.000000    0.000000   clock network delay (ideal)
                                  0.250000    0.250000   clock uncertainty
                                  0.000000    0.250000   clock reconvergence pessimism
                                              0.250000 ^ _652_/CLK (gf180mcu_fd_sc_mcu7t5v0__dffq_1)
                                  0.076942    0.326942   library hold time
                                              0.326942   data required time
---------------------------------------------------------------------------------------------
                                              0.326942   data required time
                                             -2.699519   data arrival time
---------------------------------------------------------------------------------------------
                                              2.372577   slack (MET)


Startpoint: _655_ (rising edge-triggered flip-flop clocked by clk)
Endpoint: _655_ (rising edge-triggered flip-flop clocked by clk)
Path Group: clk
Path Type: min

Fanout         Cap        Slew       Delay        Time   Description
---------------------------------------------------------------------------------------------
                      0.150000    0.000000    0.000000   clock clk (rise edge)
                                  0.000000    0.000000   clock network delay (ideal)
                      0.150000    0.000000    0.000000 ^ _655_/CLK (gf180mcu_fd_sc_mcu7t5v0__dffq_1)
     4    0.015002    0.497481    1.917505    1.917505 v _655_/Q (gf180mcu_fd_sc_mcu7t5v0__dffq_1)
                                                         u_r2r_dac_digital.presc[5] (net)
                      0.497481    0.000000    1.917505 v _615_/B (gf180mcu_fd_sc_mcu7t5v0__aoi21_1)
     1    0.004447    0.653360    0.601876    2.519381 ^ _615_/ZN (gf180mcu_fd_sc_mcu7t5v0__aoi21_1)
                                                         _292_ (net)
                      0.653360    0.000000    2.519381 ^ _617_/A1 (gf180mcu_fd_sc_mcu7t5v0__nor2_1)
     1    0.002342    0.289677    0.259379    2.778760 v _617_/ZN (gf180mcu_fd_sc_mcu7t5v0__nor2_1)
                                                         _039_ (net)
                      0.289677    0.000000    2.778760 v _655_/D (gf180mcu_fd_sc_mcu7t5v0__dffq_1)
                                              2.778760   data arrival time

                      0.150000    0.000000    0.000000   clock clk (rise edge)
                                  0.000000    0.000000   clock network delay (ideal)
                                  0.250000    0.250000   clock uncertainty
                                  0.000000    0.250000   clock reconvergence pessimism
                                              0.250000 ^ _655_/CLK (gf180mcu_fd_sc_mcu7t5v0__dffq_1)
                                  0.076911    0.326911   library hold time
                                              0.326911   data required time
---------------------------------------------------------------------------------------------
                                              0.326911   data required time
                                             -2.778760   data arrival time
---------------------------------------------------------------------------------------------
                                              2.451849   slack (MET)


Startpoint: _653_ (rising edge-triggered flip-flop clocked by clk)
Endpoint: _653_ (rising edge-triggered flip-flop clocked by clk)
Path Group: clk
Path Type: min

Fanout         Cap        Slew       Delay        Time   Description
---------------------------------------------------------------------------------------------
                      0.150000    0.000000    0.000000   clock clk (rise edge)
                                  0.000000    0.000000   clock network delay (ideal)
                      0.150000    0.000000    0.000000 ^ _653_/CLK (gf180mcu_fd_sc_mcu7t5v0__dffq_1)
     2    0.006999    0.334875    1.786516    1.786516 v _653_/Q (gf180mcu_fd_sc_mcu7t5v0__dffq_1)
                                                         u_r2r_dac_digital.presc[3] (net)
                      0.334875    0.000000    1.786516 v _317_/I (gf180mcu_fd_sc_mcu7t5v0__clkinv_1)
     1    0.004782    0.359529    0.301589    2.088105 ^ _317_/ZN (gf180mcu_fd_sc_mcu7t5v0__clkinv_1)
                                                         _302_ (net)
                      0.359529    0.000000    2.088105 ^ _610_/A1 (gf180mcu_fd_sc_mcu7t5v0__nand2_1)
     1    0.002747    0.288894    0.243495    2.331600 v _610_/ZN (gf180mcu_fd_sc_mcu7t5v0__nand2_1)
                                                         _289_ (net)
                      0.288894    0.000000    2.331600 v _612_/A1 (gf180mcu_fd_sc_mcu7t5v0__and2_1)
     1    0.002342    0.238751    0.625371    2.956971 v _612_/Z (gf180mcu_fd_sc_mcu7t5v0__and2_1)
                                                         _037_ (net)
                      0.238751    0.000000    2.956971 v _653_/D (gf180mcu_fd_sc_mcu7t5v0__dffq_1)
                                              2.956971   data arrival time

                      0.150000    0.000000    0.000000   clock clk (rise edge)
                                  0.000000    0.000000   clock network delay (ideal)
                                  0.250000    0.250000   clock uncertainty
                                  0.000000    0.250000   clock reconvergence pessimism
                                              0.250000 ^ _653_/CLK (gf180mcu_fd_sc_mcu7t5v0__dffq_1)
                                  0.088156    0.338156   library hold time
                                              0.338156   data required time
---------------------------------------------------------------------------------------------
                                              0.338156   data required time
                                             -2.956971   data arrival time
---------------------------------------------------------------------------------------------
                                              2.618815   slack (MET)


Startpoint: _649_ (rising edge-triggered flip-flop clocked by clk)
Endpoint: _620_ (rising edge-triggered flip-flop clocked by clk)
Path Group: clk
Path Type: min

Fanout         Cap        Slew       Delay        Time   Description
---------------------------------------------------------------------------------------------
                      0.150000    0.000000    0.000000   clock clk (rise edge)
                                  0.000000    0.000000   clock network delay (ideal)
                      0.150000    0.000000    0.000000 ^ _649_/CLK (gf180mcu_fd_sc_mcu7t5v0__dffq_1)
     2    0.008700    0.370087    1.816721    1.816721 v _649_/Q (gf180mcu_fd_sc_mcu7t5v0__dffq_1)
                                                         u_r2r_dac_digital.cnt[7] (net)
                      0.370087    0.000000    1.816721 v _309_/I (gf180mcu_fd_sc_mcu7t5v0__clkinv_1)
     2    0.007690    0.479311    0.382761    2.199481 ^ _309_/ZN (gf180mcu_fd_sc_mcu7t5v0__clkinv_1)
                                                         _294_ (net)
                      0.479311    0.000000    2.199481 ^ _343_/A1 (gf180mcu_fd_sc_mcu7t5v0__nand2_1)
     1    0.004104    0.352524    0.298717    2.498198 v _343_/ZN (gf180mcu_fd_sc_mcu7t5v0__nand2_1)
                                                         _059_ (net)
                      0.352524    0.000000    2.498198 v _345_/A2 (gf180mcu_fd_sc_mcu7t5v0__nand3_1)
     7    0.032050    2.090869    1.309226    3.807424 ^ _345_/ZN (gf180mcu_fd_sc_mcu7t5v0__nand3_1)
                                                         _061_ (net)
                      2.090869    0.000000    3.807424 ^ _486_/A1 (gf180mcu_fd_sc_mcu7t5v0__aoi22_1)
     1    0.002342    0.310388    0.348558    4.155982 v _486_/ZN (gf180mcu_fd_sc_mcu7t5v0__aoi22_1)
                                                         _002_ (net)
                      0.310388    0.000000    4.155982 v _620_/D (gf180mcu_fd_sc_mcu7t5v0__dffq_1)
                                              4.155982   data arrival time

                      0.150000    0.000000    0.000000   clock clk (rise edge)
                                  0.000000    0.000000   clock network delay (ideal)
                                  0.250000    0.250000   clock uncertainty
                                  0.000000    0.250000   clock reconvergence pessimism
                                              0.250000 ^ _620_/CLK (gf180mcu_fd_sc_mcu7t5v0__dffq_1)
                                  0.072338    0.322338   library hold time
                                              0.322338   data required time
---------------------------------------------------------------------------------------------
                                              0.322338   data required time
                                             -4.155982   data arrival time
---------------------------------------------------------------------------------------------
                                              3.833644   slack (MET)


Startpoint: _649_ (rising edge-triggered flip-flop clocked by clk)
Endpoint: _621_ (rising edge-triggered flip-flop clocked by clk)
Path Group: clk
Path Type: min

Fanout         Cap        Slew       Delay        Time   Description
---------------------------------------------------------------------------------------------
                      0.150000    0.000000    0.000000   clock clk (rise edge)
                                  0.000000    0.000000   clock network delay (ideal)
                      0.150000    0.000000    0.000000 ^ _649_/CLK (gf180mcu_fd_sc_mcu7t5v0__dffq_1)
     2    0.008700    0.370087    1.816721    1.816721 v _649_/Q (gf180mcu_fd_sc_mcu7t5v0__dffq_1)
                                                         u_r2r_dac_digital.cnt[7] (net)
                      0.370087    0.000000    1.816721 v _309_/I (gf180mcu_fd_sc_mcu7t5v0__clkinv_1)
     2    0.007690    0.479311    0.382761    2.199481 ^ _309_/ZN (gf180mcu_fd_sc_mcu7t5v0__clkinv_1)
                                                         _294_ (net)
                      0.479311    0.000000    2.199481 ^ _343_/A1 (gf180mcu_fd_sc_mcu7t5v0__nand2_1)
     1    0.004104    0.352524    0.298717    2.498198 v _343_/ZN (gf180mcu_fd_sc_mcu7t5v0__nand2_1)
                                                         _059_ (net)
                      0.352524    0.000000    2.498198 v _345_/A2 (gf180mcu_fd_sc_mcu7t5v0__nand3_1)
     7    0.032050    2.090869    1.309226    3.807424 ^ _345_/ZN (gf180mcu_fd_sc_mcu7t5v0__nand3_1)
                                                         _061_ (net)
                      2.090869    0.000000    3.807424 ^ _513_/B2 (gf180mcu_fd_sc_mcu7t5v0__oai32_1)
     1    0.002342    0.263214    0.370882    4.178305 v _513_/ZN (gf180mcu_fd_sc_mcu7t5v0__oai32_1)
                                                         _003_ (net)
                      0.263214    0.000000    4.178305 v _621_/D (gf180mcu_fd_sc_mcu7t5v0__dffq_1)
                                              4.178305   data arrival time

                      0.150000    0.000000    0.000000   clock clk (rise edge)
                                  0.000000    0.000000   clock network delay (ideal)
                                  0.250000    0.250000   clock uncertainty
                                  0.000000    0.250000   clock reconvergence pessimism
                                              0.250000 ^ _621_/CLK (gf180mcu_fd_sc_mcu7t5v0__dffq_1)
                                  0.082754    0.332754   library hold time
                                              0.332754   data required time
---------------------------------------------------------------------------------------------
                                              0.332754   data required time
                                             -4.178305   data arrival time
---------------------------------------------------------------------------------------------
                                              3.845551   slack (MET)


Startpoint: _643_ (rising edge-triggered flip-flop clocked by clk)
Endpoint: _643_ (rising edge-triggered flip-flop clocked by clk)
Path Group: clk
Path Type: min

Fanout         Cap        Slew       Delay        Time   Description
---------------------------------------------------------------------------------------------
                      0.150000    0.000000    0.000000   clock clk (rise edge)
                                  0.000000    0.000000   clock network delay (ideal)
                      0.150000    0.000000    0.000000 ^ _643_/CLK (gf180mcu_fd_sc_mcu7t5v0__dffq_1)
     5    0.021465    0.624678    2.008327    2.008327 v _643_/Q (gf180mcu_fd_sc_mcu7t5v0__dffq_1)
                                                         u_r2r_dac_digital.cnt[1] (net)
                      0.624678    0.000000    2.008327 v _363_/B (gf180mcu_fd_sc_mcu7t5v0__aoi21_1)
     6    0.025468    2.031564    1.399583    3.407909 ^ _363_/ZN (gf180mcu_fd_sc_mcu7t5v0__aoi21_1)
                                                         _074_ (net)
                      2.031564    0.000000    3.407909 ^ _367_/A1 (gf180mcu_fd_sc_mcu7t5v0__nor2_1)
     4    0.014881    0.888273    0.745529    4.153438 v _367_/ZN (gf180mcu_fd_sc_mcu7t5v0__nor2_1)
                                                         _027_ (net)
                      0.888273    0.000000    4.153438 v _643_/D (gf180mcu_fd_sc_mcu7t5v0__dffq_1)
                                              4.153438   data arrival time

                      0.150000    0.000000    0.000000   clock clk (rise edge)
                                  0.000000    0.000000   clock network delay (ideal)
                                  0.250000    0.250000   clock uncertainty
                                  0.000000    0.250000   clock reconvergence pessimism
                                              0.250000 ^ _643_/CLK (gf180mcu_fd_sc_mcu7t5v0__dffq_1)
                                 -0.091274    0.158726   library hold time
                                              0.158726   data required time
---------------------------------------------------------------------------------------------
                                              0.158726   data required time
                                             -4.153438   data arrival time
---------------------------------------------------------------------------------------------
                                              3.994711   slack (MET)


Startpoint: _645_ (rising edge-triggered flip-flop clocked by clk)
Endpoint: _622_ (rising edge-triggered flip-flop clocked by clk)
Path Group: clk
Path Type: min

Fanout         Cap        Slew       Delay        Time   Description
---------------------------------------------------------------------------------------------
                      0.150000    0.000000    0.000000   clock clk (rise edge)
                                  0.000000    0.000000   clock network delay (ideal)
                      0.150000    0.000000    0.000000 ^ _645_/CLK (gf180mcu_fd_sc_mcu7t5v0__dffq_1)
     6    0.026577    0.725285    2.080163    2.080163 v _645_/Q (gf180mcu_fd_sc_mcu7t5v0__dffq_1)
                                                         u_r2r_dac_digital.cnt[3] (net)
                      0.725285    0.000000    2.080163 v _523_/A1 (gf180mcu_fd_sc_mcu7t5v0__nand3_1)
     2    0.009022    0.789451    0.681144    2.761308 ^ _523_/ZN (gf180mcu_fd_sc_mcu7t5v0__nand3_1)
                                                         _227_ (net)
                      0.789451    0.000000    2.761308 ^ _529_/B (gf180mcu_fd_sc_mcu7t5v0__oai211_1)
     1    0.004707    0.644279    0.581240    3.342547 v _529_/ZN (gf180mcu_fd_sc_mcu7t5v0__oai211_1)
                                                         _233_ (net)
                      0.644279    0.000000    3.342547 v _530_/A2 (gf180mcu_fd_sc_mcu7t5v0__aoi21_1)
     1    0.004416    0.789818    0.717252    4.059800 ^ _530_/ZN (gf180mcu_fd_sc_mcu7t5v0__aoi21_1)
                                                         _234_ (net)
                      0.789818    0.000000    4.059800 ^ _531_/A3 (gf180mcu_fd_sc_mcu7t5v0__oai31_1)
     1    0.002342    0.388354    0.446512    4.506311 v _531_/ZN (gf180mcu_fd_sc_mcu7t5v0__oai31_1)
                                                         _004_ (net)
                      0.388354    0.000000    4.506311 v _622_/D (gf180mcu_fd_sc_mcu7t5v0__dffq_1)
                                              4.506311   data arrival time

                      0.150000    0.000000    0.000000   clock clk (rise edge)
                                  0.000000    0.000000   clock network delay (ideal)
                                  0.250000    0.250000   clock uncertainty
                                  0.000000    0.250000   clock reconvergence pessimism
                                              0.250000 ^ _622_/CLK (gf180mcu_fd_sc_mcu7t5v0__dffq_1)
                                  0.055121    0.305121   library hold time
                                              0.305121   data required time
---------------------------------------------------------------------------------------------
                                              0.305121   data required time
                                             -4.506311   data arrival time
---------------------------------------------------------------------------------------------
                                              4.201190   slack (MET)


Startpoint: _649_ (rising edge-triggered flip-flop clocked by clk)
Endpoint: _624_ (rising edge-triggered flip-flop clocked by clk)
Path Group: clk
Path Type: min

Fanout         Cap        Slew       Delay        Time   Description
---------------------------------------------------------------------------------------------
                      0.150000    0.000000    0.000000   clock clk (rise edge)
                                  0.000000    0.000000   clock network delay (ideal)
                      0.150000    0.000000    0.000000 ^ _649_/CLK (gf180mcu_fd_sc_mcu7t5v0__dffq_1)
     2    0.008700    0.370087    1.816721    1.816721 v _649_/Q (gf180mcu_fd_sc_mcu7t5v0__dffq_1)
                                                         u_r2r_dac_digital.cnt[7] (net)
                      0.370087    0.000000    1.816721 v _309_/I (gf180mcu_fd_sc_mcu7t5v0__clkinv_1)
     2    0.007690    0.479311    0.382761    2.199481 ^ _309_/ZN (gf180mcu_fd_sc_mcu7t5v0__clkinv_1)
                                                         _294_ (net)
                      0.479311    0.000000    2.199481 ^ _343_/A1 (gf180mcu_fd_sc_mcu7t5v0__nand2_1)
     1    0.004104    0.352524    0.298717    2.498198 v _343_/ZN (gf180mcu_fd_sc_mcu7t5v0__nand2_1)
                                                         _059_ (net)
                      0.352524    0.000000    2.498198 v _345_/A2 (gf180mcu_fd_sc_mcu7t5v0__nand3_1)
     7    0.032050    2.090869    1.309226    3.807424 ^ _345_/ZN (gf180mcu_fd_sc_mcu7t5v0__nand3_1)
                                                         _061_ (net)
                      2.090869    0.000000    3.807424 ^ _545_/I1 (gf180mcu_fd_sc_mcu7t5v0__mux2_2)
     1    0.002342    0.228658    0.843230    4.650653 ^ _545_/Z (gf180mcu_fd_sc_mcu7t5v0__mux2_2)
                                                         _006_ (net)
                      0.228658    0.000000    4.650653 ^ _624_/D (gf180mcu_fd_sc_mcu7t5v0__dffq_1)
                                              4.650653   data arrival time

                      0.150000    0.000000    0.000000   clock clk (rise edge)
                                  0.000000    0.000000   clock network delay (ideal)
                                  0.250000    0.250000   clock uncertainty
                                  0.000000    0.250000   clock reconvergence pessimism
                                              0.250000 ^ _624_/CLK (gf180mcu_fd_sc_mcu7t5v0__dffq_1)
                                  0.047143    0.297143   library hold time
                                              0.297143   data required time
---------------------------------------------------------------------------------------------
                                              0.297143   data required time
                                             -4.650653   data arrival time
---------------------------------------------------------------------------------------------
                                              4.353510   slack (MET)


Startpoint: _649_ (rising edge-triggered flip-flop clocked by clk)
Endpoint: _618_ (rising edge-triggered flip-flop clocked by clk)
Path Group: clk
Path Type: min

Fanout         Cap        Slew       Delay        Time   Description
---------------------------------------------------------------------------------------------
                      0.150000    0.000000    0.000000   clock clk (rise edge)
                                  0.000000    0.000000   clock network delay (ideal)
                      0.150000    0.000000    0.000000 ^ _649_/CLK (gf180mcu_fd_sc_mcu7t5v0__dffq_1)
     2    0.008700    0.370087    1.816721    1.816721 v _649_/Q (gf180mcu_fd_sc_mcu7t5v0__dffq_1)
                                                         u_r2r_dac_digital.cnt[7] (net)
                      0.370087    0.000000    1.816721 v _309_/I (gf180mcu_fd_sc_mcu7t5v0__clkinv_1)
     2    0.007690    0.479311    0.382761    2.199481 ^ _309_/ZN (gf180mcu_fd_sc_mcu7t5v0__clkinv_1)
                                                         _294_ (net)
                      0.479311    0.000000    2.199481 ^ _343_/A1 (gf180mcu_fd_sc_mcu7t5v0__nand2_1)
     1    0.004104    0.352524    0.298717    2.498198 v _343_/ZN (gf180mcu_fd_sc_mcu7t5v0__nand2_1)
                                                         _059_ (net)
                      0.352524    0.000000    2.498198 v _345_/A2 (gf180mcu_fd_sc_mcu7t5v0__nand3_1)
     7    0.032050    2.090869    1.309226    3.807424 ^ _345_/ZN (gf180mcu_fd_sc_mcu7t5v0__nand3_1)
                                                         _061_ (net)
                      2.090869    0.000000    3.807424 ^ _431_/A1 (gf180mcu_fd_sc_mcu7t5v0__nand2_1)
     1    0.004835    0.414416    0.430285    4.237709 v _431_/ZN (gf180mcu_fd_sc_mcu7t5v0__nand2_1)
                                                         _139_ (net)
                      0.414416    0.000000    4.237709 v _432_/A2 (gf180mcu_fd_sc_mcu7t5v0__oai21_1)
     1    0.002342    0.500728    0.543178    4.780888 ^ _432_/ZN (gf180mcu_fd_sc_mcu7t5v0__oai21_1)
                                                         _000_ (net)
                      0.500728    0.000000    4.780888 ^ _618_/D (gf180mcu_fd_sc_mcu7t5v0__dffq_1)
                                              4.780888   data arrival time

                      0.150000    0.000000    0.000000   clock clk (rise edge)
                                  0.000000    0.000000   clock network delay (ideal)
                                  0.250000    0.250000   clock uncertainty
                                  0.000000    0.250000   clock reconvergence pessimism
                                              0.250000 ^ _618_/CLK (gf180mcu_fd_sc_mcu7t5v0__dffq_1)
                                  0.004158    0.254158   library hold time
                                              0.254158   data required time
---------------------------------------------------------------------------------------------
                                              0.254158   data required time
                                             -4.780888   data arrival time
---------------------------------------------------------------------------------------------
                                              4.526729   slack (MET)


Startpoint: _642_ (rising edge-triggered flip-flop clocked by clk)
Endpoint: _642_ (rising edge-triggered flip-flop clocked by clk)
Path Group: clk
Path Type: min

Fanout         Cap        Slew       Delay        Time   Description
---------------------------------------------------------------------------------------------
                      0.150000    0.000000    0.000000   clock clk (rise edge)
                                  0.000000    0.000000   clock network delay (ideal)
                      0.150000    0.000000    0.000000 ^ _642_/CLK (gf180mcu_fd_sc_mcu7t5v0__dffq_1)
     6    0.030646    0.807713    2.134198    2.134198 v _642_/Q (gf180mcu_fd_sc_mcu7t5v0__dffq_1)
                                                         u_r2r_dac_digital.cnt[0] (net)
                      0.807713    0.000000    2.134198 v _316_/I (gf180mcu_fd_sc_mcu7t5v0__clkinv_1)
     4    0.021423    1.089104    0.850753    2.984951 ^ _316_/ZN (gf180mcu_fd_sc_mcu7t5v0__clkinv_1)
                                                         _301_ (net)
                      1.089104    0.000000    2.984951 ^ _369_/A1 (gf180mcu_fd_sc_mcu7t5v0__xor2_1)
     5    0.021132    0.905535    0.823462    3.808413 v _369_/Z (gf180mcu_fd_sc_mcu7t5v0__xor2_1)
                                                         _079_ (net)
                      0.905535    0.000000    3.808413 v _371_/A2 (gf180mcu_fd_sc_mcu7t5v0__nand2_1)
     4    0.017302    1.100517    0.917150    4.725563 ^ _371_/ZN (gf180mcu_fd_sc_mcu7t5v0__nand2_1)
                                                         _081_ (net)
                      1.100517    0.000000    4.725563 ^ _372_/I (gf180mcu_fd_sc_mcu7t5v0__clkinv_1)
     1    0.002342    0.373659    0.293756    5.019320 v _372_/ZN (gf180mcu_fd_sc_mcu7t5v0__clkinv_1)
                                                         _026_ (net)
                      0.373659    0.000000    5.019320 v _642_/D (gf180mcu_fd_sc_mcu7t5v0__dffq_1)
                                              5.019320   data arrival time

                      0.150000    0.000000    0.000000   clock clk (rise edge)
                                  0.000000    0.000000   clock network delay (ideal)
                                  0.250000    0.250000   clock uncertainty
                                  0.000000    0.250000   clock reconvergence pessimism
                                              0.250000 ^ _642_/CLK (gf180mcu_fd_sc_mcu7t5v0__dffq_1)
                                  0.058366    0.308366   library hold time
                                              0.308366   data required time
---------------------------------------------------------------------------------------------
                                              0.308366   data required time
                                             -5.019320   data arrival time
---------------------------------------------------------------------------------------------
                                              4.710953   slack (MET)


Startpoint: _649_ (rising edge-triggered flip-flop clocked by clk)
Endpoint: _625_ (rising edge-triggered flip-flop clocked by clk)
Path Group: clk
Path Type: min

Fanout         Cap        Slew       Delay        Time   Description
---------------------------------------------------------------------------------------------
                      0.150000    0.000000    0.000000   clock clk (rise edge)
                                  0.000000    0.000000   clock network delay (ideal)
                      0.150000    0.000000    0.000000 ^ _649_/CLK (gf180mcu_fd_sc_mcu7t5v0__dffq_1)
     2    0.008700    0.370087    1.816721    1.816721 v _649_/Q (gf180mcu_fd_sc_mcu7t5v0__dffq_1)
                                                         u_r2r_dac_digital.cnt[7] (net)
                      0.370087    0.000000    1.816721 v _309_/I (gf180mcu_fd_sc_mcu7t5v0__clkinv_1)
     2    0.007690    0.479311    0.382761    2.199481 ^ _309_/ZN (gf180mcu_fd_sc_mcu7t5v0__clkinv_1)
                                                         _294_ (net)
                      0.479311    0.000000    2.199481 ^ _343_/A1 (gf180mcu_fd_sc_mcu7t5v0__nand2_1)
     1    0.004104    0.352524    0.298717    2.498198 v _343_/ZN (gf180mcu_fd_sc_mcu7t5v0__nand2_1)
                                                         _059_ (net)
                      0.352524    0.000000    2.498198 v _345_/A2 (gf180mcu_fd_sc_mcu7t5v0__nand3_1)
     7    0.032050    2.090869    1.309226    3.807424 ^ _345_/ZN (gf180mcu_fd_sc_mcu7t5v0__nand3_1)
                                                         _061_ (net)
                      2.090869    0.000000    3.807424 ^ _544_/B (gf180mcu_fd_sc_mcu7t5v0__aoi21_1)
     2    0.008621    0.517582    0.755903    4.563327 v _544_/ZN (gf180mcu_fd_sc_mcu7t5v0__aoi21_1)
                                                         _246_ (net)
                      0.517582    0.000000    4.563327 v _550_/B (gf180mcu_fd_sc_mcu7t5v0__aoi21_1)
     1    0.002342    0.519549    0.528151    5.091478 ^ _550_/ZN (gf180mcu_fd_sc_mcu7t5v0__aoi21_1)
                                                         _009_ (net)
                      0.519549    0.000000    5.091478 ^ _625_/D (gf180mcu_fd_sc_mcu7t5v0__dffq_1)
                                              5.091478   data arrival time

                      0.150000    0.000000    0.000000   clock clk (rise edge)
                                  0.000000    0.000000   clock network delay (ideal)
                                  0.250000    0.250000   clock uncertainty
                                  0.000000    0.250000   clock reconvergence pessimism
                                              0.250000 ^ _625_/CLK (gf180mcu_fd_sc_mcu7t5v0__dffq_1)
                                  0.002961    0.252961   library hold time
                                              0.252961   data required time
---------------------------------------------------------------------------------------------
                                              0.252961   data required time
                                             -5.091478   data arrival time
---------------------------------------------------------------------------------------------
                                              4.838517   slack (MET)


Startpoint: _648_ (rising edge-triggered flip-flop clocked by clk)
Endpoint: _648_ (rising edge-triggered flip-flop clocked by clk)
Path Group: clk
Path Type: min

Fanout         Cap        Slew       Delay        Time   Description
---------------------------------------------------------------------------------------------
                      0.150000    0.000000    0.000000   clock clk (rise edge)
                                  0.000000    0.000000   clock network delay (ideal)
                      0.150000    0.000000    0.000000 ^ _648_/CLK (gf180mcu_fd_sc_mcu7t5v0__dffq_1)
     3    0.013068    0.459419    1.890327    1.890327 v _648_/Q (gf180mcu_fd_sc_mcu7t5v0__dffq_1)
                                                         u_r2r_dac_digital.cnt[6] (net)
                      0.459419    0.000000    1.890327 v _342_/A1 (gf180mcu_fd_sc_mcu7t5v0__nand3_1)
     3    0.011256    0.882781    0.661785    2.552112 ^ _342_/ZN (gf180mcu_fd_sc_mcu7t5v0__nand3_1)
                                                         _058_ (net)
                      0.882781    0.000000    2.552112 ^ _351_/A2 (gf180mcu_fd_sc_mcu7t5v0__nand3_1)
     6    0.026199    1.688273    1.145385    3.697497 v _351_/ZN (gf180mcu_fd_sc_mcu7t5v0__nand3_1)
                                                         _065_ (net)
                      1.688273    0.000000    3.697497 v _352_/I (gf180mcu_fd_sc_mcu7t5v0__clkinv_1)
     8    0.032425    1.632008    1.400873    5.098371 ^ _352_/ZN (gf180mcu_fd_sc_mcu7t5v0__clkinv_1)
                                                         _032_ (net)
                      1.632008    0.000000    5.098371 ^ _648_/D (gf180mcu_fd_sc_mcu7t5v0__dffq_1)
                                              5.098371   data arrival time

                      0.150000    0.000000    0.000000   clock clk (rise edge)
                                  0.000000    0.000000   clock network delay (ideal)
                                  0.250000    0.250000   clock uncertainty
                                  0.000000    0.250000   clock reconvergence pessimism
                                              0.250000 ^ _648_/CLK (gf180mcu_fd_sc_mcu7t5v0__dffq_1)
                                 -0.016359    0.233641   library hold time
                                              0.233641   data required time
---------------------------------------------------------------------------------------------
                                              0.233641   data required time
                                             -5.098371   data arrival time
---------------------------------------------------------------------------------------------
                                              4.864729   slack (MET)


Startpoint: _648_ (rising edge-triggered flip-flop clocked by clk)
Endpoint: _619_ (rising edge-triggered flip-flop clocked by clk)
Path Group: clk
Path Type: min

Fanout         Cap        Slew       Delay        Time   Description
---------------------------------------------------------------------------------------------
                      0.150000    0.000000    0.000000   clock clk (rise edge)
                                  0.000000    0.000000   clock network delay (ideal)
                      0.150000    0.000000    0.000000 ^ _648_/CLK (gf180mcu_fd_sc_mcu7t5v0__dffq_1)
     3    0.013068    0.459419    1.890327    1.890327 v _648_/Q (gf180mcu_fd_sc_mcu7t5v0__dffq_1)
                                                         u_r2r_dac_digital.cnt[6] (net)
                      0.459419    0.000000    1.890327 v _310_/I (gf180mcu_fd_sc_mcu7t5v0__clkinv_1)
     1    0.004742    0.372681    0.339835    2.230162 ^ _310_/ZN (gf180mcu_fd_sc_mcu7t5v0__clkinv_1)
                                                         _295_ (net)
                      0.372681    0.000000    2.230162 ^ _350_/B (gf180mcu_fd_sc_mcu7t5v0__oai21_1)
     1    0.004220    0.307564    0.323862    2.554025 v _350_/ZN (gf180mcu_fd_sc_mcu7t5v0__oai21_1)
                                                         _064_ (net)
                      0.307564    0.000000    2.554025 v _351_/A3 (gf180mcu_fd_sc_mcu7t5v0__nand3_1)
     6    0.026199    1.794053    1.174396    3.728421 ^ _351_/ZN (gf180mcu_fd_sc_mcu7t5v0__nand3_1)
                                                         _065_ (net)
                      1.794053    0.000000    3.728421 ^ _457_/A1 (gf180mcu_fd_sc_mcu7t5v0__oai32_1)
     2    0.009186    0.426242    0.605938    4.334359 v _457_/ZN (gf180mcu_fd_sc_mcu7t5v0__oai32_1)
                                                         _164_ (net)
                      0.426242    0.000000    4.334359 v _467_/A1 (gf180mcu_fd_sc_mcu7t5v0__oai21_1)
     1    0.004612    0.824948    0.602584    4.936943 ^ _467_/ZN (gf180mcu_fd_sc_mcu7t5v0__oai21_1)
                                                         _174_ (net)
                      0.824948    0.000000    4.936943 ^ _470_/B (gf180mcu_fd_sc_mcu7t5v0__oai31_1)
     1    0.002342    0.388072    0.359770    5.296713 v _470_/ZN (gf180mcu_fd_sc_mcu7t5v0__oai31_1)
                                                         _001_ (net)
                      0.388072    0.000000    5.296713 v _619_/D (gf180mcu_fd_sc_mcu7t5v0__dffq_1)
                                              5.296713   data arrival time

                      0.150000    0.000000    0.000000   clock clk (rise edge)
                                  0.000000    0.000000   clock network delay (ideal)
                                  0.250000    0.250000   clock uncertainty
                                  0.000000    0.250000   clock reconvergence pessimism
                                              0.250000 ^ _619_/CLK (gf180mcu_fd_sc_mcu7t5v0__dffq_1)
                                  0.055184    0.305184   library hold time
                                              0.305184   data required time
---------------------------------------------------------------------------------------------
                                              0.305184   data required time
                                             -5.296713   data arrival time
---------------------------------------------------------------------------------------------
                                              4.991529   slack (MET)


Startpoint: _648_ (rising edge-triggered flip-flop clocked by clk)
Endpoint: _623_ (rising edge-triggered flip-flop clocked by clk)
Path Group: clk
Path Type: min

Fanout         Cap        Slew       Delay        Time   Description
---------------------------------------------------------------------------------------------
                      0.150000    0.000000    0.000000   clock clk (rise edge)
                                  0.000000    0.000000   clock network delay (ideal)
                      0.150000    0.000000    0.000000 ^ _648_/CLK (gf180mcu_fd_sc_mcu7t5v0__dffq_1)
     3    0.013068    0.459419    1.890327    1.890327 v _648_/Q (gf180mcu_fd_sc_mcu7t5v0__dffq_1)
                                                         u_r2r_dac_digital.cnt[6] (net)
                      0.459419    0.000000    1.890327 v _310_/I (gf180mcu_fd_sc_mcu7t5v0__clkinv_1)
     1    0.004742    0.372681    0.339835    2.230162 ^ _310_/ZN (gf180mcu_fd_sc_mcu7t5v0__clkinv_1)
                                                         _295_ (net)
                      0.372681    0.000000    2.230162 ^ _350_/B (gf180mcu_fd_sc_mcu7t5v0__oai21_1)
     1    0.004220    0.307564    0.323862    2.554025 v _350_/ZN (gf180mcu_fd_sc_mcu7t5v0__oai21_1)
                                                         _064_ (net)
                      0.307564    0.000000    2.554025 v _351_/A3 (gf180mcu_fd_sc_mcu7t5v0__nand3_1)
     6    0.026199    1.794053    1.174396    3.728421 ^ _351_/ZN (gf180mcu_fd_sc_mcu7t5v0__nand3_1)
                                                         _065_ (net)
                      1.794053    0.000000    3.728421 ^ _537_/A1 (gf180mcu_fd_sc_mcu7t5v0__nor2_1)
     2    0.008618    0.601820    0.532308    4.260729 v _537_/ZN (gf180mcu_fd_sc_mcu7t5v0__nor2_1)
                                                         _240_ (net)
                      0.601820    0.000000    4.260729 v _539_/B1 (gf180mcu_fd_sc_mcu7t5v0__aoi22_1)
     2    0.009083    0.882364    0.847913    5.108642 ^ _539_/ZN (gf180mcu_fd_sc_mcu7t5v0__aoi22_1)
                                                         _242_ (net)
                      0.882364    0.000000    5.108642 ^ _542_/A2 (gf180mcu_fd_sc_mcu7t5v0__oai31_1)
     1    0.002342    0.388718    0.438857    5.547499 v _542_/ZN (gf180mcu_fd_sc_mcu7t5v0__oai31_1)
                                                         _005_ (net)
                      0.388718    0.000000    5.547499 v _623_/D (gf180mcu_fd_sc_mcu7t5v0__dffq_1)
                                              5.547499   data arrival time

                      0.150000    0.000000    0.000000   clock clk (rise edge)
                                  0.000000    0.000000   clock network delay (ideal)
                                  0.250000    0.250000   clock uncertainty
                                  0.000000    0.250000   clock reconvergence pessimism
                                              0.250000 ^ _623_/CLK (gf180mcu_fd_sc_mcu7t5v0__dffq_1)
                                  0.055041    0.305041   library hold time
                                              0.305041   data required time
---------------------------------------------------------------------------------------------
                                              0.305041   data required time
                                             -5.547499   data arrival time
---------------------------------------------------------------------------------------------
                                              5.242458   slack (MET)


Startpoint: _649_ (rising edge-triggered flip-flop clocked by clk)
Endpoint: _649_ (rising edge-triggered flip-flop clocked by clk)
Path Group: clk
Path Type: min

Fanout         Cap        Slew       Delay        Time   Description
---------------------------------------------------------------------------------------------
                      0.150000    0.000000    0.000000   clock clk (rise edge)
                                  0.000000    0.000000   clock network delay (ideal)
                      0.150000    0.000000    0.000000 ^ _649_/CLK (gf180mcu_fd_sc_mcu7t5v0__dffq_1)
     2    0.008700    0.370087    1.816721    1.816721 v _649_/Q (gf180mcu_fd_sc_mcu7t5v0__dffq_1)
                                                         u_r2r_dac_digital.cnt[7] (net)
                      0.370087    0.000000    1.816721 v _309_/I (gf180mcu_fd_sc_mcu7t5v0__clkinv_1)
     2    0.007690    0.479311    0.382761    2.199481 ^ _309_/ZN (gf180mcu_fd_sc_mcu7t5v0__clkinv_1)
                                                         _294_ (net)
                      0.479311    0.000000    2.199481 ^ _343_/A1 (gf180mcu_fd_sc_mcu7t5v0__nand2_1)
     1    0.004104    0.352524    0.298717    2.498198 v _343_/ZN (gf180mcu_fd_sc_mcu7t5v0__nand2_1)
                                                         _059_ (net)
                      0.352524    0.000000    2.498198 v _345_/A2 (gf180mcu_fd_sc_mcu7t5v0__nand3_1)
     7    0.032050    2.090869    1.309226    3.807424 ^ _345_/ZN (gf180mcu_fd_sc_mcu7t5v0__nand3_1)
                                                         _061_ (net)
                      2.090869    0.000000    3.807424 ^ _346_/I (gf180mcu_fd_sc_mcu7t5v0__clkinv_1)
    10    0.042796    1.852843    1.504637    5.312061 v _346_/ZN (gf180mcu_fd_sc_mcu7t5v0__clkinv_1)
                                                         _033_ (net)
                      1.852843    0.000000    5.312061 v _649_/D (gf180mcu_fd_sc_mcu7t5v0__dffq_1)
                                              5.312061   data arrival time

                      0.150000    0.000000    0.000000   clock clk (rise edge)
                                  0.000000    0.000000   clock network delay (ideal)
                                  0.250000    0.250000   clock uncertainty
                                  0.000000    0.250000   clock reconvergence pessimism
                                              0.250000 ^ _649_/CLK (gf180mcu_fd_sc_mcu7t5v0__dffq_1)
                                 -0.384602   -0.134602   library hold time
                                             -0.134602   data required time
---------------------------------------------------------------------------------------------
                                             -0.134602   data required time
                                             -5.312061   data arrival time
---------------------------------------------------------------------------------------------
                                              5.446662   slack (MET)


Startpoint: _647_ (rising edge-triggered flip-flop clocked by clk)
Endpoint: _647_ (rising edge-triggered flip-flop clocked by clk)
Path Group: clk
Path Type: min

Fanout         Cap        Slew       Delay        Time   Description
---------------------------------------------------------------------------------------------
                      0.150000    0.000000    0.000000   clock clk (rise edge)
                                  0.000000    0.000000   clock network delay (ideal)
                      0.150000    0.000000    0.000000 ^ _647_/CLK (gf180mcu_fd_sc_mcu7t5v0__dffq_1)
     4    0.017586    0.548336    1.953817    1.953817 v _647_/Q (gf180mcu_fd_sc_mcu7t5v0__dffq_1)
                                                         u_r2r_dac_digital.cnt[5] (net)
                      0.548336    0.000000    1.953817 v _341_/A1 (gf180mcu_fd_sc_mcu7t5v0__nand2_1)
     1    0.004104    0.409217    0.401651    2.355467 ^ _341_/ZN (gf180mcu_fd_sc_mcu7t5v0__nand2_1)
                                                         _057_ (net)
                      0.409217    0.000000    2.355467 ^ _348_/A2 (gf180mcu_fd_sc_mcu7t5v0__nand3_1)
     9    0.038428    2.340652    1.438733    3.794200 v _348_/ZN (gf180mcu_fd_sc_mcu7t5v0__nand3_1)
                                                         _063_ (net)
                      2.340652    0.000000    3.794200 v _349_/I (gf180mcu_fd_sc_mcu7t5v0__clkinv_1)
    12    0.049922    2.365409    2.034826    5.829026 ^ _349_/ZN (gf180mcu_fd_sc_mcu7t5v0__clkinv_1)
                                                         _031_ (net)
                      2.365409    0.000000    5.829026 ^ _647_/D (gf180mcu_fd_sc_mcu7t5v0__dffq_1)
                                              5.829026   data arrival time

                      0.150000    0.000000    0.000000   clock clk (rise edge)
                                  0.000000    0.000000   clock network delay (ideal)
                                  0.250000    0.250000   clock uncertainty
                                  0.000000    0.250000   clock reconvergence pessimism
                                              0.250000 ^ _647_/CLK (gf180mcu_fd_sc_mcu7t5v0__dffq_1)
                                 -0.004945    0.245055   library hold time
                                              0.245055   data required time
---------------------------------------------------------------------------------------------
                                              0.245055   data required time
                                             -5.829026   data arrival time
---------------------------------------------------------------------------------------------
                                              5.583971   slack (MET)


Startpoint: _626_ (rising edge-triggered flip-flop clocked by clk)
Endpoint: uo_out[0] (output port clocked by clk)
Path Group: clk
Path Type: min

Fanout         Cap        Slew       Delay        Time   Description
---------------------------------------------------------------------------------------------
                      0.150000    0.000000    0.000000   clock clk (rise edge)
                                  0.000000    0.000000   clock network delay (ideal)
                      0.150000    0.000000    0.000000 ^ _626_/CLK (gf180mcu_fd_sc_mcu7t5v0__dffq_1)
     2    0.072910    1.700339    2.663830    2.663830 v _626_/Q (gf180mcu_fd_sc_mcu7t5v0__dffq_1)
                                                         uo_out[0] (net)
                      1.700339    0.000000    2.663830 v uo_out[0] (out)
                                              2.663830   data arrival time

                      0.150000    0.000000    0.000000   clock clk (rise edge)
                                  0.000000    0.000000   clock network delay (ideal)
                                  0.250000    0.250000   clock uncertainty
                                  0.000000    0.250000   clock reconvergence pessimism
                                 -4.000000   -3.750000   output external delay
                                             -3.750000   data required time
---------------------------------------------------------------------------------------------
                                             -3.750000   data required time
                                             -2.663830   data arrival time
---------------------------------------------------------------------------------------------
                                              6.413830   slack (MET)


Startpoint: _627_ (rising edge-triggered flip-flop clocked by clk)
Endpoint: uo_out[1] (output port clocked by clk)
Path Group: clk
Path Type: min

Fanout         Cap        Slew       Delay        Time   Description
---------------------------------------------------------------------------------------------
                      0.150000    0.000000    0.000000   clock clk (rise edge)
                                  0.000000    0.000000   clock network delay (ideal)
                      0.150000    0.000000    0.000000 ^ _627_/CLK (gf180mcu_fd_sc_mcu7t5v0__dffq_1)
     2    0.072910    1.700339    2.663830    2.663830 v _627_/Q (gf180mcu_fd_sc_mcu7t5v0__dffq_1)
                                                         uo_out[1] (net)
                      1.700339    0.000000    2.663830 v uo_out[1] (out)
                                              2.663830   data arrival time

                      0.150000    0.000000    0.000000   clock clk (rise edge)
                                  0.000000    0.000000   clock network delay (ideal)
                                  0.250000    0.250000   clock uncertainty
                                  0.000000    0.250000   clock reconvergence pessimism
                                 -4.000000   -3.750000   output external delay
                                             -3.750000   data required time
---------------------------------------------------------------------------------------------
                                             -3.750000   data required time
                                             -2.663830   data arrival time
---------------------------------------------------------------------------------------------
                                              6.413830   slack (MET)


Startpoint: _628_ (rising edge-triggered flip-flop clocked by clk)
Endpoint: uo_out[2] (output port clocked by clk)
Path Group: clk
Path Type: min

Fanout         Cap        Slew       Delay        Time   Description
---------------------------------------------------------------------------------------------
                      0.150000    0.000000    0.000000   clock clk (rise edge)
                                  0.000000    0.000000   clock network delay (ideal)
                      0.150000    0.000000    0.000000 ^ _628_/CLK (gf180mcu_fd_sc_mcu7t5v0__dffq_1)
     2    0.072910    1.700339    2.663830    2.663830 v _628_/Q (gf180mcu_fd_sc_mcu7t5v0__dffq_1)
                                                         uo_out[2] (net)
                      1.700339    0.000000    2.663830 v uo_out[2] (out)
                                              2.663830   data arrival time

                      0.150000    0.000000    0.000000   clock clk (rise edge)
                                  0.000000    0.000000   clock network delay (ideal)
                                  0.250000    0.250000   clock uncertainty
                                  0.000000    0.250000   clock reconvergence pessimism
                                 -4.000000   -3.750000   output external delay
                                             -3.750000   data required time
---------------------------------------------------------------------------------------------
                                             -3.750000   data required time
                                             -2.663830   data arrival time
---------------------------------------------------------------------------------------------
                                              6.413830   slack (MET)


Startpoint: _629_ (rising edge-triggered flip-flop clocked by clk)
Endpoint: uo_out[3] (output port clocked by clk)
Path Group: clk
Path Type: min

Fanout         Cap        Slew       Delay        Time   Description
---------------------------------------------------------------------------------------------
                      0.150000    0.000000    0.000000   clock clk (rise edge)
                                  0.000000    0.000000   clock network delay (ideal)
                      0.150000    0.000000    0.000000 ^ _629_/CLK (gf180mcu_fd_sc_mcu7t5v0__dffq_1)
     2    0.072910    1.700339    2.663830    2.663830 v _629_/Q (gf180mcu_fd_sc_mcu7t5v0__dffq_1)
                                                         uo_out[3] (net)
                      1.700339    0.000000    2.663830 v uo_out[3] (out)
                                              2.663830   data arrival time

                      0.150000    0.000000    0.000000   clock clk (rise edge)
                                  0.000000    0.000000   clock network delay (ideal)
                                  0.250000    0.250000   clock uncertainty
                                  0.000000    0.250000   clock reconvergence pessimism
                                 -4.000000   -3.750000   output external delay
                                             -3.750000   data required time
---------------------------------------------------------------------------------------------
                                             -3.750000   data required time
                                             -2.663830   data arrival time
---------------------------------------------------------------------------------------------
                                              6.413830   slack (MET)


Startpoint: _630_ (rising edge-triggered flip-flop clocked by clk)
Endpoint: uo_out[4] (output port clocked by clk)
Path Group: clk
Path Type: min

Fanout         Cap        Slew       Delay        Time   Description
---------------------------------------------------------------------------------------------
                      0.150000    0.000000    0.000000   clock clk (rise edge)
                                  0.000000    0.000000   clock network delay (ideal)
                      0.150000    0.000000    0.000000 ^ _630_/CLK (gf180mcu_fd_sc_mcu7t5v0__dffq_1)
     2    0.072910    1.700339    2.663830    2.663830 v _630_/Q (gf180mcu_fd_sc_mcu7t5v0__dffq_1)
                                                         uo_out[4] (net)
                      1.700339    0.000000    2.663830 v uo_out[4] (out)
                                              2.663830   data arrival time

                      0.150000    0.000000    0.000000   clock clk (rise edge)
                                  0.000000    0.000000   clock network delay (ideal)
                                  0.250000    0.250000   clock uncertainty
                                  0.000000    0.250000   clock reconvergence pessimism
                                 -4.000000   -3.750000   output external delay
                                             -3.750000   data required time
---------------------------------------------------------------------------------------------
                                             -3.750000   data required time
                                             -2.663830   data arrival time
---------------------------------------------------------------------------------------------
                                              6.413830   slack (MET)


Startpoint: _631_ (rising edge-triggered flip-flop clocked by clk)
Endpoint: uo_out[5] (output port clocked by clk)
Path Group: clk
Path Type: min

Fanout         Cap        Slew       Delay        Time   Description
---------------------------------------------------------------------------------------------
                      0.150000    0.000000    0.000000   clock clk (rise edge)
                                  0.000000    0.000000   clock network delay (ideal)
                      0.150000    0.000000    0.000000 ^ _631_/CLK (gf180mcu_fd_sc_mcu7t5v0__dffq_1)
     2    0.072910    1.700339    2.663830    2.663830 v _631_/Q (gf180mcu_fd_sc_mcu7t5v0__dffq_1)
                                                         uo_out[5] (net)
                      1.700339    0.000000    2.663830 v uo_out[5] (out)
                                              2.663830   data arrival time

                      0.150000    0.000000    0.000000   clock clk (rise edge)
                                  0.000000    0.000000   clock network delay (ideal)
                                  0.250000    0.250000   clock uncertainty
                                  0.000000    0.250000   clock reconvergence pessimism
                                 -4.000000   -3.750000   output external delay
                                             -3.750000   data required time
---------------------------------------------------------------------------------------------
                                             -3.750000   data required time
                                             -2.663830   data arrival time
---------------------------------------------------------------------------------------------
                                              6.413830   slack (MET)


Startpoint: _632_ (rising edge-triggered flip-flop clocked by clk)
Endpoint: uo_out[6] (output port clocked by clk)
Path Group: clk
Path Type: min

Fanout         Cap        Slew       Delay        Time   Description
---------------------------------------------------------------------------------------------
                      0.150000    0.000000    0.000000   clock clk (rise edge)
                                  0.000000    0.000000   clock network delay (ideal)
                      0.150000    0.000000    0.000000 ^ _632_/CLK (gf180mcu_fd_sc_mcu7t5v0__dffq_1)
     2    0.072910    1.700339    2.663830    2.663830 v _632_/Q (gf180mcu_fd_sc_mcu7t5v0__dffq_1)
                                                         uo_out[6] (net)
                      1.700339    0.000000    2.663830 v uo_out[6] (out)
                                              2.663830   data arrival time

                      0.150000    0.000000    0.000000   clock clk (rise edge)
                                  0.000000    0.000000   clock network delay (ideal)
                                  0.250000    0.250000   clock uncertainty
                                  0.000000    0.250000   clock reconvergence pessimism
                                 -4.000000   -3.750000   output external delay
                                             -3.750000   data required time
---------------------------------------------------------------------------------------------
                                             -3.750000   data required time
                                             -2.663830   data arrival time
---------------------------------------------------------------------------------------------
                                              6.413830   slack (MET)


Startpoint: _633_ (rising edge-triggered flip-flop clocked by clk)
Endpoint: uo_out[7] (output port clocked by clk)
Path Group: clk
Path Type: min

Fanout         Cap        Slew       Delay        Time   Description
---------------------------------------------------------------------------------------------
                      0.150000    0.000000    0.000000   clock clk (rise edge)
                                  0.000000    0.000000   clock network delay (ideal)
                      0.150000    0.000000    0.000000 ^ _633_/CLK (gf180mcu_fd_sc_mcu7t5v0__dffq_1)
     2    0.072910    1.700339    2.663830    2.663830 v _633_/Q (gf180mcu_fd_sc_mcu7t5v0__dffq_1)
                                                         uo_out[7] (net)
                      1.700339    0.000000    2.663830 v uo_out[7] (out)
                                              2.663830   data arrival time

                      0.150000    0.000000    0.000000   clock clk (rise edge)
                                  0.000000    0.000000   clock network delay (ideal)
                                  0.250000    0.250000   clock uncertainty
                                  0.000000    0.250000   clock reconvergence pessimism
                                 -4.000000   -3.750000   output external delay
                                             -3.750000   data required time
---------------------------------------------------------------------------------------------
                                             -3.750000   data required time
                                             -2.663830   data arrival time
---------------------------------------------------------------------------------------------
                                              6.413830   slack (MET)


Startpoint: _644_ (rising edge-triggered flip-flop clocked by clk)
Endpoint: _644_ (rising edge-triggered flip-flop clocked by clk)
Path Group: clk
Path Type: min

Fanout         Cap        Slew       Delay        Time   Description
---------------------------------------------------------------------------------------------
                      0.150000    0.000000    0.000000   clock clk (rise edge)
                                  0.000000    0.000000   clock network delay (ideal)
                      0.150000    0.000000    0.000000 ^ _644_/CLK (gf180mcu_fd_sc_mcu7t5v0__dffq_1)
     5    0.022210    0.639340    2.018796    2.018796 v _644_/Q (gf180mcu_fd_sc_mcu7t5v0__dffq_1)
                                                         u_r2r_dac_digital.cnt[2] (net)
                      0.639340    0.000000    2.018796 v _314_/I (gf180mcu_fd_sc_mcu7t5v0__clkinv_1)
     3    0.013367    0.734979    0.604907    2.623702 ^ _314_/ZN (gf180mcu_fd_sc_mcu7t5v0__clkinv_1)
                                                         _299_ (net)
                      0.734979    0.000000    2.623702 ^ _383_/B (gf180mcu_fd_sc_mcu7t5v0__oai21_1)
     4    0.017751    0.711570    0.616984    3.240686 v _383_/ZN (gf180mcu_fd_sc_mcu7t5v0__oai21_1)
                                                         _092_ (net)
                      0.711570    0.000000    3.240686 v _386_/A1 (gf180mcu_fd_sc_mcu7t5v0__nand2_1)
    16    0.074675    3.716453    2.268851    5.509537 ^ _386_/ZN (gf180mcu_fd_sc_mcu7t5v0__nand2_1)
                                                         _095_ (net)
                      3.716453    0.000000    5.509537 ^ _387_/I (gf180mcu_fd_sc_mcu7t5v0__clkinv_1)
    11    0.047246    2.395439    1.944232    7.453769 v _387_/ZN (gf180mcu_fd_sc_mcu7t5v0__clkinv_1)
                                                         _028_ (net)
                      2.395439    0.000000    7.453769 v _644_/D (gf180mcu_fd_sc_mcu7t5v0__dffq_1)
                                              7.453769   data arrival time

                      0.150000    0.000000    0.000000   clock clk (rise edge)
                                  0.000000    0.000000   clock network delay (ideal)
                                  0.250000    0.250000   clock uncertainty
                                  0.000000    0.250000   clock reconvergence pessimism
                                              0.250000 ^ _644_/CLK (gf180mcu_fd_sc_mcu7t5v0__dffq_1)
                                 -0.545400   -0.295400   library hold time
                                             -0.295400   data required time
---------------------------------------------------------------------------------------------
                                             -0.295400   data required time
                                             -7.453769   data arrival time
---------------------------------------------------------------------------------------------
                                              7.749169   slack (MET)


Startpoint: _646_ (rising edge-triggered flip-flop clocked by clk)
Endpoint: _646_ (rising edge-triggered flip-flop clocked by clk)
Path Group: clk
Path Type: min

Fanout         Cap        Slew       Delay        Time   Description
---------------------------------------------------------------------------------------------
                      0.150000    0.000000    0.000000   clock clk (rise edge)
                                  0.000000    0.000000   clock network delay (ideal)
                      0.150000    0.000000    0.000000 ^ _646_/CLK (gf180mcu_fd_sc_mcu7t5v0__dffq_1)
     3    0.013163    0.461289    1.891662    1.891662 v _646_/Q (gf180mcu_fd_sc_mcu7t5v0__dffq_1)
                                                         u_r2r_dac_digital.cnt[4] (net)
                      0.461289    0.000000    1.891662 v _340_/A1 (gf180mcu_fd_sc_mcu7t5v0__nand4_1)
     3    0.013393    1.199578    0.842080    2.733742 ^ _340_/ZN (gf180mcu_fd_sc_mcu7t5v0__nand4_1)
                                                         _056_ (net)
                      1.199578    0.000000    2.733742 ^ _356_/A2 (gf180mcu_fd_sc_mcu7t5v0__nand3_1)
    18    0.080332    4.581415    2.789001    5.522744 v _356_/ZN (gf180mcu_fd_sc_mcu7t5v0__nand3_1)
                                                         _069_ (net)
                      4.581415    0.000000    5.522744 v _357_/I (gf180mcu_fd_sc_mcu7t5v0__clkinv_1)
    23    0.096671    4.517238    3.884690    9.407434 ^ _357_/ZN (gf180mcu_fd_sc_mcu7t5v0__clkinv_1)
                                                         _030_ (net)
                      4.517238    0.000000    9.407434 ^ _646_/D (gf180mcu_fd_sc_mcu7t5v0__dffq_1)
                                              9.407434   data arrival time

                      0.150000    0.000000    0.000000   clock clk (rise edge)
                                  0.000000    0.000000   clock network delay (ideal)
                                  0.250000    0.250000   clock uncertainty
                                  0.000000    0.250000   clock reconvergence pessimism
                                              0.250000 ^ _646_/CLK (gf180mcu_fd_sc_mcu7t5v0__dffq_1)
                                  0.111452    0.361452   library hold time
                                              0.361452   data required time
---------------------------------------------------------------------------------------------
                                              0.361452   data required time
                                             -9.407434   data arrival time
---------------------------------------------------------------------------------------------
                                              9.045981   slack (MET)


Startpoint: _645_ (rising edge-triggered flip-flop clocked by clk)
Endpoint: _645_ (rising edge-triggered flip-flop clocked by clk)
Path Group: clk
Path Type: min

Fanout         Cap        Slew       Delay        Time   Description
---------------------------------------------------------------------------------------------
                      0.150000    0.000000    0.000000   clock clk (rise edge)
                                  0.000000    0.000000   clock network delay (ideal)
                      0.150000    0.000000    0.000000 ^ _645_/CLK (gf180mcu_fd_sc_mcu7t5v0__dffq_1)
     6    0.026577    0.725285    2.080163    2.080163 v _645_/Q (gf180mcu_fd_sc_mcu7t5v0__dffq_1)
                                                         u_r2r_dac_digital.cnt[3] (net)
                      0.725285    0.000000    2.080163 v _338_/A1 (gf180mcu_fd_sc_mcu7t5v0__nand3_1)
     2    0.007040    0.691176    0.617770    2.697934 ^ _338_/ZN (gf180mcu_fd_sc_mcu7t5v0__nand3_1)
                                                         _054_ (net)
                      0.691176    0.000000    2.697934 ^ _359_/A2 (gf180mcu_fd_sc_mcu7t5v0__nand3_1)
    23    0.106438    5.977735    3.486793    6.184727 v _359_/ZN (gf180mcu_fd_sc_mcu7t5v0__nand3_1)
                                                         _071_ (net)
                      5.977735    0.000000    6.184727 v _360_/I (gf180mcu_fd_sc_mcu7t5v0__clkinv_1)
    23    0.097642    4.784793    4.373421   10.558147 ^ _360_/ZN (gf180mcu_fd_sc_mcu7t5v0__clkinv_1)
                                                         _029_ (net)
                      4.784793    0.000000   10.558147 ^ _645_/D (gf180mcu_fd_sc_mcu7t5v0__dffq_1)
                                             10.558147   data arrival time

                      0.150000    0.000000    0.000000   clock clk (rise edge)
                                  0.000000    0.000000   clock network delay (ideal)
                                  0.250000    0.250000   clock uncertainty
                                  0.000000    0.250000   clock reconvergence pessimism
                                              0.250000 ^ _645_/CLK (gf180mcu_fd_sc_mcu7t5v0__dffq_1)
                                  0.131822    0.381822   library hold time
                                              0.381822   data required time
---------------------------------------------------------------------------------------------
                                              0.381822   data required time
                                            -10.558147   data arrival time
---------------------------------------------------------------------------------------------
                                             10.176326   slack (MET)



%OL_END_REPORT
%OL_CREATE_REPORT max.rpt

===========================================================================
report_checks -path_delay max (Setup)
============================================================================
======================= nom_ss_125C_3v00 Corner ===================================

Startpoint: _650_ (rising edge-triggered flip-flop clocked by clk)
Endpoint: _619_ (rising edge-triggered flip-flop clocked by clk)
Path Group: clk
Path Type: max

Fanout         Cap        Slew       Delay        Time   Description
---------------------------------------------------------------------------------------------
                      0.150000    0.000000    0.000000   clock clk (rise edge)
                                  0.000000    0.000000   clock network delay (ideal)
                      0.150000    0.000000    0.000000 ^ _650_/CLK (gf180mcu_fd_sc_mcu7t5v0__dffq_1)
     6    0.025819    1.281715    2.816883    2.816883 ^ _650_/Q (gf180mcu_fd_sc_mcu7t5v0__dffq_1)
                                                         u_r2r_dac_digital.presc[0] (net)
                      1.281715    0.000000    2.816883 ^ _325_/A2 (gf180mcu_fd_sc_mcu7t5v0__and4_1)
     7    0.029368    1.583845    2.385159    5.202043 ^ _325_/Z (gf180mcu_fd_sc_mcu7t5v0__and4_1)
                                                         _041_ (net)
                      1.583845    0.000000    5.202043 ^ _327_/A4 (gf180mcu_fd_sc_mcu7t5v0__and4_1)
     1    0.004707    0.565270    1.592268    6.794311 ^ _327_/Z (gf180mcu_fd_sc_mcu7t5v0__and4_1)
                                                         _043_ (net)
                      0.565270    0.000000    6.794311 ^ _329_/A2 (gf180mcu_fd_sc_mcu7t5v0__aoi21_1)
    12    0.061164    2.468233    1.691277    8.485587 v _329_/ZN (gf180mcu_fd_sc_mcu7t5v0__aoi21_1)
                                                         _045_ (net)
                      2.468233    0.000000    8.485587 v _358_/A1 (gf180mcu_fd_sc_mcu7t5v0__oai21_1)
     2    0.007039    1.302294    1.414771    9.900359 ^ _358_/ZN (gf180mcu_fd_sc_mcu7t5v0__oai21_1)
                                                         _070_ (net)
                      1.302294    0.000000    9.900359 ^ _359_/A3 (gf180mcu_fd_sc_mcu7t5v0__nand3_1)
    23    0.106438    5.990433    3.908644   13.809003 v _359_/ZN (gf180mcu_fd_sc_mcu7t5v0__nand3_1)
                                                         _071_ (net)
                      5.990433    0.000000   13.809003 v _360_/I (gf180mcu_fd_sc_mcu7t5v0__clkinv_1)
    23    0.097642    4.786871    4.838465   18.647469 ^ _360_/ZN (gf180mcu_fd_sc_mcu7t5v0__clkinv_1)
                                                         _029_ (net)
                      4.786871    0.000000   18.647469 ^ _437_/B (gf180mcu_fd_sc_mcu7t5v0__aoi21_1)
     2    0.008195    1.551892    1.107624   19.755093 v _437_/ZN (gf180mcu_fd_sc_mcu7t5v0__aoi21_1)
                                                         _144_ (net)
                      1.551892    0.000000   19.755093 v _441_/B (gf180mcu_fd_sc_mcu7t5v0__aoi211_1)
     1    0.003975    1.782840    1.531943   21.287035 ^ _441_/ZN (gf180mcu_fd_sc_mcu7t5v0__aoi211_1)
                                                         _148_ (net)
                      1.782840    0.000000   21.287035 ^ _445_/B (gf180mcu_fd_sc_mcu7t5v0__aoi211_1)
     1    0.004496    1.079036    0.809465   22.096500 v _445_/ZN (gf180mcu_fd_sc_mcu7t5v0__aoi211_1)
                                                         _152_ (net)
                      1.079036    0.000000   22.096500 v _457_/A2 (gf180mcu_fd_sc_mcu7t5v0__oai32_1)
     2    0.009186    2.858640    2.210827   24.307327 ^ _457_/ZN (gf180mcu_fd_sc_mcu7t5v0__oai32_1)
                                                         _164_ (net)
                      2.858640    0.000000   24.307327 ^ _467_/A1 (gf180mcu_fd_sc_mcu7t5v0__oai21_1)
     1    0.004612    0.810083    0.507896   24.815222 v _467_/ZN (gf180mcu_fd_sc_mcu7t5v0__oai21_1)
                                                         _174_ (net)
                      0.810083    0.000000   24.815222 v _470_/B (gf180mcu_fd_sc_mcu7t5v0__oai31_1)
     1    0.002342    1.432189    0.771802   25.587025 ^ _470_/ZN (gf180mcu_fd_sc_mcu7t5v0__oai31_1)
                                                         _001_ (net)
                      1.432189    0.000000   25.587025 ^ _619_/D (gf180mcu_fd_sc_mcu7t5v0__dffq_1)
                                             25.587025   data arrival time

                      0.150000   20.000000   20.000000   clock clk (rise edge)
                                  0.000000   20.000000   clock network delay (ideal)
                                 -0.250000   19.750002   clock uncertainty
                                  0.000000   19.750002   clock reconvergence pessimism
                                             19.750002 ^ _619_/CLK (gf180mcu_fd_sc_mcu7t5v0__dffq_1)
                                 -0.989690   18.760311   library setup time
                                             18.760311   data required time
---------------------------------------------------------------------------------------------
                                             18.760311   data required time
                                            -25.587025   data arrival time
---------------------------------------------------------------------------------------------
                                             -6.826714   slack (VIOLATED)


Startpoint: _650_ (rising edge-triggered flip-flop clocked by clk)
Endpoint: _618_ (rising edge-triggered flip-flop clocked by clk)
Path Group: clk
Path Type: max

Fanout         Cap        Slew       Delay        Time   Description
---------------------------------------------------------------------------------------------
                      0.150000    0.000000    0.000000   clock clk (rise edge)
                                  0.000000    0.000000   clock network delay (ideal)
                      0.150000    0.000000    0.000000 ^ _650_/CLK (gf180mcu_fd_sc_mcu7t5v0__dffq_1)
     6    0.025819    1.281715    2.816883    2.816883 ^ _650_/Q (gf180mcu_fd_sc_mcu7t5v0__dffq_1)
                                                         u_r2r_dac_digital.presc[0] (net)
                      1.281715    0.000000    2.816883 ^ _325_/A2 (gf180mcu_fd_sc_mcu7t5v0__and4_1)
     7    0.029368    1.583845    2.385159    5.202043 ^ _325_/Z (gf180mcu_fd_sc_mcu7t5v0__and4_1)
                                                         _041_ (net)
                      1.583845    0.000000    5.202043 ^ _328_/A4 (gf180mcu_fd_sc_mcu7t5v0__nand4_1)
     4    0.018831    1.754578    1.336539    6.538581 v _328_/ZN (gf180mcu_fd_sc_mcu7t5v0__nand4_1)
                                                         _044_ (net)
                      1.754578    0.000000    6.538581 v _330_/A2 (gf180mcu_fd_sc_mcu7t5v0__oai21_1)
     8    0.036410    3.587868    2.687752    9.226334 ^ _330_/ZN (gf180mcu_fd_sc_mcu7t5v0__oai21_1)
                                                         _046_ (net)
                      3.587868    0.000000    9.226334 ^ _338_/A2 (gf180mcu_fd_sc_mcu7t5v0__nand3_1)
     2    0.007040    1.112635    0.767608    9.993942 v _338_/ZN (gf180mcu_fd_sc_mcu7t5v0__nand3_1)
                                                         _054_ (net)
                      1.112635    0.000000    9.993942 v _359_/A2 (gf180mcu_fd_sc_mcu7t5v0__nand3_1)
    23    0.106438    6.279746    4.150803   14.144745 ^ _359_/ZN (gf180mcu_fd_sc_mcu7t5v0__nand3_1)
                                                         _071_ (net)
                      6.279746    0.000000   14.144745 ^ _360_/I (gf180mcu_fd_sc_mcu7t5v0__clkinv_1)
    23    0.097642    4.503702    4.059435   18.204180 v _360_/ZN (gf180mcu_fd_sc_mcu7t5v0__clkinv_1)
                                                         _029_ (net)
                      4.503702    0.000000   18.204180 v _397_/A1 (gf180mcu_fd_sc_mcu7t5v0__or2_1)
     2    0.009447    0.624944    2.774503   20.978682 v _397_/Z (gf180mcu_fd_sc_mcu7t5v0__or2_1)
                                                         _105_ (net)
                      0.624944    0.000000   20.978682 v _402_/B (gf180mcu_fd_sc_mcu7t5v0__oai31_1)
     1    0.002936    1.958447    0.720451   21.699133 ^ _402_/ZN (gf180mcu_fd_sc_mcu7t5v0__oai31_1)
                                                         _110_ (net)
                      1.958447    0.000000   21.699133 ^ _406_/A3 (gf180mcu_fd_sc_mcu7t5v0__and4_1)
     1    0.004937    0.584628    1.646129   23.345263 ^ _406_/Z (gf180mcu_fd_sc_mcu7t5v0__and4_1)
                                                         _114_ (net)
                      0.584628    0.000000   23.345263 ^ _418_/B1 (gf180mcu_fd_sc_mcu7t5v0__oai32_1)
     2    0.009876    0.936987    0.619016   23.964279 v _418_/ZN (gf180mcu_fd_sc_mcu7t5v0__oai32_1)
                                                         _126_ (net)
                      0.936987    0.000000   23.964279 v _430_/A1 (gf180mcu_fd_sc_mcu7t5v0__oai21_1)
     1    0.004742    0.960478    0.833765   24.798044 ^ _430_/ZN (gf180mcu_fd_sc_mcu7t5v0__oai21_1)
                                                         _138_ (net)
                      0.960478    0.000000   24.798044 ^ _432_/B (gf180mcu_fd_sc_mcu7t5v0__oai21_1)
     1    0.002342    0.715738    0.497902   25.295946 v _432_/ZN (gf180mcu_fd_sc_mcu7t5v0__oai21_1)
                                                         _000_ (net)
                      0.715738    0.000000   25.295946 v _618_/D (gf180mcu_fd_sc_mcu7t5v0__dffq_1)
                                             25.295946   data arrival time

                      0.150000   20.000000   20.000000   clock clk (rise edge)
                                  0.000000   20.000000   clock network delay (ideal)
                                 -0.250000   19.750002   clock uncertainty
                                  0.000000   19.750002   clock reconvergence pessimism
                                             19.750002 ^ _618_/CLK (gf180mcu_fd_sc_mcu7t5v0__dffq_1)
                                 -1.009128   18.740873   library setup time
                                             18.740873   data required time
---------------------------------------------------------------------------------------------
                                             18.740873   data required time
                                            -25.295946   data arrival time
---------------------------------------------------------------------------------------------
                                             -6.555073   slack (VIOLATED)


Startpoint: _650_ (rising edge-triggered flip-flop clocked by clk)
Endpoint: _621_ (rising edge-triggered flip-flop clocked by clk)
Path Group: clk
Path Type: max

Fanout         Cap        Slew       Delay        Time   Description
---------------------------------------------------------------------------------------------
                      0.150000    0.000000    0.000000   clock clk (rise edge)
                                  0.000000    0.000000   clock network delay (ideal)
                      0.150000    0.000000    0.000000 ^ _650_/CLK (gf180mcu_fd_sc_mcu7t5v0__dffq_1)
     6    0.025819    1.281715    2.816883    2.816883 ^ _650_/Q (gf180mcu_fd_sc_mcu7t5v0__dffq_1)
                                                         u_r2r_dac_digital.presc[0] (net)
                      1.281715    0.000000    2.816883 ^ _325_/A2 (gf180mcu_fd_sc_mcu7t5v0__and4_1)
     7    0.029368    1.583845    2.385159    5.202043 ^ _325_/Z (gf180mcu_fd_sc_mcu7t5v0__and4_1)
                                                         _041_ (net)
                      1.583845    0.000000    5.202043 ^ _328_/A4 (gf180mcu_fd_sc_mcu7t5v0__nand4_1)
     4    0.018831    1.754578    1.336539    6.538581 v _328_/ZN (gf180mcu_fd_sc_mcu7t5v0__nand4_1)
                                                         _044_ (net)
                      1.754578    0.000000    6.538581 v _330_/A2 (gf180mcu_fd_sc_mcu7t5v0__oai21_1)
     8    0.036410    3.587868    2.687752    9.226334 ^ _330_/ZN (gf180mcu_fd_sc_mcu7t5v0__oai21_1)
                                                         _046_ (net)
                      3.587868    0.000000    9.226334 ^ _338_/A2 (gf180mcu_fd_sc_mcu7t5v0__nand3_1)
     2    0.007040    1.112635    0.767608    9.993942 v _338_/ZN (gf180mcu_fd_sc_mcu7t5v0__nand3_1)
                                                         _054_ (net)
                      1.112635    0.000000    9.993942 v _359_/A2 (gf180mcu_fd_sc_mcu7t5v0__nand3_1)
    23    0.106438    6.279746    4.150803   14.144745 ^ _359_/ZN (gf180mcu_fd_sc_mcu7t5v0__nand3_1)
                                                         _071_ (net)
                      6.279746    0.000000   14.144745 ^ _360_/I (gf180mcu_fd_sc_mcu7t5v0__clkinv_1)
    23    0.097642    4.503702    4.059435   18.204180 v _360_/ZN (gf180mcu_fd_sc_mcu7t5v0__clkinv_1)
                                                         _029_ (net)
                      4.503702    0.000000   18.204180 v _487_/A1 (gf180mcu_fd_sc_mcu7t5v0__nand2_1)
     3    0.013450    1.514563    1.764052   19.968231 ^ _487_/ZN (gf180mcu_fd_sc_mcu7t5v0__nand2_1)
                                                         _192_ (net)
                      1.514563    0.000000   19.968231 ^ _488_/B (gf180mcu_fd_sc_mcu7t5v0__oai211_1)
     2    0.008349    1.757074    1.027667   20.995899 v _488_/ZN (gf180mcu_fd_sc_mcu7t5v0__oai211_1)
                                                         _193_ (net)
                      1.757074    0.000000   20.995899 v _489_/B (gf180mcu_fd_sc_mcu7t5v0__aoi21_1)
     1    0.004938    1.077020    1.186818   22.182716 ^ _489_/ZN (gf180mcu_fd_sc_mcu7t5v0__aoi21_1)
                                                         _194_ (net)
                      1.077020    0.000000   22.182716 ^ _493_/A1 (gf180mcu_fd_sc_mcu7t5v0__oai21_1)
     2    0.007390    0.799153    0.535428   22.718145 v _493_/ZN (gf180mcu_fd_sc_mcu7t5v0__oai21_1)
                                                         _198_ (net)
                      0.799153    0.000000   22.718145 v _498_/A1 (gf180mcu_fd_sc_mcu7t5v0__and2_1)
     1    0.004842    0.309884    0.930488   23.648632 v _498_/Z (gf180mcu_fd_sc_mcu7t5v0__and2_1)
                                                         _203_ (net)
                      0.309884    0.000000   23.648632 v _513_/A1 (gf180mcu_fd_sc_mcu7t5v0__oai32_1)
     1    0.002342    1.948258    1.333767   24.982399 ^ _513_/ZN (gf180mcu_fd_sc_mcu7t5v0__oai32_1)
                                                         _003_ (net)
                      1.948258    0.000000   24.982399 ^ _621_/D (gf180mcu_fd_sc_mcu7t5v0__dffq_1)
                                             24.982399   data arrival time

                      0.150000   20.000000   20.000000   clock clk (rise edge)
                                  0.000000   20.000000   clock network delay (ideal)
                                 -0.250000   19.750002   clock uncertainty
                                  0.000000   19.750002   clock reconvergence pessimism
                                             19.750002 ^ _621_/CLK (gf180mcu_fd_sc_mcu7t5v0__dffq_1)
                                 -1.020940   18.729061   library setup time
                                             18.729061   data required time
---------------------------------------------------------------------------------------------
                                             18.729061   data required time
                                            -24.982399   data arrival time
---------------------------------------------------------------------------------------------
                                             -6.253337   slack (VIOLATED)


Startpoint: _650_ (rising edge-triggered flip-flop clocked by clk)
Endpoint: _622_ (rising edge-triggered flip-flop clocked by clk)
Path Group: clk
Path Type: max

Fanout         Cap        Slew       Delay        Time   Description
---------------------------------------------------------------------------------------------
                      0.150000    0.000000    0.000000   clock clk (rise edge)
                                  0.000000    0.000000   clock network delay (ideal)
                      0.150000    0.000000    0.000000 ^ _650_/CLK (gf180mcu_fd_sc_mcu7t5v0__dffq_1)
     6    0.025819    1.281715    2.816883    2.816883 ^ _650_/Q (gf180mcu_fd_sc_mcu7t5v0__dffq_1)
                                                         u_r2r_dac_digital.presc[0] (net)
                      1.281715    0.000000    2.816883 ^ _325_/A2 (gf180mcu_fd_sc_mcu7t5v0__and4_1)
     7    0.029368    1.583845    2.385159    5.202043 ^ _325_/Z (gf180mcu_fd_sc_mcu7t5v0__and4_1)
                                                         _041_ (net)
                      1.583845    0.000000    5.202043 ^ _327_/A4 (gf180mcu_fd_sc_mcu7t5v0__and4_1)
     1    0.004707    0.565270    1.592268    6.794311 ^ _327_/Z (gf180mcu_fd_sc_mcu7t5v0__and4_1)
                                                         _043_ (net)
                      0.565270    0.000000    6.794311 ^ _329_/A2 (gf180mcu_fd_sc_mcu7t5v0__aoi21_1)
    12    0.061164    2.468233    1.691277    8.485587 v _329_/ZN (gf180mcu_fd_sc_mcu7t5v0__aoi21_1)
                                                         _045_ (net)
                      2.468233    0.000000    8.485587 v _358_/A1 (gf180mcu_fd_sc_mcu7t5v0__oai21_1)
     2    0.007039    1.302294    1.414771    9.900359 ^ _358_/ZN (gf180mcu_fd_sc_mcu7t5v0__oai21_1)
                                                         _070_ (net)
                      1.302294    0.000000    9.900359 ^ _359_/A3 (gf180mcu_fd_sc_mcu7t5v0__nand3_1)
    23    0.106438    5.990433    3.908644   13.809003 v _359_/ZN (gf180mcu_fd_sc_mcu7t5v0__nand3_1)
                                                         _071_ (net)
                      5.990433    0.000000   13.809003 v _360_/I (gf180mcu_fd_sc_mcu7t5v0__clkinv_1)
    23    0.097642    4.786871    4.838465   18.647469 ^ _360_/ZN (gf180mcu_fd_sc_mcu7t5v0__clkinv_1)
                                                         _029_ (net)
                      4.786871    0.000000   18.647469 ^ _516_/C (gf180mcu_fd_sc_mcu7t5v0__aoi211_1)
     1    0.003940    1.496467    1.101881   19.749350 v _516_/ZN (gf180mcu_fd_sc_mcu7t5v0__aoi211_1)
                                                         _220_ (net)
                      1.496467    0.000000   19.749350 v _517_/B (gf180mcu_fd_sc_mcu7t5v0__aoi21_1)
     2    0.009505    1.744714    1.389896   21.139246 ^ _517_/ZN (gf180mcu_fd_sc_mcu7t5v0__aoi21_1)
                                                         _221_ (net)
                      1.744714    0.000000   21.139246 ^ _518_/B1 (gf180mcu_fd_sc_mcu7t5v0__aoi22_1)
     1    0.003975    1.158649    0.721046   21.860292 v _518_/ZN (gf180mcu_fd_sc_mcu7t5v0__aoi22_1)
                                                         _222_ (net)
                      1.158649    0.000000   21.860292 v _520_/B (gf180mcu_fd_sc_mcu7t5v0__aoi211_1)
     2    0.009186    2.234928    1.871509   23.731802 ^ _520_/ZN (gf180mcu_fd_sc_mcu7t5v0__aoi211_1)
                                                         _224_ (net)
                      2.234928    0.000000   23.731802 ^ _528_/A1 (gf180mcu_fd_sc_mcu7t5v0__oai21_1)
     1    0.004612    0.715514    0.504762   24.236563 v _528_/ZN (gf180mcu_fd_sc_mcu7t5v0__oai21_1)
                                                         _232_ (net)
                      0.715514    0.000000   24.236563 v _531_/B (gf180mcu_fd_sc_mcu7t5v0__oai31_1)
     1    0.002342    1.432189    0.736669   24.973232 ^ _531_/ZN (gf180mcu_fd_sc_mcu7t5v0__oai31_1)
                                                         _004_ (net)
                      1.432189    0.000000   24.973232 ^ _622_/D (gf180mcu_fd_sc_mcu7t5v0__dffq_1)
                                             24.973232   data arrival time

                      0.150000   20.000000   20.000000   clock clk (rise edge)
                                  0.000000   20.000000   clock network delay (ideal)
                                 -0.250000   19.750002   clock uncertainty
                                  0.000000   19.750002   clock reconvergence pessimism
                                             19.750002 ^ _622_/CLK (gf180mcu_fd_sc_mcu7t5v0__dffq_1)
                                 -0.989690   18.760311   library setup time
                                             18.760311   data required time
---------------------------------------------------------------------------------------------
                                             18.760311   data required time
                                            -24.973232   data arrival time
---------------------------------------------------------------------------------------------
                                             -6.212922   slack (VIOLATED)


Startpoint: _650_ (rising edge-triggered flip-flop clocked by clk)
Endpoint: _620_ (rising edge-triggered flip-flop clocked by clk)
Path Group: clk
Path Type: max

Fanout         Cap        Slew       Delay        Time   Description
---------------------------------------------------------------------------------------------
                      0.150000    0.000000    0.000000   clock clk (rise edge)
                                  0.000000    0.000000   clock network delay (ideal)
                      0.150000    0.000000    0.000000 ^ _650_/CLK (gf180mcu_fd_sc_mcu7t5v0__dffq_1)
     6    0.025819    1.281715    2.816883    2.816883 ^ _650_/Q (gf180mcu_fd_sc_mcu7t5v0__dffq_1)
                                                         u_r2r_dac_digital.presc[0] (net)
                      1.281715    0.000000    2.816883 ^ _325_/A2 (gf180mcu_fd_sc_mcu7t5v0__and4_1)
     7    0.029368    1.583845    2.385159    5.202043 ^ _325_/Z (gf180mcu_fd_sc_mcu7t5v0__and4_1)
                                                         _041_ (net)
                      1.583845    0.000000    5.202043 ^ _328_/A4 (gf180mcu_fd_sc_mcu7t5v0__nand4_1)
     4    0.018831    1.754578    1.336539    6.538581 v _328_/ZN (gf180mcu_fd_sc_mcu7t5v0__nand4_1)
                                                         _044_ (net)
                      1.754578    0.000000    6.538581 v _330_/A2 (gf180mcu_fd_sc_mcu7t5v0__oai21_1)
     8    0.036410    3.587868    2.687752    9.226334 ^ _330_/ZN (gf180mcu_fd_sc_mcu7t5v0__oai21_1)
                                                         _046_ (net)
                      3.587868    0.000000    9.226334 ^ _338_/A2 (gf180mcu_fd_sc_mcu7t5v0__nand3_1)
     2    0.007040    1.112635    0.767608    9.993942 v _338_/ZN (gf180mcu_fd_sc_mcu7t5v0__nand3_1)
                                                         _054_ (net)
                      1.112635    0.000000    9.993942 v _359_/A2 (gf180mcu_fd_sc_mcu7t5v0__nand3_1)
    23    0.106438    6.279746    4.150803   14.144745 ^ _359_/ZN (gf180mcu_fd_sc_mcu7t5v0__nand3_1)
                                                         _071_ (net)
                      6.279746    0.000000   14.144745 ^ _360_/I (gf180mcu_fd_sc_mcu7t5v0__clkinv_1)
    23    0.097642    4.503702    4.059435   18.204180 v _360_/ZN (gf180mcu_fd_sc_mcu7t5v0__clkinv_1)
                                                         _029_ (net)
                      4.503702    0.000000   18.204180 v _474_/B (gf180mcu_fd_sc_mcu7t5v0__oai31_1)
     1    0.004707    1.811017    1.869745   20.073925 ^ _474_/ZN (gf180mcu_fd_sc_mcu7t5v0__oai31_1)
                                                         _180_ (net)
                      1.811017    0.000000   20.073925 ^ _475_/A2 (gf180mcu_fd_sc_mcu7t5v0__aoi21_1)
     1    0.004496    0.968266    0.418824   20.492750 v _475_/ZN (gf180mcu_fd_sc_mcu7t5v0__aoi21_1)
                                                         _181_ (net)
                      0.968266    0.000000   20.492750 v _479_/A2 (gf180mcu_fd_sc_mcu7t5v0__oai32_1)
     1    0.004678    2.541824    1.824599   22.317348 ^ _479_/ZN (gf180mcu_fd_sc_mcu7t5v0__oai32_1)
                                                         _185_ (net)
                      2.541824    0.000000   22.317348 ^ _480_/B1 (gf180mcu_fd_sc_mcu7t5v0__aoi22_1)
     2    0.009262    1.175154    0.997092   23.314442 v _480_/ZN (gf180mcu_fd_sc_mcu7t5v0__aoi22_1)
                                                         _186_ (net)
                      1.175154    0.000000   23.314442 v _483_/B (gf180mcu_fd_sc_mcu7t5v0__oai21_1)
     1    0.004842    1.008263    0.906873   24.221313 ^ _483_/ZN (gf180mcu_fd_sc_mcu7t5v0__oai21_1)
                                                         _189_ (net)
                      1.008263    0.000000   24.221313 ^ _486_/A2 (gf180mcu_fd_sc_mcu7t5v0__aoi22_1)
     1    0.002342    0.735182    0.343098   24.564411 v _486_/ZN (gf180mcu_fd_sc_mcu7t5v0__aoi22_1)
                                                         _002_ (net)
                      0.735182    0.000000   24.564411 v _620_/D (gf180mcu_fd_sc_mcu7t5v0__dffq_1)
                                             24.564411   data arrival time

                      0.150000   20.000000   20.000000   clock clk (rise edge)
                                  0.000000   20.000000   clock network delay (ideal)
                                 -0.250000   19.750002   clock uncertainty
                                  0.000000   19.750002   clock reconvergence pessimism
                                             19.750002 ^ _620_/CLK (gf180mcu_fd_sc_mcu7t5v0__dffq_1)
                                 -1.015726   18.734276   library setup time
                                             18.734276   data required time
---------------------------------------------------------------------------------------------
                                             18.734276   data required time
                                            -24.564411   data arrival time
---------------------------------------------------------------------------------------------
                                             -5.830137   slack (VIOLATED)


Startpoint: _650_ (rising edge-triggered flip-flop clocked by clk)
Endpoint: _623_ (rising edge-triggered flip-flop clocked by clk)
Path Group: clk
Path Type: max

Fanout         Cap        Slew       Delay        Time   Description
---------------------------------------------------------------------------------------------
                      0.150000    0.000000    0.000000   clock clk (rise edge)
                                  0.000000    0.000000   clock network delay (ideal)
                      0.150000    0.000000    0.000000 ^ _650_/CLK (gf180mcu_fd_sc_mcu7t5v0__dffq_1)
     6    0.025819    1.281715    2.816883    2.816883 ^ _650_/Q (gf180mcu_fd_sc_mcu7t5v0__dffq_1)
                                                         u_r2r_dac_digital.presc[0] (net)
                      1.281715    0.000000    2.816883 ^ _325_/A2 (gf180mcu_fd_sc_mcu7t5v0__and4_1)
     7    0.029368    1.583845    2.385159    5.202043 ^ _325_/Z (gf180mcu_fd_sc_mcu7t5v0__and4_1)
                                                         _041_ (net)
                      1.583845    0.000000    5.202043 ^ _327_/A4 (gf180mcu_fd_sc_mcu7t5v0__and4_1)
     1    0.004707    0.565270    1.592268    6.794311 ^ _327_/Z (gf180mcu_fd_sc_mcu7t5v0__and4_1)
                                                         _043_ (net)
                      0.565270    0.000000    6.794311 ^ _329_/A2 (gf180mcu_fd_sc_mcu7t5v0__aoi21_1)
    12    0.061164    2.468233    1.691277    8.485587 v _329_/ZN (gf180mcu_fd_sc_mcu7t5v0__aoi21_1)
                                                         _045_ (net)
                      2.468233    0.000000    8.485587 v _358_/A1 (gf180mcu_fd_sc_mcu7t5v0__oai21_1)
     2    0.007039    1.302294    1.414771    9.900359 ^ _358_/ZN (gf180mcu_fd_sc_mcu7t5v0__oai21_1)
                                                         _070_ (net)
                      1.302294    0.000000    9.900359 ^ _359_/A3 (gf180mcu_fd_sc_mcu7t5v0__nand3_1)
    23    0.106438    5.990433    3.908644   13.809003 v _359_/ZN (gf180mcu_fd_sc_mcu7t5v0__nand3_1)
                                                         _071_ (net)
                      5.990433    0.000000   13.809003 v _360_/I (gf180mcu_fd_sc_mcu7t5v0__clkinv_1)
    23    0.097642    4.786871    4.838465   18.647469 ^ _360_/ZN (gf180mcu_fd_sc_mcu7t5v0__clkinv_1)
                                                         _029_ (net)
                      4.786871    0.000000   18.647469 ^ _413_/B (gf180mcu_fd_sc_mcu7t5v0__aoi21_1)
     2    0.008682    1.524617    1.129367   19.776834 v _413_/ZN (gf180mcu_fd_sc_mcu7t5v0__aoi21_1)
                                                         _121_ (net)
                      1.524617    0.000000   19.776834 v _532_/B (gf180mcu_fd_sc_mcu7t5v0__aoi211_1)
     1    0.004062    1.793779    1.533705   21.310539 ^ _532_/ZN (gf180mcu_fd_sc_mcu7t5v0__aoi211_1)
                                                         _235_ (net)
                      1.793779    0.000000   21.310539 ^ _533_/A3 (gf180mcu_fd_sc_mcu7t5v0__nor3_1)
     1    0.004938    0.784416    0.717256   22.027796 v _533_/ZN (gf180mcu_fd_sc_mcu7t5v0__nor3_1)
                                                         _236_ (net)
                      0.784416    0.000000   22.027796 v _540_/A1 (gf180mcu_fd_sc_mcu7t5v0__oai21_1)
     1    0.004612    0.954984    0.777531   22.805326 ^ _540_/ZN (gf180mcu_fd_sc_mcu7t5v0__oai21_1)
                                                         _243_ (net)
                      0.954984    0.000000   22.805326 ^ _542_/B (gf180mcu_fd_sc_mcu7t5v0__oai31_1)
     1    0.002342    0.686036    0.560705   23.366032 v _542_/ZN (gf180mcu_fd_sc_mcu7t5v0__oai31_1)
                                                         _005_ (net)
                      0.686036    0.000000   23.366032 v _623_/D (gf180mcu_fd_sc_mcu7t5v0__dffq_1)
                                             23.366032   data arrival time

                      0.150000   20.000000   20.000000   clock clk (rise edge)
                                  0.000000   20.000000   clock network delay (ideal)
                                 -0.250000   19.750002   clock uncertainty
                                  0.000000   19.750002   clock reconvergence pessimism
                                             19.750002 ^ _623_/CLK (gf180mcu_fd_sc_mcu7t5v0__dffq_1)
                                 -0.999050   18.750952   library setup time
                                             18.750952   data required time
---------------------------------------------------------------------------------------------
                                             18.750952   data required time
                                            -23.366032   data arrival time
---------------------------------------------------------------------------------------------
                                             -4.615080   slack (VIOLATED)


Startpoint: _650_ (rising edge-triggered flip-flop clocked by clk)
Endpoint: _624_ (rising edge-triggered flip-flop clocked by clk)
Path Group: clk
Path Type: max

Fanout         Cap        Slew       Delay        Time   Description
---------------------------------------------------------------------------------------------
                      0.150000    0.000000    0.000000   clock clk (rise edge)
                                  0.000000    0.000000   clock network delay (ideal)
                      0.150000    0.000000    0.000000 ^ _650_/CLK (gf180mcu_fd_sc_mcu7t5v0__dffq_1)
     6    0.025819    1.281715    2.816883    2.816883 ^ _650_/Q (gf180mcu_fd_sc_mcu7t5v0__dffq_1)
                                                         u_r2r_dac_digital.presc[0] (net)
                      1.281715    0.000000    2.816883 ^ _325_/A2 (gf180mcu_fd_sc_mcu7t5v0__and4_1)
     7    0.029368    1.583845    2.385159    5.202043 ^ _325_/Z (gf180mcu_fd_sc_mcu7t5v0__and4_1)
                                                         _041_ (net)
                      1.583845    0.000000    5.202043 ^ _328_/A4 (gf180mcu_fd_sc_mcu7t5v0__nand4_1)
     4    0.018831    1.754578    1.336539    6.538581 v _328_/ZN (gf180mcu_fd_sc_mcu7t5v0__nand4_1)
                                                         _044_ (net)
                      1.754578    0.000000    6.538581 v _330_/A2 (gf180mcu_fd_sc_mcu7t5v0__oai21_1)
     8    0.036410    3.587868    2.687752    9.226334 ^ _330_/ZN (gf180mcu_fd_sc_mcu7t5v0__oai21_1)
                                                         _046_ (net)
                      3.587868    0.000000    9.226334 ^ _340_/A3 (gf180mcu_fd_sc_mcu7t5v0__nand4_1)
     3    0.013393    1.642237    1.206000   10.432334 v _340_/ZN (gf180mcu_fd_sc_mcu7t5v0__nand4_1)
                                                         _056_ (net)
                      1.642237    0.000000   10.432334 v _356_/A2 (gf180mcu_fd_sc_mcu7t5v0__nand3_1)
    18    0.080332    4.846762    3.493741   13.926074 ^ _356_/ZN (gf180mcu_fd_sc_mcu7t5v0__nand3_1)
                                                         _069_ (net)
                      4.846762    0.000000   13.926074 ^ _357_/I (gf180mcu_fd_sc_mcu7t5v0__clkinv_1)
    23    0.096671    4.096850    3.684433   17.610508 v _357_/ZN (gf180mcu_fd_sc_mcu7t5v0__clkinv_1)
                                                         _030_ (net)
                      4.096850    0.000000   17.610508 v _515_/A1 (gf180mcu_fd_sc_mcu7t5v0__oai21_1)
     2    0.009037    1.693635    1.950472   19.560980 ^ _515_/ZN (gf180mcu_fd_sc_mcu7t5v0__oai21_1)
                                                         _219_ (net)
                      1.693635    0.000000   19.560980 ^ _537_/A2 (gf180mcu_fd_sc_mcu7t5v0__nor2_1)
     2    0.008618    0.734983    0.670715   20.231695 v _537_/ZN (gf180mcu_fd_sc_mcu7t5v0__nor2_1)
                                                         _240_ (net)
                      0.734983    0.000000   20.231695 v _543_/B (gf180mcu_fd_sc_mcu7t5v0__aoi21_1)
     1    0.010110    1.456893    1.256106   21.487801 ^ _543_/ZN (gf180mcu_fd_sc_mcu7t5v0__aoi21_1)
                                                         _245_ (net)
                      1.456893    0.000000   21.487801 ^ _545_/S (gf180mcu_fd_sc_mcu7t5v0__mux2_2)
     1    0.002342    0.305260    1.272594   22.760395 v _545_/Z (gf180mcu_fd_sc_mcu7t5v0__mux2_2)
                                                         _006_ (net)
                      0.305260    0.000000   22.760395 v _624_/D (gf180mcu_fd_sc_mcu7t5v0__dffq_1)
                                             22.760395   data arrival time

                      0.150000   20.000000   20.000000   clock clk (rise edge)
                                  0.000000   20.000000   clock network delay (ideal)
                                 -0.250000   19.750002   clock uncertainty
                                  0.000000   19.750002   clock reconvergence pessimism
                                             19.750002 ^ _624_/CLK (gf180mcu_fd_sc_mcu7t5v0__dffq_1)
                                 -0.892024   18.857977   library setup time
                                             18.857977   data required time
---------------------------------------------------------------------------------------------
                                             18.857977   data required time
                                            -22.760395   data arrival time
---------------------------------------------------------------------------------------------
                                             -3.902418   slack (VIOLATED)


Startpoint: _650_ (rising edge-triggered flip-flop clocked by clk)
Endpoint: _645_ (rising edge-triggered flip-flop clocked by clk)
Path Group: clk
Path Type: max

Fanout         Cap        Slew       Delay        Time   Description
---------------------------------------------------------------------------------------------
                      0.150000    0.000000    0.000000   clock clk (rise edge)
                                  0.000000    0.000000   clock network delay (ideal)
                      0.150000    0.000000    0.000000 ^ _650_/CLK (gf180mcu_fd_sc_mcu7t5v0__dffq_1)
     6    0.025819    1.281715    2.816883    2.816883 ^ _650_/Q (gf180mcu_fd_sc_mcu7t5v0__dffq_1)
                                                         u_r2r_dac_digital.presc[0] (net)
                      1.281715    0.000000    2.816883 ^ _325_/A2 (gf180mcu_fd_sc_mcu7t5v0__and4_1)
     7    0.029368    1.583845    2.385159    5.202043 ^ _325_/Z (gf180mcu_fd_sc_mcu7t5v0__and4_1)
                                                         _041_ (net)
                      1.583845    0.000000    5.202043 ^ _328_/A4 (gf180mcu_fd_sc_mcu7t5v0__nand4_1)
     4    0.018831    1.754578    1.336539    6.538581 v _328_/ZN (gf180mcu_fd_sc_mcu7t5v0__nand4_1)
                                                         _044_ (net)
                      1.754578    0.000000    6.538581 v _330_/A2 (gf180mcu_fd_sc_mcu7t5v0__oai21_1)
     8    0.036410    3.587868    2.687752    9.226334 ^ _330_/ZN (gf180mcu_fd_sc_mcu7t5v0__oai21_1)
                                                         _046_ (net)
                      3.587868    0.000000    9.226334 ^ _338_/A2 (gf180mcu_fd_sc_mcu7t5v0__nand3_1)
     2    0.007040    1.112635    0.767608    9.993942 v _338_/ZN (gf180mcu_fd_sc_mcu7t5v0__nand3_1)
                                                         _054_ (net)
                      1.112635    0.000000    9.993942 v _359_/A2 (gf180mcu_fd_sc_mcu7t5v0__nand3_1)
    23    0.106438    6.279746    4.150803   14.144745 ^ _359_/ZN (gf180mcu_fd_sc_mcu7t5v0__nand3_1)
                                                         _071_ (net)
                      6.279746    0.000000   14.144745 ^ _360_/I (gf180mcu_fd_sc_mcu7t5v0__clkinv_1)
    23    0.097642    4.503702    4.059435   18.204180 v _360_/ZN (gf180mcu_fd_sc_mcu7t5v0__clkinv_1)
                                                         _029_ (net)
                      4.503702    0.000000   18.204180 v _645_/D (gf180mcu_fd_sc_mcu7t5v0__dffq_1)
                                             18.204180   data arrival time

                      0.150000   20.000000   20.000000   clock clk (rise edge)
                                  0.000000   20.000000   clock network delay (ideal)
                                 -0.250000   19.750002   clock uncertainty
                                  0.000000   19.750002   clock reconvergence pessimism
                                             19.750002 ^ _645_/CLK (gf180mcu_fd_sc_mcu7t5v0__dffq_1)
                                 -2.303266   17.446733   library setup time
                                             17.446733   data required time
---------------------------------------------------------------------------------------------
                                             17.446733   data required time
                                            -18.204180   data arrival time
---------------------------------------------------------------------------------------------
                                             -0.757446   slack (VIOLATED)


Startpoint: _650_ (rising edge-triggered flip-flop clocked by clk)
Endpoint: _646_ (rising edge-triggered flip-flop clocked by clk)
Path Group: clk
Path Type: max

Fanout         Cap        Slew       Delay        Time   Description
---------------------------------------------------------------------------------------------
                      0.150000    0.000000    0.000000   clock clk (rise edge)
                                  0.000000    0.000000   clock network delay (ideal)
                      0.150000    0.000000    0.000000 ^ _650_/CLK (gf180mcu_fd_sc_mcu7t5v0__dffq_1)
     6    0.025819    1.281715    2.816883    2.816883 ^ _650_/Q (gf180mcu_fd_sc_mcu7t5v0__dffq_1)
                                                         u_r2r_dac_digital.presc[0] (net)
                      1.281715    0.000000    2.816883 ^ _325_/A2 (gf180mcu_fd_sc_mcu7t5v0__and4_1)
     7    0.029368    1.583845    2.385159    5.202043 ^ _325_/Z (gf180mcu_fd_sc_mcu7t5v0__and4_1)
                                                         _041_ (net)
                      1.583845    0.000000    5.202043 ^ _328_/A4 (gf180mcu_fd_sc_mcu7t5v0__nand4_1)
     4    0.018831    1.754578    1.336539    6.538581 v _328_/ZN (gf180mcu_fd_sc_mcu7t5v0__nand4_1)
                                                         _044_ (net)
                      1.754578    0.000000    6.538581 v _330_/A2 (gf180mcu_fd_sc_mcu7t5v0__oai21_1)
     8    0.036410    3.587868    2.687752    9.226334 ^ _330_/ZN (gf180mcu_fd_sc_mcu7t5v0__oai21_1)
                                                         _046_ (net)
                      3.587868    0.000000    9.226334 ^ _340_/A3 (gf180mcu_fd_sc_mcu7t5v0__nand4_1)
     3    0.013393    1.642237    1.206000   10.432334 v _340_/ZN (gf180mcu_fd_sc_mcu7t5v0__nand4_1)
                                                         _056_ (net)
                      1.642237    0.000000   10.432334 v _356_/A2 (gf180mcu_fd_sc_mcu7t5v0__nand3_1)
    18    0.080332    4.846762    3.493741   13.926074 ^ _356_/ZN (gf180mcu_fd_sc_mcu7t5v0__nand3_1)
                                                         _069_ (net)
                      4.846762    0.000000   13.926074 ^ _357_/I (gf180mcu_fd_sc_mcu7t5v0__clkinv_1)
    23    0.096671    4.096850    3.684433   17.610508 v _357_/ZN (gf180mcu_fd_sc_mcu7t5v0__clkinv_1)
                                                         _030_ (net)
                      4.096850    0.000000   17.610508 v _646_/D (gf180mcu_fd_sc_mcu7t5v0__dffq_1)
                                             17.610508   data arrival time

                      0.150000   20.000000   20.000000   clock clk (rise edge)
                                  0.000000   20.000000   clock network delay (ideal)
                                 -0.250000   19.750002   clock uncertainty
                                  0.000000   19.750002   clock reconvergence pessimism
                                             19.750002 ^ _646_/CLK (gf180mcu_fd_sc_mcu7t5v0__dffq_1)
                                 -2.176308   17.573694   library setup time
                                             17.573694   data required time
---------------------------------------------------------------------------------------------
                                             17.573694   data required time
                                            -17.610508   data arrival time
---------------------------------------------------------------------------------------------
                                             -0.036813   slack (VIOLATED)


Startpoint: _650_ (rising edge-triggered flip-flop clocked by clk)
Endpoint: _625_ (rising edge-triggered flip-flop clocked by clk)
Path Group: clk
Path Type: max

Fanout         Cap        Slew       Delay        Time   Description
---------------------------------------------------------------------------------------------
                      0.150000    0.000000    0.000000   clock clk (rise edge)
                                  0.000000    0.000000   clock network delay (ideal)
                      0.150000    0.000000    0.000000 ^ _650_/CLK (gf180mcu_fd_sc_mcu7t5v0__dffq_1)
     6    0.025819    1.281715    2.816883    2.816883 ^ _650_/Q (gf180mcu_fd_sc_mcu7t5v0__dffq_1)
                                                         u_r2r_dac_digital.presc[0] (net)
                      1.281715    0.000000    2.816883 ^ _325_/A2 (gf180mcu_fd_sc_mcu7t5v0__and4_1)
     7    0.029368    1.583845    2.385159    5.202043 ^ _325_/Z (gf180mcu_fd_sc_mcu7t5v0__and4_1)
                                                         _041_ (net)
                      1.583845    0.000000    5.202043 ^ _327_/A4 (gf180mcu_fd_sc_mcu7t5v0__and4_1)
     1    0.004707    0.565270    1.592268    6.794311 ^ _327_/Z (gf180mcu_fd_sc_mcu7t5v0__and4_1)
                                                         _043_ (net)
                      0.565270    0.000000    6.794311 ^ _329_/A2 (gf180mcu_fd_sc_mcu7t5v0__aoi21_1)
    12    0.061164    2.468233    1.691277    8.485587 v _329_/ZN (gf180mcu_fd_sc_mcu7t5v0__aoi21_1)
                                                         _045_ (net)
                      2.468233    0.000000    8.485587 v _358_/A1 (gf180mcu_fd_sc_mcu7t5v0__oai21_1)
     2    0.007039    1.302294    1.414771    9.900359 ^ _358_/ZN (gf180mcu_fd_sc_mcu7t5v0__oai21_1)
                                                         _070_ (net)
                      1.302294    0.000000    9.900359 ^ _359_/A3 (gf180mcu_fd_sc_mcu7t5v0__nand3_1)
    23    0.106438    5.990433    3.908644   13.809003 v _359_/ZN (gf180mcu_fd_sc_mcu7t5v0__nand3_1)
                                                         _071_ (net)
                      5.990433    0.000000   13.809003 v _425_/A2 (gf180mcu_fd_sc_mcu7t5v0__nand3_1)
     2    0.008691    1.721677    2.159159   15.968163 ^ _425_/ZN (gf180mcu_fd_sc_mcu7t5v0__nand3_1)
                                                         _133_ (net)
                      1.721677    0.000000   15.968163 ^ _426_/I (gf180mcu_fd_sc_mcu7t5v0__clkinv_1)
     2    0.009542    0.754269    0.653566   16.621729 v _426_/ZN (gf180mcu_fd_sc_mcu7t5v0__clkinv_1)
                                                         _134_ (net)
                      0.754269    0.000000   16.621729 v _544_/A2 (gf180mcu_fd_sc_mcu7t5v0__aoi21_1)
     2    0.008621    1.464917    1.052204   17.673933 ^ _544_/ZN (gf180mcu_fd_sc_mcu7t5v0__aoi21_1)
                                                         _246_ (net)
                      1.464917    0.000000   17.673933 ^ _550_/B (gf180mcu_fd_sc_mcu7t5v0__aoi21_1)
     1    0.002342    0.671150    0.617870   18.291801 v _550_/ZN (gf180mcu_fd_sc_mcu7t5v0__aoi21_1)
                                                         _009_ (net)
                      0.671150    0.000000   18.291801 v _625_/D (gf180mcu_fd_sc_mcu7t5v0__dffq_1)
                                             18.291801   data arrival time

                      0.150000   20.000000   20.000000   clock clk (rise edge)
                                  0.000000   20.000000   clock network delay (ideal)
                                 -0.250000   19.750002   clock uncertainty
                                  0.000000   19.750002   clock reconvergence pessimism
                                             19.750002 ^ _625_/CLK (gf180mcu_fd_sc_mcu7t5v0__dffq_1)
                                 -0.993999   18.756002   library setup time
                                             18.756002   data required time
---------------------------------------------------------------------------------------------
                                             18.756002   data required time
                                            -18.291801   data arrival time
---------------------------------------------------------------------------------------------
                                              0.464199   slack (MET)


Startpoint: _650_ (rising edge-triggered flip-flop clocked by clk)
Endpoint: _649_ (rising edge-triggered flip-flop clocked by clk)
Path Group: clk
Path Type: max

Fanout         Cap        Slew       Delay        Time   Description
---------------------------------------------------------------------------------------------
                      0.150000    0.000000    0.000000   clock clk (rise edge)
                                  0.000000    0.000000   clock network delay (ideal)
                      0.150000    0.000000    0.000000 ^ _650_/CLK (gf180mcu_fd_sc_mcu7t5v0__dffq_1)
     6    0.025819    1.281715    2.816883    2.816883 ^ _650_/Q (gf180mcu_fd_sc_mcu7t5v0__dffq_1)
                                                         u_r2r_dac_digital.presc[0] (net)
                      1.281715    0.000000    2.816883 ^ _325_/A2 (gf180mcu_fd_sc_mcu7t5v0__and4_1)
     7    0.029368    1.583845    2.385159    5.202043 ^ _325_/Z (gf180mcu_fd_sc_mcu7t5v0__and4_1)
                                                         _041_ (net)
                      1.583845    0.000000    5.202043 ^ _327_/A4 (gf180mcu_fd_sc_mcu7t5v0__and4_1)
     1    0.004707    0.565270    1.592268    6.794311 ^ _327_/Z (gf180mcu_fd_sc_mcu7t5v0__and4_1)
                                                         _043_ (net)
                      0.565270    0.000000    6.794311 ^ _329_/A2 (gf180mcu_fd_sc_mcu7t5v0__aoi21_1)
    12    0.061164    2.468233    1.691277    8.485587 v _329_/ZN (gf180mcu_fd_sc_mcu7t5v0__aoi21_1)
                                                         _045_ (net)
                      2.468233    0.000000    8.485587 v _339_/A3 (gf180mcu_fd_sc_mcu7t5v0__nor4_1)
     2    0.008674    2.530760    2.227977   10.713565 ^ _339_/ZN (gf180mcu_fd_sc_mcu7t5v0__nor4_1)
                                                         _055_ (net)
                      2.530760    0.000000   10.713565 ^ _342_/A3 (gf180mcu_fd_sc_mcu7t5v0__nand3_1)
     3    0.011256    1.095193    0.822359   11.535924 v _342_/ZN (gf180mcu_fd_sc_mcu7t5v0__nand3_1)
                                                         _058_ (net)
                      1.095193    0.000000   11.535924 v _344_/A2 (gf180mcu_fd_sc_mcu7t5v0__or2_1)
     1    0.004220    0.427771    1.487889   13.023812 v _344_/Z (gf180mcu_fd_sc_mcu7t5v0__or2_1)
                                                         _060_ (net)
                      0.427771    0.000000   13.023812 v _345_/A3 (gf180mcu_fd_sc_mcu7t5v0__nand3_1)
     7    0.032050    2.197121    1.532426   14.556238 ^ _345_/ZN (gf180mcu_fd_sc_mcu7t5v0__nand3_1)
                                                         _061_ (net)
                      2.197121    0.000000   14.556238 ^ _346_/I (gf180mcu_fd_sc_mcu7t5v0__clkinv_1)
    10    0.042796    1.871773    1.692127   16.248365 v _346_/ZN (gf180mcu_fd_sc_mcu7t5v0__clkinv_1)
                                                         _033_ (net)
                      1.871773    0.000000   16.248365 v _649_/D (gf180mcu_fd_sc_mcu7t5v0__dffq_1)
                                             16.248365   data arrival time

                      0.150000   20.000000   20.000000   clock clk (rise edge)
                                  0.000000   20.000000   clock network delay (ideal)
                                 -0.250000   19.750002   clock uncertainty
                                  0.000000   19.750002   clock reconvergence pessimism
                                             19.750002 ^ _649_/CLK (gf180mcu_fd_sc_mcu7t5v0__dffq_1)
                                 -1.414281   18.335720   library setup time
                                             18.335720   data required time
---------------------------------------------------------------------------------------------
                                             18.335720   data required time
                                            -16.248365   data arrival time
---------------------------------------------------------------------------------------------
                                              2.087354   slack (MET)


Startpoint: rst_n (input port clocked by clk)
Endpoint: _644_ (rising edge-triggered flip-flop clocked by clk)
Path Group: clk
Path Type: max

Fanout         Cap        Slew       Delay        Time   Description
---------------------------------------------------------------------------------------------
                      0.150000    0.000000    0.000000   clock clk (rise edge)
                                  0.000000    0.000000   clock network delay (ideal)
                                  4.000000    4.000000 ^ input external delay
    19    0.085132    3.858744    2.214944    6.214944 ^ rst_n (in)
                                                         rst_n (net)
                      3.858744    0.000000    6.214944 ^ _323_/I (gf180mcu_fd_sc_mcu7t5v0__clkinv_1)
    26    0.103785    4.079278    3.587713    9.802657 v _323_/ZN (gf180mcu_fd_sc_mcu7t5v0__clkinv_1)
                                                         _308_ (net)
                      4.079278    0.000000    9.802657 v _384_/B (gf180mcu_fd_sc_mcu7t5v0__aoi21_1)
     2    0.008974    1.689551    1.825553   11.628210 ^ _384_/ZN (gf180mcu_fd_sc_mcu7t5v0__aoi21_1)
                                                         _093_ (net)
                      1.689551    0.000000   11.628210 ^ _386_/A2 (gf180mcu_fd_sc_mcu7t5v0__nand2_1)
    16    0.074675    2.996666    2.171780   13.799990 v _386_/ZN (gf180mcu_fd_sc_mcu7t5v0__nand2_1)
                                                         _095_ (net)
                      2.996666    0.000000   13.799990 v _387_/I (gf180mcu_fd_sc_mcu7t5v0__clkinv_1)
    11    0.047246    2.406530    2.402671   16.202662 ^ _387_/ZN (gf180mcu_fd_sc_mcu7t5v0__clkinv_1)
                                                         _028_ (net)
                      2.406530    0.000000   16.202662 ^ _644_/D (gf180mcu_fd_sc_mcu7t5v0__dffq_1)
                                             16.202662   data arrival time

                      0.150000   20.000000   20.000000   clock clk (rise edge)
                                  0.000000   20.000000   clock network delay (ideal)
                                 -0.250000   19.750002   clock uncertainty
                                  0.000000   19.750002   clock reconvergence pessimism
                                             19.750002 ^ _644_/CLK (gf180mcu_fd_sc_mcu7t5v0__dffq_1)
                                 -1.045012   18.704990   library setup time
                                             18.704990   data required time
---------------------------------------------------------------------------------------------
                                             18.704990   data required time
                                            -16.202662   data arrival time
---------------------------------------------------------------------------------------------
                                              2.502329   slack (MET)


Startpoint: _650_ (rising edge-triggered flip-flop clocked by clk)
Endpoint: _647_ (rising edge-triggered flip-flop clocked by clk)
Path Group: clk
Path Type: max

Fanout         Cap        Slew       Delay        Time   Description
---------------------------------------------------------------------------------------------
                      0.150000    0.000000    0.000000   clock clk (rise edge)
                                  0.000000    0.000000   clock network delay (ideal)
                      0.150000    0.000000    0.000000 ^ _650_/CLK (gf180mcu_fd_sc_mcu7t5v0__dffq_1)
     6    0.025819    1.281715    2.816883    2.816883 ^ _650_/Q (gf180mcu_fd_sc_mcu7t5v0__dffq_1)
                                                         u_r2r_dac_digital.presc[0] (net)
                      1.281715    0.000000    2.816883 ^ _325_/A2 (gf180mcu_fd_sc_mcu7t5v0__and4_1)
     7    0.029368    1.583845    2.385159    5.202043 ^ _325_/Z (gf180mcu_fd_sc_mcu7t5v0__and4_1)
                                                         _041_ (net)
                      1.583845    0.000000    5.202043 ^ _328_/A4 (gf180mcu_fd_sc_mcu7t5v0__nand4_1)
     4    0.018831    1.754578    1.336539    6.538581 v _328_/ZN (gf180mcu_fd_sc_mcu7t5v0__nand4_1)
                                                         _044_ (net)
                      1.754578    0.000000    6.538581 v _330_/A2 (gf180mcu_fd_sc_mcu7t5v0__oai21_1)
     8    0.036410    3.587868    2.687752    9.226334 ^ _330_/ZN (gf180mcu_fd_sc_mcu7t5v0__oai21_1)
                                                         _046_ (net)
                      3.587868    0.000000    9.226334 ^ _340_/A3 (gf180mcu_fd_sc_mcu7t5v0__nand4_1)
     3    0.013393    1.642237    1.206000   10.432334 v _340_/ZN (gf180mcu_fd_sc_mcu7t5v0__nand4_1)
                                                         _056_ (net)
                      1.642237    0.000000   10.432334 v _347_/A2 (gf180mcu_fd_sc_mcu7t5v0__nand2_1)
     1    0.004220    0.677037    0.826870   11.259204 ^ _347_/ZN (gf180mcu_fd_sc_mcu7t5v0__nand2_1)
                                                         _062_ (net)
                      0.677037    0.000000   11.259204 ^ _348_/A3 (gf180mcu_fd_sc_mcu7t5v0__nand3_1)
     9    0.038428    2.779689    1.634428   12.893631 v _348_/ZN (gf180mcu_fd_sc_mcu7t5v0__nand3_1)
                                                         _063_ (net)
                      2.779689    0.000000   12.893631 v _349_/I (gf180mcu_fd_sc_mcu7t5v0__clkinv_1)
    12    0.049922    2.453894    2.403842   15.297474 ^ _349_/ZN (gf180mcu_fd_sc_mcu7t5v0__clkinv_1)
                                                         _031_ (net)
                      2.453894    0.000000   15.297474 ^ _647_/D (gf180mcu_fd_sc_mcu7t5v0__dffq_1)
                                             15.297474   data arrival time

                      0.150000   20.000000   20.000000   clock clk (rise edge)
                                  0.000000   20.000000   clock network delay (ideal)
                                 -0.250000   19.750002   clock uncertainty
                                  0.000000   19.750002   clock reconvergence pessimism
                                             19.750002 ^ _647_/CLK (gf180mcu_fd_sc_mcu7t5v0__dffq_1)
                                 -1.044853   18.705149   library setup time
                                             18.705149   data required time
---------------------------------------------------------------------------------------------
                                             18.705149   data required time
                                            -15.297474   data arrival time
---------------------------------------------------------------------------------------------
                                              3.407674   slack (MET)


Startpoint: _650_ (rising edge-triggered flip-flop clocked by clk)
Endpoint: _648_ (rising edge-triggered flip-flop clocked by clk)
Path Group: clk
Path Type: max

Fanout         Cap        Slew       Delay        Time   Description
---------------------------------------------------------------------------------------------
                      0.150000    0.000000    0.000000   clock clk (rise edge)
                                  0.000000    0.000000   clock network delay (ideal)
                      0.150000    0.000000    0.000000 ^ _650_/CLK (gf180mcu_fd_sc_mcu7t5v0__dffq_1)
     6    0.025819    1.281715    2.816883    2.816883 ^ _650_/Q (gf180mcu_fd_sc_mcu7t5v0__dffq_1)
                                                         u_r2r_dac_digital.presc[0] (net)
                      1.281715    0.000000    2.816883 ^ _325_/A2 (gf180mcu_fd_sc_mcu7t5v0__and4_1)
     7    0.029368    1.583845    2.385159    5.202043 ^ _325_/Z (gf180mcu_fd_sc_mcu7t5v0__and4_1)
                                                         _041_ (net)
                      1.583845    0.000000    5.202043 ^ _327_/A4 (gf180mcu_fd_sc_mcu7t5v0__and4_1)
     1    0.004707    0.565270    1.592268    6.794311 ^ _327_/Z (gf180mcu_fd_sc_mcu7t5v0__and4_1)
                                                         _043_ (net)
                      0.565270    0.000000    6.794311 ^ _329_/A2 (gf180mcu_fd_sc_mcu7t5v0__aoi21_1)
    12    0.061164    2.468233    1.691277    8.485587 v _329_/ZN (gf180mcu_fd_sc_mcu7t5v0__aoi21_1)
                                                         _045_ (net)
                      2.468233    0.000000    8.485587 v _339_/A3 (gf180mcu_fd_sc_mcu7t5v0__nor4_1)
     2    0.008674    2.530760    2.227977   10.713565 ^ _339_/ZN (gf180mcu_fd_sc_mcu7t5v0__nor4_1)
                                                         _055_ (net)
                      2.530760    0.000000   10.713565 ^ _342_/A3 (gf180mcu_fd_sc_mcu7t5v0__nand3_1)
     3    0.011256    1.095193    0.822359   11.535924 v _342_/ZN (gf180mcu_fd_sc_mcu7t5v0__nand3_1)
                                                         _058_ (net)
                      1.095193    0.000000   11.535924 v _351_/A2 (gf180mcu_fd_sc_mcu7t5v0__nand3_1)
     6    0.026199    1.875841    1.525950   13.061873 ^ _351_/ZN (gf180mcu_fd_sc_mcu7t5v0__nand3_1)
                                                         _065_ (net)
                      1.875841    0.000000   13.061873 ^ _352_/I (gf180mcu_fd_sc_mcu7t5v0__clkinv_1)
     8    0.032425    1.498895    1.353238   14.415112 v _352_/ZN (gf180mcu_fd_sc_mcu7t5v0__clkinv_1)
                                                         _032_ (net)
                      1.498895    0.000000   14.415112 v _648_/D (gf180mcu_fd_sc_mcu7t5v0__dffq_1)
                                             14.415112   data arrival time

                      0.150000   20.000000   20.000000   clock clk (rise edge)
                                  0.000000   20.000000   clock network delay (ideal)
                                 -0.250000   19.750002   clock uncertainty
                                  0.000000   19.750002   clock reconvergence pessimism
                                             19.750002 ^ _648_/CLK (gf180mcu_fd_sc_mcu7t5v0__dffq_1)
                                 -1.280312   18.469688   library setup time
                                             18.469688   data required time
---------------------------------------------------------------------------------------------
                                             18.469688   data required time
                                            -14.415112   data arrival time
---------------------------------------------------------------------------------------------
                                              4.054577   slack (MET)


Startpoint: _650_ (rising edge-triggered flip-flop clocked by clk)
Endpoint: _642_ (rising edge-triggered flip-flop clocked by clk)
Path Group: clk
Path Type: max

Fanout         Cap        Slew       Delay        Time   Description
---------------------------------------------------------------------------------------------
                      0.150000    0.000000    0.000000   clock clk (rise edge)
                                  0.000000    0.000000   clock network delay (ideal)
                      0.150000    0.000000    0.000000 ^ _650_/CLK (gf180mcu_fd_sc_mcu7t5v0__dffq_1)
     6    0.025819    1.281715    2.816883    2.816883 ^ _650_/Q (gf180mcu_fd_sc_mcu7t5v0__dffq_1)
                                                         u_r2r_dac_digital.presc[0] (net)
                      1.281715    0.000000    2.816883 ^ _325_/A2 (gf180mcu_fd_sc_mcu7t5v0__and4_1)
     7    0.029368    1.583845    2.385159    5.202043 ^ _325_/Z (gf180mcu_fd_sc_mcu7t5v0__and4_1)
                                                         _041_ (net)
                      1.583845    0.000000    5.202043 ^ _327_/A4 (gf180mcu_fd_sc_mcu7t5v0__and4_1)
     1    0.004707    0.565270    1.592268    6.794311 ^ _327_/Z (gf180mcu_fd_sc_mcu7t5v0__and4_1)
                                                         _043_ (net)
                      0.565270    0.000000    6.794311 ^ _329_/A2 (gf180mcu_fd_sc_mcu7t5v0__aoi21_1)
    12    0.061164    2.468233    1.691277    8.485587 v _329_/ZN (gf180mcu_fd_sc_mcu7t5v0__aoi21_1)
                                                         _045_ (net)
                      2.468233    0.000000    8.485587 v _369_/A2 (gf180mcu_fd_sc_mcu7t5v0__xor2_1)
     5    0.021132    1.738443    2.496194   10.981781 v _369_/Z (gf180mcu_fd_sc_mcu7t5v0__xor2_1)
                                                         _079_ (net)
                      1.738443    0.000000   10.981781 v _371_/A2 (gf180mcu_fd_sc_mcu7t5v0__nand2_1)
     4    0.017302    1.225000    1.302833   12.284615 ^ _371_/ZN (gf180mcu_fd_sc_mcu7t5v0__nand2_1)
                                                         _081_ (net)
                      1.225000    0.000000   12.284615 ^ _372_/I (gf180mcu_fd_sc_mcu7t5v0__clkinv_1)
     1    0.002342    0.396772    0.336183   12.620797 v _372_/ZN (gf180mcu_fd_sc_mcu7t5v0__clkinv_1)
                                                         _026_ (net)
                      0.396772    0.000000   12.620797 v _642_/D (gf180mcu_fd_sc_mcu7t5v0__dffq_1)
                                             12.620797   data arrival time

                      0.150000   20.000000   20.000000   clock clk (rise edge)
                                  0.000000   20.000000   clock network delay (ideal)
                                 -0.250000   19.750002   clock uncertainty
                                  0.000000   19.750002   clock reconvergence pessimism
                                             19.750002 ^ _642_/CLK (gf180mcu_fd_sc_mcu7t5v0__dffq_1)
                                 -0.912915   18.837086   library setup time
                                             18.837086   data required time
---------------------------------------------------------------------------------------------
                                             18.837086   data required time
                                            -12.620797   data arrival time
---------------------------------------------------------------------------------------------
                                              6.216288   slack (MET)


Startpoint: _650_ (rising edge-triggered flip-flop clocked by clk)
Endpoint: _643_ (rising edge-triggered flip-flop clocked by clk)
Path Group: clk
Path Type: max

Fanout         Cap        Slew       Delay        Time   Description
---------------------------------------------------------------------------------------------
                      0.150000    0.000000    0.000000   clock clk (rise edge)
                                  0.000000    0.000000   clock network delay (ideal)
                      0.150000    0.000000    0.000000 ^ _650_/CLK (gf180mcu_fd_sc_mcu7t5v0__dffq_1)
     6    0.025819    1.281715    2.816883    2.816883 ^ _650_/Q (gf180mcu_fd_sc_mcu7t5v0__dffq_1)
                                                         u_r2r_dac_digital.presc[0] (net)
                      1.281715    0.000000    2.816883 ^ _325_/A2 (gf180mcu_fd_sc_mcu7t5v0__and4_1)
     7    0.029368    1.583845    2.385159    5.202043 ^ _325_/Z (gf180mcu_fd_sc_mcu7t5v0__and4_1)
                                                         _041_ (net)
                      1.583845    0.000000    5.202043 ^ _328_/A4 (gf180mcu_fd_sc_mcu7t5v0__nand4_1)
     4    0.018831    1.754578    1.336539    6.538581 v _328_/ZN (gf180mcu_fd_sc_mcu7t5v0__nand4_1)
                                                         _044_ (net)
                      1.754578    0.000000    6.538581 v _330_/A2 (gf180mcu_fd_sc_mcu7t5v0__oai21_1)
     8    0.036410    3.587868    2.687752    9.226334 ^ _330_/ZN (gf180mcu_fd_sc_mcu7t5v0__oai21_1)
                                                         _046_ (net)
                      3.587868    0.000000    9.226334 ^ _363_/A2 (gf180mcu_fd_sc_mcu7t5v0__aoi21_1)
     6    0.025468    1.536770    1.176943   10.403276 v _363_/ZN (gf180mcu_fd_sc_mcu7t5v0__aoi21_1)
                                                         _074_ (net)
                      1.536770    0.000000   10.403276 v _367_/A1 (gf180mcu_fd_sc_mcu7t5v0__nor2_1)
     4    0.014881    1.742123    1.493572   11.896850 ^ _367_/ZN (gf180mcu_fd_sc_mcu7t5v0__nor2_1)
                                                         _027_ (net)
                      1.742123    0.000000   11.896850 ^ _643_/D (gf180mcu_fd_sc_mcu7t5v0__dffq_1)
                                             11.896850   data arrival time

                      0.150000   20.000000   20.000000   clock clk (rise edge)
                                  0.000000   20.000000   clock network delay (ideal)
                                 -0.250000   19.750002   clock uncertainty
                                  0.000000   19.750002   clock reconvergence pessimism
                                             19.750002 ^ _643_/CLK (gf180mcu_fd_sc_mcu7t5v0__dffq_1)
                                 -1.008458   18.741545   library setup time
                                             18.741545   data required time
---------------------------------------------------------------------------------------------
                                             18.741545   data required time
                                            -11.896850   data arrival time
---------------------------------------------------------------------------------------------
                                              6.844695   slack (MET)


Startpoint: rst_n (input port clocked by clk)
Endpoint: _653_ (rising edge-triggered flip-flop clocked by clk)
Path Group: clk
Path Type: max

Fanout         Cap        Slew       Delay        Time   Description
---------------------------------------------------------------------------------------------
                      0.150000    0.000000    0.000000   clock clk (rise edge)
                                  0.000000    0.000000   clock network delay (ideal)
                                  4.000000    4.000000 ^ input external delay
    19    0.085132    3.858744    2.214944    6.214944 ^ rst_n (in)
                                                         rst_n (net)
                      3.858744    0.000000    6.214944 ^ _323_/I (gf180mcu_fd_sc_mcu7t5v0__clkinv_1)
    26    0.103785    4.079278    3.587713    9.802657 v _323_/ZN (gf180mcu_fd_sc_mcu7t5v0__clkinv_1)
                                                         _308_ (net)
                      4.079278    0.000000    9.802657 v _611_/A1 (gf180mcu_fd_sc_mcu7t5v0__nor2_1)
     1    0.002736    1.049204    1.356904   11.159561 ^ _611_/ZN (gf180mcu_fd_sc_mcu7t5v0__nor2_1)
                                                         _290_ (net)
                      1.049204    0.000000   11.159561 ^ _612_/A2 (gf180mcu_fd_sc_mcu7t5v0__and2_1)
     1    0.002342    0.337778    0.850090   12.009650 ^ _612_/Z (gf180mcu_fd_sc_mcu7t5v0__and2_1)
                                                         _037_ (net)
                      0.337778    0.000000   12.009650 ^ _653_/D (gf180mcu_fd_sc_mcu7t5v0__dffq_1)
                                             12.009650   data arrival time

                      0.150000   20.000000   20.000000   clock clk (rise edge)
                                  0.000000   20.000000   clock network delay (ideal)
                                 -0.250000   19.750002   clock uncertainty
                                  0.000000   19.750002   clock reconvergence pessimism
                                             19.750002 ^ _653_/CLK (gf180mcu_fd_sc_mcu7t5v0__dffq_1)
                                 -0.835481   18.914520   library setup time
                                             18.914520   data required time
---------------------------------------------------------------------------------------------
                                             18.914520   data required time
                                            -12.009650   data arrival time
---------------------------------------------------------------------------------------------
                                              6.904870   slack (MET)


Startpoint: rst_n (input port clocked by clk)
Endpoint: _626_ (rising edge-triggered flip-flop clocked by clk)
Path Group: clk
Path Type: max

Fanout         Cap        Slew       Delay        Time   Description
---------------------------------------------------------------------------------------------
                      0.150000    0.000000    0.000000   clock clk (rise edge)
                                  0.000000    0.000000   clock network delay (ideal)
                                  4.000000    4.000000 ^ input external delay
    19    0.085132    3.858744    2.214944    6.214944 ^ rst_n (in)
                                                         rst_n (net)
                      3.858744    0.000000    6.214944 ^ _323_/I (gf180mcu_fd_sc_mcu7t5v0__clkinv_1)
    26    0.103785    4.079278    3.587713    9.802657 v _323_/ZN (gf180mcu_fd_sc_mcu7t5v0__clkinv_1)
                                                         _308_ (net)
                      4.079278    0.000000    9.802657 v _559_/B (gf180mcu_fd_sc_mcu7t5v0__aoi21_1)
     1    0.002342    1.135712    1.389058   11.191714 ^ _559_/ZN (gf180mcu_fd_sc_mcu7t5v0__aoi21_1)
                                                         _010_ (net)
                      1.135712    0.000000   11.191714 ^ _626_/D (gf180mcu_fd_sc_mcu7t5v0__dffq_1)
                                             11.191714   data arrival time

                      0.150000   20.000000   20.000000   clock clk (rise edge)
                                  0.000000   20.000000   clock network delay (ideal)
                                 -0.250000   19.750002   clock uncertainty
                                  0.000000   19.750002   clock reconvergence pessimism
                                             19.750002 ^ _626_/CLK (gf180mcu_fd_sc_mcu7t5v0__dffq_1)
                                 -0.963703   18.786297   library setup time
                                             18.786297   data required time
---------------------------------------------------------------------------------------------
                                             18.786297   data required time
                                            -11.191714   data arrival time
---------------------------------------------------------------------------------------------
                                              7.594583   slack (MET)


Startpoint: rst_n (input port clocked by clk)
Endpoint: _627_ (rising edge-triggered flip-flop clocked by clk)
Path Group: clk
Path Type: max

Fanout         Cap        Slew       Delay        Time   Description
---------------------------------------------------------------------------------------------
                      0.150000    0.000000    0.000000   clock clk (rise edge)
                                  0.000000    0.000000   clock network delay (ideal)
                                  4.000000    4.000000 ^ input external delay
    19    0.085132    3.858744    2.214944    6.214944 ^ rst_n (in)
                                                         rst_n (net)
                      3.858744    0.000000    6.214944 ^ _323_/I (gf180mcu_fd_sc_mcu7t5v0__clkinv_1)
    26    0.103785    4.079278    3.587713    9.802657 v _323_/ZN (gf180mcu_fd_sc_mcu7t5v0__clkinv_1)
                                                         _308_ (net)
                      4.079278    0.000000    9.802657 v _563_/B (gf180mcu_fd_sc_mcu7t5v0__aoi21_1)
     1    0.002342    1.135712    1.389058   11.191714 ^ _563_/ZN (gf180mcu_fd_sc_mcu7t5v0__aoi21_1)
                                                         _011_ (net)
                      1.135712    0.000000   11.191714 ^ _627_/D (gf180mcu_fd_sc_mcu7t5v0__dffq_1)
                                             11.191714   data arrival time

                      0.150000   20.000000   20.000000   clock clk (rise edge)
                                  0.000000   20.000000   clock network delay (ideal)
                                 -0.250000   19.750002   clock uncertainty
                                  0.000000   19.750002   clock reconvergence pessimism
                                             19.750002 ^ _627_/CLK (gf180mcu_fd_sc_mcu7t5v0__dffq_1)
                                 -0.963703   18.786297   library setup time
                                             18.786297   data required time
---------------------------------------------------------------------------------------------
                                             18.786297   data required time
                                            -11.191714   data arrival time
---------------------------------------------------------------------------------------------
                                              7.594583   slack (MET)


Startpoint: rst_n (input port clocked by clk)
Endpoint: _628_ (rising edge-triggered flip-flop clocked by clk)
Path Group: clk
Path Type: max

Fanout         Cap        Slew       Delay        Time   Description
---------------------------------------------------------------------------------------------
                      0.150000    0.000000    0.000000   clock clk (rise edge)
                                  0.000000    0.000000   clock network delay (ideal)
                                  4.000000    4.000000 ^ input external delay
    19    0.085132    3.858744    2.214944    6.214944 ^ rst_n (in)
                                                         rst_n (net)
                      3.858744    0.000000    6.214944 ^ _323_/I (gf180mcu_fd_sc_mcu7t5v0__clkinv_1)
    26    0.103785    4.079278    3.587713    9.802657 v _323_/ZN (gf180mcu_fd_sc_mcu7t5v0__clkinv_1)
                                                         _308_ (net)
                      4.079278    0.000000    9.802657 v _567_/B (gf180mcu_fd_sc_mcu7t5v0__aoi21_1)
     1    0.002342    1.135712    1.389058   11.191714 ^ _567_/ZN (gf180mcu_fd_sc_mcu7t5v0__aoi21_1)
                                                         _012_ (net)
                      1.135712    0.000000   11.191714 ^ _628_/D (gf180mcu_fd_sc_mcu7t5v0__dffq_1)
                                             11.191714   data arrival time

                      0.150000   20.000000   20.000000   clock clk (rise edge)
                                  0.000000   20.000000   clock network delay (ideal)
                                 -0.250000   19.750002   clock uncertainty
                                  0.000000   19.750002   clock reconvergence pessimism
                                             19.750002 ^ _628_/CLK (gf180mcu_fd_sc_mcu7t5v0__dffq_1)
                                 -0.963703   18.786297   library setup time
                                             18.786297   data required time
---------------------------------------------------------------------------------------------
                                             18.786297   data required time
                                            -11.191714   data arrival time
---------------------------------------------------------------------------------------------
                                              7.594583   slack (MET)


Startpoint: rst_n (input port clocked by clk)
Endpoint: _629_ (rising edge-triggered flip-flop clocked by clk)
Path Group: clk
Path Type: max

Fanout         Cap        Slew       Delay        Time   Description
---------------------------------------------------------------------------------------------
                      0.150000    0.000000    0.000000   clock clk (rise edge)
                                  0.000000    0.000000   clock network delay (ideal)
                                  4.000000    4.000000 ^ input external delay
    19    0.085132    3.858744    2.214944    6.214944 ^ rst_n (in)
                                                         rst_n (net)
                      3.858744    0.000000    6.214944 ^ _323_/I (gf180mcu_fd_sc_mcu7t5v0__clkinv_1)
    26    0.103785    4.079278    3.587713    9.802657 v _323_/ZN (gf180mcu_fd_sc_mcu7t5v0__clkinv_1)
                                                         _308_ (net)
                      4.079278    0.000000    9.802657 v _571_/B (gf180mcu_fd_sc_mcu7t5v0__aoi21_1)
     1    0.002342    1.135712    1.389058   11.191714 ^ _571_/ZN (gf180mcu_fd_sc_mcu7t5v0__aoi21_1)
                                                         _013_ (net)
                      1.135712    0.000000   11.191714 ^ _629_/D (gf180mcu_fd_sc_mcu7t5v0__dffq_1)
                                             11.191714   data arrival time

                      0.150000   20.000000   20.000000   clock clk (rise edge)
                                  0.000000   20.000000   clock network delay (ideal)
                                 -0.250000   19.750002   clock uncertainty
                                  0.000000   19.750002   clock reconvergence pessimism
                                             19.750002 ^ _629_/CLK (gf180mcu_fd_sc_mcu7t5v0__dffq_1)
                                 -0.963703   18.786297   library setup time
                                             18.786297   data required time
---------------------------------------------------------------------------------------------
                                             18.786297   data required time
                                            -11.191714   data arrival time
---------------------------------------------------------------------------------------------
                                              7.594583   slack (MET)


Startpoint: rst_n (input port clocked by clk)
Endpoint: _630_ (rising edge-triggered flip-flop clocked by clk)
Path Group: clk
Path Type: max

Fanout         Cap        Slew       Delay        Time   Description
---------------------------------------------------------------------------------------------
                      0.150000    0.000000    0.000000   clock clk (rise edge)
                                  0.000000    0.000000   clock network delay (ideal)
                                  4.000000    4.000000 ^ input external delay
    19    0.085132    3.858744    2.214944    6.214944 ^ rst_n (in)
                                                         rst_n (net)
                      3.858744    0.000000    6.214944 ^ _323_/I (gf180mcu_fd_sc_mcu7t5v0__clkinv_1)
    26    0.103785    4.079278    3.587713    9.802657 v _323_/ZN (gf180mcu_fd_sc_mcu7t5v0__clkinv_1)
                                                         _308_ (net)
                      4.079278    0.000000    9.802657 v _575_/B (gf180mcu_fd_sc_mcu7t5v0__aoi21_1)
     1    0.002342    1.135712    1.389058   11.191714 ^ _575_/ZN (gf180mcu_fd_sc_mcu7t5v0__aoi21_1)
                                                         _014_ (net)
                      1.135712    0.000000   11.191714 ^ _630_/D (gf180mcu_fd_sc_mcu7t5v0__dffq_1)
                                             11.191714   data arrival time

                      0.150000   20.000000   20.000000   clock clk (rise edge)
                                  0.000000   20.000000   clock network delay (ideal)
                                 -0.250000   19.750002   clock uncertainty
                                  0.000000   19.750002   clock reconvergence pessimism
                                             19.750002 ^ _630_/CLK (gf180mcu_fd_sc_mcu7t5v0__dffq_1)
                                 -0.963703   18.786297   library setup time
                                             18.786297   data required time
---------------------------------------------------------------------------------------------
                                             18.786297   data required time
                                            -11.191714   data arrival time
---------------------------------------------------------------------------------------------
                                              7.594583   slack (MET)


Startpoint: rst_n (input port clocked by clk)
Endpoint: _631_ (rising edge-triggered flip-flop clocked by clk)
Path Group: clk
Path Type: max

Fanout         Cap        Slew       Delay        Time   Description
---------------------------------------------------------------------------------------------
                      0.150000    0.000000    0.000000   clock clk (rise edge)
                                  0.000000    0.000000   clock network delay (ideal)
                                  4.000000    4.000000 ^ input external delay
    19    0.085132    3.858744    2.214944    6.214944 ^ rst_n (in)
                                                         rst_n (net)
                      3.858744    0.000000    6.214944 ^ _323_/I (gf180mcu_fd_sc_mcu7t5v0__clkinv_1)
    26    0.103785    4.079278    3.587713    9.802657 v _323_/ZN (gf180mcu_fd_sc_mcu7t5v0__clkinv_1)
                                                         _308_ (net)
                      4.079278    0.000000    9.802657 v _579_/B (gf180mcu_fd_sc_mcu7t5v0__aoi21_1)
     1    0.002342    1.135712    1.389058   11.191714 ^ _579_/ZN (gf180mcu_fd_sc_mcu7t5v0__aoi21_1)
                                                         _015_ (net)
                      1.135712    0.000000   11.191714 ^ _631_/D (gf180mcu_fd_sc_mcu7t5v0__dffq_1)
                                             11.191714   data arrival time

                      0.150000   20.000000   20.000000   clock clk (rise edge)
                                  0.000000   20.000000   clock network delay (ideal)
                                 -0.250000   19.750002   clock uncertainty
                                  0.000000   19.750002   clock reconvergence pessimism
                                             19.750002 ^ _631_/CLK (gf180mcu_fd_sc_mcu7t5v0__dffq_1)
                                 -0.963703   18.786297   library setup time
                                             18.786297   data required time
---------------------------------------------------------------------------------------------
                                             18.786297   data required time
                                            -11.191714   data arrival time
---------------------------------------------------------------------------------------------
                                              7.594583   slack (MET)


Startpoint: rst_n (input port clocked by clk)
Endpoint: _632_ (rising edge-triggered flip-flop clocked by clk)
Path Group: clk
Path Type: max

Fanout         Cap        Slew       Delay        Time   Description
---------------------------------------------------------------------------------------------
                      0.150000    0.000000    0.000000   clock clk (rise edge)
                                  0.000000    0.000000   clock network delay (ideal)
                                  4.000000    4.000000 ^ input external delay
    19    0.085132    3.858744    2.214944    6.214944 ^ rst_n (in)
                                                         rst_n (net)
                      3.858744    0.000000    6.214944 ^ _323_/I (gf180mcu_fd_sc_mcu7t5v0__clkinv_1)
    26    0.103785    4.079278    3.587713    9.802657 v _323_/ZN (gf180mcu_fd_sc_mcu7t5v0__clkinv_1)
                                                         _308_ (net)
                      4.079278    0.000000    9.802657 v _583_/B (gf180mcu_fd_sc_mcu7t5v0__aoi21_1)
     1    0.002342    1.135712    1.389058   11.191714 ^ _583_/ZN (gf180mcu_fd_sc_mcu7t5v0__aoi21_1)
                                                         _016_ (net)
                      1.135712    0.000000   11.191714 ^ _632_/D (gf180mcu_fd_sc_mcu7t5v0__dffq_1)
                                             11.191714   data arrival time

                      0.150000   20.000000   20.000000   clock clk (rise edge)
                                  0.000000   20.000000   clock network delay (ideal)
                                 -0.250000   19.750002   clock uncertainty
                                  0.000000   19.750002   clock reconvergence pessimism
                                             19.750002 ^ _632_/CLK (gf180mcu_fd_sc_mcu7t5v0__dffq_1)
                                 -0.963703   18.786297   library setup time
                                             18.786297   data required time
---------------------------------------------------------------------------------------------
                                             18.786297   data required time
                                            -11.191714   data arrival time
---------------------------------------------------------------------------------------------
                                              7.594583   slack (MET)


Startpoint: rst_n (input port clocked by clk)
Endpoint: _633_ (rising edge-triggered flip-flop clocked by clk)
Path Group: clk
Path Type: max

Fanout         Cap        Slew       Delay        Time   Description
---------------------------------------------------------------------------------------------
                      0.150000    0.000000    0.000000   clock clk (rise edge)
                                  0.000000    0.000000   clock network delay (ideal)
                                  4.000000    4.000000 ^ input external delay
    19    0.085132    3.858744    2.214944    6.214944 ^ rst_n (in)
                                                         rst_n (net)
                      3.858744    0.000000    6.214944 ^ _323_/I (gf180mcu_fd_sc_mcu7t5v0__clkinv_1)
    26    0.103785    4.079278    3.587713    9.802657 v _323_/ZN (gf180mcu_fd_sc_mcu7t5v0__clkinv_1)
                                                         _308_ (net)
                      4.079278    0.000000    9.802657 v _587_/B (gf180mcu_fd_sc_mcu7t5v0__aoi21_1)
     1    0.002342    1.135712    1.389058   11.191714 ^ _587_/ZN (gf180mcu_fd_sc_mcu7t5v0__aoi21_1)
                                                         _017_ (net)
                      1.135712    0.000000   11.191714 ^ _633_/D (gf180mcu_fd_sc_mcu7t5v0__dffq_1)
                                             11.191714   data arrival time

                      0.150000   20.000000   20.000000   clock clk (rise edge)
                                  0.000000   20.000000   clock network delay (ideal)
                                 -0.250000   19.750002   clock uncertainty
                                  0.000000   19.750002   clock reconvergence pessimism
                                             19.750002 ^ _633_/CLK (gf180mcu_fd_sc_mcu7t5v0__dffq_1)
                                 -0.963703   18.786297   library setup time
                                             18.786297   data required time
---------------------------------------------------------------------------------------------
                                             18.786297   data required time
                                            -11.191714   data arrival time
---------------------------------------------------------------------------------------------
                                              7.594583   slack (MET)


Startpoint: rst_n (input port clocked by clk)
Endpoint: _634_ (rising edge-triggered flip-flop clocked by clk)
Path Group: clk
Path Type: max

Fanout         Cap        Slew       Delay        Time   Description
---------------------------------------------------------------------------------------------
                      0.150000    0.000000    0.000000   clock clk (rise edge)
                                  0.000000    0.000000   clock network delay (ideal)
                                  4.000000    4.000000 ^ input external delay
    19    0.085132    3.858744    2.214944    6.214944 ^ rst_n (in)
                                                         rst_n (net)
                      3.858744    0.000000    6.214944 ^ _323_/I (gf180mcu_fd_sc_mcu7t5v0__clkinv_1)
    26    0.103785    4.079278    3.587713    9.802657 v _323_/ZN (gf180mcu_fd_sc_mcu7t5v0__clkinv_1)
                                                         _308_ (net)
                      4.079278    0.000000    9.802657 v _589_/B (gf180mcu_fd_sc_mcu7t5v0__aoi21_1)
     1    0.002342    1.135712    1.389058   11.191714 ^ _589_/ZN (gf180mcu_fd_sc_mcu7t5v0__aoi21_1)
                                                         _018_ (net)
                      1.135712    0.000000   11.191714 ^ _634_/D (gf180mcu_fd_sc_mcu7t5v0__dffq_1)
                                             11.191714   data arrival time

                      0.150000   20.000000   20.000000   clock clk (rise edge)
                                  0.000000   20.000000   clock network delay (ideal)
                                 -0.250000   19.750002   clock uncertainty
                                  0.000000   19.750002   clock reconvergence pessimism
                                             19.750002 ^ _634_/CLK (gf180mcu_fd_sc_mcu7t5v0__dffq_1)
                                 -0.963703   18.786297   library setup time
                                             18.786297   data required time
---------------------------------------------------------------------------------------------
                                             18.786297   data required time
                                            -11.191714   data arrival time
---------------------------------------------------------------------------------------------
                                              7.594583   slack (MET)


Startpoint: rst_n (input port clocked by clk)
Endpoint: _635_ (rising edge-triggered flip-flop clocked by clk)
Path Group: clk
Path Type: max

Fanout         Cap        Slew       Delay        Time   Description
---------------------------------------------------------------------------------------------
                      0.150000    0.000000    0.000000   clock clk (rise edge)
                                  0.000000    0.000000   clock network delay (ideal)
                                  4.000000    4.000000 ^ input external delay
    19    0.085132    3.858744    2.214944    6.214944 ^ rst_n (in)
                                                         rst_n (net)
                      3.858744    0.000000    6.214944 ^ _323_/I (gf180mcu_fd_sc_mcu7t5v0__clkinv_1)
    26    0.103785    4.079278    3.587713    9.802657 v _323_/ZN (gf180mcu_fd_sc_mcu7t5v0__clkinv_1)
                                                         _308_ (net)
                      4.079278    0.000000    9.802657 v _591_/B (gf180mcu_fd_sc_mcu7t5v0__aoi21_1)
     1    0.002342    1.135712    1.389058   11.191714 ^ _591_/ZN (gf180mcu_fd_sc_mcu7t5v0__aoi21_1)
                                                         _019_ (net)
                      1.135712    0.000000   11.191714 ^ _635_/D (gf180mcu_fd_sc_mcu7t5v0__dffq_1)
                                             11.191714   data arrival time

                      0.150000   20.000000   20.000000   clock clk (rise edge)
                                  0.000000   20.000000   clock network delay (ideal)
                                 -0.250000   19.750002   clock uncertainty
                                  0.000000   19.750002   clock reconvergence pessimism
                                             19.750002 ^ _635_/CLK (gf180mcu_fd_sc_mcu7t5v0__dffq_1)
                                 -0.963703   18.786297   library setup time
                                             18.786297   data required time
---------------------------------------------------------------------------------------------
                                             18.786297   data required time
                                            -11.191714   data arrival time
---------------------------------------------------------------------------------------------
                                              7.594583   slack (MET)


Startpoint: rst_n (input port clocked by clk)
Endpoint: _636_ (rising edge-triggered flip-flop clocked by clk)
Path Group: clk
Path Type: max

Fanout         Cap        Slew       Delay        Time   Description
---------------------------------------------------------------------------------------------
                      0.150000    0.000000    0.000000   clock clk (rise edge)
                                  0.000000    0.000000   clock network delay (ideal)
                                  4.000000    4.000000 ^ input external delay
    19    0.085132    3.858744    2.214944    6.214944 ^ rst_n (in)
                                                         rst_n (net)
                      3.858744    0.000000    6.214944 ^ _323_/I (gf180mcu_fd_sc_mcu7t5v0__clkinv_1)
    26    0.103785    4.079278    3.587713    9.802657 v _323_/ZN (gf180mcu_fd_sc_mcu7t5v0__clkinv_1)
                                                         _308_ (net)
                      4.079278    0.000000    9.802657 v _593_/B (gf180mcu_fd_sc_mcu7t5v0__aoi21_1)
     1    0.002342    1.135712    1.389058   11.191714 ^ _593_/ZN (gf180mcu_fd_sc_mcu7t5v0__aoi21_1)
                                                         _020_ (net)
                      1.135712    0.000000   11.191714 ^ _636_/D (gf180mcu_fd_sc_mcu7t5v0__dffq_1)
                                             11.191714   data arrival time

                      0.150000   20.000000   20.000000   clock clk (rise edge)
                                  0.000000   20.000000   clock network delay (ideal)
                                 -0.250000   19.750002   clock uncertainty
                                  0.000000   19.750002   clock reconvergence pessimism
                                             19.750002 ^ _636_/CLK (gf180mcu_fd_sc_mcu7t5v0__dffq_1)
                                 -0.963703   18.786297   library setup time
                                             18.786297   data required time
---------------------------------------------------------------------------------------------
                                             18.786297   data required time
                                            -11.191714   data arrival time
---------------------------------------------------------------------------------------------
                                              7.594583   slack (MET)


Startpoint: rst_n (input port clocked by clk)
Endpoint: _637_ (rising edge-triggered flip-flop clocked by clk)
Path Group: clk
Path Type: max

Fanout         Cap        Slew       Delay        Time   Description
---------------------------------------------------------------------------------------------
                      0.150000    0.000000    0.000000   clock clk (rise edge)
                                  0.000000    0.000000   clock network delay (ideal)
                                  4.000000    4.000000 ^ input external delay
    19    0.085132    3.858744    2.214944    6.214944 ^ rst_n (in)
                                                         rst_n (net)
                      3.858744    0.000000    6.214944 ^ _323_/I (gf180mcu_fd_sc_mcu7t5v0__clkinv_1)
    26    0.103785    4.079278    3.587713    9.802657 v _323_/ZN (gf180mcu_fd_sc_mcu7t5v0__clkinv_1)
                                                         _308_ (net)
                      4.079278    0.000000    9.802657 v _595_/B (gf180mcu_fd_sc_mcu7t5v0__aoi21_1)
     1    0.002342    1.135712    1.389058   11.191714 ^ _595_/ZN (gf180mcu_fd_sc_mcu7t5v0__aoi21_1)
                                                         _021_ (net)
                      1.135712    0.000000   11.191714 ^ _637_/D (gf180mcu_fd_sc_mcu7t5v0__dffq_1)
                                             11.191714   data arrival time

                      0.150000   20.000000   20.000000   clock clk (rise edge)
                                  0.000000   20.000000   clock network delay (ideal)
                                 -0.250000   19.750002   clock uncertainty
                                  0.000000   19.750002   clock reconvergence pessimism
                                             19.750002 ^ _637_/CLK (gf180mcu_fd_sc_mcu7t5v0__dffq_1)
                                 -0.963703   18.786297   library setup time
                                             18.786297   data required time
---------------------------------------------------------------------------------------------
                                             18.786297   data required time
                                            -11.191714   data arrival time
---------------------------------------------------------------------------------------------
                                              7.594583   slack (MET)


Startpoint: rst_n (input port clocked by clk)
Endpoint: _638_ (rising edge-triggered flip-flop clocked by clk)
Path Group: clk
Path Type: max

Fanout         Cap        Slew       Delay        Time   Description
---------------------------------------------------------------------------------------------
                      0.150000    0.000000    0.000000   clock clk (rise edge)
                                  0.000000    0.000000   clock network delay (ideal)
                                  4.000000    4.000000 ^ input external delay
    19    0.085132    3.858744    2.214944    6.214944 ^ rst_n (in)
                                                         rst_n (net)
                      3.858744    0.000000    6.214944 ^ _323_/I (gf180mcu_fd_sc_mcu7t5v0__clkinv_1)
    26    0.103785    4.079278    3.587713    9.802657 v _323_/ZN (gf180mcu_fd_sc_mcu7t5v0__clkinv_1)
                                                         _308_ (net)
                      4.079278    0.000000    9.802657 v _597_/B (gf180mcu_fd_sc_mcu7t5v0__aoi21_1)
     1    0.002342    1.135712    1.389058   11.191714 ^ _597_/ZN (gf180mcu_fd_sc_mcu7t5v0__aoi21_1)
                                                         _022_ (net)
                      1.135712    0.000000   11.191714 ^ _638_/D (gf180mcu_fd_sc_mcu7t5v0__dffq_1)
                                             11.191714   data arrival time

                      0.150000   20.000000   20.000000   clock clk (rise edge)
                                  0.000000   20.000000   clock network delay (ideal)
                                 -0.250000   19.750002   clock uncertainty
                                  0.000000   19.750002   clock reconvergence pessimism
                                             19.750002 ^ _638_/CLK (gf180mcu_fd_sc_mcu7t5v0__dffq_1)
                                 -0.963703   18.786297   library setup time
                                             18.786297   data required time
---------------------------------------------------------------------------------------------
                                             18.786297   data required time
                                            -11.191714   data arrival time
---------------------------------------------------------------------------------------------
                                              7.594583   slack (MET)


Startpoint: rst_n (input port clocked by clk)
Endpoint: _639_ (rising edge-triggered flip-flop clocked by clk)
Path Group: clk
Path Type: max

Fanout         Cap        Slew       Delay        Time   Description
---------------------------------------------------------------------------------------------
                      0.150000    0.000000    0.000000   clock clk (rise edge)
                                  0.000000    0.000000   clock network delay (ideal)
                                  4.000000    4.000000 ^ input external delay
    19    0.085132    3.858744    2.214944    6.214944 ^ rst_n (in)
                                                         rst_n (net)
                      3.858744    0.000000    6.214944 ^ _323_/I (gf180mcu_fd_sc_mcu7t5v0__clkinv_1)
    26    0.103785    4.079278    3.587713    9.802657 v _323_/ZN (gf180mcu_fd_sc_mcu7t5v0__clkinv_1)
                                                         _308_ (net)
                      4.079278    0.000000    9.802657 v _599_/B (gf180mcu_fd_sc_mcu7t5v0__aoi21_1)
     1    0.002342    1.135712    1.389058   11.191714 ^ _599_/ZN (gf180mcu_fd_sc_mcu7t5v0__aoi21_1)
                                                         _023_ (net)
                      1.135712    0.000000   11.191714 ^ _639_/D (gf180mcu_fd_sc_mcu7t5v0__dffq_1)
                                             11.191714   data arrival time

                      0.150000   20.000000   20.000000   clock clk (rise edge)
                                  0.000000   20.000000   clock network delay (ideal)
                                 -0.250000   19.750002   clock uncertainty
                                  0.000000   19.750002   clock reconvergence pessimism
                                             19.750002 ^ _639_/CLK (gf180mcu_fd_sc_mcu7t5v0__dffq_1)
                                 -0.963703   18.786297   library setup time
                                             18.786297   data required time
---------------------------------------------------------------------------------------------
                                             18.786297   data required time
                                            -11.191714   data arrival time
---------------------------------------------------------------------------------------------
                                              7.594583   slack (MET)


Startpoint: rst_n (input port clocked by clk)
Endpoint: _640_ (rising edge-triggered flip-flop clocked by clk)
Path Group: clk
Path Type: max

Fanout         Cap        Slew       Delay        Time   Description
---------------------------------------------------------------------------------------------
                      0.150000    0.000000    0.000000   clock clk (rise edge)
                                  0.000000    0.000000   clock network delay (ideal)
                                  4.000000    4.000000 ^ input external delay
    19    0.085132    3.858744    2.214944    6.214944 ^ rst_n (in)
                                                         rst_n (net)
                      3.858744    0.000000    6.214944 ^ _323_/I (gf180mcu_fd_sc_mcu7t5v0__clkinv_1)
    26    0.103785    4.079278    3.587713    9.802657 v _323_/ZN (gf180mcu_fd_sc_mcu7t5v0__clkinv_1)
                                                         _308_ (net)
                      4.079278    0.000000    9.802657 v _601_/B (gf180mcu_fd_sc_mcu7t5v0__aoi21_1)
     1    0.002342    1.135712    1.389058   11.191714 ^ _601_/ZN (gf180mcu_fd_sc_mcu7t5v0__aoi21_1)
                                                         _024_ (net)
                      1.135712    0.000000   11.191714 ^ _640_/D (gf180mcu_fd_sc_mcu7t5v0__dffq_1)
                                             11.191714   data arrival time

                      0.150000   20.000000   20.000000   clock clk (rise edge)
                                  0.000000   20.000000   clock network delay (ideal)
                                 -0.250000   19.750002   clock uncertainty
                                  0.000000   19.750002   clock reconvergence pessimism
                                             19.750002 ^ _640_/CLK (gf180mcu_fd_sc_mcu7t5v0__dffq_1)
                                 -0.963703   18.786297   library setup time
                                             18.786297   data required time
---------------------------------------------------------------------------------------------
                                             18.786297   data required time
                                            -11.191714   data arrival time
---------------------------------------------------------------------------------------------
                                              7.594583   slack (MET)


Startpoint: rst_n (input port clocked by clk)
Endpoint: _641_ (rising edge-triggered flip-flop clocked by clk)
Path Group: clk
Path Type: max

Fanout         Cap        Slew       Delay        Time   Description
---------------------------------------------------------------------------------------------
                      0.150000    0.000000    0.000000   clock clk (rise edge)
                                  0.000000    0.000000   clock network delay (ideal)
                                  4.000000    4.000000 ^ input external delay
    19    0.085132    3.858744    2.214944    6.214944 ^ rst_n (in)
                                                         rst_n (net)
                      3.858744    0.000000    6.214944 ^ _323_/I (gf180mcu_fd_sc_mcu7t5v0__clkinv_1)
    26    0.103785    4.079278    3.587713    9.802657 v _323_/ZN (gf180mcu_fd_sc_mcu7t5v0__clkinv_1)
                                                         _308_ (net)
                      4.079278    0.000000    9.802657 v _603_/B (gf180mcu_fd_sc_mcu7t5v0__aoi21_1)
     1    0.002342    1.135712    1.389058   11.191714 ^ _603_/ZN (gf180mcu_fd_sc_mcu7t5v0__aoi21_1)
                                                         _025_ (net)
                      1.135712    0.000000   11.191714 ^ _641_/D (gf180mcu_fd_sc_mcu7t5v0__dffq_1)
                                             11.191714   data arrival time

                      0.150000   20.000000   20.000000   clock clk (rise edge)
                                  0.000000   20.000000   clock network delay (ideal)
                                 -0.250000   19.750002   clock uncertainty
                                  0.000000   19.750002   clock reconvergence pessimism
                                             19.750002 ^ _641_/CLK (gf180mcu_fd_sc_mcu7t5v0__dffq_1)
                                 -0.963703   18.786297   library setup time
                                             18.786297   data required time
---------------------------------------------------------------------------------------------
                                             18.786297   data required time
                                            -11.191714   data arrival time
---------------------------------------------------------------------------------------------
                                              7.594583   slack (MET)


Startpoint: rst_n (input port clocked by clk)
Endpoint: _650_ (rising edge-triggered flip-flop clocked by clk)
Path Group: clk
Path Type: max

Fanout         Cap        Slew       Delay        Time   Description
---------------------------------------------------------------------------------------------
                      0.150000    0.000000    0.000000   clock clk (rise edge)
                                  0.000000    0.000000   clock network delay (ideal)
                                  4.000000    4.000000 ^ input external delay
    19    0.085132    3.858744    2.214944    6.214944 ^ rst_n (in)
                                                         rst_n (net)
                      3.858744    0.000000    6.214944 ^ _323_/I (gf180mcu_fd_sc_mcu7t5v0__clkinv_1)
    26    0.103785    4.079278    3.587713    9.802657 v _323_/ZN (gf180mcu_fd_sc_mcu7t5v0__clkinv_1)
                                                         _308_ (net)
                      4.079278    0.000000    9.802657 v _604_/A2 (gf180mcu_fd_sc_mcu7t5v0__nor2_1)
     1    0.002342    0.984911    1.124187   10.926844 ^ _604_/ZN (gf180mcu_fd_sc_mcu7t5v0__nor2_1)
                                                         _034_ (net)
                      0.984911    0.000000   10.926844 ^ _650_/D (gf180mcu_fd_sc_mcu7t5v0__dffq_1)
                                             10.926844   data arrival time

                      0.150000   20.000000   20.000000   clock clk (rise edge)
                                  0.000000   20.000000   clock network delay (ideal)
                                 -0.250000   19.750002   clock uncertainty
                                  0.000000   19.750002   clock reconvergence pessimism
                                             19.750002 ^ _650_/CLK (gf180mcu_fd_sc_mcu7t5v0__dffq_1)
                                 -0.941152   18.808849   library setup time
                                             18.808849   data required time
---------------------------------------------------------------------------------------------
                                             18.808849   data required time
                                            -10.926844   data arrival time
---------------------------------------------------------------------------------------------
                                              7.882006   slack (MET)


Startpoint: _650_ (rising edge-triggered flip-flop clocked by clk)
Endpoint: _657_ (rising edge-triggered flip-flop clocked by clk)
Path Group: clk
Path Type: max

Fanout         Cap        Slew       Delay        Time   Description
---------------------------------------------------------------------------------------------
                      0.150000    0.000000    0.000000   clock clk (rise edge)
                                  0.000000    0.000000   clock network delay (ideal)
                      0.150000    0.000000    0.000000 ^ _650_/CLK (gf180mcu_fd_sc_mcu7t5v0__dffq_1)
     6    0.025819    1.281715    2.816883    2.816883 ^ _650_/Q (gf180mcu_fd_sc_mcu7t5v0__dffq_1)
                                                         u_r2r_dac_digital.presc[0] (net)
                      1.281715    0.000000    2.816883 ^ _325_/A2 (gf180mcu_fd_sc_mcu7t5v0__and4_1)
     7    0.029368    1.583845    2.385159    5.202043 ^ _325_/Z (gf180mcu_fd_sc_mcu7t5v0__and4_1)
                                                         _041_ (net)
                      1.583845    0.000000    5.202043 ^ _328_/A4 (gf180mcu_fd_sc_mcu7t5v0__nand4_1)
     4    0.018831    1.754578    1.336539    6.538581 v _328_/ZN (gf180mcu_fd_sc_mcu7t5v0__nand4_1)
                                                         _044_ (net)
                      1.754578    0.000000    6.538581 v _548_/A2 (gf180mcu_fd_sc_mcu7t5v0__oai21_1)
     1    0.003940    0.942676    0.942929    7.481511 ^ _548_/ZN (gf180mcu_fd_sc_mcu7t5v0__oai21_1)
                                                         _248_ (net)
                      0.942676    0.000000    7.481511 ^ _549_/B (gf180mcu_fd_sc_mcu7t5v0__aoi21_1)
     1    0.002342    0.543479    0.532692    8.014203 v _549_/ZN (gf180mcu_fd_sc_mcu7t5v0__aoi21_1)
                                                         _008_ (net)
                      0.543479    0.000000    8.014203 v _657_/D (gf180mcu_fd_sc_mcu7t5v0__dffq_1)
                                              8.014203   data arrival time

                      0.150000   20.000000   20.000000   clock clk (rise edge)
                                  0.000000   20.000000   clock network delay (ideal)
                                 -0.250000   19.750002   clock uncertainty
                                  0.000000   19.750002   clock reconvergence pessimism
                                             19.750002 ^ _657_/CLK (gf180mcu_fd_sc_mcu7t5v0__dffq_1)
                                 -0.950679   18.799322   library setup time
                                             18.799322   data required time
---------------------------------------------------------------------------------------------
                                             18.799322   data required time
                                             -8.014203   data arrival time
---------------------------------------------------------------------------------------------
                                             10.785119   slack (MET)


Startpoint: _650_ (rising edge-triggered flip-flop clocked by clk)
Endpoint: _656_ (rising edge-triggered flip-flop clocked by clk)
Path Group: clk
Path Type: max

Fanout         Cap        Slew       Delay        Time   Description
---------------------------------------------------------------------------------------------
                      0.150000    0.000000    0.000000   clock clk (rise edge)
                                  0.000000    0.000000   clock network delay (ideal)
                      0.150000    0.000000    0.000000 ^ _650_/CLK (gf180mcu_fd_sc_mcu7t5v0__dffq_1)
     6    0.025819    1.281715    2.816883    2.816883 ^ _650_/Q (gf180mcu_fd_sc_mcu7t5v0__dffq_1)
                                                         u_r2r_dac_digital.presc[0] (net)
                      1.281715    0.000000    2.816883 ^ _325_/A2 (gf180mcu_fd_sc_mcu7t5v0__and4_1)
     7    0.029368    1.583845    2.385159    5.202043 ^ _325_/Z (gf180mcu_fd_sc_mcu7t5v0__and4_1)
                                                         _041_ (net)
                      1.583845    0.000000    5.202043 ^ _328_/A4 (gf180mcu_fd_sc_mcu7t5v0__nand4_1)
     4    0.018831    1.754578    1.336539    6.538581 v _328_/ZN (gf180mcu_fd_sc_mcu7t5v0__nand4_1)
                                                         _044_ (net)
                      1.754578    0.000000    6.538581 v _546_/A2 (gf180mcu_fd_sc_mcu7t5v0__nand2_1)
     1    0.003940    0.683730    0.843634    7.382215 ^ _546_/ZN (gf180mcu_fd_sc_mcu7t5v0__nand2_1)
                                                         _247_ (net)
                      0.683730    0.000000    7.382215 ^ _547_/B (gf180mcu_fd_sc_mcu7t5v0__aoi21_1)
     1    0.002342    0.472050    0.477791    7.860006 v _547_/ZN (gf180mcu_fd_sc_mcu7t5v0__aoi21_1)
                                                         _007_ (net)
                      0.472050    0.000000    7.860006 v _656_/D (gf180mcu_fd_sc_mcu7t5v0__dffq_1)
                                              7.860006   data arrival time

                      0.150000   20.000000   20.000000   clock clk (rise edge)
                                  0.000000   20.000000   clock network delay (ideal)
                                 -0.250000   19.750002   clock uncertainty
                                  0.000000   19.750002   clock reconvergence pessimism
                                             19.750002 ^ _656_/CLK (gf180mcu_fd_sc_mcu7t5v0__dffq_1)
                                 -0.930100   18.819901   library setup time
                                             18.819901   data required time
---------------------------------------------------------------------------------------------
                                             18.819901   data required time
                                             -7.860006   data arrival time
---------------------------------------------------------------------------------------------
                                             10.959894   slack (MET)


Startpoint: rst_n (input port clocked by clk)
Endpoint: _651_ (rising edge-triggered flip-flop clocked by clk)
Path Group: clk
Path Type: max

Fanout         Cap        Slew       Delay        Time   Description
---------------------------------------------------------------------------------------------
                      0.150000    0.000000    0.000000   clock clk (rise edge)
                                  0.000000    0.000000   clock network delay (ideal)
                                  4.000000    4.000000 ^ input external delay
    19    0.085132    3.858744    2.214944    6.214944 ^ rst_n (in)
                                                         rst_n (net)
                      3.858744    0.000000    6.214944 ^ _605_/B (gf180mcu_fd_sc_mcu7t5v0__oai21_1)
     1    0.003940    0.897092    0.629464    6.844409 v _605_/ZN (gf180mcu_fd_sc_mcu7t5v0__oai21_1)
                                                         _286_ (net)
                      0.897092    0.000000    6.844409 v _606_/B (gf180mcu_fd_sc_mcu7t5v0__aoi21_1)
     1    0.002342    0.773138    0.874759    7.719167 ^ _606_/ZN (gf180mcu_fd_sc_mcu7t5v0__aoi21_1)
                                                         _035_ (net)
                      0.773138    0.000000    7.719167 ^ _651_/D (gf180mcu_fd_sc_mcu7t5v0__dffq_1)
                                              7.719167   data arrival time

                      0.150000   20.000000   20.000000   clock clk (rise edge)
                                  0.000000   20.000000   clock network delay (ideal)
                                 -0.250000   19.750002   clock uncertainty
                                  0.000000   19.750002   clock reconvergence pessimism
                                             19.750002 ^ _651_/CLK (gf180mcu_fd_sc_mcu7t5v0__dffq_1)
                                 -0.909483   18.840519   library setup time
                                             18.840519   data required time
---------------------------------------------------------------------------------------------
                                             18.840519   data required time
                                             -7.719167   data arrival time
---------------------------------------------------------------------------------------------
                                             11.121352   slack (MET)


Startpoint: rst_n (input port clocked by clk)
Endpoint: _654_ (rising edge-triggered flip-flop clocked by clk)
Path Group: clk
Path Type: max

Fanout         Cap        Slew       Delay        Time   Description
---------------------------------------------------------------------------------------------
                      0.150000    0.000000    0.000000   clock clk (rise edge)
                                  0.000000    0.000000   clock network delay (ideal)
                                  4.000000    4.000000 ^ input external delay
    19    0.085132    3.858744    2.214944    6.214944 ^ rst_n (in)
                                                         rst_n (net)
                      3.858744    0.000000    6.214944 ^ _613_/B (gf180mcu_fd_sc_mcu7t5v0__oai21_1)
     1    0.003940    0.897092    0.629464    6.844409 v _613_/ZN (gf180mcu_fd_sc_mcu7t5v0__oai21_1)
                                                         _291_ (net)
                      0.897092    0.000000    6.844409 v _614_/B (gf180mcu_fd_sc_mcu7t5v0__aoi21_1)
     1    0.002342    0.773138    0.874759    7.719167 ^ _614_/ZN (gf180mcu_fd_sc_mcu7t5v0__aoi21_1)
                                                         _038_ (net)
                      0.773138    0.000000    7.719167 ^ _654_/D (gf180mcu_fd_sc_mcu7t5v0__dffq_1)
                                              7.719167   data arrival time

                      0.150000   20.000000   20.000000   clock clk (rise edge)
                                  0.000000   20.000000   clock network delay (ideal)
                                 -0.250000   19.750002   clock uncertainty
                                  0.000000   19.750002   clock reconvergence pessimism
                                             19.750002 ^ _654_/CLK (gf180mcu_fd_sc_mcu7t5v0__dffq_1)
                                 -0.909483   18.840519   library setup time
                                             18.840519   data required time
---------------------------------------------------------------------------------------------
                                             18.840519   data required time
                                             -7.719167   data arrival time
---------------------------------------------------------------------------------------------
                                             11.121352   slack (MET)


Startpoint: rst_n (input port clocked by clk)
Endpoint: _652_ (rising edge-triggered flip-flop clocked by clk)
Path Group: clk
Path Type: max

Fanout         Cap        Slew       Delay        Time   Description
---------------------------------------------------------------------------------------------
                      0.150000    0.000000    0.000000   clock clk (rise edge)
                                  0.000000    0.000000   clock network delay (ideal)
                                  4.000000    4.000000 ^ input external delay
    19    0.085132    3.858744    2.214944    6.214944 ^ rst_n (in)
                                                         rst_n (net)
                      3.858744    0.000000    6.214944 ^ _608_/A1 (gf180mcu_fd_sc_mcu7t5v0__nand2_1)
     1    0.004195    0.876988    0.467966    6.682910 v _608_/ZN (gf180mcu_fd_sc_mcu7t5v0__nand2_1)
                                                         _288_ (net)
                      0.876988    0.000000    6.682910 v _609_/A2 (gf180mcu_fd_sc_mcu7t5v0__nor2_1)
     1    0.002342    0.605947    0.627566    7.310477 ^ _609_/ZN (gf180mcu_fd_sc_mcu7t5v0__nor2_1)
                                                         _036_ (net)
                      0.605947    0.000000    7.310477 ^ _652_/D (gf180mcu_fd_sc_mcu7t5v0__dffq_1)
                                              7.310477   data arrival time

                      0.150000   20.000000   20.000000   clock clk (rise edge)
                                  0.000000   20.000000   clock network delay (ideal)
                                 -0.250000   19.750002   clock uncertainty
                                  0.000000   19.750002   clock reconvergence pessimism
                                             19.750002 ^ _652_/CLK (gf180mcu_fd_sc_mcu7t5v0__dffq_1)
                                 -0.884480   18.865520   library setup time
                                             18.865520   data required time
---------------------------------------------------------------------------------------------
                                             18.865520   data required time
                                             -7.310477   data arrival time
---------------------------------------------------------------------------------------------
                                             11.555044   slack (MET)


Startpoint: rst_n (input port clocked by clk)
Endpoint: _655_ (rising edge-triggered flip-flop clocked by clk)
Path Group: clk
Path Type: max

Fanout         Cap        Slew       Delay        Time   Description
---------------------------------------------------------------------------------------------
                      0.150000    0.000000    0.000000   clock clk (rise edge)
                                  0.000000    0.000000   clock network delay (ideal)
                                  4.000000    4.000000 ^ input external delay
    19    0.085132    3.858744    2.214944    6.214944 ^ rst_n (in)
                                                         rst_n (net)
                      3.858744    0.000000    6.214944 ^ _616_/A1 (gf180mcu_fd_sc_mcu7t5v0__nand2_1)
     1    0.004195    0.876988    0.467966    6.682910 v _616_/ZN (gf180mcu_fd_sc_mcu7t5v0__nand2_1)
                                                         _293_ (net)
                      0.876988    0.000000    6.682910 v _617_/A2 (gf180mcu_fd_sc_mcu7t5v0__nor2_1)
     1    0.002342    0.605947    0.627566    7.310477 ^ _617_/ZN (gf180mcu_fd_sc_mcu7t5v0__nor2_1)
                                                         _039_ (net)
                      0.605947    0.000000    7.310477 ^ _655_/D (gf180mcu_fd_sc_mcu7t5v0__dffq_1)
                                              7.310477   data arrival time

                      0.150000   20.000000   20.000000   clock clk (rise edge)
                                  0.000000   20.000000   clock network delay (ideal)
                                 -0.250000   19.750002   clock uncertainty
                                  0.000000   19.750002   clock reconvergence pessimism
                                             19.750002 ^ _655_/CLK (gf180mcu_fd_sc_mcu7t5v0__dffq_1)
                                 -0.884480   18.865520   library setup time
                                             18.865520   data required time
---------------------------------------------------------------------------------------------
                                             18.865520   data required time
                                             -7.310477   data arrival time
---------------------------------------------------------------------------------------------
                                             11.555044   slack (MET)


Startpoint: _626_ (rising edge-triggered flip-flop clocked by clk)
Endpoint: uo_out[0] (output port clocked by clk)
Path Group: clk
Path Type: max

Fanout         Cap        Slew       Delay        Time   Description
---------------------------------------------------------------------------------------------
                      0.150000    0.000000    0.000000   clock clk (rise edge)
                                  0.000000    0.000000   clock network delay (ideal)
                      0.150000    0.000000    0.000000 ^ _626_/CLK (gf180mcu_fd_sc_mcu7t5v0__dffq_1)
     2    0.072910    3.329531    4.042511    4.042511 ^ _626_/Q (gf180mcu_fd_sc_mcu7t5v0__dffq_1)
                                                         uo_out[0] (net)
                      3.329531    0.000000    4.042511 ^ uo_out[0] (out)
                                              4.042511   data arrival time

                      0.150000   20.000000   20.000000   clock clk (rise edge)
                                  0.000000   20.000000   clock network delay (ideal)
                                 -0.250000   19.750002   clock uncertainty
                                  0.000000   19.750002   clock reconvergence pessimism
                                 -4.000000   15.750001   output external delay
                                             15.750001   data required time
---------------------------------------------------------------------------------------------
                                             15.750001   data required time
                                             -4.042511   data arrival time
---------------------------------------------------------------------------------------------
                                             11.707490   slack (MET)


Startpoint: _627_ (rising edge-triggered flip-flop clocked by clk)
Endpoint: uo_out[1] (output port clocked by clk)
Path Group: clk
Path Type: max

Fanout         Cap        Slew       Delay        Time   Description
---------------------------------------------------------------------------------------------
                      0.150000    0.000000    0.000000   clock clk (rise edge)
                                  0.000000    0.000000   clock network delay (ideal)
                      0.150000    0.000000    0.000000 ^ _627_/CLK (gf180mcu_fd_sc_mcu7t5v0__dffq_1)
     2    0.072910    3.329531    4.042511    4.042511 ^ _627_/Q (gf180mcu_fd_sc_mcu7t5v0__dffq_1)
                                                         uo_out[1] (net)
                      3.329531    0.000000    4.042511 ^ uo_out[1] (out)
                                              4.042511   data arrival time

                      0.150000   20.000000   20.000000   clock clk (rise edge)
                                  0.000000   20.000000   clock network delay (ideal)
                                 -0.250000   19.750002   clock uncertainty
                                  0.000000   19.750002   clock reconvergence pessimism
                                 -4.000000   15.750001   output external delay
                                             15.750001   data required time
---------------------------------------------------------------------------------------------
                                             15.750001   data required time
                                             -4.042511   data arrival time
---------------------------------------------------------------------------------------------
                                             11.707490   slack (MET)


Startpoint: _628_ (rising edge-triggered flip-flop clocked by clk)
Endpoint: uo_out[2] (output port clocked by clk)
Path Group: clk
Path Type: max

Fanout         Cap        Slew       Delay        Time   Description
---------------------------------------------------------------------------------------------
                      0.150000    0.000000    0.000000   clock clk (rise edge)
                                  0.000000    0.000000   clock network delay (ideal)
                      0.150000    0.000000    0.000000 ^ _628_/CLK (gf180mcu_fd_sc_mcu7t5v0__dffq_1)
     2    0.072910    3.329531    4.042511    4.042511 ^ _628_/Q (gf180mcu_fd_sc_mcu7t5v0__dffq_1)
                                                         uo_out[2] (net)
                      3.329531    0.000000    4.042511 ^ uo_out[2] (out)
                                              4.042511   data arrival time

                      0.150000   20.000000   20.000000   clock clk (rise edge)
                                  0.000000   20.000000   clock network delay (ideal)
                                 -0.250000   19.750002   clock uncertainty
                                  0.000000   19.750002   clock reconvergence pessimism
                                 -4.000000   15.750001   output external delay
                                             15.750001   data required time
---------------------------------------------------------------------------------------------
                                             15.750001   data required time
                                             -4.042511   data arrival time
---------------------------------------------------------------------------------------------
                                             11.707490   slack (MET)


Startpoint: _629_ (rising edge-triggered flip-flop clocked by clk)
Endpoint: uo_out[3] (output port clocked by clk)
Path Group: clk
Path Type: max

Fanout         Cap        Slew       Delay        Time   Description
---------------------------------------------------------------------------------------------
                      0.150000    0.000000    0.000000   clock clk (rise edge)
                                  0.000000    0.000000   clock network delay (ideal)
                      0.150000    0.000000    0.000000 ^ _629_/CLK (gf180mcu_fd_sc_mcu7t5v0__dffq_1)
     2    0.072910    3.329531    4.042511    4.042511 ^ _629_/Q (gf180mcu_fd_sc_mcu7t5v0__dffq_1)
                                                         uo_out[3] (net)
                      3.329531    0.000000    4.042511 ^ uo_out[3] (out)
                                              4.042511   data arrival time

                      0.150000   20.000000   20.000000   clock clk (rise edge)
                                  0.000000   20.000000   clock network delay (ideal)
                                 -0.250000   19.750002   clock uncertainty
                                  0.000000   19.750002   clock reconvergence pessimism
                                 -4.000000   15.750001   output external delay
                                             15.750001   data required time
---------------------------------------------------------------------------------------------
                                             15.750001   data required time
                                             -4.042511   data arrival time
---------------------------------------------------------------------------------------------
                                             11.707490   slack (MET)


Startpoint: _630_ (rising edge-triggered flip-flop clocked by clk)
Endpoint: uo_out[4] (output port clocked by clk)
Path Group: clk
Path Type: max

Fanout         Cap        Slew       Delay        Time   Description
---------------------------------------------------------------------------------------------
                      0.150000    0.000000    0.000000   clock clk (rise edge)
                                  0.000000    0.000000   clock network delay (ideal)
                      0.150000    0.000000    0.000000 ^ _630_/CLK (gf180mcu_fd_sc_mcu7t5v0__dffq_1)
     2    0.072910    3.329531    4.042511    4.042511 ^ _630_/Q (gf180mcu_fd_sc_mcu7t5v0__dffq_1)
                                                         uo_out[4] (net)
                      3.329531    0.000000    4.042511 ^ uo_out[4] (out)
                                              4.042511   data arrival time

                      0.150000   20.000000   20.000000   clock clk (rise edge)
                                  0.000000   20.000000   clock network delay (ideal)
                                 -0.250000   19.750002   clock uncertainty
                                  0.000000   19.750002   clock reconvergence pessimism
                                 -4.000000   15.750001   output external delay
                                             15.750001   data required time
---------------------------------------------------------------------------------------------
                                             15.750001   data required time
                                             -4.042511   data arrival time
---------------------------------------------------------------------------------------------
                                             11.707490   slack (MET)


Startpoint: _631_ (rising edge-triggered flip-flop clocked by clk)
Endpoint: uo_out[5] (output port clocked by clk)
Path Group: clk
Path Type: max

Fanout         Cap        Slew       Delay        Time   Description
---------------------------------------------------------------------------------------------
                      0.150000    0.000000    0.000000   clock clk (rise edge)
                                  0.000000    0.000000   clock network delay (ideal)
                      0.150000    0.000000    0.000000 ^ _631_/CLK (gf180mcu_fd_sc_mcu7t5v0__dffq_1)
     2    0.072910    3.329531    4.042511    4.042511 ^ _631_/Q (gf180mcu_fd_sc_mcu7t5v0__dffq_1)
                                                         uo_out[5] (net)
                      3.329531    0.000000    4.042511 ^ uo_out[5] (out)
                                              4.042511   data arrival time

                      0.150000   20.000000   20.000000   clock clk (rise edge)
                                  0.000000   20.000000   clock network delay (ideal)
                                 -0.250000   19.750002   clock uncertainty
                                  0.000000   19.750002   clock reconvergence pessimism
                                 -4.000000   15.750001   output external delay
                                             15.750001   data required time
---------------------------------------------------------------------------------------------
                                             15.750001   data required time
                                             -4.042511   data arrival time
---------------------------------------------------------------------------------------------
                                             11.707490   slack (MET)


Startpoint: _632_ (rising edge-triggered flip-flop clocked by clk)
Endpoint: uo_out[6] (output port clocked by clk)
Path Group: clk
Path Type: max

Fanout         Cap        Slew       Delay        Time   Description
---------------------------------------------------------------------------------------------
                      0.150000    0.000000    0.000000   clock clk (rise edge)
                                  0.000000    0.000000   clock network delay (ideal)
                      0.150000    0.000000    0.000000 ^ _632_/CLK (gf180mcu_fd_sc_mcu7t5v0__dffq_1)
     2    0.072910    3.329531    4.042511    4.042511 ^ _632_/Q (gf180mcu_fd_sc_mcu7t5v0__dffq_1)
                                                         uo_out[6] (net)
                      3.329531    0.000000    4.042511 ^ uo_out[6] (out)
                                              4.042511   data arrival time

                      0.150000   20.000000   20.000000   clock clk (rise edge)
                                  0.000000   20.000000   clock network delay (ideal)
                                 -0.250000   19.750002   clock uncertainty
                                  0.000000   19.750002   clock reconvergence pessimism
                                 -4.000000   15.750001   output external delay
                                             15.750001   data required time
---------------------------------------------------------------------------------------------
                                             15.750001   data required time
                                             -4.042511   data arrival time
---------------------------------------------------------------------------------------------
                                             11.707490   slack (MET)


Startpoint: _633_ (rising edge-triggered flip-flop clocked by clk)
Endpoint: uo_out[7] (output port clocked by clk)
Path Group: clk
Path Type: max

Fanout         Cap        Slew       Delay        Time   Description
---------------------------------------------------------------------------------------------
                      0.150000    0.000000    0.000000   clock clk (rise edge)
                                  0.000000    0.000000   clock network delay (ideal)
                      0.150000    0.000000    0.000000 ^ _633_/CLK (gf180mcu_fd_sc_mcu7t5v0__dffq_1)
     2    0.072910    3.329531    4.042511    4.042511 ^ _633_/Q (gf180mcu_fd_sc_mcu7t5v0__dffq_1)
                                                         uo_out[7] (net)
                      3.329531    0.000000    4.042511 ^ uo_out[7] (out)
                                              4.042511   data arrival time

                      0.150000   20.000000   20.000000   clock clk (rise edge)
                                  0.000000   20.000000   clock network delay (ideal)
                                 -0.250000   19.750002   clock uncertainty
                                  0.000000   19.750002   clock reconvergence pessimism
                                 -4.000000   15.750001   output external delay
                                             15.750001   data required time
---------------------------------------------------------------------------------------------
                                             15.750001   data required time
                                             -4.042511   data arrival time
---------------------------------------------------------------------------------------------
                                             11.707490   slack (MET)



%OL_END_REPORT
%OL_CREATE_REPORT checks.rpt

===========================================================================
report_checks -unconstrained
===========================================================================
======================= nom_ss_125C_3v00 Corner ===================================

Startpoint: _650_ (rising edge-triggered flip-flop clocked by clk)
Endpoint: _619_ (rising edge-triggered flip-flop clocked by clk)
Path Group: clk
Path Type: max

Fanout         Cap        Slew       Delay        Time   Description
---------------------------------------------------------------------------------------------
                      0.150000    0.000000    0.000000   clock clk (rise edge)
                                  0.000000    0.000000   clock network delay (ideal)
                      0.150000    0.000000    0.000000 ^ _650_/CLK (gf180mcu_fd_sc_mcu7t5v0__dffq_1)
     6    0.025819    1.281715    2.816883    2.816883 ^ _650_/Q (gf180mcu_fd_sc_mcu7t5v0__dffq_1)
                                                         u_r2r_dac_digital.presc[0] (net)
                      1.281715    0.000000    2.816883 ^ _325_/A2 (gf180mcu_fd_sc_mcu7t5v0__and4_1)
     7    0.029368    1.583845    2.385159    5.202043 ^ _325_/Z (gf180mcu_fd_sc_mcu7t5v0__and4_1)
                                                         _041_ (net)
                      1.583845    0.000000    5.202043 ^ _327_/A4 (gf180mcu_fd_sc_mcu7t5v0__and4_1)
     1    0.004707    0.565270    1.592268    6.794311 ^ _327_/Z (gf180mcu_fd_sc_mcu7t5v0__and4_1)
                                                         _043_ (net)
                      0.565270    0.000000    6.794311 ^ _329_/A2 (gf180mcu_fd_sc_mcu7t5v0__aoi21_1)
    12    0.061164    2.468233    1.691277    8.485587 v _329_/ZN (gf180mcu_fd_sc_mcu7t5v0__aoi21_1)
                                                         _045_ (net)
                      2.468233    0.000000    8.485587 v _358_/A1 (gf180mcu_fd_sc_mcu7t5v0__oai21_1)
     2    0.007039    1.302294    1.414771    9.900359 ^ _358_/ZN (gf180mcu_fd_sc_mcu7t5v0__oai21_1)
                                                         _070_ (net)
                      1.302294    0.000000    9.900359 ^ _359_/A3 (gf180mcu_fd_sc_mcu7t5v0__nand3_1)
    23    0.106438    5.990433    3.908644   13.809003 v _359_/ZN (gf180mcu_fd_sc_mcu7t5v0__nand3_1)
                                                         _071_ (net)
                      5.990433    0.000000   13.809003 v _360_/I (gf180mcu_fd_sc_mcu7t5v0__clkinv_1)
    23    0.097642    4.786871    4.838465   18.647469 ^ _360_/ZN (gf180mcu_fd_sc_mcu7t5v0__clkinv_1)
                                                         _029_ (net)
                      4.786871    0.000000   18.647469 ^ _437_/B (gf180mcu_fd_sc_mcu7t5v0__aoi21_1)
     2    0.008195    1.551892    1.107624   19.755093 v _437_/ZN (gf180mcu_fd_sc_mcu7t5v0__aoi21_1)
                                                         _144_ (net)
                      1.551892    0.000000   19.755093 v _441_/B (gf180mcu_fd_sc_mcu7t5v0__aoi211_1)
     1    0.003975    1.782840    1.531943   21.287035 ^ _441_/ZN (gf180mcu_fd_sc_mcu7t5v0__aoi211_1)
                                                         _148_ (net)
                      1.782840    0.000000   21.287035 ^ _445_/B (gf180mcu_fd_sc_mcu7t5v0__aoi211_1)
     1    0.004496    1.079036    0.809465   22.096500 v _445_/ZN (gf180mcu_fd_sc_mcu7t5v0__aoi211_1)
                                                         _152_ (net)
                      1.079036    0.000000   22.096500 v _457_/A2 (gf180mcu_fd_sc_mcu7t5v0__oai32_1)
     2    0.009186    2.858640    2.210827   24.307327 ^ _457_/ZN (gf180mcu_fd_sc_mcu7t5v0__oai32_1)
                                                         _164_ (net)
                      2.858640    0.000000   24.307327 ^ _467_/A1 (gf180mcu_fd_sc_mcu7t5v0__oai21_1)
     1    0.004612    0.810083    0.507896   24.815222 v _467_/ZN (gf180mcu_fd_sc_mcu7t5v0__oai21_1)
                                                         _174_ (net)
                      0.810083    0.000000   24.815222 v _470_/B (gf180mcu_fd_sc_mcu7t5v0__oai31_1)
     1    0.002342    1.432189    0.771802   25.587025 ^ _470_/ZN (gf180mcu_fd_sc_mcu7t5v0__oai31_1)
                                                         _001_ (net)
                      1.432189    0.000000   25.587025 ^ _619_/D (gf180mcu_fd_sc_mcu7t5v0__dffq_1)
                                             25.587025   data arrival time

                      0.150000   20.000000   20.000000   clock clk (rise edge)
                                  0.000000   20.000000   clock network delay (ideal)
                                 -0.250000   19.750002   clock uncertainty
                                  0.000000   19.750002   clock reconvergence pessimism
                                             19.750002 ^ _619_/CLK (gf180mcu_fd_sc_mcu7t5v0__dffq_1)
                                 -0.989690   18.760311   library setup time
                                             18.760311   data required time
---------------------------------------------------------------------------------------------
                                             18.760311   data required time
                                            -25.587025   data arrival time
---------------------------------------------------------------------------------------------
                                             -6.826714   slack (VIOLATED)




===========================================================================
report_checks --slack_max -0.01
============================================================================
======================= nom_ss_125C_3v00 Corner ===================================

Startpoint: _650_ (rising edge-triggered flip-flop clocked by clk)
Endpoint: _619_ (rising edge-triggered flip-flop clocked by clk)
Path Group: clk
Path Type: max

Fanout         Cap        Slew       Delay        Time   Description
---------------------------------------------------------------------------------------------
                      0.150000    0.000000    0.000000   clock clk (rise edge)
                                  0.000000    0.000000   clock network delay (ideal)
                      0.150000    0.000000    0.000000 ^ _650_/CLK (gf180mcu_fd_sc_mcu7t5v0__dffq_1)
     6    0.025819    1.281715    2.816883    2.816883 ^ _650_/Q (gf180mcu_fd_sc_mcu7t5v0__dffq_1)
                                                         u_r2r_dac_digital.presc[0] (net)
                      1.281715    0.000000    2.816883 ^ _325_/A2 (gf180mcu_fd_sc_mcu7t5v0__and4_1)
     7    0.029368    1.583845    2.385159    5.202043 ^ _325_/Z (gf180mcu_fd_sc_mcu7t5v0__and4_1)
                                                         _041_ (net)
                      1.583845    0.000000    5.202043 ^ _327_/A4 (gf180mcu_fd_sc_mcu7t5v0__and4_1)
     1    0.004707    0.565270    1.592268    6.794311 ^ _327_/Z (gf180mcu_fd_sc_mcu7t5v0__and4_1)
                                                         _043_ (net)
                      0.565270    0.000000    6.794311 ^ _329_/A2 (gf180mcu_fd_sc_mcu7t5v0__aoi21_1)
    12    0.061164    2.468233    1.691277    8.485587 v _329_/ZN (gf180mcu_fd_sc_mcu7t5v0__aoi21_1)
                                                         _045_ (net)
                      2.468233    0.000000    8.485587 v _358_/A1 (gf180mcu_fd_sc_mcu7t5v0__oai21_1)
     2    0.007039    1.302294    1.414771    9.900359 ^ _358_/ZN (gf180mcu_fd_sc_mcu7t5v0__oai21_1)
                                                         _070_ (net)
                      1.302294    0.000000    9.900359 ^ _359_/A3 (gf180mcu_fd_sc_mcu7t5v0__nand3_1)
    23    0.106438    5.990433    3.908644   13.809003 v _359_/ZN (gf180mcu_fd_sc_mcu7t5v0__nand3_1)
                                                         _071_ (net)
                      5.990433    0.000000   13.809003 v _360_/I (gf180mcu_fd_sc_mcu7t5v0__clkinv_1)
    23    0.097642    4.786871    4.838465   18.647469 ^ _360_/ZN (gf180mcu_fd_sc_mcu7t5v0__clkinv_1)
                                                         _029_ (net)
                      4.786871    0.000000   18.647469 ^ _437_/B (gf180mcu_fd_sc_mcu7t5v0__aoi21_1)
     2    0.008195    1.551892    1.107624   19.755093 v _437_/ZN (gf180mcu_fd_sc_mcu7t5v0__aoi21_1)
                                                         _144_ (net)
                      1.551892    0.000000   19.755093 v _441_/B (gf180mcu_fd_sc_mcu7t5v0__aoi211_1)
     1    0.003975    1.782840    1.531943   21.287035 ^ _441_/ZN (gf180mcu_fd_sc_mcu7t5v0__aoi211_1)
                                                         _148_ (net)
                      1.782840    0.000000   21.287035 ^ _445_/B (gf180mcu_fd_sc_mcu7t5v0__aoi211_1)
     1    0.004496    1.079036    0.809465   22.096500 v _445_/ZN (gf180mcu_fd_sc_mcu7t5v0__aoi211_1)
                                                         _152_ (net)
                      1.079036    0.000000   22.096500 v _457_/A2 (gf180mcu_fd_sc_mcu7t5v0__oai32_1)
     2    0.009186    2.858640    2.210827   24.307327 ^ _457_/ZN (gf180mcu_fd_sc_mcu7t5v0__oai32_1)
                                                         _164_ (net)
                      2.858640    0.000000   24.307327 ^ _467_/A1 (gf180mcu_fd_sc_mcu7t5v0__oai21_1)
     1    0.004612    0.810083    0.507896   24.815222 v _467_/ZN (gf180mcu_fd_sc_mcu7t5v0__oai21_1)
                                                         _174_ (net)
                      0.810083    0.000000   24.815222 v _470_/B (gf180mcu_fd_sc_mcu7t5v0__oai31_1)
     1    0.002342    1.432189    0.771802   25.587025 ^ _470_/ZN (gf180mcu_fd_sc_mcu7t5v0__oai31_1)
                                                         _001_ (net)
                      1.432189    0.000000   25.587025 ^ _619_/D (gf180mcu_fd_sc_mcu7t5v0__dffq_1)
                                             25.587025   data arrival time

                      0.150000   20.000000   20.000000   clock clk (rise edge)
                                  0.000000   20.000000   clock network delay (ideal)
                                 -0.250000   19.750002   clock uncertainty
                                  0.000000   19.750002   clock reconvergence pessimism
                                             19.750002 ^ _619_/CLK (gf180mcu_fd_sc_mcu7t5v0__dffq_1)
                                 -0.989690   18.760311   library setup time
                                             18.760311   data required time
---------------------------------------------------------------------------------------------
                                             18.760311   data required time
                                            -25.587025   data arrival time
---------------------------------------------------------------------------------------------
                                             -6.826714   slack (VIOLATED)




===========================================================================
 report_check_types -max_slew -max_cap -max_fanout -violators
============================================================================
======================= nom_ss_125C_3v00 Corner ===================================

max slew

Pin                                        Limit        Slew       Slack
------------------------------------------------------------------------
_378_/ZN                                3.000000    7.215561   -4.215561 (VIOLATED)
_402_/A2                                3.000000    7.215561   -4.215561 (VIOLATED)
_422_/A1                                3.000000    7.215561   -4.215561 (VIOLATED)
_436_/A1                                3.000000    7.215561   -4.215561 (VIOLATED)
_437_/A1                                3.000000    7.215561   -4.215561 (VIOLATED)
_439_/A2                                3.000000    7.215561   -4.215561 (VIOLATED)
_447_/A1                                3.000000    7.215561   -4.215561 (VIOLATED)
_458_/A1                                3.000000    7.215561   -4.215561 (VIOLATED)
_490_/A2                                3.000000    7.215561   -4.215561 (VIOLATED)
_554_/ZN                                3.000000    6.669615   -3.669615 (VIOLATED)
_556_/A2                                3.000000    6.669615   -3.669615 (VIOLATED)
_558_/B1                                3.000000    6.669615   -3.669615 (VIOLATED)
_560_/A2                                3.000000    6.669615   -3.669615 (VIOLATED)
_562_/B1                                3.000000    6.669615   -3.669615 (VIOLATED)
_565_/A2                                3.000000    6.669615   -3.669615 (VIOLATED)
_566_/B1                                3.000000    6.669615   -3.669615 (VIOLATED)
_568_/A2                                3.000000    6.669615   -3.669615 (VIOLATED)
_570_/B1                                3.000000    6.669615   -3.669615 (VIOLATED)
_572_/A2                                3.000000    6.669615   -3.669615 (VIOLATED)
_574_/B1                                3.000000    6.669615   -3.669615 (VIOLATED)
_576_/A2                                3.000000    6.669615   -3.669615 (VIOLATED)
_578_/B1                                3.000000    6.669615   -3.669615 (VIOLATED)
_580_/A2                                3.000000    6.669615   -3.669615 (VIOLATED)
_582_/B1                                3.000000    6.669615   -3.669615 (VIOLATED)
_584_/A2                                3.000000    6.669615   -3.669615 (VIOLATED)
_586_/B1                                3.000000    6.669615   -3.669615 (VIOLATED)
_359_/ZN                                3.000000    6.279746   -3.279746 (VIOLATED)
_360_/I                                 3.000000    6.279746   -3.279746 (VIOLATED)
_381_/A2                                3.000000    6.279746   -3.279746 (VIOLATED)
_392_/A1                                3.000000    6.279746   -3.279746 (VIOLATED)
_395_/A1                                3.000000    6.279746   -3.279746 (VIOLATED)
_401_/A1                                3.000000    6.279746   -3.279746 (VIOLATED)
_402_/A1                                3.000000    6.279746   -3.279746 (VIOLATED)
_408_/A1                                3.000000    6.279746   -3.279746 (VIOLATED)
_422_/B                                 3.000000    6.279746   -3.279746 (VIOLATED)
_425_/A2                                3.000000    6.279746   -3.279746 (VIOLATED)
_438_/B                                 3.000000    6.279746   -3.279746 (VIOLATED)
_446_/B                                 3.000000    6.279746   -3.279746 (VIOLATED)
_450_/A1                                3.000000    6.279746   -3.279746 (VIOLATED)
_454_/A1                                3.000000    6.279746   -3.279746 (VIOLATED)
_460_/A1                                3.000000    6.279746   -3.279746 (VIOLATED)
_462_/A1                                3.000000    6.279746   -3.279746 (VIOLATED)
_464_/C                                 3.000000    6.279746   -3.279746 (VIOLATED)
_488_/A1                                3.000000    6.279746   -3.279746 (VIOLATED)
_491_/A1                                3.000000    6.279746   -3.279746 (VIOLATED)
_494_/B                                 3.000000    6.279746   -3.279746 (VIOLATED)
_495_/A1                                3.000000    6.279746   -3.279746 (VIOLATED)
_506_/B                                 3.000000    6.279746   -3.279746 (VIOLATED)
_507_/A1                                3.000000    6.279746   -3.279746 (VIOLATED)
_521_/A1                                3.000000    6.279746   -3.279746 (VIOLATED)
_329_/ZN                                3.000000    5.864199   -2.864199 (VIOLATED)
_333_/A1                                3.000000    5.864199   -2.864199 (VIOLATED)
_336_/A1                                3.000000    5.864199   -2.864199 (VIOLATED)
_339_/A3                                3.000000    5.864199   -2.864199 (VIOLATED)
_355_/A2                                3.000000    5.864199   -2.864199 (VIOLATED)
_358_/A1                                3.000000    5.864199   -2.864199 (VIOLATED)
_364_/A2                                3.000000    5.864199   -2.864199 (VIOLATED)
_366_/A1                                3.000000    5.864199   -2.864199 (VIOLATED)
_368_/A2                                3.000000    5.864199   -2.864199 (VIOLATED)
_369_/A2                                3.000000    5.864199   -2.864199 (VIOLATED)
_370_/A2                                3.000000    5.864199   -2.864199 (VIOLATED)
_383_/A1                                3.000000    5.864199   -2.864199 (VIOLATED)
_385_/A1                                3.000000    5.864199   -2.864199 (VIOLATED)
_403_/ZN                                3.000000    5.311047   -2.311047 (VIOLATED)
_405_/A2                                3.000000    5.311047   -2.311047 (VIOLATED)
_411_/A2                                3.000000    5.311047   -2.311047 (VIOLATED)
_443_/A4                                3.000000    5.311047   -2.311047 (VIOLATED)
_454_/C                                 3.000000    5.311047   -2.311047 (VIOLATED)
_471_/A2                                3.000000    5.311047   -2.311047 (VIOLATED)
_474_/A3                                3.000000    5.311047   -2.311047 (VIOLATED)
_356_/ZN                                3.000000    4.846762   -1.846762 (VIOLATED)
_357_/I                                 3.000000    4.846762   -1.846762 (VIOLATED)
_405_/A1                                3.000000    4.846762   -1.846762 (VIOLATED)
_409_/B                                 3.000000    4.846762   -1.846762 (VIOLATED)
_416_/A2                                3.000000    4.846762   -1.846762 (VIOLATED)
_424_/A1                                3.000000    4.846762   -1.846762 (VIOLATED)
_425_/A1                                3.000000    4.846762   -1.846762 (VIOLATED)
_452_/A1                                3.000000    4.846762   -1.846762 (VIOLATED)
_456_/A1                                3.000000    4.846762   -1.846762 (VIOLATED)
_465_/C                                 3.000000    4.846762   -1.846762 (VIOLATED)
_468_/C                                 3.000000    4.846762   -1.846762 (VIOLATED)
_471_/B                                 3.000000    4.846762   -1.846762 (VIOLATED)
_482_/A1                                3.000000    4.846762   -1.846762 (VIOLATED)
_488_/C                                 3.000000    4.846762   -1.846762 (VIOLATED)
_492_/A1                                3.000000    4.846762   -1.846762 (VIOLATED)
_501_/A1                                3.000000    4.846762   -1.846762 (VIOLATED)
_522_/A2                                3.000000    4.846762   -1.846762 (VIOLATED)
_524_/A1                                3.000000    4.846762   -1.846762 (VIOLATED)
_534_/A1                                3.000000    4.846762   -1.846762 (VIOLATED)
_360_/ZN                                3.000000    4.786871   -1.786872 (VIOLATED)
_389_/A1                                3.000000    4.786871   -1.786872 (VIOLATED)
_393_/A1                                3.000000    4.786871   -1.786872 (VIOLATED)
_397_/A1                                3.000000    4.786871   -1.786872 (VIOLATED)
_409_/A1                                3.000000    4.786871   -1.786872 (VIOLATED)
_412_/A1                                3.000000    4.786871   -1.786872 (VIOLATED)
_413_/B                                 3.000000    4.786871   -1.786872 (VIOLATED)
_414_/C                                 3.000000    4.786871   -1.786872 (VIOLATED)
_423_/B                                 3.000000    4.786871   -1.786872 (VIOLATED)
_437_/B                                 3.000000    4.786871   -1.786872 (VIOLATED)
_442_/A1                                3.000000    4.786871   -1.786872 (VIOLATED)
_443_/A1                                3.000000    4.786871   -1.786872 (VIOLATED)
_458_/B                                 3.000000    4.786871   -1.786872 (VIOLATED)
_459_/A1                                3.000000    4.786871   -1.786872 (VIOLATED)
_461_/A1                                3.000000    4.786871   -1.786872 (VIOLATED)
_468_/A1                                3.000000    4.786871   -1.786872 (VIOLATED)
_474_/B                                 3.000000    4.786871   -1.786872 (VIOLATED)
_487_/A1                                3.000000    4.786871   -1.786872 (VIOLATED)
_501_/A2                                3.000000    4.786871   -1.786872 (VIOLATED)
_516_/C                                 3.000000    4.786871   -1.786872 (VIOLATED)
_517_/A1                                3.000000    4.786871   -1.786872 (VIOLATED)
_524_/A2                                3.000000    4.786871   -1.786872 (VIOLATED)
_532_/A1                                3.000000    4.786871   -1.786872 (VIOLATED)
_645_/D                                 3.000000    4.786871   -1.786872 (VIOLATED)
_323_/ZN                                3.000000    4.658338   -1.658338 (VIOLATED)
_365_/B                                 3.000000    4.658338   -1.658338 (VIOLATED)
_368_/B                                 3.000000    4.658338   -1.658338 (VIOLATED)
_373_/A1                                3.000000    4.658338   -1.658338 (VIOLATED)
_377_/B2                                3.000000    4.658338   -1.658338 (VIOLATED)
_378_/A1                                3.000000    4.658338   -1.658338 (VIOLATED)
_384_/B                                 3.000000    4.658338   -1.658338 (VIOLATED)
_399_/C                                 3.000000    4.658338   -1.658338 (VIOLATED)
_403_/A1                                3.000000    4.658338   -1.658338 (VIOLATED)
_559_/B                                 3.000000    4.658338   -1.658338 (VIOLATED)
_563_/B                                 3.000000    4.658338   -1.658338 (VIOLATED)
_567_/B                                 3.000000    4.658338   -1.658338 (VIOLATED)
_571_/B                                 3.000000    4.658338   -1.658338 (VIOLATED)
_575_/B                                 3.000000    4.658338   -1.658338 (VIOLATED)
_579_/B                                 3.000000    4.658338   -1.658338 (VIOLATED)
_583_/B                                 3.000000    4.658338   -1.658338 (VIOLATED)
_587_/B                                 3.000000    4.658338   -1.658338 (VIOLATED)
_589_/B                                 3.000000    4.658338   -1.658338 (VIOLATED)
_591_/B                                 3.000000    4.658338   -1.658338 (VIOLATED)
_593_/B                                 3.000000    4.658338   -1.658338 (VIOLATED)
_595_/B                                 3.000000    4.658338   -1.658338 (VIOLATED)
_597_/B                                 3.000000    4.658338   -1.658338 (VIOLATED)
_599_/B                                 3.000000    4.658338   -1.658338 (VIOLATED)
_601_/B                                 3.000000    4.658338   -1.658338 (VIOLATED)
_603_/B                                 3.000000    4.658338   -1.658338 (VIOLATED)
_604_/A2                                3.000000    4.658338   -1.658338 (VIOLATED)
_611_/A1                                3.000000    4.658338   -1.658338 (VIOLATED)
_357_/ZN                                3.000000    4.535607   -1.535608 (VIOLATED)
_381_/A1                                3.000000    4.535607   -1.535608 (VIOLATED)
_389_/B                                 3.000000    4.535607   -1.535608 (VIOLATED)
_398_/B                                 3.000000    4.535607   -1.535608 (VIOLATED)
_441_/C                                 3.000000    4.535607   -1.535608 (VIOLATED)
_451_/B                                 3.000000    4.535607   -1.535608 (VIOLATED)
_463_/A1                                3.000000    4.535607   -1.535608 (VIOLATED)
_472_/A1                                3.000000    4.535607   -1.535608 (VIOLATED)
_478_/B                                 3.000000    4.535607   -1.535608 (VIOLATED)
_479_/A1                                3.000000    4.535607   -1.535608 (VIOLATED)
_496_/B2                                3.000000    4.535607   -1.535608 (VIOLATED)
_500_/C                                 3.000000    4.535607   -1.535608 (VIOLATED)
_504_/B                                 3.000000    4.535607   -1.535608 (VIOLATED)
_505_/C                                 3.000000    4.535607   -1.535608 (VIOLATED)
_508_/A1                                3.000000    4.535607   -1.535608 (VIOLATED)
_514_/A1                                3.000000    4.535607   -1.535608 (VIOLATED)
_515_/A1                                3.000000    4.535607   -1.535608 (VIOLATED)
_518_/B2                                3.000000    4.535607   -1.535608 (VIOLATED)
_519_/A1                                3.000000    4.535607   -1.535608 (VIOLATED)
_523_/A2                                3.000000    4.535607   -1.535608 (VIOLATED)
_526_/A1                                3.000000    4.535607   -1.535608 (VIOLATED)
_532_/C                                 3.000000    4.535607   -1.535608 (VIOLATED)
_538_/A1                                3.000000    4.535607   -1.535608 (VIOLATED)
_646_/D                                 3.000000    4.535607   -1.535608 (VIOLATED)
_377_/ZN                                3.000000    4.326646   -1.326646 (VIOLATED)
_380_/A1                                3.000000    4.326646   -1.326646 (VIOLATED)
_394_/A1                                3.000000    4.326646   -1.326646 (VIOLATED)
_407_/A1                                3.000000    4.326646   -1.326646 (VIOLATED)
_412_/A2                                3.000000    4.326646   -1.326646 (VIOLATED)
_440_/A1                                3.000000    4.326646   -1.326646 (VIOLATED)
_449_/A1                                3.000000    4.326646   -1.326646 (VIOLATED)
_462_/A2                                3.000000    4.326646   -1.326646 (VIOLATED)
_464_/A1                                3.000000    4.326646   -1.326646 (VIOLATED)
_379_/ZN                                3.000000    3.866373   -0.866373 (VIOLATED)
_380_/A2                                3.000000    3.866373   -0.866373 (VIOLATED)
_407_/A2                                3.000000    3.866373   -0.866373 (VIOLATED)
_435_/A1                                3.000000    3.866373   -0.866373 (VIOLATED)
_438_/A1                                3.000000    3.866373   -0.866373 (VIOLATED)
_440_/A2                                3.000000    3.866373   -0.866373 (VIOLATED)
_448_/A1                                3.000000    3.866373   -0.866373 (VIOLATED)
_449_/A2                                3.000000    3.866373   -0.866373 (VIOLATED)
_462_/A3                                3.000000    3.866373   -0.866373 (VIOLATED)
_464_/B                                 3.000000    3.866373   -0.866373 (VIOLATED)
_500_/A1                                3.000000    3.866373   -0.866373 (VIOLATED)
_506_/A1                                3.000000    3.866373   -0.866373 (VIOLATED)
rst_n                                   3.000000    3.858744   -0.858744 (VIOLATED)
_323_/I                                 3.000000    3.858744   -0.858744 (VIOLATED)
_345_/A1                                3.000000    3.858744   -0.858744 (VIOLATED)
_348_/A1                                3.000000    3.858744   -0.858744 (VIOLATED)
_351_/A1                                3.000000    3.858744   -0.858744 (VIOLATED)
_356_/A1                                3.000000    3.858744   -0.858744 (VIOLATED)
_359_/A1                                3.000000    3.858744   -0.858744 (VIOLATED)
_361_/A2                                3.000000    3.858744   -0.858744 (VIOLATED)
_366_/B                                 3.000000    3.858744   -0.858744 (VIOLATED)
_371_/A1                                3.000000    3.858744   -0.858744 (VIOLATED)
_376_/B2                                3.000000    3.858744   -0.858744 (VIOLATED)
_385_/B                                 3.000000    3.858744   -0.858744 (VIOLATED)
_400_/C                                 3.000000    3.858744   -0.858744 (VIOLATED)
_404_/A1                                3.000000    3.858744   -0.858744 (VIOLATED)
_546_/A1                                3.000000    3.858744   -0.858744 (VIOLATED)
_548_/B                                 3.000000    3.858744   -0.858744 (VIOLATED)
_605_/B                                 3.000000    3.858744   -0.858744 (VIOLATED)
_608_/A1                                3.000000    3.858744   -0.858744 (VIOLATED)
_613_/B                                 3.000000    3.858744   -0.858744 (VIOLATED)
_616_/A1                                3.000000    3.858744   -0.858744 (VIOLATED)
_399_/ZN                                3.000000    3.823110   -0.823111 (VIOLATED)
_402_/A3                                3.000000    3.823110   -0.823111 (VIOLATED)
_411_/A1                                3.000000    3.823110   -0.823111 (VIOLATED)
_443_/A3                                3.000000    3.823110   -0.823111 (VIOLATED)
_474_/A2                                3.000000    3.823110   -0.823111 (VIOLATED)
_516_/B                                 3.000000    3.823110   -0.823111 (VIOLATED)
_386_/ZN                                3.000000    3.790873   -0.790873 (VIOLATED)
_387_/I                                 3.000000    3.790873   -0.790873 (VIOLATED)
_388_/A2                                3.000000    3.790873   -0.790873 (VIOLATED)
_407_/B                                 3.000000    3.790873   -0.790873 (VIOLATED)
_413_/A2                                3.000000    3.790873   -0.790873 (VIOLATED)
_414_/A2                                3.000000    3.790873   -0.790873 (VIOLATED)
_421_/A2                                3.000000    3.790873   -0.790873 (VIOLATED)
_422_/A2                                3.000000    3.790873   -0.790873 (VIOLATED)
_435_/A2                                3.000000    3.790873   -0.790873 (VIOLATED)
_438_/A2                                3.000000    3.790873   -0.790873 (VIOLATED)
_439_/A3                                3.000000    3.790873   -0.790873 (VIOLATED)
_448_/A2                                3.000000    3.790873   -0.790873 (VIOLATED)
_449_/A3                                3.000000    3.790873   -0.790873 (VIOLATED)
_464_/A2                                3.000000    3.790873   -0.790873 (VIOLATED)
_494_/A2                                3.000000    3.790873   -0.790873 (VIOLATED)
_500_/A2                                3.000000    3.790873   -0.790873 (VIOLATED)
_506_/A2                                3.000000    3.790873   -0.790873 (VIOLATED)
_551_/ZN                                3.000000    3.697285   -0.697286 (VIOLATED)
_557_/A2                                3.000000    3.697285   -0.697286 (VIOLATED)
_561_/A2                                3.000000    3.697285   -0.697286 (VIOLATED)
_566_/A2                                3.000000    3.697285   -0.697286 (VIOLATED)
_569_/A2                                3.000000    3.697285   -0.697286 (VIOLATED)
_573_/A2                                3.000000    3.697285   -0.697286 (VIOLATED)
_577_/A2                                3.000000    3.697285   -0.697286 (VIOLATED)
_581_/A2                                3.000000    3.697285   -0.697286 (VIOLATED)
_585_/A2                                3.000000    3.697285   -0.697286 (VIOLATED)
_552_/ZN                                3.000000    3.640480   -0.640480 (VIOLATED)
_553_/ZN                                3.000000    3.640480   -0.640480 (VIOLATED)
_557_/B1                                3.000000    3.640480   -0.640480 (VIOLATED)
_558_/A2                                3.000000    3.640480   -0.640480 (VIOLATED)
_561_/B1                                3.000000    3.640480   -0.640480 (VIOLATED)
_562_/A2                                3.000000    3.640480   -0.640480 (VIOLATED)
_564_/A2                                3.000000    3.640480   -0.640480 (VIOLATED)
_564_/B1                                3.000000    3.640480   -0.640480 (VIOLATED)
_569_/B1                                3.000000    3.640480   -0.640480 (VIOLATED)
_570_/A2                                3.000000    3.640480   -0.640480 (VIOLATED)
_573_/B1                                3.000000    3.640480   -0.640480 (VIOLATED)
_574_/A2                                3.000000    3.640480   -0.640480 (VIOLATED)
_577_/B1                                3.000000    3.640480   -0.640480 (VIOLATED)
_578_/A2                                3.000000    3.640480   -0.640480 (VIOLATED)
_581_/B1                                3.000000    3.640480   -0.640480 (VIOLATED)
_582_/A2                                3.000000    3.640480   -0.640480 (VIOLATED)
_585_/B1                                3.000000    3.640480   -0.640480 (VIOLATED)
_586_/A2                                3.000000    3.640480   -0.640480 (VIOLATED)
_330_/ZN                                3.000000    3.587868   -0.587868 (VIOLATED)
_337_/A1                                3.000000    3.587868   -0.587868 (VIOLATED)
_338_/A2                                3.000000    3.587868   -0.587868 (VIOLATED)
_340_/A3                                3.000000    3.587868   -0.587868 (VIOLATED)
_362_/A2                                3.000000    3.587868   -0.587868 (VIOLATED)
_363_/A2                                3.000000    3.587868   -0.587868 (VIOLATED)
_365_/A1                                3.000000    3.587868   -0.587868 (VIOLATED)
_382_/A1                                3.000000    3.587868   -0.587868 (VIOLATED)
_384_/A1                                3.000000    3.587868   -0.587868 (VIOLATED)
uo_out[0]                               3.000000    3.329531   -0.329531 (VIOLATED)
uo_out[1]                               3.000000    3.329531   -0.329531 (VIOLATED)
uo_out[2]                               3.000000    3.329531   -0.329531 (VIOLATED)
uo_out[3]                               3.000000    3.329531   -0.329531 (VIOLATED)
uo_out[4]                               3.000000    3.329531   -0.329531 (VIOLATED)
uo_out[5]                               3.000000    3.329531   -0.329531 (VIOLATED)
uo_out[6]                               3.000000    3.329531   -0.329531 (VIOLATED)
uo_out[7]                               3.000000    3.329531   -0.329531 (VIOLATED)
_626_/Q                                 3.000000    3.329531   -0.329531 (VIOLATED)
_627_/Q                                 3.000000    3.329531   -0.329531 (VIOLATED)
_628_/Q                                 3.000000    3.329531   -0.329531 (VIOLATED)
_629_/Q                                 3.000000    3.329531   -0.329531 (VIOLATED)
_630_/Q                                 3.000000    3.329531   -0.329531 (VIOLATED)
_631_/Q                                 3.000000    3.329531   -0.329531 (VIOLATED)
_632_/Q                                 3.000000    3.329531   -0.329531 (VIOLATED)
_633_/Q                                 3.000000    3.329531   -0.329531 (VIOLATED)
u_analog/dac_code[0]                    3.000000    3.329531   -0.329531 (VIOLATED)
u_analog/dac_code[1]                    3.000000    3.329531   -0.329531 (VIOLATED)
u_analog/dac_code[2]                    3.000000    3.329531   -0.329531 (VIOLATED)
u_analog/dac_code[3]                    3.000000    3.329531   -0.329531 (VIOLATED)
u_analog/dac_code[4]                    3.000000    3.329531   -0.329531 (VIOLATED)
u_analog/dac_code[5]                    3.000000    3.329531   -0.329531 (VIOLATED)
u_analog/dac_code[6]                    3.000000    3.329531   -0.329531 (VIOLATED)
u_analog/dac_code[7]                    3.000000    3.329531   -0.329531 (VIOLATED)
ua[0]                                   3.000000    3.324796   -0.324797 (VIOLATED)
ua[1]                                   3.000000    3.324796   -0.324797 (VIOLATED)
ua[2]                                   3.000000    3.324796   -0.324797 (VIOLATED)
ua[3]                                   3.000000    3.324796   -0.324797 (VIOLATED)
ua[4]                                   3.000000    3.324796   -0.324797 (VIOLATED)
ua[5]                                   3.000000    3.324796   -0.324797 (VIOLATED)
ua[6]                                   3.000000    3.324796   -0.324797 (VIOLATED)
ua[7]                                   3.000000    3.324796   -0.324797 (VIOLATED)
u_analog/vout                           3.000000    3.324796   -0.324797 (VIOLATED)
_373_/ZN                                3.000000    3.241497   -0.241497 (VIOLATED)
_388_/A1                                3.000000    3.241497   -0.241497 (VIOLATED)
_421_/A1                                3.000000    3.241497   -0.241497 (VIOLATED)
_376_/ZN                                3.000000    3.066293   -0.066293 (VIOLATED)
_413_/A1                                3.000000    3.066293   -0.066293 (VIOLATED)
_414_/A1                                3.000000    3.066293   -0.066293 (VIOLATED)
_422_/C                                 3.000000    3.066293   -0.066293 (VIOLATED)
_439_/A1                                3.000000    3.066293   -0.066293 (VIOLATED)
_490_/A1                                3.000000    3.066293   -0.066293 (VIOLATED)
_494_/A1                                3.000000    3.066293   -0.066293 (VIOLATED)
_392_/ZN                                3.000000    3.018766   -0.018767 (VIOLATED)
_395_/B1                                3.000000    3.018766   -0.018767 (VIOLATED)
_415_/A1                                3.000000    3.018766   -0.018767 (VIOLATED)
_441_/A1                                3.000000    3.018766   -0.018767 (VIOLATED)
_454_/B                                 3.000000    3.018766   -0.018767 (VIOLATED)
_476_/A1                                3.000000    3.018766   -0.018767 (VIOLATED)

max fanout

Pin                                   Limit Fanout  Slack
---------------------------------------------------------
_323_/ZN                                 10     26    -16 (VIOLATED)
_357_/ZN                                 10     23    -13 (VIOLATED)
_359_/ZN                                 10     23    -13 (VIOLATED)
_360_/ZN                                 10     23    -13 (VIOLATED)
rst_n                                    10     19     -9 (VIOLATED)
_356_/ZN                                 10     18     -8 (VIOLATED)
_386_/ZN                                 10     16     -6 (VIOLATED)
_554_/ZN                                 10     16     -6 (VIOLATED)
_329_/ZN                                 10     12     -2 (VIOLATED)
_349_/ZN                                 10     12     -2 (VIOLATED)
_379_/ZN                                 10     11        (VIOLATED)
_387_/ZN                                 10     11        (VIOLATED)



===========================================================================
report_parasitic_annotation -report_unannotated
============================================================================
Found 392 unannotated drivers.
 clk
 ena
 rst_n
 ua[0]
 ua[1]
 ua[2]
 ua[3]
 ua[4]
 ua[5]
 ua[6]
 ua[7]
 ui_in[0]
 ui_in[1]
 ui_in[2]
 ui_in[3]
 ui_in[4]
 ui_in[5]
 ui_in[6]
 ui_in[7]
 uio_in[0]
 uio_in[1]
 uio_in[2]
 uio_in[3]
 uio_in[4]
 uio_in[5]
 uio_in[6]
 uio_in[7]
 _309_/ZN
 _310_/ZN
 _311_/ZN
 _312_/ZN
 _313_/ZN
 _314_/ZN
 _315_/ZN
 _316_/ZN
 _317_/ZN
 _318_/ZN
 _319_/ZN
 _320_/ZN
 _321_/ZN
 _322_/ZN
 _323_/ZN
 _324_/ZN
 _325_/Z
 _326_/ZN
 _327_/Z
 _328_/ZN
 _329_/ZN
 _330_/ZN
 _331_/ZN
 _332_/ZN
 _333_/ZN
 _334_/ZN
 _335_/ZN
 _336_/ZN
 _337_/ZN
 _338_/ZN
 _339_/ZN
 _340_/ZN
 _341_/ZN
 _342_/ZN
 _343_/ZN
 _344_/Z
 _345_/ZN
 _346_/ZN
 _347_/ZN
 _348_/ZN
 _349_/ZN
 _350_/ZN
 _351_/ZN
 _352_/ZN
 _353_/ZN
 _354_/ZN
 _355_/ZN
 _356_/ZN
 _357_/ZN
 _358_/ZN
 _359_/ZN
 _360_/ZN
 _361_/Z
 _362_/ZN
 _363_/ZN
 _364_/ZN
 _365_/ZN
 _366_/ZN
 _367_/ZN
 _368_/ZN
 _369_/Z
 _370_/Z
 _371_/ZN
 _372_/ZN
 _373_/ZN
 _374_/ZN
 _375_/ZN
 _376_/ZN
 _377_/ZN
 _378_/ZN
 _379_/ZN
 _380_/ZN
 _381_/ZN
 _382_/ZN
 _383_/ZN
 _384_/ZN
 _385_/ZN
 _386_/ZN
 _387_/ZN
 _388_/Z
 _389_/ZN
 _390_/ZN
 _391_/ZN
 _392_/ZN
 _393_/ZN
 _394_/ZN
 _395_/ZN
 _396_/ZN
 _397_/Z
 _398_/ZN
 _399_/ZN
 _400_/ZN
 _401_/ZN
 _402_/ZN
 _403_/ZN
 _404_/ZN
 _405_/ZN
 _406_/Z
 _407_/ZN
 _408_/ZN
 _409_/ZN
 _410_/ZN
 _411_/ZN
 _412_/ZN
 _413_/ZN
 _414_/ZN
 _415_/ZN
 _416_/ZN
 _417_/ZN
 _418_/ZN
 _419_/ZN
 _420_/ZN
 _421_/ZN
 _422_/ZN
 _423_/ZN
 _424_/ZN
 _425_/ZN
 _426_/ZN
 _427_/ZN
 _428_/ZN
 _429_/ZN
 _430_/ZN
 _431_/ZN
 _432_/ZN
 _433_/ZN
 _434_/ZN
 _435_/ZN
 _436_/ZN
 _437_/ZN
 _438_/ZN
 _439_/ZN
 _440_/ZN
 _441_/ZN
 _442_/ZN
 _443_/ZN
 _444_/ZN
 _445_/ZN
 _446_/ZN
 _447_/ZN
 _448_/ZN
 _449_/ZN
 _450_/ZN
 _451_/ZN
 _452_/ZN
 _453_/ZN
 _454_/ZN
 _455_/Z
 _456_/ZN
 _457_/ZN
 _458_/ZN
 _459_/ZN
 _460_/ZN
 _461_/ZN
 _462_/ZN
 _463_/ZN
 _464_/ZN
 _465_/ZN
 _466_/ZN
 _467_/ZN
 _468_/ZN
 _469_/ZN
 _470_/ZN
 _471_/ZN
 _472_/ZN
 _473_/ZN
 _474_/ZN
 _475_/ZN
 _476_/ZN
 _477_/ZN
 _478_/ZN
 _479_/ZN
 _480_/ZN
 _481_/ZN
 _482_/ZN
 _483_/ZN
 _484_/ZN
 _485_/Z
 _486_/ZN
 _487_/ZN
 _488_/ZN
 _489_/ZN
 _490_/ZN
 _491_/Z
 _492_/ZN
 _493_/ZN
 _494_/ZN
 _495_/ZN
 _496_/ZN
 _497_/ZN
 _498_/Z
 _499_/ZN
 _500_/ZN
 _501_/ZN
 _502_/ZN
 _503_/ZN
 _504_/ZN
 _505_/ZN
 _506_/ZN
 _507_/ZN
 _508_/Z
 _509_/ZN
 _510_/ZN
 _511_/ZN
 _512_/ZN
 _513_/ZN
 _514_/Z
 _515_/ZN
 _516_/ZN
 _517_/ZN
 _518_/ZN
 _519_/ZN
 _520_/ZN
 _521_/ZN
 _522_/ZN
 _523_/ZN
 _524_/ZN
 _525_/ZN
 _526_/ZN
 _527_/ZN
 _528_/ZN
 _529_/ZN
 _530_/ZN
 _531_/ZN
 _532_/ZN
 _533_/ZN
 _534_/ZN
 _535_/ZN
 _536_/Z
 _537_/ZN
 _538_/ZN
 _539_/ZN
 _540_/ZN
 _541_/ZN
 _542_/ZN
 _543_/ZN
 _544_/ZN
 _545_/Z
 _546_/ZN
 _547_/ZN
 _548_/ZN
 _549_/ZN
 _550_/ZN
 _551_/ZN
 _552_/ZN
 _553_/ZN
 _554_/ZN
 _555_/ZN
 _556_/ZN
 _557_/ZN
 _558_/ZN
 _559_/ZN
 _560_/ZN
 _561_/ZN
 _562_/ZN
 _563_/ZN
 _564_/ZN
 _565_/ZN
 _566_/ZN
 _567_/ZN
 _568_/ZN
 _569_/ZN
 _570_/ZN
 _571_/ZN
 _572_/ZN
 _573_/ZN
 _574_/ZN
 _575_/ZN
 _576_/ZN
 _577_/ZN
 _578_/ZN
 _579_/ZN
 _580_/ZN
 _581_/ZN
 _582_/ZN
 _583_/ZN
 _584_/ZN
 _585_/ZN
 _586_/ZN
 _587_/ZN
 _588_/ZN
 _589_/ZN
 _590_/ZN
 _591_/ZN
 _592_/ZN
 _593_/ZN
 _594_/ZN
 _595_/ZN
 _596_/ZN
 _597_/ZN
 _598_/ZN
 _599_/ZN
 _600_/ZN
 _601_/ZN
 _602_/ZN
 _603_/ZN
 _604_/ZN
 _605_/ZN
 _606_/ZN
 _607_/ZN
 _608_/ZN
 _609_/ZN
 _610_/ZN
 _611_/ZN
 _612_/Z
 _613_/ZN
 _614_/ZN
 _615_/ZN
 _616_/ZN
 _617_/ZN
 _618_/Q
 _619_/Q
 _620_/Q
 _621_/Q
 _622_/Q
 _623_/Q
 _624_/Q
 _625_/Q
 _626_/Q
 _627_/Q
 _628_/Q
 _629_/Q
 _630_/Q
 _631_/Q
 _632_/Q
 _633_/Q
 _634_/Q
 _635_/Q
 _636_/Q
 _637_/Q
 _638_/Q
 _639_/Q
 _640_/Q
 _641_/Q
 _642_/Q
 _643_/Q
 _644_/Q
 _645_/Q
 _646_/Q
 _647_/Q
 _648_/Q
 _649_/Q
 _650_/Q
 _651_/Q
 _652_/Q
 _653_/Q
 _654_/Q
 _655_/Q
 _656_/Q
 _657_/Q
 _658_/ZN
 _659_/ZN
 _660_/ZN
 _661_/ZN
 _662_/ZN
 _663_/ZN
 _664_/ZN
 _665_/ZN
 _666_/ZN
 _667_/ZN
 _668_/ZN
 _669_/ZN
 _670_/ZN
 _671_/ZN
 _672_/ZN
 _673_/ZN
Found 0 partially unannotated drivers.

===========================================================================
max slew violation count 313
%OL_METRIC_I design__max_slew_violation__count__corner:nom_ss_125C_3v00 313
max fanout violation count 12
%OL_METRIC_I design__max_fanout_violation__count__corner:nom_ss_125C_3v00 12
max cap violation count 0
%OL_METRIC_I design__max_cap_violation__count__corner:nom_ss_125C_3v00 0
============================================================================

===========================================================================
check_setup -verbose -unconstrained_endpoints -multiple_clock -no_clock -no_input_delay -loops -generated_clocks
===========================================================================
Warning: There are 8 unconstrained endpoints.
  ua[0]
  ua[1]
  ua[2]
  ua[3]
  ua[4]
  ua[5]
  ua[6]
  ua[7]
%OL_END_REPORT
%OL_CREATE_REPORT power.rpt

===========================================================================
 report_power
============================================================================
======================= nom_ss_125C_3v00 Corner ===================================

Group                    Internal    Switching      Leakage        Total
                            Power        Power        Power        Power (Watts)
------------------------------------------------------------------------
Sequential           3.784194e-04 1.832910e-05 2.720442e-08 3.967757e-04  79.2%
Combinational        5.076288e-05 5.356973e-05 1.213982e-07 1.044540e-04  20.8%
Clock                0.000000e+00 0.000000e+00 0.000000e+00 0.000000e+00   0.0%
Macro                0.000000e+00 0.000000e+00 0.000000e+00 0.000000e+00   0.0%
Pad                  0.000000e+00 0.000000e+00 0.000000e+00 0.000000e+00   0.0%
------------------------------------------------------------------------
Total                4.291823e-04 7.189882e-05 1.486026e-07 5.012297e-04 100.0%
                            85.6%        14.3%         0.0%
%OL_METRIC_F power__internal__total 0.00042918225517496467
%OL_METRIC_F power__switching__total 7.189882308011875e-5
%OL_METRIC_F power__leakage__total 1.4860260932891833e-7
%OL_METRIC_F power__total 0.0005012296605855227

%OL_END_REPORT
%OL_CREATE_REPORT skew.min.rpt

===========================================================================
Clock Skew (Hold)
============================================================================
%OL_METRIC_F clock__skew__worst_hold__corner:nom_ss_125C_3v00 -0.32937778437003556
======================= nom_ss_125C_3v00 Corner ===================================

Clock clk
0.754089 source latency _618_/CLK ^
-0.833467 target latency _626_/CLK ^
-0.250000 clock uncertainty
0.000000 CRPR
--------------
-0.329378 hold skew

%OL_END_REPORT
%OL_CREATE_REPORT skew.max.rpt

===========================================================================
Clock Skew (Setup)
============================================================================
%OL_METRIC_F clock__skew__worst_setup__corner:nom_ss_125C_3v00 0.32937778437003556
======================= nom_ss_125C_3v00 Corner ===================================

Clock clk
0.833467 source latency _618_/CLK ^
-0.754089 target latency _626_/CLK ^
0.250000 clock uncertainty
0.000000 CRPR
--------------
0.329378 setup skew

%OL_END_REPORT
%OL_CREATE_REPORT ws.min.rpt

===========================================================================
Worst Slack (Hold)
============================================================================
%OL_METRIC_F timing__hold__ws__corner:nom_ss_125C_3v00 2.110481626974157
nom_ss_125C_3v00: 2.110481626974157
%OL_END_REPORT
%OL_CREATE_REPORT ws.max.rpt

===========================================================================
Worst Slack (Setup)
============================================================================
%OL_METRIC_F timing__setup__ws__corner:nom_ss_125C_3v00 -6.8267136098580705
nom_ss_125C_3v00: -6.8267136098580705
%OL_END_REPORT
%OL_CREATE_REPORT tns.min.rpt

===========================================================================
Total Negative Slack (Hold)
============================================================================
%OL_METRIC_F timing__hold__tns__corner:nom_ss_125C_3v00 0.0
nom_ss_125C_3v00: 0.0
%OL_END_REPORT
%OL_CREATE_REPORT tns.max.rpt

===========================================================================
Total Negative Slack (Setup)
============================================================================
%OL_METRIC_F timing__setup__tns__corner:nom_ss_125C_3v00 -40.98993971377784
nom_ss_125C_3v00: -40.98993971377784
%OL_END_REPORT
%OL_CREATE_REPORT wns.min.rpt

===========================================================================
Worst Negative Slack (Hold)
============================================================================
%OL_METRIC_F timing__hold__wns__corner:nom_ss_125C_3v00 0
nom_ss_125C_3v00: 0
%OL_END_REPORT
%OL_CREATE_REPORT wns.max.rpt

===========================================================================
Worst Negative Slack (Setup)
============================================================================
%OL_METRIC_F timing__setup__wns__corner:nom_ss_125C_3v00 -6.8267136098580705
nom_ss_125C_3v00: -6.8267136098580705
%OL_END_REPORT
%OL_CREATE_REPORT violator_list.rpt

===========================================================================
Violator List
============================================================================
[setup reg-reg] _650_/Q -> _619_/D : -6.826714
[setup reg-reg] _650_/Q -> _618_/D : -6.555073
[setup reg-reg] _650_/Q -> _621_/D : -6.253337
[setup reg-reg] _650_/Q -> _622_/D : -6.212922
[setup reg-reg] _650_/Q -> _620_/D : -5.830137
[setup reg-reg] _650_/Q -> _623_/D : -4.615080
[setup reg-reg] _650_/Q -> _624_/D : -3.902418
[setup reg-reg] _650_/Q -> _645_/D : -0.757446
[setup reg-reg] _650_/Q -> _646_/D : -0.036813
%OL_METRIC_I timing__hold_vio__count__corner:nom_ss_125C_3v00 0
%OL_METRIC_F timing__hold_r2r__ws__corner:nom_ss_125C_3v00 2.110482
%OL_METRIC_I timing__hold_r2r_vio__count__corner:nom_ss_125C_3v00 0
%OL_METRIC_I timing__setup_vio__count__corner:nom_ss_125C_3v00 9
%OL_METRIC_F timing__setup_r2r__ws__corner:nom_ss_125C_3v00 -6.826714
%OL_METRIC_I timing__setup_r2r_vio__count__corner:nom_ss_125C_3v00 9
%OL_END_REPORT
%OL_CREATE_REPORT unpropagated.rpt
clk
%OL_END_REPORT
%OL_CREATE_REPORT clock.rpt
Clock: clk
Sources: clk 
Generated: no
Virtual: no
Propagated: no
Period: 20.000000

===========================================================================
report_clock_properties
============================================================================
Clock                   Period          Waveform
----------------------------------------------------
clk                  20.000000    0.000000 10.000000

===========================================================================
report_clock_latency
============================================================================
Clock clk
rise -> rise
    min     max
0.000000 0.000000 source latency
0.754089         network latency _618_/CLK
        0.833467 network latency _618_/CLK
---------------
0.754089 0.833467 latency
        0.079378 skew

fall -> fall
    min     max
0.000000 0.000000 source latency
0.392782         network latency _618_/CLK
        0.434127 network latency _618_/CLK
---------------
0.392782 0.434127 latency
        0.041346 skew



===========================================================================
report_clock_min_period
============================================================================
clk period_min = 26.83 fmax = 37.28
%OL_END_REPORT
Writing SDF files for all corners…
