Failed to load tclreadline.tcl
+ define_corners nom_ff_n40C_3v60
Reading timing models for corner nom_ff_n40C_3v60…
Reading cell library for the 'nom_ff_n40C_3v60' corner at '/home/ihsan/.cc/toolchains/iic-osic-tools-2026.09/foss/pdks/gf180mcuD/libs.ref/gf180mcu_fd_sc_mcu7t5v0/lib/gf180mcu_fd_sc_mcu7t5v0__ff_n40C_3v60.lib'…
Reading cell library for the 'nom_ff_n40C_3v60' corner at '/home/ihsan/.cc/toolchains/iic-osic-tools-2026.09/foss/pdks/gf180mcuD/libs.ref/gf180mcu_fd_io/lib/gf180mcu_fd_io__ff_n40C_3v63.lib.gz'…
Reading top-level netlist at '/home/ihsan/.cc/worktrees/ece298a/r2r-dac/blocks/r2r_dac/top/harden/runs/run/06-yosys-synthesis/tt_um_r2r_dac_digital.nl.v'…
Linking design 'tt_um_r2r_dac_digital' from netlist…
Warning: /home/ihsan/.cc/worktrees/ece298a/r2r-dac/blocks/r2r_dac/top/harden/runs/run/06-yosys-synthesis/tt_um_r2r_dac_digital.nl.v line 2418, module r2r_dac_analog not found. Creating black box for u_analog.
Reading design constraints file at '/home/ihsan/.cc/toolchains/iic-osic-tools-2026.09/usr/local/lib/python3.12/dist-packages/librelane/scripts/base.sdc'…
[INFO] Using clock clk…
[INFO] Setting output delay to: 4.0
[INFO] Setting input delay to: 4.0
[INFO] Setting load to: 0.07291
[INFO] Setting clock uncertainty to: 0.25
[INFO] Setting clock transition to: 0.15
[INFO] Setting timing derate to: 5.0%
%OL_CREATE_REPORT min.rpt

===========================================================================
report_checks -path_delay min (Hold)
============================================================================
======================= nom_ff_n40C_3v60 Corner ===================================

Startpoint: _620_ (rising edge-triggered flip-flop clocked by clk)
Endpoint: _628_ (rising edge-triggered flip-flop clocked by clk)
Path Group: clk
Path Type: min

Fanout         Cap        Slew       Delay        Time   Description
---------------------------------------------------------------------------------------------
                      0.150000    0.000000    0.000000   clock clk (rise edge)
                                  0.000000    0.000000   clock network delay (ideal)
                      0.150000    0.000000    0.000000 ^ _620_/CLK (gf180mcu_fd_sc_mcu7t5v0__dffq_1)
     1    0.004816    0.093398    0.522658    0.522658 v _620_/Q (gf180mcu_fd_sc_mcu7t5v0__dffq_1)
                                                         u_r2r_dac_digital.sine_val[2] (net)
                      0.093398    0.000000    0.522658 v _566_/A1 (gf180mcu_fd_sc_mcu7t5v0__aoi22_1)
     1    0.004665    0.174193    0.125863    0.648521 ^ _566_/ZN (gf180mcu_fd_sc_mcu7t5v0__aoi22_1)
                                                         _262_ (net)
                      0.174193    0.000000    0.648521 ^ _567_/A2 (gf180mcu_fd_sc_mcu7t5v0__aoi21_1)
     1    0.002426    0.091640    0.079517    0.728038 v _567_/ZN (gf180mcu_fd_sc_mcu7t5v0__aoi21_1)
                                                         _012_ (net)
                      0.091640    0.000000    0.728038 v _628_/D (gf180mcu_fd_sc_mcu7t5v0__dffq_1)
                                              0.728038   data arrival time

                      0.150000    0.000000    0.000000   clock clk (rise edge)
                                  0.000000    0.000000   clock network delay (ideal)
                                  0.250000    0.250000   clock uncertainty
                                  0.000000    0.250000   clock reconvergence pessimism
                                              0.250000 ^ _628_/CLK (gf180mcu_fd_sc_mcu7t5v0__dffq_1)
                                  0.072480    0.322480   library hold time
                                              0.322480   data required time
---------------------------------------------------------------------------------------------
                                              0.322480   data required time
                                             -0.728038   data arrival time
---------------------------------------------------------------------------------------------
                                              0.405557   slack (MET)


Startpoint: _619_ (rising edge-triggered flip-flop clocked by clk)
Endpoint: _627_ (rising edge-triggered flip-flop clocked by clk)
Path Group: clk
Path Type: min

Fanout         Cap        Slew       Delay        Time   Description
---------------------------------------------------------------------------------------------
                      0.150000    0.000000    0.000000   clock clk (rise edge)
                                  0.000000    0.000000   clock network delay (ideal)
                      0.150000    0.000000    0.000000 ^ _619_/CLK (gf180mcu_fd_sc_mcu7t5v0__dffq_1)
     1    0.004816    0.093398    0.522658    0.522658 v _619_/Q (gf180mcu_fd_sc_mcu7t5v0__dffq_1)
                                                         u_r2r_dac_digital.sine_val[1] (net)
                      0.093398    0.000000    0.522658 v _561_/A1 (gf180mcu_fd_sc_mcu7t5v0__aoi22_1)
     1    0.004765    0.176146    0.126960    0.649617 ^ _561_/ZN (gf180mcu_fd_sc_mcu7t5v0__aoi22_1)
                                                         _258_ (net)
                      0.176146    0.000000    0.649617 ^ _563_/A1 (gf180mcu_fd_sc_mcu7t5v0__aoi21_1)
     1    0.002426    0.091873    0.080926    0.730543 v _563_/ZN (gf180mcu_fd_sc_mcu7t5v0__aoi21_1)
                                                         _011_ (net)
                      0.091873    0.000000    0.730543 v _627_/D (gf180mcu_fd_sc_mcu7t5v0__dffq_1)
                                              0.730543   data arrival time

                      0.150000    0.000000    0.000000   clock clk (rise edge)
                                  0.000000    0.000000   clock network delay (ideal)
                                  0.250000    0.250000   clock uncertainty
                                  0.000000    0.250000   clock reconvergence pessimism
                                              0.250000 ^ _627_/CLK (gf180mcu_fd_sc_mcu7t5v0__dffq_1)
                                  0.072430    0.322430   library hold time
                                              0.322430   data required time
---------------------------------------------------------------------------------------------
                                              0.322430   data required time
                                             -0.730543   data arrival time
---------------------------------------------------------------------------------------------
                                              0.408113   slack (MET)


Startpoint: _623_ (rising edge-triggered flip-flop clocked by clk)
Endpoint: _631_ (rising edge-triggered flip-flop clocked by clk)
Path Group: clk
Path Type: min

Fanout         Cap        Slew       Delay        Time   Description
---------------------------------------------------------------------------------------------
                      0.150000    0.000000    0.000000   clock clk (rise edge)
                                  0.000000    0.000000   clock network delay (ideal)
                      0.150000    0.000000    0.000000 ^ _623_/CLK (gf180mcu_fd_sc_mcu7t5v0__dffq_1)
     1    0.004816    0.093398    0.522658    0.522658 v _623_/Q (gf180mcu_fd_sc_mcu7t5v0__dffq_1)
                                                         u_r2r_dac_digital.sine_val[5] (net)
                      0.093398    0.000000    0.522658 v _577_/A1 (gf180mcu_fd_sc_mcu7t5v0__aoi22_1)
     1    0.004765    0.176146    0.126960    0.649617 ^ _577_/ZN (gf180mcu_fd_sc_mcu7t5v0__aoi22_1)
                                                         _270_ (net)
                      0.176146    0.000000    0.649617 ^ _579_/A1 (gf180mcu_fd_sc_mcu7t5v0__aoi21_1)
     1    0.002426    0.091873    0.080926    0.730543 v _579_/ZN (gf180mcu_fd_sc_mcu7t5v0__aoi21_1)
                                                         _015_ (net)
                      0.091873    0.000000    0.730543 v _631_/D (gf180mcu_fd_sc_mcu7t5v0__dffq_1)
                                              0.730543   data arrival time

                      0.150000    0.000000    0.000000   clock clk (rise edge)
                                  0.000000    0.000000   clock network delay (ideal)
                                  0.250000    0.250000   clock uncertainty
                                  0.000000    0.250000   clock reconvergence pessimism
                                              0.250000 ^ _631_/CLK (gf180mcu_fd_sc_mcu7t5v0__dffq_1)
                                  0.072430    0.322430   library hold time
                                              0.322430   data required time
---------------------------------------------------------------------------------------------
                                              0.322430   data required time
                                             -0.730543   data arrival time
---------------------------------------------------------------------------------------------
                                              0.408113   slack (MET)


Startpoint: _624_ (rising edge-triggered flip-flop clocked by clk)
Endpoint: _632_ (rising edge-triggered flip-flop clocked by clk)
Path Group: clk
Path Type: min

Fanout         Cap        Slew       Delay        Time   Description
---------------------------------------------------------------------------------------------
                      0.150000    0.000000    0.000000   clock clk (rise edge)
                                  0.000000    0.000000   clock network delay (ideal)
                      0.150000    0.000000    0.000000 ^ _624_/CLK (gf180mcu_fd_sc_mcu7t5v0__dffq_1)
     1    0.004816    0.093398    0.522658    0.522658 v _624_/Q (gf180mcu_fd_sc_mcu7t5v0__dffq_1)
                                                         u_r2r_dac_digital.sine_val[6] (net)
                      0.093398    0.000000    0.522658 v _581_/A1 (gf180mcu_fd_sc_mcu7t5v0__aoi22_1)
     1    0.004765    0.176146    0.126960    0.649617 ^ _581_/ZN (gf180mcu_fd_sc_mcu7t5v0__aoi22_1)
                                                         _273_ (net)
                      0.176146    0.000000    0.649617 ^ _583_/A1 (gf180mcu_fd_sc_mcu7t5v0__aoi21_1)
     1    0.002426    0.091873    0.080926    0.730543 v _583_/ZN (gf180mcu_fd_sc_mcu7t5v0__aoi21_1)
                                                         _016_ (net)
                      0.091873    0.000000    0.730543 v _632_/D (gf180mcu_fd_sc_mcu7t5v0__dffq_1)
                                              0.730543   data arrival time

                      0.150000    0.000000    0.000000   clock clk (rise edge)
                                  0.000000    0.000000   clock network delay (ideal)
                                  0.250000    0.250000   clock uncertainty
                                  0.000000    0.250000   clock reconvergence pessimism
                                              0.250000 ^ _632_/CLK (gf180mcu_fd_sc_mcu7t5v0__dffq_1)
                                  0.072430    0.322430   library hold time
                                              0.322430   data required time
---------------------------------------------------------------------------------------------
                                              0.322430   data required time
                                             -0.730543   data arrival time
---------------------------------------------------------------------------------------------
                                              0.408113   slack (MET)


Startpoint: _625_ (rising edge-triggered flip-flop clocked by clk)
Endpoint: _633_ (rising edge-triggered flip-flop clocked by clk)
Path Group: clk
Path Type: min

Fanout         Cap        Slew       Delay        Time   Description
---------------------------------------------------------------------------------------------
                      0.150000    0.000000    0.000000   clock clk (rise edge)
                                  0.000000    0.000000   clock network delay (ideal)
                      0.150000    0.000000    0.000000 ^ _625_/CLK (gf180mcu_fd_sc_mcu7t5v0__dffq_1)
     1    0.004816    0.093398    0.522658    0.522658 v _625_/Q (gf180mcu_fd_sc_mcu7t5v0__dffq_1)
                                                         u_r2r_dac_digital.sine_val[7] (net)
                      0.093398    0.000000    0.522658 v _585_/A1 (gf180mcu_fd_sc_mcu7t5v0__aoi22_1)
     1    0.004765    0.176146    0.126960    0.649617 ^ _585_/ZN (gf180mcu_fd_sc_mcu7t5v0__aoi22_1)
                                                         _276_ (net)
                      0.176146    0.000000    0.649617 ^ _587_/A1 (gf180mcu_fd_sc_mcu7t5v0__aoi21_1)
     1    0.002426    0.091873    0.080926    0.730543 v _587_/ZN (gf180mcu_fd_sc_mcu7t5v0__aoi21_1)
                                                         _017_ (net)
                      0.091873    0.000000    0.730543 v _633_/D (gf180mcu_fd_sc_mcu7t5v0__dffq_1)
                                              0.730543   data arrival time

                      0.150000    0.000000    0.000000   clock clk (rise edge)
                                  0.000000    0.000000   clock network delay (ideal)
                                  0.250000    0.250000   clock uncertainty
                                  0.000000    0.250000   clock reconvergence pessimism
                                              0.250000 ^ _633_/CLK (gf180mcu_fd_sc_mcu7t5v0__dffq_1)
                                  0.072430    0.322430   library hold time
                                              0.322430   data required time
---------------------------------------------------------------------------------------------
                                              0.322430   data required time
                                             -0.730543   data arrival time
---------------------------------------------------------------------------------------------
                                              0.408113   slack (MET)


Startpoint: _622_ (rising edge-triggered flip-flop clocked by clk)
Endpoint: _630_ (rising edge-triggered flip-flop clocked by clk)
Path Group: clk
Path Type: min

Fanout         Cap        Slew       Delay        Time   Description
---------------------------------------------------------------------------------------------
                      0.150000    0.000000    0.000000   clock clk (rise edge)
                                  0.000000    0.000000   clock network delay (ideal)
                      0.150000    0.000000    0.000000 ^ _622_/CLK (gf180mcu_fd_sc_mcu7t5v0__dffq_1)
     1    0.004816    0.093398    0.522658    0.522658 v _622_/Q (gf180mcu_fd_sc_mcu7t5v0__dffq_1)
                                                         u_r2r_dac_digital.sine_val[4] (net)
                      0.093398    0.000000    0.522658 v _573_/A1 (gf180mcu_fd_sc_mcu7t5v0__aoi22_1)
     1    0.004765    0.176146    0.126960    0.649617 ^ _573_/ZN (gf180mcu_fd_sc_mcu7t5v0__aoi22_1)
                                                         _267_ (net)
                      0.176146    0.000000    0.649617 ^ _575_/A1 (gf180mcu_fd_sc_mcu7t5v0__aoi21_1)
     1    0.002426    0.092044    0.080926    0.730543 v _575_/ZN (gf180mcu_fd_sc_mcu7t5v0__aoi21_1)
                                                         _014_ (net)
                      0.092044    0.000000    0.730543 v _630_/D (gf180mcu_fd_sc_mcu7t5v0__dffq_1)
                                              0.730543   data arrival time

                      0.150000    0.000000    0.000000   clock clk (rise edge)
                                  0.000000    0.000000   clock network delay (ideal)
                                  0.250000    0.250000   clock uncertainty
                                  0.000000    0.250000   clock reconvergence pessimism
                                              0.250000 ^ _630_/CLK (gf180mcu_fd_sc_mcu7t5v0__dffq_1)
                                  0.072393    0.322393   library hold time
                                              0.322393   data required time
---------------------------------------------------------------------------------------------
                                              0.322393   data required time
                                             -0.730543   data arrival time
---------------------------------------------------------------------------------------------
                                              0.408150   slack (MET)


Startpoint: _621_ (rising edge-triggered flip-flop clocked by clk)
Endpoint: _629_ (rising edge-triggered flip-flop clocked by clk)
Path Group: clk
Path Type: min

Fanout         Cap        Slew       Delay        Time   Description
---------------------------------------------------------------------------------------------
                      0.150000    0.000000    0.000000   clock clk (rise edge)
                                  0.000000    0.000000   clock network delay (ideal)
                      0.150000    0.000000    0.000000 ^ _621_/CLK (gf180mcu_fd_sc_mcu7t5v0__dffq_1)
     1    0.004816    0.093398    0.522658    0.522658 v _621_/Q (gf180mcu_fd_sc_mcu7t5v0__dffq_1)
                                                         u_r2r_dac_digital.sine_val[3] (net)
                      0.093398    0.000000    0.522658 v _569_/A1 (gf180mcu_fd_sc_mcu7t5v0__aoi22_1)
     1    0.004765    0.176146    0.126960    0.649617 ^ _569_/ZN (gf180mcu_fd_sc_mcu7t5v0__aoi22_1)
                                                         _264_ (net)
                      0.176146    0.000000    0.649617 ^ _571_/A1 (gf180mcu_fd_sc_mcu7t5v0__aoi21_1)
     1    0.002426    0.093962    0.080926    0.730543 v _571_/ZN (gf180mcu_fd_sc_mcu7t5v0__aoi21_1)
                                                         _013_ (net)
                      0.093962    0.000000    0.730543 v _629_/D (gf180mcu_fd_sc_mcu7t5v0__dffq_1)
                                              0.730543   data arrival time

                      0.150000    0.000000    0.000000   clock clk (rise edge)
                                  0.000000    0.000000   clock network delay (ideal)
                                  0.250000    0.250000   clock uncertainty
                                  0.000000    0.250000   clock reconvergence pessimism
                                              0.250000 ^ _629_/CLK (gf180mcu_fd_sc_mcu7t5v0__dffq_1)
                                  0.071976    0.321976   library hold time
                                              0.321976   data required time
---------------------------------------------------------------------------------------------
                                              0.321976   data required time
                                             -0.730543   data arrival time
---------------------------------------------------------------------------------------------
                                              0.408567   slack (MET)


Startpoint: _656_ (rising edge-triggered flip-flop clocked by clk)
Endpoint: _656_ (rising edge-triggered flip-flop clocked by clk)
Path Group: clk
Path Type: min

Fanout         Cap        Slew       Delay        Time   Description
---------------------------------------------------------------------------------------------
                      0.150000    0.000000    0.000000   clock clk (rise edge)
                                  0.000000    0.000000   clock network delay (ideal)
                      0.150000    0.000000    0.000000 ^ _656_/CLK (gf180mcu_fd_sc_mcu7t5v0__dffq_1)
     3    0.011004    0.138047    0.559412    0.559412 v _656_/Q (gf180mcu_fd_sc_mcu7t5v0__dffq_1)
                                                         u_r2r_dac_digital.presc[6] (net)
                      0.138047    0.000000    0.559412 v _318_/I (gf180mcu_fd_sc_mcu7t5v0__clkinv_1)
     1    0.004765    0.119837    0.099074    0.658486 ^ _318_/ZN (gf180mcu_fd_sc_mcu7t5v0__clkinv_1)
                                                         _303_ (net)
                      0.119837    0.000000    0.658486 ^ _547_/A1 (gf180mcu_fd_sc_mcu7t5v0__aoi21_1)
     1    0.002426    0.088078    0.073464    0.731949 v _547_/ZN (gf180mcu_fd_sc_mcu7t5v0__aoi21_1)
                                                         _007_ (net)
                      0.088078    0.000000    0.731949 v _656_/D (gf180mcu_fd_sc_mcu7t5v0__dffq_1)
                                              0.731949   data arrival time

                      0.150000    0.000000    0.000000   clock clk (rise edge)
                                  0.000000    0.000000   clock network delay (ideal)
                                  0.250000    0.250000   clock uncertainty
                                  0.000000    0.250000   clock reconvergence pessimism
                                              0.250000 ^ _656_/CLK (gf180mcu_fd_sc_mcu7t5v0__dffq_1)
                                  0.073254    0.323254   library hold time
                                              0.323254   data required time
---------------------------------------------------------------------------------------------
                                              0.323254   data required time
                                             -0.731949   data arrival time
---------------------------------------------------------------------------------------------
                                              0.408695   slack (MET)


Startpoint: _618_ (rising edge-triggered flip-flop clocked by clk)
Endpoint: _626_ (rising edge-triggered flip-flop clocked by clk)
Path Group: clk
Path Type: min

Fanout         Cap        Slew       Delay        Time   Description
---------------------------------------------------------------------------------------------
                      0.150000    0.000000    0.000000   clock clk (rise edge)
                                  0.000000    0.000000   clock network delay (ideal)
                      0.150000    0.000000    0.000000 ^ _618_/CLK (gf180mcu_fd_sc_mcu7t5v0__dffq_1)
     1    0.004816    0.093398    0.522658    0.522658 v _618_/Q (gf180mcu_fd_sc_mcu7t5v0__dffq_1)
                                                         u_r2r_dac_digital.sine_val[0] (net)
                      0.093398    0.000000    0.522658 v _557_/A1 (gf180mcu_fd_sc_mcu7t5v0__aoi22_1)
     1    0.004765    0.176146    0.126960    0.649617 ^ _557_/ZN (gf180mcu_fd_sc_mcu7t5v0__aoi22_1)
                                                         _255_ (net)
                      0.176146    0.000000    0.649617 ^ _559_/A1 (gf180mcu_fd_sc_mcu7t5v0__aoi21_1)
     1    0.002426    0.094775    0.080926    0.730543 v _559_/ZN (gf180mcu_fd_sc_mcu7t5v0__aoi21_1)
                                                         _010_ (net)
                      0.094775    0.000000    0.730543 v _626_/D (gf180mcu_fd_sc_mcu7t5v0__dffq_1)
                                              0.730543   data arrival time

                      0.150000    0.000000    0.000000   clock clk (rise edge)
                                  0.000000    0.000000   clock network delay (ideal)
                                  0.250000    0.250000   clock uncertainty
                                  0.000000    0.250000   clock reconvergence pessimism
                                              0.250000 ^ _626_/CLK (gf180mcu_fd_sc_mcu7t5v0__dffq_1)
                                  0.071800    0.321800   library hold time
                                              0.321800   data required time
---------------------------------------------------------------------------------------------
                                              0.321800   data required time
                                             -0.730543   data arrival time
---------------------------------------------------------------------------------------------
                                              0.408743   slack (MET)


Startpoint: _634_ (rising edge-triggered flip-flop clocked by clk)
Endpoint: _634_ (rising edge-triggered flip-flop clocked by clk)
Path Group: clk
Path Type: min

Fanout         Cap        Slew       Delay        Time   Description
---------------------------------------------------------------------------------------------
                      0.150000    0.000000    0.000000   clock clk (rise edge)
                                  0.000000    0.000000   clock network delay (ideal)
                      0.150000    0.000000    0.000000 ^ _634_/CLK (gf180mcu_fd_sc_mcu7t5v0__dffq_1)
     2    0.009187    0.124937    0.548619    0.548619 v _634_/Q (gf180mcu_fd_sc_mcu7t5v0__dffq_1)
                                                         u_r2r_dac_digital.code_reg[0] (net)
                      0.124937    0.000000    0.548619 v _588_/A1 (gf180mcu_fd_sc_mcu7t5v0__nand2_1)
     1    0.004665    0.133652    0.111960    0.660580 ^ _588_/ZN (gf180mcu_fd_sc_mcu7t5v0__nand2_1)
                                                         _278_ (net)
                      0.133652    0.000000    0.660580 ^ _589_/A2 (gf180mcu_fd_sc_mcu7t5v0__aoi21_1)
     1    0.002426    0.086305    0.076766    0.737346 v _589_/ZN (gf180mcu_fd_sc_mcu7t5v0__aoi21_1)
                                                         _018_ (net)
                      0.086305    0.000000    0.737346 v _634_/D (gf180mcu_fd_sc_mcu7t5v0__dffq_1)
                                              0.737346   data arrival time

                      0.150000    0.000000    0.000000   clock clk (rise edge)
                                  0.000000    0.000000   clock network delay (ideal)
                                  0.250000    0.250000   clock uncertainty
                                  0.000000    0.250000   clock reconvergence pessimism
                                              0.250000 ^ _634_/CLK (gf180mcu_fd_sc_mcu7t5v0__dffq_1)
                                  0.073639    0.323639   library hold time
                                              0.323639   data required time
---------------------------------------------------------------------------------------------
                                              0.323639   data required time
                                             -0.737346   data arrival time
---------------------------------------------------------------------------------------------
                                              0.413708   slack (MET)


Startpoint: _636_ (rising edge-triggered flip-flop clocked by clk)
Endpoint: _636_ (rising edge-triggered flip-flop clocked by clk)
Path Group: clk
Path Type: min

Fanout         Cap        Slew       Delay        Time   Description
---------------------------------------------------------------------------------------------
                      0.150000    0.000000    0.000000   clock clk (rise edge)
                                  0.000000    0.000000   clock network delay (ideal)
                      0.150000    0.000000    0.000000 ^ _636_/CLK (gf180mcu_fd_sc_mcu7t5v0__dffq_1)
     2    0.009187    0.124937    0.548619    0.548619 v _636_/Q (gf180mcu_fd_sc_mcu7t5v0__dffq_1)
                                                         u_r2r_dac_digital.code_reg[2] (net)
                      0.124937    0.000000    0.548619 v _592_/A1 (gf180mcu_fd_sc_mcu7t5v0__nand2_1)
     1    0.004665    0.133652    0.111960    0.660580 ^ _592_/ZN (gf180mcu_fd_sc_mcu7t5v0__nand2_1)
                                                         _280_ (net)
                      0.133652    0.000000    0.660580 ^ _593_/A2 (gf180mcu_fd_sc_mcu7t5v0__aoi21_1)
     1    0.002426    0.086305    0.076766    0.737346 v _593_/ZN (gf180mcu_fd_sc_mcu7t5v0__aoi21_1)
                                                         _020_ (net)
                      0.086305    0.000000    0.737346 v _636_/D (gf180mcu_fd_sc_mcu7t5v0__dffq_1)
                                              0.737346   data arrival time

                      0.150000    0.000000    0.000000   clock clk (rise edge)
                                  0.000000    0.000000   clock network delay (ideal)
                                  0.250000    0.250000   clock uncertainty
                                  0.000000    0.250000   clock reconvergence pessimism
                                              0.250000 ^ _636_/CLK (gf180mcu_fd_sc_mcu7t5v0__dffq_1)
                                  0.073639    0.323639   library hold time
                                              0.323639   data required time
---------------------------------------------------------------------------------------------
                                              0.323639   data required time
                                             -0.737346   data arrival time
---------------------------------------------------------------------------------------------
                                              0.413708   slack (MET)


Startpoint: _637_ (rising edge-triggered flip-flop clocked by clk)
Endpoint: _637_ (rising edge-triggered flip-flop clocked by clk)
Path Group: clk
Path Type: min

Fanout         Cap        Slew       Delay        Time   Description
---------------------------------------------------------------------------------------------
                      0.150000    0.000000    0.000000   clock clk (rise edge)
                                  0.000000    0.000000   clock network delay (ideal)
                      0.150000    0.000000    0.000000 ^ _637_/CLK (gf180mcu_fd_sc_mcu7t5v0__dffq_1)
     2    0.009187    0.124937    0.548619    0.548619 v _637_/Q (gf180mcu_fd_sc_mcu7t5v0__dffq_1)
                                                         u_r2r_dac_digital.code_reg[3] (net)
                      0.124937    0.000000    0.548619 v _594_/A1 (gf180mcu_fd_sc_mcu7t5v0__nand2_1)
     1    0.004665    0.133652    0.111960    0.660580 ^ _594_/ZN (gf180mcu_fd_sc_mcu7t5v0__nand2_1)
                                                         _281_ (net)
                      0.133652    0.000000    0.660580 ^ _595_/A2 (gf180mcu_fd_sc_mcu7t5v0__aoi21_1)
     1    0.002426    0.086305    0.076766    0.737346 v _595_/ZN (gf180mcu_fd_sc_mcu7t5v0__aoi21_1)
                                                         _021_ (net)
                      0.086305    0.000000    0.737346 v _637_/D (gf180mcu_fd_sc_mcu7t5v0__dffq_1)
                                              0.737346   data arrival time

                      0.150000    0.000000    0.000000   clock clk (rise edge)
                                  0.000000    0.000000   clock network delay (ideal)
                                  0.250000    0.250000   clock uncertainty
                                  0.000000    0.250000   clock reconvergence pessimism
                                              0.250000 ^ _637_/CLK (gf180mcu_fd_sc_mcu7t5v0__dffq_1)
                                  0.073639    0.323639   library hold time
                                              0.323639   data required time
---------------------------------------------------------------------------------------------
                                              0.323639   data required time
                                             -0.737346   data arrival time
---------------------------------------------------------------------------------------------
                                              0.413708   slack (MET)


Startpoint: _638_ (rising edge-triggered flip-flop clocked by clk)
Endpoint: _638_ (rising edge-triggered flip-flop clocked by clk)
Path Group: clk
Path Type: min

Fanout         Cap        Slew       Delay        Time   Description
---------------------------------------------------------------------------------------------
                      0.150000    0.000000    0.000000   clock clk (rise edge)
                                  0.000000    0.000000   clock network delay (ideal)
                      0.150000    0.000000    0.000000 ^ _638_/CLK (gf180mcu_fd_sc_mcu7t5v0__dffq_1)
     2    0.009187    0.124937    0.548619    0.548619 v _638_/Q (gf180mcu_fd_sc_mcu7t5v0__dffq_1)
                                                         u_r2r_dac_digital.code_reg[4] (net)
                      0.124937    0.000000    0.548619 v _596_/A1 (gf180mcu_fd_sc_mcu7t5v0__nand2_1)
     1    0.004665    0.133652    0.111960    0.660580 ^ _596_/ZN (gf180mcu_fd_sc_mcu7t5v0__nand2_1)
                                                         _282_ (net)
                      0.133652    0.000000    0.660580 ^ _597_/A2 (gf180mcu_fd_sc_mcu7t5v0__aoi21_1)
     1    0.002426    0.086305    0.076766    0.737346 v _597_/ZN (gf180mcu_fd_sc_mcu7t5v0__aoi21_1)
                                                         _022_ (net)
                      0.086305    0.000000    0.737346 v _638_/D (gf180mcu_fd_sc_mcu7t5v0__dffq_1)
                                              0.737346   data arrival time

                      0.150000    0.000000    0.000000   clock clk (rise edge)
                                  0.000000    0.000000   clock network delay (ideal)
                                  0.250000    0.250000   clock uncertainty
                                  0.000000    0.250000   clock reconvergence pessimism
                                              0.250000 ^ _638_/CLK (gf180mcu_fd_sc_mcu7t5v0__dffq_1)
                                  0.073639    0.323639   library hold time
                                              0.323639   data required time
---------------------------------------------------------------------------------------------
                                              0.323639   data required time
                                             -0.737346   data arrival time
---------------------------------------------------------------------------------------------
                                              0.413708   slack (MET)


Startpoint: _635_ (rising edge-triggered flip-flop clocked by clk)
Endpoint: _635_ (rising edge-triggered flip-flop clocked by clk)
Path Group: clk
Path Type: min

Fanout         Cap        Slew       Delay        Time   Description
---------------------------------------------------------------------------------------------
                      0.150000    0.000000    0.000000   clock clk (rise edge)
                                  0.000000    0.000000   clock network delay (ideal)
                      0.150000    0.000000    0.000000 ^ _635_/CLK (gf180mcu_fd_sc_mcu7t5v0__dffq_1)
     2    0.009510    0.127267    0.550538    0.550538 v _635_/Q (gf180mcu_fd_sc_mcu7t5v0__dffq_1)
                                                         u_r2r_dac_digital.code_reg[1] (net)
                      0.127267    0.000000    0.550538 v _590_/A1 (gf180mcu_fd_sc_mcu7t5v0__nand2_1)
     1    0.004665    0.133913    0.112598    0.663136 ^ _590_/ZN (gf180mcu_fd_sc_mcu7t5v0__nand2_1)
                                                         _279_ (net)
                      0.133913    0.000000    0.663136 ^ _591_/A2 (gf180mcu_fd_sc_mcu7t5v0__aoi21_1)
     1    0.002426    0.086339    0.076784    0.739920 v _591_/ZN (gf180mcu_fd_sc_mcu7t5v0__aoi21_1)
                                                         _019_ (net)
                      0.086339    0.000000    0.739920 v _635_/D (gf180mcu_fd_sc_mcu7t5v0__dffq_1)
                                              0.739920   data arrival time

                      0.150000    0.000000    0.000000   clock clk (rise edge)
                                  0.000000    0.000000   clock network delay (ideal)
                                  0.250000    0.250000   clock uncertainty
                                  0.000000    0.250000   clock reconvergence pessimism
                                              0.250000 ^ _635_/CLK (gf180mcu_fd_sc_mcu7t5v0__dffq_1)
                                  0.073631    0.323631   library hold time
                                              0.323631   data required time
---------------------------------------------------------------------------------------------
                                              0.323631   data required time
                                             -0.739920   data arrival time
---------------------------------------------------------------------------------------------
                                              0.416289   slack (MET)


Startpoint: _639_ (rising edge-triggered flip-flop clocked by clk)
Endpoint: _639_ (rising edge-triggered flip-flop clocked by clk)
Path Group: clk
Path Type: min

Fanout         Cap        Slew       Delay        Time   Description
---------------------------------------------------------------------------------------------
                      0.150000    0.000000    0.000000   clock clk (rise edge)
                                  0.000000    0.000000   clock network delay (ideal)
                      0.150000    0.000000    0.000000 ^ _639_/CLK (gf180mcu_fd_sc_mcu7t5v0__dffq_1)
     2    0.009510    0.127267    0.550538    0.550538 v _639_/Q (gf180mcu_fd_sc_mcu7t5v0__dffq_1)
                                                         u_r2r_dac_digital.code_reg[5] (net)
                      0.127267    0.000000    0.550538 v _598_/A1 (gf180mcu_fd_sc_mcu7t5v0__nand2_1)
     1    0.004665    0.133913    0.112598    0.663136 ^ _598_/ZN (gf180mcu_fd_sc_mcu7t5v0__nand2_1)
                                                         _283_ (net)
                      0.133913    0.000000    0.663136 ^ _599_/A2 (gf180mcu_fd_sc_mcu7t5v0__aoi21_1)
     1    0.002426    0.086339    0.076784    0.739920 v _599_/ZN (gf180mcu_fd_sc_mcu7t5v0__aoi21_1)
                                                         _023_ (net)
                      0.086339    0.000000    0.739920 v _639_/D (gf180mcu_fd_sc_mcu7t5v0__dffq_1)
                                              0.739920   data arrival time

                      0.150000    0.000000    0.000000   clock clk (rise edge)
                                  0.000000    0.000000   clock network delay (ideal)
                                  0.250000    0.250000   clock uncertainty
                                  0.000000    0.250000   clock reconvergence pessimism
                                              0.250000 ^ _639_/CLK (gf180mcu_fd_sc_mcu7t5v0__dffq_1)
                                  0.073631    0.323631   library hold time
                                              0.323631   data required time
---------------------------------------------------------------------------------------------
                                              0.323631   data required time
                                             -0.739920   data arrival time
---------------------------------------------------------------------------------------------
                                              0.416289   slack (MET)


Startpoint: _640_ (rising edge-triggered flip-flop clocked by clk)
Endpoint: _640_ (rising edge-triggered flip-flop clocked by clk)
Path Group: clk
Path Type: min

Fanout         Cap        Slew       Delay        Time   Description
---------------------------------------------------------------------------------------------
                      0.150000    0.000000    0.000000   clock clk (rise edge)
                                  0.000000    0.000000   clock network delay (ideal)
                      0.150000    0.000000    0.000000 ^ _640_/CLK (gf180mcu_fd_sc_mcu7t5v0__dffq_1)
     2    0.009510    0.127267    0.550538    0.550538 v _640_/Q (gf180mcu_fd_sc_mcu7t5v0__dffq_1)
                                                         u_r2r_dac_digital.code_reg[6] (net)
                      0.127267    0.000000    0.550538 v _600_/A1 (gf180mcu_fd_sc_mcu7t5v0__nand2_1)
     1    0.004665    0.133913    0.112598    0.663136 ^ _600_/ZN (gf180mcu_fd_sc_mcu7t5v0__nand2_1)
                                                         _284_ (net)
                      0.133913    0.000000    0.663136 ^ _601_/A2 (gf180mcu_fd_sc_mcu7t5v0__aoi21_1)
     1    0.002426    0.086339    0.076784    0.739920 v _601_/ZN (gf180mcu_fd_sc_mcu7t5v0__aoi21_1)
                                                         _024_ (net)
                      0.086339    0.000000    0.739920 v _640_/D (gf180mcu_fd_sc_mcu7t5v0__dffq_1)
                                              0.739920   data arrival time

                      0.150000    0.000000    0.000000   clock clk (rise edge)
                                  0.000000    0.000000   clock network delay (ideal)
                                  0.250000    0.250000   clock uncertainty
                                  0.000000    0.250000   clock reconvergence pessimism
                                              0.250000 ^ _640_/CLK (gf180mcu_fd_sc_mcu7t5v0__dffq_1)
                                  0.073631    0.323631   library hold time
                                              0.323631   data required time
---------------------------------------------------------------------------------------------
                                              0.323631   data required time
                                             -0.739920   data arrival time
---------------------------------------------------------------------------------------------
                                              0.416289   slack (MET)


Startpoint: _641_ (rising edge-triggered flip-flop clocked by clk)
Endpoint: _641_ (rising edge-triggered flip-flop clocked by clk)
Path Group: clk
Path Type: min

Fanout         Cap        Slew       Delay        Time   Description
---------------------------------------------------------------------------------------------
                      0.150000    0.000000    0.000000   clock clk (rise edge)
                                  0.000000    0.000000   clock network delay (ideal)
                      0.150000    0.000000    0.000000 ^ _641_/CLK (gf180mcu_fd_sc_mcu7t5v0__dffq_1)
     2    0.009510    0.127267    0.550538    0.550538 v _641_/Q (gf180mcu_fd_sc_mcu7t5v0__dffq_1)
                                                         u_r2r_dac_digital.code_reg[7] (net)
                      0.127267    0.000000    0.550538 v _602_/A1 (gf180mcu_fd_sc_mcu7t5v0__nand2_1)
     1    0.004665    0.133913    0.112598    0.663136 ^ _602_/ZN (gf180mcu_fd_sc_mcu7t5v0__nand2_1)
                                                         _285_ (net)
                      0.133913    0.000000    0.663136 ^ _603_/A2 (gf180mcu_fd_sc_mcu7t5v0__aoi21_1)
     1    0.002426    0.086339    0.076784    0.739920 v _603_/ZN (gf180mcu_fd_sc_mcu7t5v0__aoi21_1)
                                                         _025_ (net)
                      0.086339    0.000000    0.739920 v _641_/D (gf180mcu_fd_sc_mcu7t5v0__dffq_1)
                                              0.739920   data arrival time

                      0.150000    0.000000    0.000000   clock clk (rise edge)
                                  0.000000    0.000000   clock network delay (ideal)
                                  0.250000    0.250000   clock uncertainty
                                  0.000000    0.250000   clock reconvergence pessimism
                                              0.250000 ^ _641_/CLK (gf180mcu_fd_sc_mcu7t5v0__dffq_1)
                                  0.073631    0.323631   library hold time
                                              0.323631   data required time
---------------------------------------------------------------------------------------------
                                              0.323631   data required time
                                             -0.739920   data arrival time
---------------------------------------------------------------------------------------------
                                              0.416289   slack (MET)


Startpoint: _652_ (rising edge-triggered flip-flop clocked by clk)
Endpoint: _652_ (rising edge-triggered flip-flop clocked by clk)
Path Group: clk
Path Type: min

Fanout         Cap        Slew       Delay        Time   Description
---------------------------------------------------------------------------------------------
                      0.150000    0.000000    0.000000   clock clk (rise edge)
                                  0.000000    0.000000   clock network delay (ideal)
                      0.150000    0.000000    0.000000 ^ _652_/CLK (gf180mcu_fd_sc_mcu7t5v0__dffq_1)
     3    0.011149    0.139093    0.560273    0.560273 v _652_/Q (gf180mcu_fd_sc_mcu7t5v0__dffq_1)
                                                         u_r2r_dac_digital.presc[2] (net)
                      0.139093    0.000000    0.560273 v _607_/B (gf180mcu_fd_sc_mcu7t5v0__aoi21_1)
     1    0.004395    0.197764    0.160987    0.721260 ^ _607_/ZN (gf180mcu_fd_sc_mcu7t5v0__aoi21_1)
                                                         _287_ (net)
                      0.197764    0.000000    0.721260 ^ _609_/A1 (gf180mcu_fd_sc_mcu7t5v0__nor2_1)
     1    0.002426    0.091340    0.075509    0.796769 v _609_/ZN (gf180mcu_fd_sc_mcu7t5v0__nor2_1)
                                                         _036_ (net)
                      0.091340    0.000000    0.796769 v _652_/D (gf180mcu_fd_sc_mcu7t5v0__dffq_1)
                                              0.796769   data arrival time

                      0.150000    0.000000    0.000000   clock clk (rise edge)
                                  0.000000    0.000000   clock network delay (ideal)
                                  0.250000    0.250000   clock uncertainty
                                  0.000000    0.250000   clock reconvergence pessimism
                                              0.250000 ^ _652_/CLK (gf180mcu_fd_sc_mcu7t5v0__dffq_1)
                                  0.072546    0.322546   library hold time
                                              0.322546   data required time
---------------------------------------------------------------------------------------------
                                              0.322546   data required time
                                             -0.796769   data arrival time
---------------------------------------------------------------------------------------------
                                              0.474224   slack (MET)


Startpoint: _651_ (rising edge-triggered flip-flop clocked by clk)
Endpoint: _651_ (rising edge-triggered flip-flop clocked by clk)
Path Group: clk
Path Type: min

Fanout         Cap        Slew       Delay        Time   Description
---------------------------------------------------------------------------------------------
                      0.150000    0.000000    0.000000   clock clk (rise edge)
                                  0.000000    0.000000   clock network delay (ideal)
                      0.150000    0.000000    0.000000 ^ _651_/CLK (gf180mcu_fd_sc_mcu7t5v0__dffq_1)
     5    0.021682    0.213997    0.612849    0.612849 v _651_/Q (gf180mcu_fd_sc_mcu7t5v0__dffq_1)
                                                         u_r2r_dac_digital.presc[1] (net)
                      0.213997    0.000000    0.612849 v _606_/A1 (gf180mcu_fd_sc_mcu7t5v0__aoi21_1)
     1    0.002426    0.163304    0.150579    0.763428 ^ _606_/ZN (gf180mcu_fd_sc_mcu7t5v0__aoi21_1)
                                                         _035_ (net)
                      0.163304    0.000000    0.763428 ^ _651_/D (gf180mcu_fd_sc_mcu7t5v0__dffq_1)
                                              0.763428   data arrival time

                      0.150000    0.000000    0.000000   clock clk (rise edge)
                                  0.000000    0.000000   clock network delay (ideal)
                                  0.250000    0.250000   clock uncertainty
                                  0.000000    0.250000   clock reconvergence pessimism
                                              0.250000 ^ _651_/CLK (gf180mcu_fd_sc_mcu7t5v0__dffq_1)
                                  0.036200    0.286200   library hold time
                                              0.286200   data required time
---------------------------------------------------------------------------------------------
                                              0.286200   data required time
                                             -0.763428   data arrival time
---------------------------------------------------------------------------------------------
                                              0.477228   slack (MET)


Startpoint: _657_ (rising edge-triggered flip-flop clocked by clk)
Endpoint: _657_ (rising edge-triggered flip-flop clocked by clk)
Path Group: clk
Path Type: min

Fanout         Cap        Slew       Delay        Time   Description
---------------------------------------------------------------------------------------------
                      0.150000    0.000000    0.000000   clock clk (rise edge)
                                  0.000000    0.000000   clock network delay (ideal)
                      0.150000    0.000000    0.000000 ^ _657_/CLK (gf180mcu_fd_sc_mcu7t5v0__dffq_1)
     2    0.008893    0.122815    0.546873    0.546873 v _657_/Q (gf180mcu_fd_sc_mcu7t5v0__dffq_1)
                                                         u_r2r_dac_digital.presc[7] (net)
                      0.122815    0.000000    0.546873 v _319_/I (gf180mcu_fd_sc_mcu7t5v0__clkinv_1)
     3    0.014495    0.249126    0.173449    0.720322 ^ _319_/ZN (gf180mcu_fd_sc_mcu7t5v0__clkinv_1)
                                                         _304_ (net)
                      0.249126    0.000000    0.720322 ^ _549_/A1 (gf180mcu_fd_sc_mcu7t5v0__aoi21_1)
     1    0.002426    0.112369    0.083552    0.803874 v _549_/ZN (gf180mcu_fd_sc_mcu7t5v0__aoi21_1)
                                                         _008_ (net)
                      0.112369    0.000000    0.803874 v _657_/D (gf180mcu_fd_sc_mcu7t5v0__dffq_1)
                                              0.803874   data arrival time

                      0.150000    0.000000    0.000000   clock clk (rise edge)
                                  0.000000    0.000000   clock network delay (ideal)
                                  0.250000    0.250000   clock uncertainty
                                  0.000000    0.250000   clock reconvergence pessimism
                                              0.250000 ^ _657_/CLK (gf180mcu_fd_sc_mcu7t5v0__dffq_1)
                                  0.067981    0.317981   library hold time
                                              0.317981   data required time
---------------------------------------------------------------------------------------------
                                              0.317981   data required time
                                             -0.803874   data arrival time
---------------------------------------------------------------------------------------------
                                              0.485894   slack (MET)


Startpoint: _650_ (rising edge-triggered flip-flop clocked by clk)
Endpoint: _650_ (rising edge-triggered flip-flop clocked by clk)
Path Group: clk
Path Type: min

Fanout         Cap        Slew       Delay        Time   Description
---------------------------------------------------------------------------------------------
                      0.150000    0.000000    0.000000   clock clk (rise edge)
                                  0.000000    0.000000   clock network delay (ideal)
                      0.150000    0.000000    0.000000 ^ _650_/CLK (gf180mcu_fd_sc_mcu7t5v0__dffq_1)
     6    0.025588    0.241737    0.632008    0.632008 v _650_/Q (gf180mcu_fd_sc_mcu7t5v0__dffq_1)
                                                         u_r2r_dac_digital.presc[0] (net)
                      0.241737    0.000000    0.632008 v _604_/A1 (gf180mcu_fd_sc_mcu7t5v0__nor2_1)
     1    0.002426    0.172294    0.149189    0.781198 ^ _604_/ZN (gf180mcu_fd_sc_mcu7t5v0__nor2_1)
                                                         _034_ (net)
                      0.172294    0.000000    0.781198 ^ _650_/D (gf180mcu_fd_sc_mcu7t5v0__dffq_1)
                                              0.781198   data arrival time

                      0.150000    0.000000    0.000000   clock clk (rise edge)
                                  0.000000    0.000000   clock network delay (ideal)
                                  0.250000    0.250000   clock uncertainty
                                  0.000000    0.250000   clock reconvergence pessimism
                                              0.250000 ^ _650_/CLK (gf180mcu_fd_sc_mcu7t5v0__dffq_1)
                                  0.035485    0.285485   library hold time
                                              0.285485   data required time
---------------------------------------------------------------------------------------------
                                              0.285485   data required time
                                             -0.781198   data arrival time
---------------------------------------------------------------------------------------------
                                              0.495713   slack (MET)


Startpoint: _655_ (rising edge-triggered flip-flop clocked by clk)
Endpoint: _655_ (rising edge-triggered flip-flop clocked by clk)
Path Group: clk
Path Type: min

Fanout         Cap        Slew       Delay        Time   Description
---------------------------------------------------------------------------------------------
                      0.150000    0.000000    0.000000   clock clk (rise edge)
                                  0.000000    0.000000   clock network delay (ideal)
                      0.150000    0.000000    0.000000 ^ _655_/CLK (gf180mcu_fd_sc_mcu7t5v0__dffq_1)
     4    0.015093    0.167203    0.580530    0.580530 v _655_/Q (gf180mcu_fd_sc_mcu7t5v0__dffq_1)
                                                         u_r2r_dac_digital.presc[5] (net)
                      0.167203    0.000000    0.580530 v _615_/B (gf180mcu_fd_sc_mcu7t5v0__aoi21_1)
     1    0.004395    0.199254    0.166763    0.747293 ^ _615_/ZN (gf180mcu_fd_sc_mcu7t5v0__aoi21_1)
                                                         _292_ (net)
                      0.199254    0.000000    0.747293 ^ _617_/A1 (gf180mcu_fd_sc_mcu7t5v0__nor2_1)
     1    0.002426    0.091631    0.075553    0.822846 v _617_/ZN (gf180mcu_fd_sc_mcu7t5v0__nor2_1)
                                                         _039_ (net)
                      0.091631    0.000000    0.822846 v _655_/D (gf180mcu_fd_sc_mcu7t5v0__dffq_1)
                                              0.822846   data arrival time

                      0.150000    0.000000    0.000000   clock clk (rise edge)
                                  0.000000    0.000000   clock network delay (ideal)
                                  0.250000    0.250000   clock uncertainty
                                  0.000000    0.250000   clock reconvergence pessimism
                                              0.250000 ^ _655_/CLK (gf180mcu_fd_sc_mcu7t5v0__dffq_1)
                                  0.072482    0.322482   library hold time
                                              0.322482   data required time
---------------------------------------------------------------------------------------------
                                              0.322482   data required time
                                             -0.822846   data arrival time
---------------------------------------------------------------------------------------------
                                              0.500363   slack (MET)


Startpoint: _654_ (rising edge-triggered flip-flop clocked by clk)
Endpoint: _654_ (rising edge-triggered flip-flop clocked by clk)
Path Group: clk
Path Type: min

Fanout         Cap        Slew       Delay        Time   Description
---------------------------------------------------------------------------------------------
                      0.150000    0.000000    0.000000   clock clk (rise edge)
                                  0.000000    0.000000   clock network delay (ideal)
                      0.150000    0.000000    0.000000 ^ _654_/CLK (gf180mcu_fd_sc_mcu7t5v0__dffq_1)
     6    0.025702    0.242546    0.632567    0.632567 v _654_/Q (gf180mcu_fd_sc_mcu7t5v0__dffq_1)
                                                         u_r2r_dac_digital.presc[4] (net)
                      0.242546    0.000000    0.632567 v _614_/A1 (gf180mcu_fd_sc_mcu7t5v0__aoi21_1)
     1    0.002426    0.164230    0.158147    0.790715 ^ _614_/ZN (gf180mcu_fd_sc_mcu7t5v0__aoi21_1)
                                                         _038_ (net)
                      0.164230    0.000000    0.790715 ^ _654_/D (gf180mcu_fd_sc_mcu7t5v0__dffq_1)
                                              0.790715   data arrival time

                      0.150000    0.000000    0.000000   clock clk (rise edge)
                                  0.000000    0.000000   clock network delay (ideal)
                                  0.250000    0.250000   clock uncertainty
                                  0.000000    0.250000   clock reconvergence pessimism
                                              0.250000 ^ _654_/CLK (gf180mcu_fd_sc_mcu7t5v0__dffq_1)
                                  0.036127    0.286127   library hold time
                                              0.286127   data required time
---------------------------------------------------------------------------------------------
                                              0.286127   data required time
                                             -0.790715   data arrival time
---------------------------------------------------------------------------------------------
                                              0.504588   slack (MET)


Startpoint: _653_ (rising edge-triggered flip-flop clocked by clk)
Endpoint: _653_ (rising edge-triggered flip-flop clocked by clk)
Path Group: clk
Path Type: min

Fanout         Cap        Slew       Delay        Time   Description
---------------------------------------------------------------------------------------------
                      0.150000    0.000000    0.000000   clock clk (rise edge)
                                  0.000000    0.000000   clock network delay (ideal)
                      0.150000    0.000000    0.000000 ^ _653_/CLK (gf180mcu_fd_sc_mcu7t5v0__dffq_1)
     2    0.006987    0.109062    0.535552    0.535552 v _653_/Q (gf180mcu_fd_sc_mcu7t5v0__dffq_1)
                                                         u_r2r_dac_digital.presc[3] (net)
                      0.109062    0.000000    0.535552 v _317_/I (gf180mcu_fd_sc_mcu7t5v0__clkinv_1)
     1    0.004694    0.114316    0.090941    0.626493 ^ _317_/ZN (gf180mcu_fd_sc_mcu7t5v0__clkinv_1)
                                                         _302_ (net)
                      0.114316    0.000000    0.626493 ^ _610_/A1 (gf180mcu_fd_sc_mcu7t5v0__nand2_1)
     1    0.002802    0.088719    0.071061    0.697555 v _610_/ZN (gf180mcu_fd_sc_mcu7t5v0__nand2_1)
                                                         _289_ (net)
                      0.088719    0.000000    0.697555 v _612_/A1 (gf180mcu_fd_sc_mcu7t5v0__and2_1)
     1    0.002426    0.075321    0.181555    0.879110 v _612_/Z (gf180mcu_fd_sc_mcu7t5v0__and2_1)
                                                         _037_ (net)
                      0.075321    0.000000    0.879110 v _653_/D (gf180mcu_fd_sc_mcu7t5v0__dffq_1)
                                              0.879110   data arrival time

                      0.150000    0.000000    0.000000   clock clk (rise edge)
                                  0.000000    0.000000   clock network delay (ideal)
                                  0.250000    0.250000   clock uncertainty
                                  0.000000    0.250000   clock reconvergence pessimism
                                              0.250000 ^ _653_/CLK (gf180mcu_fd_sc_mcu7t5v0__dffq_1)
                                  0.076023    0.326023   library hold time
                                              0.326023   data required time
---------------------------------------------------------------------------------------------
                                              0.326023   data required time
                                             -0.879110   data arrival time
---------------------------------------------------------------------------------------------
                                              0.553087   slack (MET)


Startpoint: _649_ (rising edge-triggered flip-flop clocked by clk)
Endpoint: _620_ (rising edge-triggered flip-flop clocked by clk)
Path Group: clk
Path Type: min

Fanout         Cap        Slew       Delay        Time   Description
---------------------------------------------------------------------------------------------
                      0.150000    0.000000    0.000000   clock clk (rise edge)
                                  0.000000    0.000000   clock network delay (ideal)
                      0.150000    0.000000    0.000000 ^ _649_/CLK (gf180mcu_fd_sc_mcu7t5v0__dffq_1)
     2    0.008621    0.120853    0.545258    0.545258 v _649_/Q (gf180mcu_fd_sc_mcu7t5v0__dffq_1)
                                                         u_r2r_dac_digital.cnt[7] (net)
                      0.120853    0.000000    0.545258 v _309_/I (gf180mcu_fd_sc_mcu7t5v0__clkinv_1)
     2    0.007602    0.154532    0.117608    0.662866 ^ _309_/ZN (gf180mcu_fd_sc_mcu7t5v0__clkinv_1)
                                                         _294_ (net)
                      0.154532    0.000000    0.662866 ^ _343_/A1 (gf180mcu_fd_sc_mcu7t5v0__nand2_1)
     1    0.004140    0.111245    0.086851    0.749717 v _343_/ZN (gf180mcu_fd_sc_mcu7t5v0__nand2_1)
                                                         _059_ (net)
                      0.111245    0.000000    0.749717 v _345_/A2 (gf180mcu_fd_sc_mcu7t5v0__nand3_1)
     7    0.031567    0.677697    0.413703    1.163419 ^ _345_/ZN (gf180mcu_fd_sc_mcu7t5v0__nand3_1)
                                                         _061_ (net)
                      0.677697    0.000000    1.163419 ^ _486_/A1 (gf180mcu_fd_sc_mcu7t5v0__aoi22_1)
     1    0.002426    0.096924    0.083820    1.247239 v _486_/ZN (gf180mcu_fd_sc_mcu7t5v0__aoi22_1)
                                                         _002_ (net)
                      0.096924    0.000000    1.247239 v _620_/D (gf180mcu_fd_sc_mcu7t5v0__dffq_1)
                                              1.247239   data arrival time

                      0.150000    0.000000    0.000000   clock clk (rise edge)
                                  0.000000    0.000000   clock network delay (ideal)
                                  0.250000    0.250000   clock uncertainty
                                  0.000000    0.250000   clock reconvergence pessimism
                                              0.250000 ^ _620_/CLK (gf180mcu_fd_sc_mcu7t5v0__dffq_1)
                                  0.071333    0.321333   library hold time
                                              0.321333   data required time
---------------------------------------------------------------------------------------------
                                              0.321333   data required time
                                             -1.247239   data arrival time
---------------------------------------------------------------------------------------------
                                              0.925906   slack (MET)


Startpoint: _649_ (rising edge-triggered flip-flop clocked by clk)
Endpoint: _621_ (rising edge-triggered flip-flop clocked by clk)
Path Group: clk
Path Type: min

Fanout         Cap        Slew       Delay        Time   Description
---------------------------------------------------------------------------------------------
                      0.150000    0.000000    0.000000   clock clk (rise edge)
                                  0.000000    0.000000   clock network delay (ideal)
                      0.150000    0.000000    0.000000 ^ _649_/CLK (gf180mcu_fd_sc_mcu7t5v0__dffq_1)
     2    0.008621    0.120853    0.545258    0.545258 v _649_/Q (gf180mcu_fd_sc_mcu7t5v0__dffq_1)
                                                         u_r2r_dac_digital.cnt[7] (net)
                      0.120853    0.000000    0.545258 v _309_/I (gf180mcu_fd_sc_mcu7t5v0__clkinv_1)
     2    0.007602    0.154532    0.117608    0.662866 ^ _309_/ZN (gf180mcu_fd_sc_mcu7t5v0__clkinv_1)
                                                         _294_ (net)
                      0.154532    0.000000    0.662866 ^ _343_/A1 (gf180mcu_fd_sc_mcu7t5v0__nand2_1)
     1    0.004140    0.111245    0.086851    0.749717 v _343_/ZN (gf180mcu_fd_sc_mcu7t5v0__nand2_1)
                                                         _059_ (net)
                      0.111245    0.000000    0.749717 v _345_/A2 (gf180mcu_fd_sc_mcu7t5v0__nand3_1)
     7    0.031567    0.677697    0.413703    1.163419 ^ _345_/ZN (gf180mcu_fd_sc_mcu7t5v0__nand3_1)
                                                         _061_ (net)
                      0.677697    0.000000    1.163419 ^ _513_/B2 (gf180mcu_fd_sc_mcu7t5v0__oai32_1)
     1    0.002426    0.090552    0.093633    1.257052 v _513_/ZN (gf180mcu_fd_sc_mcu7t5v0__oai32_1)
                                                         _003_ (net)
                      0.090552    0.000000    1.257052 v _621_/D (gf180mcu_fd_sc_mcu7t5v0__dffq_1)
                                              1.257052   data arrival time

                      0.150000    0.000000    0.000000   clock clk (rise edge)
                                  0.000000    0.000000   clock network delay (ideal)
                                  0.250000    0.250000   clock uncertainty
                                  0.000000    0.250000   clock reconvergence pessimism
                                              0.250000 ^ _621_/CLK (gf180mcu_fd_sc_mcu7t5v0__dffq_1)
                                  0.072717    0.322717   library hold time
                                              0.322717   data required time
---------------------------------------------------------------------------------------------
                                              0.322717   data required time
                                             -1.257052   data arrival time
---------------------------------------------------------------------------------------------
                                              0.934336   slack (MET)


Startpoint: _643_ (rising edge-triggered flip-flop clocked by clk)
Endpoint: _643_ (rising edge-triggered flip-flop clocked by clk)
Path Group: clk
Path Type: min

Fanout         Cap        Slew       Delay        Time   Description
---------------------------------------------------------------------------------------------
                      0.150000    0.000000    0.000000   clock clk (rise edge)
                                  0.000000    0.000000   clock network delay (ideal)
                      0.150000    0.000000    0.000000 ^ _643_/CLK (gf180mcu_fd_sc_mcu7t5v0__dffq_1)
     5    0.021309    0.211348    0.611020    0.611020 v _643_/Q (gf180mcu_fd_sc_mcu7t5v0__dffq_1)
                                                         u_r2r_dac_digital.cnt[1] (net)
                      0.211348    0.000000    0.611020 v _363_/B (gf180mcu_fd_sc_mcu7t5v0__aoi21_1)
     6    0.025339    0.602206    0.400337    1.011357 ^ _363_/ZN (gf180mcu_fd_sc_mcu7t5v0__aoi21_1)
                                                         _074_ (net)
                      0.602206    0.000000    1.011357 ^ _367_/A1 (gf180mcu_fd_sc_mcu7t5v0__nor2_1)
     4    0.014903    0.303640    0.214429    1.225786 v _367_/ZN (gf180mcu_fd_sc_mcu7t5v0__nor2_1)
                                                         _027_ (net)
                      0.303640    0.000000    1.225786 v _643_/D (gf180mcu_fd_sc_mcu7t5v0__dffq_1)
                                              1.225786   data arrival time

                      0.150000    0.000000    0.000000   clock clk (rise edge)
                                  0.000000    0.000000   clock network delay (ideal)
                                  0.250000    0.250000   clock uncertainty
                                  0.000000    0.250000   clock reconvergence pessimism
                                              0.250000 ^ _643_/CLK (gf180mcu_fd_sc_mcu7t5v0__dffq_1)
                                  0.015106    0.265106   library hold time
                                              0.265106   data required time
---------------------------------------------------------------------------------------------
                                              0.265106   data required time
                                             -1.225786   data arrival time
---------------------------------------------------------------------------------------------
                                              0.960679   slack (MET)


Startpoint: _645_ (rising edge-triggered flip-flop clocked by clk)
Endpoint: _622_ (rising edge-triggered flip-flop clocked by clk)
Path Group: clk
Path Type: min

Fanout         Cap        Slew       Delay        Time   Description
---------------------------------------------------------------------------------------------
                      0.150000    0.000000    0.000000   clock clk (rise edge)
                                  0.000000    0.000000   clock network delay (ideal)
                      0.150000    0.000000    0.000000 ^ _645_/CLK (gf180mcu_fd_sc_mcu7t5v0__dffq_1)
     6    0.026244    0.246396    0.635226    0.635226 v _645_/Q (gf180mcu_fd_sc_mcu7t5v0__dffq_1)
                                                         u_r2r_dac_digital.cnt[3] (net)
                      0.246396    0.000000    0.635226 v _523_/A1 (gf180mcu_fd_sc_mcu7t5v0__nand3_1)
     2    0.008864    0.247942    0.207978    0.843204 ^ _523_/ZN (gf180mcu_fd_sc_mcu7t5v0__nand3_1)
                                                         _227_ (net)
                      0.247942    0.000000    0.843204 ^ _529_/B (gf180mcu_fd_sc_mcu7t5v0__oai211_1)
     1    0.004665    0.199242    0.156920    1.000124 v _529_/ZN (gf180mcu_fd_sc_mcu7t5v0__oai211_1)
                                                         _233_ (net)
                      0.199242    0.000000    1.000124 v _530_/A2 (gf180mcu_fd_sc_mcu7t5v0__aoi21_1)
     1    0.004375    0.239799    0.201574    1.201698 ^ _530_/ZN (gf180mcu_fd_sc_mcu7t5v0__aoi21_1)
                                                         _234_ (net)
                      0.239799    0.000000    1.201698 ^ _531_/A3 (gf180mcu_fd_sc_mcu7t5v0__oai31_1)
     1    0.002426    0.123750    0.127150    1.328847 v _531_/ZN (gf180mcu_fd_sc_mcu7t5v0__oai31_1)
                                                         _004_ (net)
                      0.123750    0.000000    1.328847 v _622_/D (gf180mcu_fd_sc_mcu7t5v0__dffq_1)
                                              1.328847   data arrival time

                      0.150000    0.000000    0.000000   clock clk (rise edge)
                                  0.000000    0.000000   clock network delay (ideal)
                                  0.250000    0.250000   clock uncertainty
                                  0.000000    0.250000   clock reconvergence pessimism
                                              0.250000 ^ _622_/CLK (gf180mcu_fd_sc_mcu7t5v0__dffq_1)
                                  0.065510    0.315510   library hold time
                                              0.315510   data required time
---------------------------------------------------------------------------------------------
                                              0.315510   data required time
                                             -1.328847   data arrival time
---------------------------------------------------------------------------------------------
                                              1.013337   slack (MET)


Startpoint: _649_ (rising edge-triggered flip-flop clocked by clk)
Endpoint: _624_ (rising edge-triggered flip-flop clocked by clk)
Path Group: clk
Path Type: min

Fanout         Cap        Slew       Delay        Time   Description
---------------------------------------------------------------------------------------------
                      0.150000    0.000000    0.000000   clock clk (rise edge)
                                  0.000000    0.000000   clock network delay (ideal)
                      0.150000    0.000000    0.000000 ^ _649_/CLK (gf180mcu_fd_sc_mcu7t5v0__dffq_1)
     2    0.008621    0.120853    0.545258    0.545258 v _649_/Q (gf180mcu_fd_sc_mcu7t5v0__dffq_1)
                                                         u_r2r_dac_digital.cnt[7] (net)
                      0.120853    0.000000    0.545258 v _309_/I (gf180mcu_fd_sc_mcu7t5v0__clkinv_1)
     2    0.007602    0.154532    0.117608    0.662866 ^ _309_/ZN (gf180mcu_fd_sc_mcu7t5v0__clkinv_1)
                                                         _294_ (net)
                      0.154532    0.000000    0.662866 ^ _343_/A1 (gf180mcu_fd_sc_mcu7t5v0__nand2_1)
     1    0.004140    0.111245    0.086851    0.749717 v _343_/ZN (gf180mcu_fd_sc_mcu7t5v0__nand2_1)
                                                         _059_ (net)
                      0.111245    0.000000    0.749717 v _345_/A2 (gf180mcu_fd_sc_mcu7t5v0__nand3_1)
     7    0.031567    0.677697    0.413703    1.163419 ^ _345_/ZN (gf180mcu_fd_sc_mcu7t5v0__nand3_1)
                                                         _061_ (net)
                      0.677697    0.000000    1.163419 ^ _545_/I1 (gf180mcu_fd_sc_mcu7t5v0__mux2_2)
     1    0.002426    0.070074    0.238902    1.402321 ^ _545_/Z (gf180mcu_fd_sc_mcu7t5v0__mux2_2)
                                                         _006_ (net)
                      0.070074    0.000000    1.402321 ^ _624_/D (gf180mcu_fd_sc_mcu7t5v0__dffq_1)
                                              1.402321   data arrival time

                      0.150000    0.000000    0.000000   clock clk (rise edge)
                                  0.000000    0.000000   clock network delay (ideal)
                                  0.250000    0.250000   clock uncertainty
                                  0.000000    0.250000   clock reconvergence pessimism
                                              0.250000 ^ _624_/CLK (gf180mcu_fd_sc_mcu7t5v0__dffq_1)
                                  0.043624    0.293624   library hold time
                                              0.293624   data required time
---------------------------------------------------------------------------------------------
                                              0.293624   data required time
                                             -1.402321   data arrival time
---------------------------------------------------------------------------------------------
                                              1.108697   slack (MET)


Startpoint: _649_ (rising edge-triggered flip-flop clocked by clk)
Endpoint: _618_ (rising edge-triggered flip-flop clocked by clk)
Path Group: clk
Path Type: min

Fanout         Cap        Slew       Delay        Time   Description
---------------------------------------------------------------------------------------------
                      0.150000    0.000000    0.000000   clock clk (rise edge)
                                  0.000000    0.000000   clock network delay (ideal)
                      0.150000    0.000000    0.000000 ^ _649_/CLK (gf180mcu_fd_sc_mcu7t5v0__dffq_1)
     2    0.008621    0.120853    0.545258    0.545258 v _649_/Q (gf180mcu_fd_sc_mcu7t5v0__dffq_1)
                                                         u_r2r_dac_digital.cnt[7] (net)
                      0.120853    0.000000    0.545258 v _309_/I (gf180mcu_fd_sc_mcu7t5v0__clkinv_1)
     2    0.007602    0.154532    0.117608    0.662866 ^ _309_/ZN (gf180mcu_fd_sc_mcu7t5v0__clkinv_1)
                                                         _294_ (net)
                      0.154532    0.000000    0.662866 ^ _343_/A1 (gf180mcu_fd_sc_mcu7t5v0__nand2_1)
     1    0.004140    0.111245    0.086851    0.749717 v _343_/ZN (gf180mcu_fd_sc_mcu7t5v0__nand2_1)
                                                         _059_ (net)
                      0.111245    0.000000    0.749717 v _345_/A2 (gf180mcu_fd_sc_mcu7t5v0__nand3_1)
     7    0.031567    0.677697    0.413703    1.163419 ^ _345_/ZN (gf180mcu_fd_sc_mcu7t5v0__nand3_1)
                                                         _061_ (net)
                      0.677697    0.000000    1.163419 ^ _431_/A1 (gf180mcu_fd_sc_mcu7t5v0__nand2_1)
     1    0.004700    0.132206    0.115370    1.278790 v _431_/ZN (gf180mcu_fd_sc_mcu7t5v0__nand2_1)
                                                         _139_ (net)
                      0.132206    0.000000    1.278790 v _432_/A2 (gf180mcu_fd_sc_mcu7t5v0__oai21_1)
     1    0.002426    0.164816    0.149623    1.428413 ^ _432_/ZN (gf180mcu_fd_sc_mcu7t5v0__oai21_1)
                                                         _000_ (net)
                      0.164816    0.000000    1.428413 ^ _618_/D (gf180mcu_fd_sc_mcu7t5v0__dffq_1)
                                              1.428413   data arrival time

                      0.150000    0.000000    0.000000   clock clk (rise edge)
                                  0.000000    0.000000   clock network delay (ideal)
                                  0.250000    0.250000   clock uncertainty
                                  0.000000    0.250000   clock reconvergence pessimism
                                              0.250000 ^ _618_/CLK (gf180mcu_fd_sc_mcu7t5v0__dffq_1)
                                  0.036080    0.286080   library hold time
                                              0.286080   data required time
---------------------------------------------------------------------------------------------
                                              0.286080   data required time
                                             -1.428413   data arrival time
---------------------------------------------------------------------------------------------
                                              1.142333   slack (MET)


Startpoint: _642_ (rising edge-triggered flip-flop clocked by clk)
Endpoint: _642_ (rising edge-triggered flip-flop clocked by clk)
Path Group: clk
Path Type: min

Fanout         Cap        Slew       Delay        Time   Description
---------------------------------------------------------------------------------------------
                      0.150000    0.000000    0.000000   clock clk (rise edge)
                                  0.000000    0.000000   clock network delay (ideal)
                      0.150000    0.000000    0.000000 ^ _642_/CLK (gf180mcu_fd_sc_mcu7t5v0__dffq_1)
     6    0.030213    0.275460    0.654103    0.654103 v _642_/Q (gf180mcu_fd_sc_mcu7t5v0__dffq_1)
                                                         u_r2r_dac_digital.cnt[0] (net)
                      0.275460    0.000000    0.654103 v _316_/I (gf180mcu_fd_sc_mcu7t5v0__clkinv_1)
     4    0.021174    0.356375    0.268005    0.922108 ^ _316_/ZN (gf180mcu_fd_sc_mcu7t5v0__clkinv_1)
                                                         _301_ (net)
                      0.356375    0.000000    0.922108 ^ _369_/A1 (gf180mcu_fd_sc_mcu7t5v0__xor2_1)
     5    0.020987    0.296372    0.247209    1.169317 v _369_/Z (gf180mcu_fd_sc_mcu7t5v0__xor2_1)
                                                         _079_ (net)
                      0.296372    0.000000    1.169317 v _371_/A2 (gf180mcu_fd_sc_mcu7t5v0__nand2_1)
     4    0.017185    0.362214    0.285041    1.454358 ^ _371_/ZN (gf180mcu_fd_sc_mcu7t5v0__nand2_1)
                                                         _081_ (net)
                      0.362214    0.000000    1.454358 ^ _372_/I (gf180mcu_fd_sc_mcu7t5v0__clkinv_1)
     1    0.002426    0.121092    0.086213    1.540571 v _372_/ZN (gf180mcu_fd_sc_mcu7t5v0__clkinv_1)
                                                         _026_ (net)
                      0.121092    0.000000    1.540571 v _642_/D (gf180mcu_fd_sc_mcu7t5v0__dffq_1)
                                              1.540571   data arrival time

                      0.150000    0.000000    0.000000   clock clk (rise edge)
                                  0.000000    0.000000   clock network delay (ideal)
                                  0.250000    0.250000   clock uncertainty
                                  0.000000    0.250000   clock reconvergence pessimism
                                              0.250000 ^ _642_/CLK (gf180mcu_fd_sc_mcu7t5v0__dffq_1)
                                  0.066087    0.316087   library hold time
                                              0.316087   data required time
---------------------------------------------------------------------------------------------
                                              0.316087   data required time
                                             -1.540571   data arrival time
---------------------------------------------------------------------------------------------
                                              1.224484   slack (MET)


Startpoint: _649_ (rising edge-triggered flip-flop clocked by clk)
Endpoint: _625_ (rising edge-triggered flip-flop clocked by clk)
Path Group: clk
Path Type: min

Fanout         Cap        Slew       Delay        Time   Description
---------------------------------------------------------------------------------------------
                      0.150000    0.000000    0.000000   clock clk (rise edge)
                                  0.000000    0.000000   clock network delay (ideal)
                      0.150000    0.000000    0.000000 ^ _649_/CLK (gf180mcu_fd_sc_mcu7t5v0__dffq_1)
     2    0.008621    0.120853    0.545258    0.545258 v _649_/Q (gf180mcu_fd_sc_mcu7t5v0__dffq_1)
                                                         u_r2r_dac_digital.cnt[7] (net)
                      0.120853    0.000000    0.545258 v _309_/I (gf180mcu_fd_sc_mcu7t5v0__clkinv_1)
     2    0.007602    0.154532    0.117608    0.662866 ^ _309_/ZN (gf180mcu_fd_sc_mcu7t5v0__clkinv_1)
                                                         _294_ (net)
                      0.154532    0.000000    0.662866 ^ _343_/A1 (gf180mcu_fd_sc_mcu7t5v0__nand2_1)
     1    0.004140    0.111245    0.086851    0.749717 v _343_/ZN (gf180mcu_fd_sc_mcu7t5v0__nand2_1)
                                                         _059_ (net)
                      0.111245    0.000000    0.749717 v _345_/A2 (gf180mcu_fd_sc_mcu7t5v0__nand3_1)
     7    0.031567    0.677697    0.413703    1.163419 ^ _345_/ZN (gf180mcu_fd_sc_mcu7t5v0__nand3_1)
                                                         _061_ (net)
                      0.677697    0.000000    1.163419 ^ _544_/B (gf180mcu_fd_sc_mcu7t5v0__aoi21_1)
     2    0.008588    0.161295    0.220782    1.384201 v _544_/ZN (gf180mcu_fd_sc_mcu7t5v0__aoi21_1)
                                                         _246_ (net)
                      0.161295    0.000000    1.384201 v _550_/B (gf180mcu_fd_sc_mcu7t5v0__aoi21_1)
     1    0.002426    0.163763    0.143931    1.528132 ^ _550_/ZN (gf180mcu_fd_sc_mcu7t5v0__aoi21_1)
                                                         _009_ (net)
                      0.163763    0.000000    1.528132 ^ _625_/D (gf180mcu_fd_sc_mcu7t5v0__dffq_1)
                                              1.528132   data arrival time

                      0.150000    0.000000    0.000000   clock clk (rise edge)
                                  0.000000    0.000000   clock network delay (ideal)
                                  0.250000    0.250000   clock uncertainty
                                  0.000000    0.250000   clock reconvergence pessimism
                                              0.250000 ^ _625_/CLK (gf180mcu_fd_sc_mcu7t5v0__dffq_1)
                                  0.036164    0.286164   library hold time
                                              0.286164   data required time
---------------------------------------------------------------------------------------------
                                              0.286164   data required time
                                             -1.528132   data arrival time
---------------------------------------------------------------------------------------------
                                              1.241969   slack (MET)


Startpoint: _648_ (rising edge-triggered flip-flop clocked by clk)
Endpoint: _648_ (rising edge-triggered flip-flop clocked by clk)
Path Group: clk
Path Type: min

Fanout         Cap        Slew       Delay        Time   Description
---------------------------------------------------------------------------------------------
                      0.150000    0.000000    0.000000   clock clk (rise edge)
                                  0.000000    0.000000   clock network delay (ideal)
                      0.150000    0.000000    0.000000 ^ _648_/CLK (gf180mcu_fd_sc_mcu7t5v0__dffq_1)
     3    0.012946    0.151955    0.569999    0.569999 v _648_/Q (gf180mcu_fd_sc_mcu7t5v0__dffq_1)
                                                         u_r2r_dac_digital.cnt[6] (net)
                      0.151955    0.000000    0.569999 v _342_/A1 (gf180mcu_fd_sc_mcu7t5v0__nand3_1)
     3    0.011345    0.280388    0.206529    0.776527 ^ _342_/ZN (gf180mcu_fd_sc_mcu7t5v0__nand3_1)
                                                         _058_ (net)
                      0.280388    0.000000    0.776527 ^ _351_/A2 (gf180mcu_fd_sc_mcu7t5v0__nand3_1)
     6    0.025976    0.508524    0.333784    1.110312 v _351_/ZN (gf180mcu_fd_sc_mcu7t5v0__nand3_1)
                                                         _065_ (net)
                      0.508524    0.000000    1.110312 v _352_/I (gf180mcu_fd_sc_mcu7t5v0__clkinv_1)
     8    0.032329    0.531195    0.421886    1.532198 ^ _352_/ZN (gf180mcu_fd_sc_mcu7t5v0__clkinv_1)
                                                         _032_ (net)
                      0.531195    0.000000    1.532198 ^ _648_/D (gf180mcu_fd_sc_mcu7t5v0__dffq_1)
                                              1.532198   data arrival time

                      0.150000    0.000000    0.000000   clock clk (rise edge)
                                  0.000000    0.000000   clock network delay (ideal)
                                  0.250000    0.250000   clock uncertainty
                                  0.000000    0.250000   clock reconvergence pessimism
                                              0.250000 ^ _648_/CLK (gf180mcu_fd_sc_mcu7t5v0__dffq_1)
                                  0.032503    0.282503   library hold time
                                              0.282503   data required time
---------------------------------------------------------------------------------------------
                                              0.282503   data required time
                                             -1.532198   data arrival time
---------------------------------------------------------------------------------------------
                                              1.249694   slack (MET)


Startpoint: _648_ (rising edge-triggered flip-flop clocked by clk)
Endpoint: _619_ (rising edge-triggered flip-flop clocked by clk)
Path Group: clk
Path Type: min

Fanout         Cap        Slew       Delay        Time   Description
---------------------------------------------------------------------------------------------
                      0.150000    0.000000    0.000000   clock clk (rise edge)
                                  0.000000    0.000000   clock network delay (ideal)
                      0.150000    0.000000    0.000000 ^ _648_/CLK (gf180mcu_fd_sc_mcu7t5v0__dffq_1)
     3    0.012946    0.151955    0.569999    0.569999 v _648_/Q (gf180mcu_fd_sc_mcu7t5v0__dffq_1)
                                                         u_r2r_dac_digital.cnt[6] (net)
                      0.151955    0.000000    0.569999 v _310_/I (gf180mcu_fd_sc_mcu7t5v0__clkinv_1)
     1    0.004677    0.120922    0.101982    0.671980 ^ _310_/ZN (gf180mcu_fd_sc_mcu7t5v0__clkinv_1)
                                                         _295_ (net)
                      0.120922    0.000000    0.671980 ^ _350_/B (gf180mcu_fd_sc_mcu7t5v0__oai21_1)
     1    0.004224    0.103195    0.094203    0.766183 v _350_/ZN (gf180mcu_fd_sc_mcu7t5v0__oai21_1)
                                                         _064_ (net)
                      0.103195    0.000000    0.766183 v _351_/A3 (gf180mcu_fd_sc_mcu7t5v0__nand3_1)
     6    0.025976    0.578791    0.373364    1.139547 ^ _351_/ZN (gf180mcu_fd_sc_mcu7t5v0__nand3_1)
                                                         _065_ (net)
                      0.578791    0.000000    1.139547 ^ _457_/A1 (gf180mcu_fd_sc_mcu7t5v0__oai32_1)
     2    0.009141    0.138787    0.161853    1.301399 v _457_/ZN (gf180mcu_fd_sc_mcu7t5v0__oai32_1)
                                                         _164_ (net)
                      0.138787    0.000000    1.301399 v _467_/A1 (gf180mcu_fd_sc_mcu7t5v0__oai21_1)
     1    0.004581    0.234665    0.169789    1.471189 ^ _467_/ZN (gf180mcu_fd_sc_mcu7t5v0__oai21_1)
                                                         _174_ (net)
                      0.234665    0.000000    1.471189 ^ _470_/B (gf180mcu_fd_sc_mcu7t5v0__oai31_1)
     1    0.002426    0.123578    0.100168    1.571357 v _470_/ZN (gf180mcu_fd_sc_mcu7t5v0__oai31_1)
                                                         _001_ (net)
                      0.123578    0.000000    1.571357 v _619_/D (gf180mcu_fd_sc_mcu7t5v0__dffq_1)
                                              1.571357   data arrival time

                      0.150000    0.000000    0.000000   clock clk (rise edge)
                                  0.000000    0.000000   clock network delay (ideal)
                                  0.250000    0.250000   clock uncertainty
                                  0.000000    0.250000   clock reconvergence pessimism
                                              0.250000 ^ _619_/CLK (gf180mcu_fd_sc_mcu7t5v0__dffq_1)
                                  0.065547    0.315547   library hold time
                                              0.315547   data required time
---------------------------------------------------------------------------------------------
                                              0.315547   data required time
                                             -1.571357   data arrival time
---------------------------------------------------------------------------------------------
                                              1.255810   slack (MET)


Startpoint: _648_ (rising edge-triggered flip-flop clocked by clk)
Endpoint: _623_ (rising edge-triggered flip-flop clocked by clk)
Path Group: clk
Path Type: min

Fanout         Cap        Slew       Delay        Time   Description
---------------------------------------------------------------------------------------------
                      0.150000    0.000000    0.000000   clock clk (rise edge)
                                  0.000000    0.000000   clock network delay (ideal)
                      0.150000    0.000000    0.000000 ^ _648_/CLK (gf180mcu_fd_sc_mcu7t5v0__dffq_1)
     3    0.012946    0.151955    0.569999    0.569999 v _648_/Q (gf180mcu_fd_sc_mcu7t5v0__dffq_1)
                                                         u_r2r_dac_digital.cnt[6] (net)
                      0.151955    0.000000    0.569999 v _310_/I (gf180mcu_fd_sc_mcu7t5v0__clkinv_1)
     1    0.004677    0.120922    0.101982    0.671980 ^ _310_/ZN (gf180mcu_fd_sc_mcu7t5v0__clkinv_1)
                                                         _295_ (net)
                      0.120922    0.000000    0.671980 ^ _350_/B (gf180mcu_fd_sc_mcu7t5v0__oai21_1)
     1    0.004224    0.103195    0.094203    0.766183 v _350_/ZN (gf180mcu_fd_sc_mcu7t5v0__oai21_1)
                                                         _064_ (net)
                      0.103195    0.000000    0.766183 v _351_/A3 (gf180mcu_fd_sc_mcu7t5v0__nand3_1)
     6    0.025976    0.578791    0.373364    1.139547 ^ _351_/ZN (gf180mcu_fd_sc_mcu7t5v0__nand3_1)
                                                         _065_ (net)
                      0.578791    0.000000    1.139547 ^ _537_/A1 (gf180mcu_fd_sc_mcu7t5v0__nor2_1)
     2    0.008592    0.204923    0.151176    1.290723 v _537_/ZN (gf180mcu_fd_sc_mcu7t5v0__nor2_1)
                                                         _240_ (net)
                      0.204923    0.000000    1.290723 v _539_/B1 (gf180mcu_fd_sc_mcu7t5v0__aoi22_1)
     2    0.008976    0.258452    0.237573    1.528295 ^ _539_/ZN (gf180mcu_fd_sc_mcu7t5v0__aoi22_1)
                                                         _242_ (net)
                      0.258452    0.000000    1.528295 ^ _542_/A2 (gf180mcu_fd_sc_mcu7t5v0__oai31_1)
     1    0.002426    0.123895    0.121794    1.650090 v _542_/ZN (gf180mcu_fd_sc_mcu7t5v0__oai31_1)
                                                         _005_ (net)
                      0.123895    0.000000    1.650090 v _623_/D (gf180mcu_fd_sc_mcu7t5v0__dffq_1)
                                              1.650090   data arrival time

                      0.150000    0.000000    0.000000   clock clk (rise edge)
                                  0.000000    0.000000   clock network delay (ideal)
                                  0.250000    0.250000   clock uncertainty
                                  0.000000    0.250000   clock reconvergence pessimism
                                              0.250000 ^ _623_/CLK (gf180mcu_fd_sc_mcu7t5v0__dffq_1)
                                  0.065478    0.315478   library hold time
                                              0.315478   data required time
---------------------------------------------------------------------------------------------
                                              0.315478   data required time
                                             -1.650090   data arrival time
---------------------------------------------------------------------------------------------
                                              1.334611   slack (MET)


Startpoint: _649_ (rising edge-triggered flip-flop clocked by clk)
Endpoint: _649_ (rising edge-triggered flip-flop clocked by clk)
Path Group: clk
Path Type: min

Fanout         Cap        Slew       Delay        Time   Description
---------------------------------------------------------------------------------------------
                      0.150000    0.000000    0.000000   clock clk (rise edge)
                                  0.000000    0.000000   clock network delay (ideal)
                      0.150000    0.000000    0.000000 ^ _649_/CLK (gf180mcu_fd_sc_mcu7t5v0__dffq_1)
     2    0.008621    0.176672    0.610351    0.610351 ^ _649_/Q (gf180mcu_fd_sc_mcu7t5v0__dffq_1)
                                                         u_r2r_dac_digital.cnt[7] (net)
                      0.176672    0.000000    0.610351 ^ _309_/I (gf180mcu_fd_sc_mcu7t5v0__clkinv_1)
     2    0.007602    0.141031    0.117082    0.727433 v _309_/ZN (gf180mcu_fd_sc_mcu7t5v0__clkinv_1)
                                                         _294_ (net)
                      0.141031    0.000000    0.727433 v _343_/A1 (gf180mcu_fd_sc_mcu7t5v0__nand2_1)
     1    0.004140    0.128004    0.111796    0.839229 ^ _343_/ZN (gf180mcu_fd_sc_mcu7t5v0__nand2_1)
                                                         _059_ (net)
                      0.128004    0.000000    0.839229 ^ _345_/A2 (gf180mcu_fd_sc_mcu7t5v0__nand3_1)
     7    0.031567    0.600115    0.368921    1.208150 v _345_/ZN (gf180mcu_fd_sc_mcu7t5v0__nand3_1)
                                                         _061_ (net)
                      0.600115    0.000000    1.208150 v _346_/I (gf180mcu_fd_sc_mcu7t5v0__clkinv_1)
    10    0.042456    0.679494    0.527507    1.735656 ^ _346_/ZN (gf180mcu_fd_sc_mcu7t5v0__clkinv_1)
                                                         _033_ (net)
                      0.679494    0.000000    1.735656 ^ _649_/D (gf180mcu_fd_sc_mcu7t5v0__dffq_1)
                                              1.735656   data arrival time

                      0.150000    0.000000    0.000000   clock clk (rise edge)
                                  0.000000    0.000000   clock network delay (ideal)
                                  0.250000    0.250000   clock uncertainty
                                  0.000000    0.250000   clock reconvergence pessimism
                                              0.250000 ^ _649_/CLK (gf180mcu_fd_sc_mcu7t5v0__dffq_1)
                                  0.037866    0.287866   library hold time
                                              0.287866   data required time
---------------------------------------------------------------------------------------------
                                              0.287866   data required time
                                             -1.735656   data arrival time
---------------------------------------------------------------------------------------------
                                              1.447791   slack (MET)


Startpoint: _647_ (rising edge-triggered flip-flop clocked by clk)
Endpoint: _647_ (rising edge-triggered flip-flop clocked by clk)
Path Group: clk
Path Type: min

Fanout         Cap        Slew       Delay        Time   Description
---------------------------------------------------------------------------------------------
                      0.150000    0.000000    0.000000   clock clk (rise edge)
                                  0.000000    0.000000   clock network delay (ideal)
                      0.150000    0.000000    0.000000 ^ _647_/CLK (gf180mcu_fd_sc_mcu7t5v0__dffq_1)
     4    0.017455    0.183978    0.592116    0.592116 v _647_/Q (gf180mcu_fd_sc_mcu7t5v0__dffq_1)
                                                         u_r2r_dac_digital.cnt[5] (net)
                      0.183978    0.000000    0.592116 v _341_/A1 (gf180mcu_fd_sc_mcu7t5v0__nand2_1)
     1    0.004140    0.133371    0.123433    0.715549 ^ _341_/ZN (gf180mcu_fd_sc_mcu7t5v0__nand2_1)
                                                         _057_ (net)
                      0.133371    0.000000    0.715549 ^ _348_/A2 (gf180mcu_fd_sc_mcu7t5v0__nand3_1)
     9    0.038156    0.708700    0.429227    1.144776 v _348_/ZN (gf180mcu_fd_sc_mcu7t5v0__nand3_1)
                                                         _063_ (net)
                      0.708700    0.000000    1.144776 v _349_/I (gf180mcu_fd_sc_mcu7t5v0__clkinv_1)
    12    0.049582    0.780432    0.615746    1.760522 ^ _349_/ZN (gf180mcu_fd_sc_mcu7t5v0__clkinv_1)
                                                         _031_ (net)
                      0.780432    0.000000    1.760522 ^ _647_/D (gf180mcu_fd_sc_mcu7t5v0__dffq_1)
                                              1.760522   data arrival time

                      0.150000    0.000000    0.000000   clock clk (rise edge)
                                  0.000000    0.000000   clock network delay (ideal)
                                  0.250000    0.250000   clock uncertainty
                                  0.000000    0.250000   clock reconvergence pessimism
                                              0.250000 ^ _647_/CLK (gf180mcu_fd_sc_mcu7t5v0__dffq_1)
                                  0.041515    0.291515   library hold time
                                              0.291515   data required time
---------------------------------------------------------------------------------------------
                                              0.291515   data required time
                                             -1.760522   data arrival time
---------------------------------------------------------------------------------------------
                                              1.469007   slack (MET)


Startpoint: _644_ (rising edge-triggered flip-flop clocked by clk)
Endpoint: _644_ (rising edge-triggered flip-flop clocked by clk)
Path Group: clk
Path Type: min

Fanout         Cap        Slew       Delay        Time   Description
---------------------------------------------------------------------------------------------
                      0.150000    0.000000    0.000000   clock clk (rise edge)
                                  0.000000    0.000000   clock network delay (ideal)
                      0.150000    0.000000    0.000000 ^ _644_/CLK (gf180mcu_fd_sc_mcu7t5v0__dffq_1)
     5    0.021937    0.363085    0.715289    0.715289 ^ _644_/Q (gf180mcu_fd_sc_mcu7t5v0__dffq_1)
                                                         u_r2r_dac_digital.cnt[2] (net)
                      0.363085    0.000000    0.715289 ^ _314_/I (gf180mcu_fd_sc_mcu7t5v0__clkinv_1)
     3    0.013222    0.243802    0.192033    0.907322 v _314_/ZN (gf180mcu_fd_sc_mcu7t5v0__clkinv_1)
                                                         _299_ (net)
                      0.243802    0.000000    0.907322 v _383_/B (gf180mcu_fd_sc_mcu7t5v0__oai21_1)
     4    0.017593    0.406637    0.301481    1.208803 ^ _383_/ZN (gf180mcu_fd_sc_mcu7t5v0__oai21_1)
                                                         _092_ (net)
                      0.406637    0.000000    1.208803 ^ _386_/A1 (gf180mcu_fd_sc_mcu7t5v0__nand2_1)
    16    0.073558    0.937187    0.608842    1.817644 v _386_/ZN (gf180mcu_fd_sc_mcu7t5v0__nand2_1)
                                                         _095_ (net)
                      0.937187    0.000000    1.817644 v _387_/I (gf180mcu_fd_sc_mcu7t5v0__clkinv_1)
    11    0.047010    0.786419    0.657493    2.475137 ^ _387_/ZN (gf180mcu_fd_sc_mcu7t5v0__clkinv_1)
                                                         _028_ (net)
                      0.786419    0.000000    2.475137 ^ _644_/D (gf180mcu_fd_sc_mcu7t5v0__dffq_1)
                                              2.475137   data arrival time

                      0.150000    0.000000    0.000000   clock clk (rise edge)
                                  0.000000    0.000000   clock network delay (ideal)
                                  0.250000    0.250000   clock uncertainty
                                  0.000000    0.250000   clock reconvergence pessimism
                                              0.250000 ^ _644_/CLK (gf180mcu_fd_sc_mcu7t5v0__dffq_1)
                                  0.041732    0.291732   library hold time
                                              0.291732   data required time
---------------------------------------------------------------------------------------------
                                              0.291732   data required time
                                             -2.475137   data arrival time
---------------------------------------------------------------------------------------------
                                              2.183406   slack (MET)


Startpoint: _646_ (rising edge-triggered flip-flop clocked by clk)
Endpoint: _646_ (rising edge-triggered flip-flop clocked by clk)
Path Group: clk
Path Type: min

Fanout         Cap        Slew       Delay        Time   Description
---------------------------------------------------------------------------------------------
                      0.150000    0.000000    0.000000   clock clk (rise edge)
                                  0.000000    0.000000   clock network delay (ideal)
                      0.150000    0.000000    0.000000 ^ _646_/CLK (gf180mcu_fd_sc_mcu7t5v0__dffq_1)
     3    0.012964    0.152083    0.570087    0.570087 v _646_/Q (gf180mcu_fd_sc_mcu7t5v0__dffq_1)
                                                         u_r2r_dac_digital.cnt[4] (net)
                      0.152083    0.000000    0.570087 v _340_/A1 (gf180mcu_fd_sc_mcu7t5v0__nand4_1)
     3    0.013274    0.372430    0.259617    0.829704 ^ _340_/ZN (gf180mcu_fd_sc_mcu7t5v0__nand4_1)
                                                         _056_ (net)
                      0.372430    0.000000    0.829704 ^ _356_/A2 (gf180mcu_fd_sc_mcu7t5v0__nand3_1)
    18    0.079400    1.389245    0.826331    1.656035 v _356_/ZN (gf180mcu_fd_sc_mcu7t5v0__nand3_1)
                                                         _069_ (net)
                      1.389245    0.000000    1.656035 v _357_/I (gf180mcu_fd_sc_mcu7t5v0__clkinv_1)
    23    0.096071    1.476339    1.176473    2.832508 ^ _357_/ZN (gf180mcu_fd_sc_mcu7t5v0__clkinv_1)
                                                         _030_ (net)
                      1.476339    0.000000    2.832508 ^ _646_/D (gf180mcu_fd_sc_mcu7t5v0__dffq_1)
                                              2.832508   data arrival time

                      0.150000    0.000000    0.000000   clock clk (rise edge)
                                  0.000000    0.000000   clock network delay (ideal)
                                  0.250000    0.250000   clock uncertainty
                                  0.000000    0.250000   clock reconvergence pessimism
                                              0.250000 ^ _646_/CLK (gf180mcu_fd_sc_mcu7t5v0__dffq_1)
                                  0.095433    0.345433   library hold time
                                              0.345433   data required time
---------------------------------------------------------------------------------------------
                                              0.345433   data required time
                                             -2.832508   data arrival time
---------------------------------------------------------------------------------------------
                                              2.487075   slack (MET)


Startpoint: _645_ (rising edge-triggered flip-flop clocked by clk)
Endpoint: _645_ (rising edge-triggered flip-flop clocked by clk)
Path Group: clk
Path Type: min

Fanout         Cap        Slew       Delay        Time   Description
---------------------------------------------------------------------------------------------
                      0.150000    0.000000    0.000000   clock clk (rise edge)
                                  0.000000    0.000000   clock network delay (ideal)
                      0.150000    0.000000    0.000000 ^ _645_/CLK (gf180mcu_fd_sc_mcu7t5v0__dffq_1)
     6    0.026244    0.246396    0.635226    0.635226 v _645_/Q (gf180mcu_fd_sc_mcu7t5v0__dffq_1)
                                                         u_r2r_dac_digital.cnt[3] (net)
                      0.246396    0.000000    0.635226 v _338_/A1 (gf180mcu_fd_sc_mcu7t5v0__nand3_1)
     2    0.007091    0.219764    0.189624    0.824850 ^ _338_/ZN (gf180mcu_fd_sc_mcu7t5v0__nand3_1)
                                                         _054_ (net)
                      0.219764    0.000000    0.824850 ^ _359_/A2 (gf180mcu_fd_sc_mcu7t5v0__nand3_1)
    23    0.105244    1.815007    1.045133    1.869984 v _359_/ZN (gf180mcu_fd_sc_mcu7t5v0__nand3_1)
                                                         _071_ (net)
                      1.815007    0.000000    1.869984 v _360_/I (gf180mcu_fd_sc_mcu7t5v0__clkinv_1)
    23    0.097030    1.565145    1.305088    3.175072 ^ _360_/ZN (gf180mcu_fd_sc_mcu7t5v0__clkinv_1)
                                                         _029_ (net)
                      1.565145    0.000000    3.175072 ^ _645_/D (gf180mcu_fd_sc_mcu7t5v0__dffq_1)
                                              3.175072   data arrival time

                      0.150000    0.000000    0.000000   clock clk (rise edge)
                                  0.000000    0.000000   clock network delay (ideal)
                                  0.250000    0.250000   clock uncertainty
                                  0.000000    0.250000   clock reconvergence pessimism
                                              0.250000 ^ _645_/CLK (gf180mcu_fd_sc_mcu7t5v0__dffq_1)
                                  0.103798    0.353798   library hold time
                                              0.353798   data required time
---------------------------------------------------------------------------------------------
                                              0.353798   data required time
                                             -3.175072   data arrival time
---------------------------------------------------------------------------------------------
                                              2.821274   slack (MET)


Startpoint: _626_ (rising edge-triggered flip-flop clocked by clk)
Endpoint: uo_out[0] (output port clocked by clk)
Path Group: clk
Path Type: min

Fanout         Cap        Slew       Delay        Time   Description
---------------------------------------------------------------------------------------------
                      0.150000    0.000000    0.000000   clock clk (rise edge)
                                  0.000000    0.000000   clock network delay (ideal)
                      0.150000    0.000000    0.000000 ^ _626_/CLK (gf180mcu_fd_sc_mcu7t5v0__dffq_1)
     2    0.072910    0.604950    0.848554    0.848554 v _626_/Q (gf180mcu_fd_sc_mcu7t5v0__dffq_1)
                                                         uo_out[0] (net)
                      0.604950    0.000000    0.848554 v uo_out[0] (out)
                                              0.848554   data arrival time

                      0.150000    0.000000    0.000000   clock clk (rise edge)
                                  0.000000    0.000000   clock network delay (ideal)
                                  0.250000    0.250000   clock uncertainty
                                  0.000000    0.250000   clock reconvergence pessimism
                                 -4.000000   -3.750000   output external delay
                                             -3.750000   data required time
---------------------------------------------------------------------------------------------
                                             -3.750000   data required time
                                             -0.848554   data arrival time
---------------------------------------------------------------------------------------------
                                              4.598554   slack (MET)


Startpoint: _627_ (rising edge-triggered flip-flop clocked by clk)
Endpoint: uo_out[1] (output port clocked by clk)
Path Group: clk
Path Type: min

Fanout         Cap        Slew       Delay        Time   Description
---------------------------------------------------------------------------------------------
                      0.150000    0.000000    0.000000   clock clk (rise edge)
                                  0.000000    0.000000   clock network delay (ideal)
                      0.150000    0.000000    0.000000 ^ _627_/CLK (gf180mcu_fd_sc_mcu7t5v0__dffq_1)
     2    0.072910    0.604950    0.848554    0.848554 v _627_/Q (gf180mcu_fd_sc_mcu7t5v0__dffq_1)
                                                         uo_out[1] (net)
                      0.604950    0.000000    0.848554 v uo_out[1] (out)
                                              0.848554   data arrival time

                      0.150000    0.000000    0.000000   clock clk (rise edge)
                                  0.000000    0.000000   clock network delay (ideal)
                                  0.250000    0.250000   clock uncertainty
                                  0.000000    0.250000   clock reconvergence pessimism
                                 -4.000000   -3.750000   output external delay
                                             -3.750000   data required time
---------------------------------------------------------------------------------------------
                                             -3.750000   data required time
                                             -0.848554   data arrival time
---------------------------------------------------------------------------------------------
                                              4.598554   slack (MET)


Startpoint: _628_ (rising edge-triggered flip-flop clocked by clk)
Endpoint: uo_out[2] (output port clocked by clk)
Path Group: clk
Path Type: min

Fanout         Cap        Slew       Delay        Time   Description
---------------------------------------------------------------------------------------------
                      0.150000    0.000000    0.000000   clock clk (rise edge)
                                  0.000000    0.000000   clock network delay (ideal)
                      0.150000    0.000000    0.000000 ^ _628_/CLK (gf180mcu_fd_sc_mcu7t5v0__dffq_1)
     2    0.072910    0.604950    0.848554    0.848554 v _628_/Q (gf180mcu_fd_sc_mcu7t5v0__dffq_1)
                                                         uo_out[2] (net)
                      0.604950    0.000000    0.848554 v uo_out[2] (out)
                                              0.848554   data arrival time

                      0.150000    0.000000    0.000000   clock clk (rise edge)
                                  0.000000    0.000000   clock network delay (ideal)
                                  0.250000    0.250000   clock uncertainty
                                  0.000000    0.250000   clock reconvergence pessimism
                                 -4.000000   -3.750000   output external delay
                                             -3.750000   data required time
---------------------------------------------------------------------------------------------
                                             -3.750000   data required time
                                             -0.848554   data arrival time
---------------------------------------------------------------------------------------------
                                              4.598554   slack (MET)


Startpoint: _629_ (rising edge-triggered flip-flop clocked by clk)
Endpoint: uo_out[3] (output port clocked by clk)
Path Group: clk
Path Type: min

Fanout         Cap        Slew       Delay        Time   Description
---------------------------------------------------------------------------------------------
                      0.150000    0.000000    0.000000   clock clk (rise edge)
                                  0.000000    0.000000   clock network delay (ideal)
                      0.150000    0.000000    0.000000 ^ _629_/CLK (gf180mcu_fd_sc_mcu7t5v0__dffq_1)
     2    0.072910    0.604950    0.848554    0.848554 v _629_/Q (gf180mcu_fd_sc_mcu7t5v0__dffq_1)
                                                         uo_out[3] (net)
                      0.604950    0.000000    0.848554 v uo_out[3] (out)
                                              0.848554   data arrival time

                      0.150000    0.000000    0.000000   clock clk (rise edge)
                                  0.000000    0.000000   clock network delay (ideal)
                                  0.250000    0.250000   clock uncertainty
                                  0.000000    0.250000   clock reconvergence pessimism
                                 -4.000000   -3.750000   output external delay
                                             -3.750000   data required time
---------------------------------------------------------------------------------------------
                                             -3.750000   data required time
                                             -0.848554   data arrival time
---------------------------------------------------------------------------------------------
                                              4.598554   slack (MET)


Startpoint: _630_ (rising edge-triggered flip-flop clocked by clk)
Endpoint: uo_out[4] (output port clocked by clk)
Path Group: clk
Path Type: min

Fanout         Cap        Slew       Delay        Time   Description
---------------------------------------------------------------------------------------------
                      0.150000    0.000000    0.000000   clock clk (rise edge)
                                  0.000000    0.000000   clock network delay (ideal)
                      0.150000    0.000000    0.000000 ^ _630_/CLK (gf180mcu_fd_sc_mcu7t5v0__dffq_1)
     2    0.072910    0.604950    0.848554    0.848554 v _630_/Q (gf180mcu_fd_sc_mcu7t5v0__dffq_1)
                                                         uo_out[4] (net)
                      0.604950    0.000000    0.848554 v uo_out[4] (out)
                                              0.848554   data arrival time

                      0.150000    0.000000    0.000000   clock clk (rise edge)
                                  0.000000    0.000000   clock network delay (ideal)
                                  0.250000    0.250000   clock uncertainty
                                  0.000000    0.250000   clock reconvergence pessimism
                                 -4.000000   -3.750000   output external delay
                                             -3.750000   data required time
---------------------------------------------------------------------------------------------
                                             -3.750000   data required time
                                             -0.848554   data arrival time
---------------------------------------------------------------------------------------------
                                              4.598554   slack (MET)


Startpoint: _631_ (rising edge-triggered flip-flop clocked by clk)
Endpoint: uo_out[5] (output port clocked by clk)
Path Group: clk
Path Type: min

Fanout         Cap        Slew       Delay        Time   Description
---------------------------------------------------------------------------------------------
                      0.150000    0.000000    0.000000   clock clk (rise edge)
                                  0.000000    0.000000   clock network delay (ideal)
                      0.150000    0.000000    0.000000 ^ _631_/CLK (gf180mcu_fd_sc_mcu7t5v0__dffq_1)
     2    0.072910    0.604950    0.848554    0.848554 v _631_/Q (gf180mcu_fd_sc_mcu7t5v0__dffq_1)
                                                         uo_out[5] (net)
                      0.604950    0.000000    0.848554 v uo_out[5] (out)
                                              0.848554   data arrival time

                      0.150000    0.000000    0.000000   clock clk (rise edge)
                                  0.000000    0.000000   clock network delay (ideal)
                                  0.250000    0.250000   clock uncertainty
                                  0.000000    0.250000   clock reconvergence pessimism
                                 -4.000000   -3.750000   output external delay
                                             -3.750000   data required time
---------------------------------------------------------------------------------------------
                                             -3.750000   data required time
                                             -0.848554   data arrival time
---------------------------------------------------------------------------------------------
                                              4.598554   slack (MET)


Startpoint: _632_ (rising edge-triggered flip-flop clocked by clk)
Endpoint: uo_out[6] (output port clocked by clk)
Path Group: clk
Path Type: min

Fanout         Cap        Slew       Delay        Time   Description
---------------------------------------------------------------------------------------------
                      0.150000    0.000000    0.000000   clock clk (rise edge)
                                  0.000000    0.000000   clock network delay (ideal)
                      0.150000    0.000000    0.000000 ^ _632_/CLK (gf180mcu_fd_sc_mcu7t5v0__dffq_1)
     2    0.072910    0.604950    0.848554    0.848554 v _632_/Q (gf180mcu_fd_sc_mcu7t5v0__dffq_1)
                                                         uo_out[6] (net)
                      0.604950    0.000000    0.848554 v uo_out[6] (out)
                                              0.848554   data arrival time

                      0.150000    0.000000    0.000000   clock clk (rise edge)
                                  0.000000    0.000000   clock network delay (ideal)
                                  0.250000    0.250000   clock uncertainty
                                  0.000000    0.250000   clock reconvergence pessimism
                                 -4.000000   -3.750000   output external delay
                                             -3.750000   data required time
---------------------------------------------------------------------------------------------
                                             -3.750000   data required time
                                             -0.848554   data arrival time
---------------------------------------------------------------------------------------------
                                              4.598554   slack (MET)


Startpoint: _633_ (rising edge-triggered flip-flop clocked by clk)
Endpoint: uo_out[7] (output port clocked by clk)
Path Group: clk
Path Type: min

Fanout         Cap        Slew       Delay        Time   Description
---------------------------------------------------------------------------------------------
                      0.150000    0.000000    0.000000   clock clk (rise edge)
                                  0.000000    0.000000   clock network delay (ideal)
                      0.150000    0.000000    0.000000 ^ _633_/CLK (gf180mcu_fd_sc_mcu7t5v0__dffq_1)
     2    0.072910    0.604950    0.848554    0.848554 v _633_/Q (gf180mcu_fd_sc_mcu7t5v0__dffq_1)
                                                         uo_out[7] (net)
                      0.604950    0.000000    0.848554 v uo_out[7] (out)
                                              0.848554   data arrival time

                      0.150000    0.000000    0.000000   clock clk (rise edge)
                                  0.000000    0.000000   clock network delay (ideal)
                                  0.250000    0.250000   clock uncertainty
                                  0.000000    0.250000   clock reconvergence pessimism
                                 -4.000000   -3.750000   output external delay
                                             -3.750000   data required time
---------------------------------------------------------------------------------------------
                                             -3.750000   data required time
                                             -0.848554   data arrival time
---------------------------------------------------------------------------------------------
                                              4.598554   slack (MET)



%OL_END_REPORT
%OL_CREATE_REPORT max.rpt

===========================================================================
report_checks -path_delay max (Setup)
============================================================================
======================= nom_ff_n40C_3v60 Corner ===================================

Startpoint: uio_in[2] (input port clocked by clk)
Endpoint: _618_ (rising edge-triggered flip-flop clocked by clk)
Path Group: clk
Path Type: max

Fanout         Cap        Slew       Delay        Time   Description
---------------------------------------------------------------------------------------------
                      0.150000    0.000000    0.000000   clock clk (rise edge)
                                  0.000000    0.000000   clock network delay (ideal)
                                  4.000000    4.000000 ^ input external delay
     2    0.008805    0.169256    0.079992    4.079992 ^ uio_in[2] (in)
                                                         uio_in[2] (net)
                      0.169256    0.000000    4.079992 ^ _320_/I (gf180mcu_fd_sc_mcu7t5v0__clkinv_1)
     1    0.003974    0.102854    0.096304    4.176296 v _320_/ZN (gf180mcu_fd_sc_mcu7t5v0__clkinv_1)
                                                         _305_ (net)
                      0.102854    0.000000    4.176296 v _329_/B (gf180mcu_fd_sc_mcu7t5v0__aoi21_1)
    12    0.059986    1.713937    1.098446    5.274743 ^ _329_/ZN (gf180mcu_fd_sc_mcu7t5v0__aoi21_1)
                                                         _045_ (net)
                      1.713937    0.000000    5.274743 ^ _358_/A1 (gf180mcu_fd_sc_mcu7t5v0__oai21_1)
     2    0.007083    0.431787    0.131066    5.405808 v _358_/ZN (gf180mcu_fd_sc_mcu7t5v0__oai21_1)
                                                         _070_ (net)
                      0.431787    0.000000    5.405808 v _359_/A3 (gf180mcu_fd_sc_mcu7t5v0__nand3_1)
    23    0.105244    2.030912    1.366380    6.772188 ^ _359_/ZN (gf180mcu_fd_sc_mcu7t5v0__nand3_1)
                                                         _071_ (net)
                      2.030912    0.000000    6.772188 ^ _360_/I (gf180mcu_fd_sc_mcu7t5v0__clkinv_1)
    23    0.097030    1.492050    1.262945    8.035133 v _360_/ZN (gf180mcu_fd_sc_mcu7t5v0__clkinv_1)
                                                         _029_ (net)
                      1.492050    0.000000    8.035133 v _397_/A1 (gf180mcu_fd_sc_mcu7t5v0__or2_1)
     2    0.009281    0.192283    0.823195    8.858329 v _397_/Z (gf180mcu_fd_sc_mcu7t5v0__or2_1)
                                                         _105_ (net)
                      0.192283    0.000000    8.858329 v _402_/B (gf180mcu_fd_sc_mcu7t5v0__oai31_1)
     1    0.002951    0.544583    0.212968    9.071297 ^ _402_/ZN (gf180mcu_fd_sc_mcu7t5v0__oai31_1)
                                                         _110_ (net)
                      0.544583    0.000000    9.071297 ^ _406_/A3 (gf180mcu_fd_sc_mcu7t5v0__and4_1)
     1    0.004845    0.169816    0.430912    9.502209 ^ _406_/Z (gf180mcu_fd_sc_mcu7t5v0__and4_1)
                                                         _114_ (net)
                      0.169816    0.000000    9.502209 ^ _418_/B1 (gf180mcu_fd_sc_mcu7t5v0__oai32_1)
     2    0.009730    0.308183    0.186280    9.688489 v _418_/ZN (gf180mcu_fd_sc_mcu7t5v0__oai32_1)
                                                         _126_ (net)
                      0.308183    0.000000    9.688489 v _430_/A1 (gf180mcu_fd_sc_mcu7t5v0__oai21_1)
     1    0.004677    0.324405    0.239046    9.927535 ^ _430_/ZN (gf180mcu_fd_sc_mcu7t5v0__oai21_1)
                                                         _138_ (net)
                      0.324405    0.000000    9.927535 ^ _432_/B (gf180mcu_fd_sc_mcu7t5v0__oai21_1)
     1    0.002426    0.222008    0.139100   10.066636 v _432_/ZN (gf180mcu_fd_sc_mcu7t5v0__oai21_1)
                                                         _000_ (net)
                      0.222008    0.000000   10.066636 v _618_/D (gf180mcu_fd_sc_mcu7t5v0__dffq_1)
                                             10.066636   data arrival time

                      0.150000   20.000000   20.000000   clock clk (rise edge)
                                  0.000000   20.000000   clock network delay (ideal)
                                 -0.250000   19.750002   clock uncertainty
                                  0.000000   19.750002   clock reconvergence pessimism
                                             19.750002 ^ _618_/CLK (gf180mcu_fd_sc_mcu7t5v0__dffq_1)
                                 -0.214116   19.535885   library setup time
                                             19.535885   data required time
---------------------------------------------------------------------------------------------
                                             19.535885   data required time
                                            -10.066636   data arrival time
---------------------------------------------------------------------------------------------
                                              9.469249   slack (MET)


Startpoint: uio_in[2] (input port clocked by clk)
Endpoint: _621_ (rising edge-triggered flip-flop clocked by clk)
Path Group: clk
Path Type: max

Fanout         Cap        Slew       Delay        Time   Description
---------------------------------------------------------------------------------------------
                      0.150000    0.000000    0.000000   clock clk (rise edge)
                                  0.000000    0.000000   clock network delay (ideal)
                                  4.000000    4.000000 ^ input external delay
     2    0.008805    0.169256    0.079992    4.079992 ^ uio_in[2] (in)
                                                         uio_in[2] (net)
                      0.169256    0.000000    4.079992 ^ _320_/I (gf180mcu_fd_sc_mcu7t5v0__clkinv_1)
     1    0.003974    0.102854    0.096304    4.176296 v _320_/ZN (gf180mcu_fd_sc_mcu7t5v0__clkinv_1)
                                                         _305_ (net)
                      0.102854    0.000000    4.176296 v _329_/B (gf180mcu_fd_sc_mcu7t5v0__aoi21_1)
    12    0.059986    1.713937    1.098446    5.274743 ^ _329_/ZN (gf180mcu_fd_sc_mcu7t5v0__aoi21_1)
                                                         _045_ (net)
                      1.713937    0.000000    5.274743 ^ _358_/A1 (gf180mcu_fd_sc_mcu7t5v0__oai21_1)
     2    0.007083    0.431787    0.131066    5.405808 v _358_/ZN (gf180mcu_fd_sc_mcu7t5v0__oai21_1)
                                                         _070_ (net)
                      0.431787    0.000000    5.405808 v _359_/A3 (gf180mcu_fd_sc_mcu7t5v0__nand3_1)
    23    0.105244    2.030912    1.366380    6.772188 ^ _359_/ZN (gf180mcu_fd_sc_mcu7t5v0__nand3_1)
                                                         _071_ (net)
                      2.030912    0.000000    6.772188 ^ _360_/I (gf180mcu_fd_sc_mcu7t5v0__clkinv_1)
    23    0.097030    1.492050    1.262945    8.035133 v _360_/ZN (gf180mcu_fd_sc_mcu7t5v0__clkinv_1)
                                                         _029_ (net)
                      1.492050    0.000000    8.035133 v _487_/A1 (gf180mcu_fd_sc_mcu7t5v0__nand2_1)
     3    0.013272    0.497481    0.543233    8.578366 ^ _487_/ZN (gf180mcu_fd_sc_mcu7t5v0__nand2_1)
                                                         _192_ (net)
                      0.497481    0.000000    8.578366 ^ _488_/B (gf180mcu_fd_sc_mcu7t5v0__oai211_1)
     2    0.008370    0.579675    0.281160    8.859527 v _488_/ZN (gf180mcu_fd_sc_mcu7t5v0__oai211_1)
                                                         _193_ (net)
                      0.579675    0.000000    8.859527 v _489_/B (gf180mcu_fd_sc_mcu7t5v0__aoi21_1)
     1    0.004865    0.330361    0.331246    9.190773 ^ _489_/ZN (gf180mcu_fd_sc_mcu7t5v0__aoi21_1)
                                                         _194_ (net)
                      0.330361    0.000000    9.190773 ^ _493_/A1 (gf180mcu_fd_sc_mcu7t5v0__oai21_1)
     2    0.007409    0.278419    0.151033    9.341805 v _493_/ZN (gf180mcu_fd_sc_mcu7t5v0__oai21_1)
                                                         _198_ (net)
                      0.278419    0.000000    9.341805 v _498_/A1 (gf180mcu_fd_sc_mcu7t5v0__and2_1)
     1    0.004770    0.100170    0.275832    9.617638 v _498_/Z (gf180mcu_fd_sc_mcu7t5v0__and2_1)
                                                         _203_ (net)
                      0.100170    0.000000    9.617638 v _513_/A1 (gf180mcu_fd_sc_mcu7t5v0__oai32_1)
     1    0.002426    0.575975    0.345849    9.963487 ^ _513_/ZN (gf180mcu_fd_sc_mcu7t5v0__oai32_1)
                                                         _003_ (net)
                      0.575975    0.000000    9.963487 ^ _621_/D (gf180mcu_fd_sc_mcu7t5v0__dffq_1)
                                              9.963487   data arrival time

                      0.150000   20.000000   20.000000   clock clk (rise edge)
                                  0.000000   20.000000   clock network delay (ideal)
                                 -0.250000   19.750002   clock uncertainty
                                  0.000000   19.750002   clock reconvergence pessimism
                                             19.750002 ^ _621_/CLK (gf180mcu_fd_sc_mcu7t5v0__dffq_1)
                                 -0.209433   19.540569   library setup time
                                             19.540569   data required time
---------------------------------------------------------------------------------------------
                                             19.540569   data required time
                                             -9.963487   data arrival time
---------------------------------------------------------------------------------------------
                                              9.577083   slack (MET)


Startpoint: uio_in[2] (input port clocked by clk)
Endpoint: _619_ (rising edge-triggered flip-flop clocked by clk)
Path Group: clk
Path Type: max

Fanout         Cap        Slew       Delay        Time   Description
---------------------------------------------------------------------------------------------
                      0.150000    0.000000    0.000000   clock clk (rise edge)
                                  0.000000    0.000000   clock network delay (ideal)
                                  4.000000    4.000000 ^ input external delay
     2    0.008805    0.169256    0.079992    4.079992 ^ uio_in[2] (in)
                                                         uio_in[2] (net)
                      0.169256    0.000000    4.079992 ^ _320_/I (gf180mcu_fd_sc_mcu7t5v0__clkinv_1)
     1    0.003974    0.102854    0.096304    4.176296 v _320_/ZN (gf180mcu_fd_sc_mcu7t5v0__clkinv_1)
                                                         _305_ (net)
                      0.102854    0.000000    4.176296 v _329_/B (gf180mcu_fd_sc_mcu7t5v0__aoi21_1)
    12    0.059986    1.713937    1.098446    5.274743 ^ _329_/ZN (gf180mcu_fd_sc_mcu7t5v0__aoi21_1)
                                                         _045_ (net)
                      1.713937    0.000000    5.274743 ^ _358_/A1 (gf180mcu_fd_sc_mcu7t5v0__oai21_1)
     2    0.007083    0.431787    0.131066    5.405808 v _358_/ZN (gf180mcu_fd_sc_mcu7t5v0__oai21_1)
                                                         _070_ (net)
                      0.431787    0.000000    5.405808 v _359_/A3 (gf180mcu_fd_sc_mcu7t5v0__nand3_1)
    23    0.105244    2.030912    1.366380    6.772188 ^ _359_/ZN (gf180mcu_fd_sc_mcu7t5v0__nand3_1)
                                                         _071_ (net)
                      2.030912    0.000000    6.772188 ^ _360_/I (gf180mcu_fd_sc_mcu7t5v0__clkinv_1)
    23    0.097030    1.492050    1.262945    8.035133 v _360_/ZN (gf180mcu_fd_sc_mcu7t5v0__clkinv_1)
                                                         _029_ (net)
                      1.492050    0.000000    8.035133 v _443_/A1 (gf180mcu_fd_sc_mcu7t5v0__nor4_1)
     1    0.004017    0.566089    0.661730    8.696864 ^ _443_/ZN (gf180mcu_fd_sc_mcu7t5v0__nor4_1)
                                                         _150_ (net)
                      0.566089    0.000000    8.696864 ^ _452_/A3 (gf180mcu_fd_sc_mcu7t5v0__nor3_1)
     1    0.003973    0.363199    0.193629    8.890493 v _452_/ZN (gf180mcu_fd_sc_mcu7t5v0__nor3_1)
                                                         _159_ (net)
                      0.363199    0.000000    8.890493 v _453_/B (gf180mcu_fd_sc_mcu7t5v0__aoi211_1)
     1    0.004441    0.497749    0.391452    9.281945 ^ _453_/ZN (gf180mcu_fd_sc_mcu7t5v0__aoi211_1)
                                                         _160_ (net)
                      0.497749    0.000000    9.281945 ^ _457_/A3 (gf180mcu_fd_sc_mcu7t5v0__oai32_1)
     2    0.009141    0.290313    0.257108    9.539053 v _457_/ZN (gf180mcu_fd_sc_mcu7t5v0__oai32_1)
                                                         _164_ (net)
                      0.290313    0.000000    9.539053 v _467_/A1 (gf180mcu_fd_sc_mcu7t5v0__oai21_1)
     1    0.004581    0.323125    0.232110    9.771164 ^ _467_/ZN (gf180mcu_fd_sc_mcu7t5v0__oai21_1)
                                                         _174_ (net)
                      0.323125    0.000000    9.771164 ^ _470_/B (gf180mcu_fd_sc_mcu7t5v0__oai31_1)
     1    0.002426    0.278091    0.161019    9.932182 v _470_/ZN (gf180mcu_fd_sc_mcu7t5v0__oai31_1)
                                                         _001_ (net)
                      0.278091    0.000000    9.932182 v _619_/D (gf180mcu_fd_sc_mcu7t5v0__dffq_1)
                                              9.932182   data arrival time

                      0.150000   20.000000   20.000000   clock clk (rise edge)
                                  0.000000   20.000000   clock network delay (ideal)
                                 -0.250000   19.750002   clock uncertainty
                                  0.000000   19.750002   clock reconvergence pessimism
                                             19.750002 ^ _619_/CLK (gf180mcu_fd_sc_mcu7t5v0__dffq_1)
                                 -0.232900   19.517101   library setup time
                                             19.517101   data required time
---------------------------------------------------------------------------------------------
                                             19.517101   data required time
                                             -9.932182   data arrival time
---------------------------------------------------------------------------------------------
                                              9.584919   slack (MET)


Startpoint: uio_in[2] (input port clocked by clk)
Endpoint: _622_ (rising edge-triggered flip-flop clocked by clk)
Path Group: clk
Path Type: max

Fanout         Cap        Slew       Delay        Time   Description
---------------------------------------------------------------------------------------------
                      0.150000    0.000000    0.000000   clock clk (rise edge)
                                  0.000000    0.000000   clock network delay (ideal)
                                  4.000000    4.000000 ^ input external delay
     2    0.008805    0.169256    0.079992    4.079992 ^ uio_in[2] (in)
                                                         uio_in[2] (net)
                      0.169256    0.000000    4.079992 ^ _320_/I (gf180mcu_fd_sc_mcu7t5v0__clkinv_1)
     1    0.003974    0.102854    0.096304    4.176296 v _320_/ZN (gf180mcu_fd_sc_mcu7t5v0__clkinv_1)
                                                         _305_ (net)
                      0.102854    0.000000    4.176296 v _329_/B (gf180mcu_fd_sc_mcu7t5v0__aoi21_1)
    12    0.059986    1.713937    1.098446    5.274743 ^ _329_/ZN (gf180mcu_fd_sc_mcu7t5v0__aoi21_1)
                                                         _045_ (net)
                      1.713937    0.000000    5.274743 ^ _358_/A1 (gf180mcu_fd_sc_mcu7t5v0__oai21_1)
     2    0.007083    0.431787    0.131066    5.405808 v _358_/ZN (gf180mcu_fd_sc_mcu7t5v0__oai21_1)
                                                         _070_ (net)
                      0.431787    0.000000    5.405808 v _359_/A3 (gf180mcu_fd_sc_mcu7t5v0__nand3_1)
    23    0.105244    2.030912    1.366380    6.772188 ^ _359_/ZN (gf180mcu_fd_sc_mcu7t5v0__nand3_1)
                                                         _071_ (net)
                      2.030912    0.000000    6.772188 ^ _360_/I (gf180mcu_fd_sc_mcu7t5v0__clkinv_1)
    23    0.097030    1.492050    1.262945    8.035133 v _360_/ZN (gf180mcu_fd_sc_mcu7t5v0__clkinv_1)
                                                         _029_ (net)
                      1.492050    0.000000    8.035133 v _516_/C (gf180mcu_fd_sc_mcu7t5v0__aoi211_1)
     1    0.003974    0.584107    0.561456    8.596589 ^ _516_/ZN (gf180mcu_fd_sc_mcu7t5v0__aoi211_1)
                                                         _220_ (net)
                      0.584107    0.000000    8.596589 ^ _517_/B (gf180mcu_fd_sc_mcu7t5v0__aoi21_1)
     2    0.009323    0.434421    0.266276    8.862865 v _517_/ZN (gf180mcu_fd_sc_mcu7t5v0__aoi21_1)
                                                         _221_ (net)
                      0.434421    0.000000    8.862865 v _518_/B1 (gf180mcu_fd_sc_mcu7t5v0__aoi22_1)
     1    0.003973    0.459016    0.309043    9.171908 ^ _518_/ZN (gf180mcu_fd_sc_mcu7t5v0__aoi22_1)
                                                         _222_ (net)
                      0.459016    0.000000    9.171908 ^ _520_/B (gf180mcu_fd_sc_mcu7t5v0__aoi211_1)
     2    0.009141    0.371006    0.272405    9.444314 v _520_/ZN (gf180mcu_fd_sc_mcu7t5v0__aoi211_1)
                                                         _224_ (net)
                      0.371006    0.000000    9.444314 v _528_/A1 (gf180mcu_fd_sc_mcu7t5v0__oai21_1)
     1    0.004581    0.323125    0.256491    9.700805 ^ _528_/ZN (gf180mcu_fd_sc_mcu7t5v0__oai21_1)
                                                         _232_ (net)
                      0.323125    0.000000    9.700805 ^ _531_/B (gf180mcu_fd_sc_mcu7t5v0__oai31_1)
     1    0.002426    0.240335    0.161019    9.861824 v _531_/ZN (gf180mcu_fd_sc_mcu7t5v0__oai31_1)
                                                         _004_ (net)
                      0.240335    0.000000    9.861824 v _622_/D (gf180mcu_fd_sc_mcu7t5v0__dffq_1)
                                              9.861824   data arrival time

                      0.150000   20.000000   20.000000   clock clk (rise edge)
                                  0.000000   20.000000   clock network delay (ideal)
                                 -0.250000   19.750002   clock uncertainty
                                  0.000000   19.750002   clock reconvergence pessimism
                                             19.750002 ^ _622_/CLK (gf180mcu_fd_sc_mcu7t5v0__dffq_1)
                                 -0.220254   19.529747   library setup time
                                             19.529747   data required time
---------------------------------------------------------------------------------------------
                                             19.529747   data required time
                                             -9.861824   data arrival time
---------------------------------------------------------------------------------------------
                                              9.667924   slack (MET)


Startpoint: uio_in[2] (input port clocked by clk)
Endpoint: _620_ (rising edge-triggered flip-flop clocked by clk)
Path Group: clk
Path Type: max

Fanout         Cap        Slew       Delay        Time   Description
---------------------------------------------------------------------------------------------
                      0.150000    0.000000    0.000000   clock clk (rise edge)
                                  0.000000    0.000000   clock network delay (ideal)
                                  4.000000    4.000000 ^ input external delay
     2    0.008805    0.169256    0.079992    4.079992 ^ uio_in[2] (in)
                                                         uio_in[2] (net)
                      0.169256    0.000000    4.079992 ^ _320_/I (gf180mcu_fd_sc_mcu7t5v0__clkinv_1)
     1    0.003974    0.102854    0.096304    4.176296 v _320_/ZN (gf180mcu_fd_sc_mcu7t5v0__clkinv_1)
                                                         _305_ (net)
                      0.102854    0.000000    4.176296 v _329_/B (gf180mcu_fd_sc_mcu7t5v0__aoi21_1)
    12    0.059986    1.713937    1.098446    5.274743 ^ _329_/ZN (gf180mcu_fd_sc_mcu7t5v0__aoi21_1)
                                                         _045_ (net)
                      1.713937    0.000000    5.274743 ^ _358_/A1 (gf180mcu_fd_sc_mcu7t5v0__oai21_1)
     2    0.007083    0.431787    0.131066    5.405808 v _358_/ZN (gf180mcu_fd_sc_mcu7t5v0__oai21_1)
                                                         _070_ (net)
                      0.431787    0.000000    5.405808 v _359_/A3 (gf180mcu_fd_sc_mcu7t5v0__nand3_1)
    23    0.105244    2.030912    1.366380    6.772188 ^ _359_/ZN (gf180mcu_fd_sc_mcu7t5v0__nand3_1)
                                                         _071_ (net)
                      2.030912    0.000000    6.772188 ^ _360_/I (gf180mcu_fd_sc_mcu7t5v0__clkinv_1)
    23    0.097030    1.492050    1.262945    8.035133 v _360_/ZN (gf180mcu_fd_sc_mcu7t5v0__clkinv_1)
                                                         _029_ (net)
                      1.492050    0.000000    8.035133 v _474_/B (gf180mcu_fd_sc_mcu7t5v0__oai31_1)
     1    0.004665    0.523176    0.580444    8.615578 ^ _474_/ZN (gf180mcu_fd_sc_mcu7t5v0__oai31_1)
                                                         _180_ (net)
                      0.523176    0.000000    8.615578 ^ _475_/A2 (gf180mcu_fd_sc_mcu7t5v0__aoi21_1)
     1    0.004504    0.335437    0.107650    8.723228 v _475_/ZN (gf180mcu_fd_sc_mcu7t5v0__aoi21_1)
                                                         _181_ (net)
                      0.335437    0.000000    8.723228 v _479_/A2 (gf180mcu_fd_sc_mcu7t5v0__oai32_1)
     1    0.004618    0.746671    0.483182    9.206410 ^ _479_/ZN (gf180mcu_fd_sc_mcu7t5v0__oai32_1)
                                                         _185_ (net)
                      0.746671    0.000000    9.206410 ^ _480_/B1 (gf180mcu_fd_sc_mcu7t5v0__aoi22_1)
     2    0.009170    0.377030    0.278346    9.484756 v _480_/ZN (gf180mcu_fd_sc_mcu7t5v0__aoi22_1)
                                                         _186_ (net)
                      0.377030    0.000000    9.484756 v _483_/B (gf180mcu_fd_sc_mcu7t5v0__oai21_1)
     1    0.004762    0.290303    0.268484    9.753241 ^ _483_/ZN (gf180mcu_fd_sc_mcu7t5v0__oai21_1)
                                                         _189_ (net)
                      0.290303    0.000000    9.753241 ^ _486_/A2 (gf180mcu_fd_sc_mcu7t5v0__aoi22_1)
     1    0.002426    0.243959    0.095861    9.849101 v _486_/ZN (gf180mcu_fd_sc_mcu7t5v0__aoi22_1)
                                                         _002_ (net)
                      0.243959    0.000000    9.849101 v _620_/D (gf180mcu_fd_sc_mcu7t5v0__dffq_1)
                                              9.849101   data arrival time

                      0.150000   20.000000   20.000000   clock clk (rise edge)
                                  0.000000   20.000000   clock network delay (ideal)
                                 -0.250000   19.750002   clock uncertainty
                                  0.000000   19.750002   clock reconvergence pessimism
                                             19.750002 ^ _620_/CLK (gf180mcu_fd_sc_mcu7t5v0__dffq_1)
                                 -0.221468   19.528532   library setup time
                                             19.528532   data required time
---------------------------------------------------------------------------------------------
                                             19.528532   data required time
                                             -9.849101   data arrival time
---------------------------------------------------------------------------------------------
                                              9.679431   slack (MET)


Startpoint: uio_in[2] (input port clocked by clk)
Endpoint: _623_ (rising edge-triggered flip-flop clocked by clk)
Path Group: clk
Path Type: max

Fanout         Cap        Slew       Delay        Time   Description
---------------------------------------------------------------------------------------------
                      0.150000    0.000000    0.000000   clock clk (rise edge)
                                  0.000000    0.000000   clock network delay (ideal)
                                  4.000000    4.000000 ^ input external delay
     2    0.008805    0.169256    0.079992    4.079992 ^ uio_in[2] (in)
                                                         uio_in[2] (net)
                      0.169256    0.000000    4.079992 ^ _320_/I (gf180mcu_fd_sc_mcu7t5v0__clkinv_1)
     1    0.003974    0.102854    0.096304    4.176296 v _320_/ZN (gf180mcu_fd_sc_mcu7t5v0__clkinv_1)
                                                         _305_ (net)
                      0.102854    0.000000    4.176296 v _329_/B (gf180mcu_fd_sc_mcu7t5v0__aoi21_1)
    12    0.059986    1.713937    1.098446    5.274743 ^ _329_/ZN (gf180mcu_fd_sc_mcu7t5v0__aoi21_1)
                                                         _045_ (net)
                      1.713937    0.000000    5.274743 ^ _358_/A1 (gf180mcu_fd_sc_mcu7t5v0__oai21_1)
     2    0.007083    0.431787    0.131066    5.405808 v _358_/ZN (gf180mcu_fd_sc_mcu7t5v0__oai21_1)
                                                         _070_ (net)
                      0.431787    0.000000    5.405808 v _359_/A3 (gf180mcu_fd_sc_mcu7t5v0__nand3_1)
    23    0.105244    2.030912    1.366380    6.772188 ^ _359_/ZN (gf180mcu_fd_sc_mcu7t5v0__nand3_1)
                                                         _071_ (net)
                      2.030912    0.000000    6.772188 ^ _360_/I (gf180mcu_fd_sc_mcu7t5v0__clkinv_1)
    23    0.097030    1.492050    1.262945    8.035133 v _360_/ZN (gf180mcu_fd_sc_mcu7t5v0__clkinv_1)
                                                         _029_ (net)
                      1.492050    0.000000    8.035133 v _413_/B (gf180mcu_fd_sc_mcu7t5v0__aoi21_1)
     2    0.008638    0.553181    0.558433    8.593567 ^ _413_/ZN (gf180mcu_fd_sc_mcu7t5v0__aoi21_1)
                                                         _121_ (net)
                      0.553181    0.000000    8.593567 ^ _532_/B (gf180mcu_fd_sc_mcu7t5v0__aoi211_1)
     1    0.004017    0.529486    0.227131    8.820698 v _532_/ZN (gf180mcu_fd_sc_mcu7t5v0__aoi211_1)
                                                         _235_ (net)
                      0.529486    0.000000    8.820698 v _533_/A3 (gf180mcu_fd_sc_mcu7t5v0__nor3_1)
     1    0.004865    0.384211    0.344994    9.165692 ^ _533_/ZN (gf180mcu_fd_sc_mcu7t5v0__nor3_1)
                                                         _236_ (net)
                      0.384211    0.000000    9.165692 ^ _540_/A1 (gf180mcu_fd_sc_mcu7t5v0__oai21_1)
     1    0.004581    0.234201    0.124860    9.290552 v _540_/ZN (gf180mcu_fd_sc_mcu7t5v0__oai21_1)
                                                         _243_ (net)
                      0.234201    0.000000    9.290552 v _542_/B (gf180mcu_fd_sc_mcu7t5v0__oai31_1)
     1    0.002426    0.390152    0.221787    9.512340 ^ _542_/ZN (gf180mcu_fd_sc_mcu7t5v0__oai31_1)
                                                         _005_ (net)
                      0.390152    0.000000    9.512340 ^ _623_/D (gf180mcu_fd_sc_mcu7t5v0__dffq_1)
                                              9.512340   data arrival time

                      0.150000   20.000000   20.000000   clock clk (rise edge)
                                  0.000000   20.000000   clock network delay (ideal)
                                 -0.250000   19.750002   clock uncertainty
                                  0.000000   19.750002   clock reconvergence pessimism
                                             19.750002 ^ _623_/CLK (gf180mcu_fd_sc_mcu7t5v0__dffq_1)
                                 -0.204456   19.545546   library setup time
                                             19.545546   data required time
---------------------------------------------------------------------------------------------
                                             19.545546   data required time
                                             -9.512340   data arrival time
---------------------------------------------------------------------------------------------
                                             10.033207   slack (MET)


Startpoint: uio_in[2] (input port clocked by clk)
Endpoint: _624_ (rising edge-triggered flip-flop clocked by clk)
Path Group: clk
Path Type: max

Fanout         Cap        Slew       Delay        Time   Description
---------------------------------------------------------------------------------------------
                      0.150000    0.000000    0.000000   clock clk (rise edge)
                                  0.000000    0.000000   clock network delay (ideal)
                                  4.000000    4.000000 ^ input external delay
     2    0.008805    0.169256    0.079992    4.079992 ^ uio_in[2] (in)
                                                         uio_in[2] (net)
                      0.169256    0.000000    4.079992 ^ _320_/I (gf180mcu_fd_sc_mcu7t5v0__clkinv_1)
     1    0.003974    0.102854    0.096304    4.176296 v _320_/ZN (gf180mcu_fd_sc_mcu7t5v0__clkinv_1)
                                                         _305_ (net)
                      0.102854    0.000000    4.176296 v _329_/B (gf180mcu_fd_sc_mcu7t5v0__aoi21_1)
    12    0.059986    1.713937    1.098446    5.274743 ^ _329_/ZN (gf180mcu_fd_sc_mcu7t5v0__aoi21_1)
                                                         _045_ (net)
                      1.713937    0.000000    5.274743 ^ _355_/A2 (gf180mcu_fd_sc_mcu7t5v0__oai31_1)
     1    0.004224    0.459702    0.125180    5.399922 v _355_/ZN (gf180mcu_fd_sc_mcu7t5v0__oai31_1)
                                                         _068_ (net)
                      0.459702    0.000000    5.399922 v _356_/A3 (gf180mcu_fd_sc_mcu7t5v0__nand3_1)
    18    0.079400    1.567801    1.097155    6.497078 ^ _356_/ZN (gf180mcu_fd_sc_mcu7t5v0__nand3_1)
                                                         _069_ (net)
                      1.567801    0.000000    6.497078 ^ _357_/I (gf180mcu_fd_sc_mcu7t5v0__clkinv_1)
    23    0.096071    1.365662    1.159179    7.656256 v _357_/ZN (gf180mcu_fd_sc_mcu7t5v0__clkinv_1)
                                                         _030_ (net)
                      1.365662    0.000000    7.656256 v _515_/A1 (gf180mcu_fd_sc_mcu7t5v0__oai21_1)
     2    0.008930    0.505788    0.600521    8.256777 ^ _515_/ZN (gf180mcu_fd_sc_mcu7t5v0__oai21_1)
                                                         _219_ (net)
                      0.505788    0.000000    8.256777 ^ _537_/A2 (gf180mcu_fd_sc_mcu7t5v0__nor2_1)
     2    0.008592    0.240886    0.194052    8.450829 v _537_/ZN (gf180mcu_fd_sc_mcu7t5v0__nor2_1)
                                                         _240_ (net)
                      0.240886    0.000000    8.450829 v _543_/B (gf180mcu_fd_sc_mcu7t5v0__aoi21_1)
     1    0.009858    0.431410    0.347375    8.798203 ^ _543_/ZN (gf180mcu_fd_sc_mcu7t5v0__aoi21_1)
                                                         _245_ (net)
                      0.431410    0.000000    8.798203 ^ _545_/S (gf180mcu_fd_sc_mcu7t5v0__mux2_2)
     1    0.002426    0.096961    0.349339    9.147543 v _545_/Z (gf180mcu_fd_sc_mcu7t5v0__mux2_2)
                                                         _006_ (net)
                      0.096961    0.000000    9.147543 v _624_/D (gf180mcu_fd_sc_mcu7t5v0__dffq_1)
                                              9.147543   data arrival time

                      0.150000   20.000000   20.000000   clock clk (rise edge)
                                  0.000000   20.000000   clock network delay (ideal)
                                 -0.250000   19.750002   clock uncertainty
                                  0.000000   19.750002   clock reconvergence pessimism
                                             19.750002 ^ _624_/CLK (gf180mcu_fd_sc_mcu7t5v0__dffq_1)
                                 -0.182010   19.567993   library setup time
                                             19.567993   data required time
---------------------------------------------------------------------------------------------
                                             19.567993   data required time
                                             -9.147543   data arrival time
---------------------------------------------------------------------------------------------
                                             10.420449   slack (MET)


Startpoint: uio_in[2] (input port clocked by clk)
Endpoint: _645_ (rising edge-triggered flip-flop clocked by clk)
Path Group: clk
Path Type: max

Fanout         Cap        Slew       Delay        Time   Description
---------------------------------------------------------------------------------------------
                      0.150000    0.000000    0.000000   clock clk (rise edge)
                                  0.000000    0.000000   clock network delay (ideal)
                                  4.000000    4.000000 ^ input external delay
     2    0.008805    0.169256    0.079992    4.079992 ^ uio_in[2] (in)
                                                         uio_in[2] (net)
                      0.169256    0.000000    4.079992 ^ _320_/I (gf180mcu_fd_sc_mcu7t5v0__clkinv_1)
     1    0.003974    0.102854    0.096304    4.176296 v _320_/ZN (gf180mcu_fd_sc_mcu7t5v0__clkinv_1)
                                                         _305_ (net)
                      0.102854    0.000000    4.176296 v _329_/B (gf180mcu_fd_sc_mcu7t5v0__aoi21_1)
    12    0.059986    1.713937    1.098446    5.274743 ^ _329_/ZN (gf180mcu_fd_sc_mcu7t5v0__aoi21_1)
                                                         _045_ (net)
                      1.713937    0.000000    5.274743 ^ _358_/A1 (gf180mcu_fd_sc_mcu7t5v0__oai21_1)
     2    0.007083    0.431787    0.131066    5.405808 v _358_/ZN (gf180mcu_fd_sc_mcu7t5v0__oai21_1)
                                                         _070_ (net)
                      0.431787    0.000000    5.405808 v _359_/A3 (gf180mcu_fd_sc_mcu7t5v0__nand3_1)
    23    0.105244    2.030912    1.366380    6.772188 ^ _359_/ZN (gf180mcu_fd_sc_mcu7t5v0__nand3_1)
                                                         _071_ (net)
                      2.030912    0.000000    6.772188 ^ _360_/I (gf180mcu_fd_sc_mcu7t5v0__clkinv_1)
    23    0.097030    1.492050    1.262945    8.035133 v _360_/ZN (gf180mcu_fd_sc_mcu7t5v0__clkinv_1)
                                                         _029_ (net)
                      1.492050    0.000000    8.035133 v _645_/D (gf180mcu_fd_sc_mcu7t5v0__dffq_1)
                                              8.035133   data arrival time

                      0.150000   20.000000   20.000000   clock clk (rise edge)
                                  0.000000   20.000000   clock network delay (ideal)
                                 -0.250000   19.750002   clock uncertainty
                                  0.000000   19.750002   clock reconvergence pessimism
                                             19.750002 ^ _645_/CLK (gf180mcu_fd_sc_mcu7t5v0__dffq_1)
                                 -0.642771   19.107229   library setup time
                                             19.107229   data required time
---------------------------------------------------------------------------------------------
                                             19.107229   data required time
                                             -8.035133   data arrival time
---------------------------------------------------------------------------------------------
                                             11.072097   slack (MET)


Startpoint: uio_in[2] (input port clocked by clk)
Endpoint: _646_ (rising edge-triggered flip-flop clocked by clk)
Path Group: clk
Path Type: max

Fanout         Cap        Slew       Delay        Time   Description
---------------------------------------------------------------------------------------------
                      0.150000    0.000000    0.000000   clock clk (rise edge)
                                  0.000000    0.000000   clock network delay (ideal)
                                  4.000000    4.000000 ^ input external delay
     2    0.008805    0.169256    0.079992    4.079992 ^ uio_in[2] (in)
                                                         uio_in[2] (net)
                      0.169256    0.000000    4.079992 ^ _320_/I (gf180mcu_fd_sc_mcu7t5v0__clkinv_1)
     1    0.003974    0.102854    0.096304    4.176296 v _320_/ZN (gf180mcu_fd_sc_mcu7t5v0__clkinv_1)
                                                         _305_ (net)
                      0.102854    0.000000    4.176296 v _329_/B (gf180mcu_fd_sc_mcu7t5v0__aoi21_1)
    12    0.059986    1.713937    1.098446    5.274743 ^ _329_/ZN (gf180mcu_fd_sc_mcu7t5v0__aoi21_1)
                                                         _045_ (net)
                      1.713937    0.000000    5.274743 ^ _355_/A2 (gf180mcu_fd_sc_mcu7t5v0__oai31_1)
     1    0.004224    0.459702    0.125180    5.399922 v _355_/ZN (gf180mcu_fd_sc_mcu7t5v0__oai31_1)
                                                         _068_ (net)
                      0.459702    0.000000    5.399922 v _356_/A3 (gf180mcu_fd_sc_mcu7t5v0__nand3_1)
    18    0.079400    1.567801    1.097155    6.497078 ^ _356_/ZN (gf180mcu_fd_sc_mcu7t5v0__nand3_1)
                                                         _069_ (net)
                      1.567801    0.000000    6.497078 ^ _357_/I (gf180mcu_fd_sc_mcu7t5v0__clkinv_1)
    23    0.096071    1.365662    1.159179    7.656256 v _357_/ZN (gf180mcu_fd_sc_mcu7t5v0__clkinv_1)
                                                         _030_ (net)
                      1.365662    0.000000    7.656256 v _646_/D (gf180mcu_fd_sc_mcu7t5v0__dffq_1)
                                              7.656256   data arrival time

                      0.150000   20.000000   20.000000   clock clk (rise edge)
                                  0.000000   20.000000   clock network delay (ideal)
                                 -0.250000   19.750002   clock uncertainty
                                  0.000000   19.750002   clock reconvergence pessimism
                                             19.750002 ^ _646_/CLK (gf180mcu_fd_sc_mcu7t5v0__dffq_1)
                                 -0.603894   19.146107   library setup time
                                             19.146107   data required time
---------------------------------------------------------------------------------------------
                                             19.146107   data required time
                                             -7.656256   data arrival time
---------------------------------------------------------------------------------------------
                                             11.489851   slack (MET)


Startpoint: rst_n (input port clocked by clk)
Endpoint: _644_ (rising edge-triggered flip-flop clocked by clk)
Path Group: clk
Path Type: max

Fanout         Cap        Slew       Delay        Time   Description
---------------------------------------------------------------------------------------------
                      0.150000    0.000000    0.000000   clock clk (rise edge)
                                  0.000000    0.000000   clock network delay (ideal)
                                  4.000000    4.000000 ^ input external delay
    19    0.084000    1.261049    0.739497    4.739497 ^ rst_n (in)
                                                         rst_n (net)
                      1.261049    0.000000    4.739497 ^ _323_/I (gf180mcu_fd_sc_mcu7t5v0__clkinv_1)
    26    0.104329    1.385542    1.156712    5.896209 v _323_/ZN (gf180mcu_fd_sc_mcu7t5v0__clkinv_1)
                                                         _308_ (net)
                      1.385542    0.000000    5.896209 v _384_/B (gf180mcu_fd_sc_mcu7t5v0__aoi21_1)
     2    0.008927    0.542688    0.545727    6.441936 ^ _384_/ZN (gf180mcu_fd_sc_mcu7t5v0__aoi21_1)
                                                         _093_ (net)
                      0.542688    0.000000    6.441936 ^ _386_/A2 (gf180mcu_fd_sc_mcu7t5v0__nand2_1)
    16    0.073558    0.950365    0.664499    7.106435 v _386_/ZN (gf180mcu_fd_sc_mcu7t5v0__nand2_1)
                                                         _095_ (net)
                      0.950365    0.000000    7.106435 v _387_/I (gf180mcu_fd_sc_mcu7t5v0__clkinv_1)
    11    0.047010    0.789160    0.730550    7.836986 ^ _387_/ZN (gf180mcu_fd_sc_mcu7t5v0__clkinv_1)
                                                         _028_ (net)
                      0.789160    0.000000    7.836986 ^ _644_/D (gf180mcu_fd_sc_mcu7t5v0__dffq_1)
                                              7.836986   data arrival time

                      0.150000   20.000000   20.000000   clock clk (rise edge)
                                  0.000000   20.000000   clock network delay (ideal)
                                 -0.250000   19.750002   clock uncertainty
                                  0.000000   19.750002   clock reconvergence pessimism
                                             19.750002 ^ _644_/CLK (gf180mcu_fd_sc_mcu7t5v0__dffq_1)
                                 -0.213143   19.536858   library setup time
                                             19.536858   data required time
---------------------------------------------------------------------------------------------
                                             19.536858   data required time
                                             -7.836986   data arrival time
---------------------------------------------------------------------------------------------
                                             11.699873   slack (MET)


Startpoint: uio_in[2] (input port clocked by clk)
Endpoint: _625_ (rising edge-triggered flip-flop clocked by clk)
Path Group: clk
Path Type: max

Fanout         Cap        Slew       Delay        Time   Description
---------------------------------------------------------------------------------------------
                      0.150000    0.000000    0.000000   clock clk (rise edge)
                                  0.000000    0.000000   clock network delay (ideal)
                                  4.000000    4.000000 ^ input external delay
     2    0.008805    0.169256    0.079992    4.079992 ^ uio_in[2] (in)
                                                         uio_in[2] (net)
                      0.169256    0.000000    4.079992 ^ _320_/I (gf180mcu_fd_sc_mcu7t5v0__clkinv_1)
     1    0.003974    0.102854    0.096304    4.176296 v _320_/ZN (gf180mcu_fd_sc_mcu7t5v0__clkinv_1)
                                                         _305_ (net)
                      0.102854    0.000000    4.176296 v _329_/B (gf180mcu_fd_sc_mcu7t5v0__aoi21_1)
    12    0.059986    1.713937    1.098446    5.274743 ^ _329_/ZN (gf180mcu_fd_sc_mcu7t5v0__aoi21_1)
                                                         _045_ (net)
                      1.713937    0.000000    5.274743 ^ _358_/A1 (gf180mcu_fd_sc_mcu7t5v0__oai21_1)
     2    0.007083    0.431787    0.131066    5.405808 v _358_/ZN (gf180mcu_fd_sc_mcu7t5v0__oai21_1)
                                                         _070_ (net)
                      0.431787    0.000000    5.405808 v _359_/A3 (gf180mcu_fd_sc_mcu7t5v0__nand3_1)
    23    0.105244    2.030912    1.366380    6.772188 ^ _359_/ZN (gf180mcu_fd_sc_mcu7t5v0__nand3_1)
                                                         _071_ (net)
                      2.030912    0.000000    6.772188 ^ _425_/A2 (gf180mcu_fd_sc_mcu7t5v0__nand3_1)
     2    0.008560    0.525015    0.215622    6.987811 v _425_/ZN (gf180mcu_fd_sc_mcu7t5v0__nand3_1)
                                                         _133_ (net)
                      0.525015    0.000000    6.987811 v _426_/I (gf180mcu_fd_sc_mcu7t5v0__clkinv_1)
     2    0.009365    0.251090    0.248841    7.236652 ^ _426_/ZN (gf180mcu_fd_sc_mcu7t5v0__clkinv_1)
                                                         _134_ (net)
                      0.251090    0.000000    7.236652 ^ _544_/A2 (gf180mcu_fd_sc_mcu7t5v0__aoi21_1)
     2    0.008588    0.351017    0.143113    7.379765 v _544_/ZN (gf180mcu_fd_sc_mcu7t5v0__aoi21_1)
                                                         _246_ (net)
                      0.351017    0.000000    7.379765 v _550_/B (gf180mcu_fd_sc_mcu7t5v0__aoi21_1)
     1    0.002426    0.267506    0.250309    7.630074 ^ _550_/ZN (gf180mcu_fd_sc_mcu7t5v0__aoi21_1)
                                                         _009_ (net)
                      0.267506    0.000000    7.630074 ^ _625_/D (gf180mcu_fd_sc_mcu7t5v0__dffq_1)
                                              7.630074   data arrival time

                      0.150000   20.000000   20.000000   clock clk (rise edge)
                                  0.000000   20.000000   clock network delay (ideal)
                                 -0.250000   19.750002   clock uncertainty
                                  0.000000   19.750002   clock reconvergence pessimism
                                             19.750002 ^ _625_/CLK (gf180mcu_fd_sc_mcu7t5v0__dffq_1)
                                 -0.195368   19.554634   library setup time
                                             19.554634   data required time
---------------------------------------------------------------------------------------------
                                             19.554634   data required time
                                             -7.630074   data arrival time
---------------------------------------------------------------------------------------------
                                             11.924561   slack (MET)


Startpoint: uio_in[2] (input port clocked by clk)
Endpoint: _649_ (rising edge-triggered flip-flop clocked by clk)
Path Group: clk
Path Type: max

Fanout         Cap        Slew       Delay        Time   Description
---------------------------------------------------------------------------------------------
                      0.150000    0.000000    0.000000   clock clk (rise edge)
                                  0.000000    0.000000   clock network delay (ideal)
                                  4.000000    4.000000 ^ input external delay
     2    0.008805    0.169256    0.079992    4.079992 ^ uio_in[2] (in)
                                                         uio_in[2] (net)
                      0.169256    0.000000    4.079992 ^ _320_/I (gf180mcu_fd_sc_mcu7t5v0__clkinv_1)
     1    0.003974    0.102854    0.096304    4.176296 v _320_/ZN (gf180mcu_fd_sc_mcu7t5v0__clkinv_1)
                                                         _305_ (net)
                      0.102854    0.000000    4.176296 v _329_/B (gf180mcu_fd_sc_mcu7t5v0__aoi21_1)
    12    0.059986    1.713937    1.098446    5.274743 ^ _329_/ZN (gf180mcu_fd_sc_mcu7t5v0__aoi21_1)
                                                         _045_ (net)
                      1.713937    0.000000    5.274743 ^ _339_/A3 (gf180mcu_fd_sc_mcu7t5v0__nor4_1)
     2    0.008658    0.609279    0.351714    5.626456 v _339_/ZN (gf180mcu_fd_sc_mcu7t5v0__nor4_1)
                                                         _055_ (net)
                      0.609279    0.000000    5.626456 v _342_/A3 (gf180mcu_fd_sc_mcu7t5v0__nand3_1)
     3    0.011345    0.401879    0.414455    6.040912 ^ _342_/ZN (gf180mcu_fd_sc_mcu7t5v0__nand3_1)
                                                         _058_ (net)
                      0.401879    0.000000    6.040912 ^ _344_/A2 (gf180mcu_fd_sc_mcu7t5v0__or2_1)
     1    0.004224    0.117193    0.247621    6.288533 ^ _344_/Z (gf180mcu_fd_sc_mcu7t5v0__or2_1)
                                                         _060_ (net)
                      0.117193    0.000000    6.288533 ^ _345_/A3 (gf180mcu_fd_sc_mcu7t5v0__nand3_1)
     7    0.031567    0.770163    0.411792    6.700325 v _345_/ZN (gf180mcu_fd_sc_mcu7t5v0__nand3_1)
                                                         _061_ (net)
                      0.770163    0.000000    6.700325 v _346_/I (gf180mcu_fd_sc_mcu7t5v0__clkinv_1)
    10    0.042456    0.700062    0.636471    7.336796 ^ _346_/ZN (gf180mcu_fd_sc_mcu7t5v0__clkinv_1)
                                                         _033_ (net)
                      0.700062    0.000000    7.336796 ^ _649_/D (gf180mcu_fd_sc_mcu7t5v0__dffq_1)
                                              7.336796   data arrival time

                      0.150000   20.000000   20.000000   clock clk (rise edge)
                                  0.000000   20.000000   clock network delay (ideal)
                                 -0.250000   19.750002   clock uncertainty
                                  0.000000   19.750002   clock reconvergence pessimism
                                             19.750002 ^ _649_/CLK (gf180mcu_fd_sc_mcu7t5v0__dffq_1)
                                 -0.211592   19.538408   library setup time
                                             19.538408   data required time
---------------------------------------------------------------------------------------------
                                             19.538408   data required time
                                             -7.336796   data arrival time
---------------------------------------------------------------------------------------------
                                             12.201612   slack (MET)


Startpoint: uio_in[2] (input port clocked by clk)
Endpoint: _647_ (rising edge-triggered flip-flop clocked by clk)
Path Group: clk
Path Type: max

Fanout         Cap        Slew       Delay        Time   Description
---------------------------------------------------------------------------------------------
                      0.150000    0.000000    0.000000   clock clk (rise edge)
                                  0.000000    0.000000   clock network delay (ideal)
                                  4.000000    4.000000 ^ input external delay
     2    0.008805    0.169256    0.079992    4.079992 ^ uio_in[2] (in)
                                                         uio_in[2] (net)
                      0.169256    0.000000    4.079992 ^ _320_/I (gf180mcu_fd_sc_mcu7t5v0__clkinv_1)
     1    0.003974    0.102854    0.096304    4.176296 v _320_/ZN (gf180mcu_fd_sc_mcu7t5v0__clkinv_1)
                                                         _305_ (net)
                      0.102854    0.000000    4.176296 v _329_/B (gf180mcu_fd_sc_mcu7t5v0__aoi21_1)
    12    0.059986    1.713937    1.098446    5.274743 ^ _329_/ZN (gf180mcu_fd_sc_mcu7t5v0__aoi21_1)
                                                         _045_ (net)
                      1.713937    0.000000    5.274743 ^ _339_/A3 (gf180mcu_fd_sc_mcu7t5v0__nor4_1)
     2    0.008658    0.609279    0.351714    5.626456 v _339_/ZN (gf180mcu_fd_sc_mcu7t5v0__nor4_1)
                                                         _055_ (net)
                      0.609279    0.000000    5.626456 v _341_/A2 (gf180mcu_fd_sc_mcu7t5v0__nand2_1)
     1    0.004140    0.232086    0.268839    5.895296 ^ _341_/ZN (gf180mcu_fd_sc_mcu7t5v0__nand2_1)
                                                         _057_ (net)
                      0.232086    0.000000    5.895296 ^ _348_/A2 (gf180mcu_fd_sc_mcu7t5v0__nand3_1)
     9    0.038156    0.864469    0.485242    6.380537 v _348_/ZN (gf180mcu_fd_sc_mcu7t5v0__nand3_1)
                                                         _063_ (net)
                      0.864469    0.000000    6.380537 v _349_/I (gf180mcu_fd_sc_mcu7t5v0__clkinv_1)
    12    0.049582    0.801568    0.729079    7.109617 ^ _349_/ZN (gf180mcu_fd_sc_mcu7t5v0__clkinv_1)
                                                         _031_ (net)
                      0.801568    0.000000    7.109617 ^ _647_/D (gf180mcu_fd_sc_mcu7t5v0__dffq_1)
                                              7.109617   data arrival time

                      0.150000   20.000000   20.000000   clock clk (rise edge)
                                  0.000000   20.000000   clock network delay (ideal)
                                 -0.250000   19.750002   clock uncertainty
                                  0.000000   19.750002   clock reconvergence pessimism
                                             19.750002 ^ _647_/CLK (gf180mcu_fd_sc_mcu7t5v0__dffq_1)
                                 -0.212958   19.537043   library setup time
                                             19.537043   data required time
---------------------------------------------------------------------------------------------
                                             19.537043   data required time
                                             -7.109617   data arrival time
---------------------------------------------------------------------------------------------
                                             12.427426   slack (MET)


Startpoint: uio_in[2] (input port clocked by clk)
Endpoint: _648_ (rising edge-triggered flip-flop clocked by clk)
Path Group: clk
Path Type: max

Fanout         Cap        Slew       Delay        Time   Description
---------------------------------------------------------------------------------------------
                      0.150000    0.000000    0.000000   clock clk (rise edge)
                                  0.000000    0.000000   clock network delay (ideal)
                                  4.000000    4.000000 ^ input external delay
     2    0.008805    0.169256    0.079992    4.079992 ^ uio_in[2] (in)
                                                         uio_in[2] (net)
                      0.169256    0.000000    4.079992 ^ _320_/I (gf180mcu_fd_sc_mcu7t5v0__clkinv_1)
     1    0.003974    0.102854    0.096304    4.176296 v _320_/ZN (gf180mcu_fd_sc_mcu7t5v0__clkinv_1)
                                                         _305_ (net)
                      0.102854    0.000000    4.176296 v _329_/B (gf180mcu_fd_sc_mcu7t5v0__aoi21_1)
    12    0.059986    1.713937    1.098446    5.274743 ^ _329_/ZN (gf180mcu_fd_sc_mcu7t5v0__aoi21_1)
                                                         _045_ (net)
                      1.713937    0.000000    5.274743 ^ _339_/A3 (gf180mcu_fd_sc_mcu7t5v0__nor4_1)
     2    0.008658    0.609279    0.351714    5.626456 v _339_/ZN (gf180mcu_fd_sc_mcu7t5v0__nor4_1)
                                                         _055_ (net)
                      0.609279    0.000000    5.626456 v _342_/A3 (gf180mcu_fd_sc_mcu7t5v0__nand3_1)
     3    0.011345    0.401879    0.414455    6.040912 ^ _342_/ZN (gf180mcu_fd_sc_mcu7t5v0__nand3_1)
                                                         _058_ (net)
                      0.401879    0.000000    6.040912 ^ _351_/A2 (gf180mcu_fd_sc_mcu7t5v0__nand3_1)
     6    0.025976    0.690141    0.383250    6.424161 v _351_/ZN (gf180mcu_fd_sc_mcu7t5v0__nand3_1)
                                                         _065_ (net)
                      0.690141    0.000000    6.424161 v _352_/I (gf180mcu_fd_sc_mcu7t5v0__clkinv_1)
     8    0.032329    0.564448    0.521417    6.945579 ^ _352_/ZN (gf180mcu_fd_sc_mcu7t5v0__clkinv_1)
                                                         _032_ (net)
                      0.564448    0.000000    6.945579 ^ _648_/D (gf180mcu_fd_sc_mcu7t5v0__dffq_1)
                                              6.945579   data arrival time

                      0.150000   20.000000   20.000000   clock clk (rise edge)
                                  0.000000   20.000000   clock network delay (ideal)
                                 -0.250000   19.750002   clock uncertainty
                                  0.000000   19.750002   clock reconvergence pessimism
                                             19.750002 ^ _648_/CLK (gf180mcu_fd_sc_mcu7t5v0__dffq_1)
                                 -0.209232   19.540770   library setup time
                                             19.540770   data required time
---------------------------------------------------------------------------------------------
                                             19.540770   data required time
                                             -6.945579   data arrival time
---------------------------------------------------------------------------------------------
                                             12.595191   slack (MET)


Startpoint: rst_n (input port clocked by clk)
Endpoint: _653_ (rising edge-triggered flip-flop clocked by clk)
Path Group: clk
Path Type: max

Fanout         Cap        Slew       Delay        Time   Description
---------------------------------------------------------------------------------------------
                      0.150000    0.000000    0.000000   clock clk (rise edge)
                                  0.000000    0.000000   clock network delay (ideal)
                                  4.000000    4.000000 ^ input external delay
    19    0.084000    1.261049    0.739497    4.739497 ^ rst_n (in)
                                                         rst_n (net)
                      1.261049    0.000000    4.739497 ^ _323_/I (gf180mcu_fd_sc_mcu7t5v0__clkinv_1)
    26    0.104329    1.385542    1.156712    5.896209 v _323_/ZN (gf180mcu_fd_sc_mcu7t5v0__clkinv_1)
                                                         _308_ (net)
                      1.385542    0.000000    5.896209 v _611_/A1 (gf180mcu_fd_sc_mcu7t5v0__nor2_1)
     1    0.002808    0.342002    0.437435    6.333644 ^ _611_/ZN (gf180mcu_fd_sc_mcu7t5v0__nor2_1)
                                                         _290_ (net)
                      0.342002    0.000000    6.333644 ^ _612_/A2 (gf180mcu_fd_sc_mcu7t5v0__and2_1)
     1    0.002426    0.100750    0.239486    6.573130 ^ _612_/Z (gf180mcu_fd_sc_mcu7t5v0__and2_1)
                                                         _037_ (net)
                      0.100750    0.000000    6.573130 ^ _653_/D (gf180mcu_fd_sc_mcu7t5v0__dffq_1)
                                              6.573130   data arrival time

                      0.150000   20.000000   20.000000   clock clk (rise edge)
                                  0.000000   20.000000   clock network delay (ideal)
                                 -0.250000   19.750002   clock uncertainty
                                  0.000000   19.750002   clock reconvergence pessimism
                                             19.750002 ^ _653_/CLK (gf180mcu_fd_sc_mcu7t5v0__dffq_1)
                                 -0.177597   19.572405   library setup time
                                             19.572405   data required time
---------------------------------------------------------------------------------------------
                                             19.572405   data required time
                                             -6.573130   data arrival time
---------------------------------------------------------------------------------------------
                                             12.999275   slack (MET)


Startpoint: rst_n (input port clocked by clk)
Endpoint: _626_ (rising edge-triggered flip-flop clocked by clk)
Path Group: clk
Path Type: max

Fanout         Cap        Slew       Delay        Time   Description
---------------------------------------------------------------------------------------------
                      0.150000    0.000000    0.000000   clock clk (rise edge)
                                  0.000000    0.000000   clock network delay (ideal)
                                  4.000000    4.000000 ^ input external delay
    19    0.084000    1.261049    0.739497    4.739497 ^ rst_n (in)
                                                         rst_n (net)
                      1.261049    0.000000    4.739497 ^ _323_/I (gf180mcu_fd_sc_mcu7t5v0__clkinv_1)
    26    0.104329    1.385542    1.156712    5.896209 v _323_/ZN (gf180mcu_fd_sc_mcu7t5v0__clkinv_1)
                                                         _308_ (net)
                      1.385542    0.000000    5.896209 v _559_/B (gf180mcu_fd_sc_mcu7t5v0__aoi21_1)
     1    0.002426    0.401827    0.420672    6.316882 ^ _559_/ZN (gf180mcu_fd_sc_mcu7t5v0__aoi21_1)
                                                         _010_ (net)
                      0.401827    0.000000    6.316882 ^ _626_/D (gf180mcu_fd_sc_mcu7t5v0__dffq_1)
                                              6.316882   data arrival time

                      0.150000   20.000000   20.000000   clock clk (rise edge)
                                  0.000000   20.000000   clock network delay (ideal)
                                 -0.250000   19.750002   clock uncertainty
                                  0.000000   19.750002   clock reconvergence pessimism
                                             19.750002 ^ _626_/CLK (gf180mcu_fd_sc_mcu7t5v0__dffq_1)
                                 -0.205321   19.544682   library setup time
                                             19.544682   data required time
---------------------------------------------------------------------------------------------
                                             19.544682   data required time
                                             -6.316882   data arrival time
---------------------------------------------------------------------------------------------
                                             13.227799   slack (MET)


Startpoint: rst_n (input port clocked by clk)
Endpoint: _627_ (rising edge-triggered flip-flop clocked by clk)
Path Group: clk
Path Type: max

Fanout         Cap        Slew       Delay        Time   Description
---------------------------------------------------------------------------------------------
                      0.150000    0.000000    0.000000   clock clk (rise edge)
                                  0.000000    0.000000   clock network delay (ideal)
                                  4.000000    4.000000 ^ input external delay
    19    0.084000    1.261049    0.739497    4.739497 ^ rst_n (in)
                                                         rst_n (net)
                      1.261049    0.000000    4.739497 ^ _323_/I (gf180mcu_fd_sc_mcu7t5v0__clkinv_1)
    26    0.104329    1.385542    1.156712    5.896209 v _323_/ZN (gf180mcu_fd_sc_mcu7t5v0__clkinv_1)
                                                         _308_ (net)
                      1.385542    0.000000    5.896209 v _563_/B (gf180mcu_fd_sc_mcu7t5v0__aoi21_1)
     1    0.002426    0.401827    0.420672    6.316882 ^ _563_/ZN (gf180mcu_fd_sc_mcu7t5v0__aoi21_1)
                                                         _011_ (net)
                      0.401827    0.000000    6.316882 ^ _627_/D (gf180mcu_fd_sc_mcu7t5v0__dffq_1)
                                              6.316882   data arrival time

                      0.150000   20.000000   20.000000   clock clk (rise edge)
                                  0.000000   20.000000   clock network delay (ideal)
                                 -0.250000   19.750002   clock uncertainty
                                  0.000000   19.750002   clock reconvergence pessimism
                                             19.750002 ^ _627_/CLK (gf180mcu_fd_sc_mcu7t5v0__dffq_1)
                                 -0.205321   19.544682   library setup time
                                             19.544682   data required time
---------------------------------------------------------------------------------------------
                                             19.544682   data required time
                                             -6.316882   data arrival time
---------------------------------------------------------------------------------------------
                                             13.227799   slack (MET)


Startpoint: rst_n (input port clocked by clk)
Endpoint: _628_ (rising edge-triggered flip-flop clocked by clk)
Path Group: clk
Path Type: max

Fanout         Cap        Slew       Delay        Time   Description
---------------------------------------------------------------------------------------------
                      0.150000    0.000000    0.000000   clock clk (rise edge)
                                  0.000000    0.000000   clock network delay (ideal)
                                  4.000000    4.000000 ^ input external delay
    19    0.084000    1.261049    0.739497    4.739497 ^ rst_n (in)
                                                         rst_n (net)
                      1.261049    0.000000    4.739497 ^ _323_/I (gf180mcu_fd_sc_mcu7t5v0__clkinv_1)
    26    0.104329    1.385542    1.156712    5.896209 v _323_/ZN (gf180mcu_fd_sc_mcu7t5v0__clkinv_1)
                                                         _308_ (net)
                      1.385542    0.000000    5.896209 v _567_/B (gf180mcu_fd_sc_mcu7t5v0__aoi21_1)
     1    0.002426    0.401827    0.420672    6.316882 ^ _567_/ZN (gf180mcu_fd_sc_mcu7t5v0__aoi21_1)
                                                         _012_ (net)
                      0.401827    0.000000    6.316882 ^ _628_/D (gf180mcu_fd_sc_mcu7t5v0__dffq_1)
                                              6.316882   data arrival time

                      0.150000   20.000000   20.000000   clock clk (rise edge)
                                  0.000000   20.000000   clock network delay (ideal)
                                 -0.250000   19.750002   clock uncertainty
                                  0.000000   19.750002   clock reconvergence pessimism
                                             19.750002 ^ _628_/CLK (gf180mcu_fd_sc_mcu7t5v0__dffq_1)
                                 -0.205321   19.544682   library setup time
                                             19.544682   data required time
---------------------------------------------------------------------------------------------
                                             19.544682   data required time
                                             -6.316882   data arrival time
---------------------------------------------------------------------------------------------
                                             13.227799   slack (MET)


Startpoint: rst_n (input port clocked by clk)
Endpoint: _629_ (rising edge-triggered flip-flop clocked by clk)
Path Group: clk
Path Type: max

Fanout         Cap        Slew       Delay        Time   Description
---------------------------------------------------------------------------------------------
                      0.150000    0.000000    0.000000   clock clk (rise edge)
                                  0.000000    0.000000   clock network delay (ideal)
                                  4.000000    4.000000 ^ input external delay
    19    0.084000    1.261049    0.739497    4.739497 ^ rst_n (in)
                                                         rst_n (net)
                      1.261049    0.000000    4.739497 ^ _323_/I (gf180mcu_fd_sc_mcu7t5v0__clkinv_1)
    26    0.104329    1.385542    1.156712    5.896209 v _323_/ZN (gf180mcu_fd_sc_mcu7t5v0__clkinv_1)
                                                         _308_ (net)
                      1.385542    0.000000    5.896209 v _571_/B (gf180mcu_fd_sc_mcu7t5v0__aoi21_1)
     1    0.002426    0.401827    0.420672    6.316882 ^ _571_/ZN (gf180mcu_fd_sc_mcu7t5v0__aoi21_1)
                                                         _013_ (net)
                      0.401827    0.000000    6.316882 ^ _629_/D (gf180mcu_fd_sc_mcu7t5v0__dffq_1)
                                              6.316882   data arrival time

                      0.150000   20.000000   20.000000   clock clk (rise edge)
                                  0.000000   20.000000   clock network delay (ideal)
                                 -0.250000   19.750002   clock uncertainty
                                  0.000000   19.750002   clock reconvergence pessimism
                                             19.750002 ^ _629_/CLK (gf180mcu_fd_sc_mcu7t5v0__dffq_1)
                                 -0.205321   19.544682   library setup time
                                             19.544682   data required time
---------------------------------------------------------------------------------------------
                                             19.544682   data required time
                                             -6.316882   data arrival time
---------------------------------------------------------------------------------------------
                                             13.227799   slack (MET)


Startpoint: rst_n (input port clocked by clk)
Endpoint: _630_ (rising edge-triggered flip-flop clocked by clk)
Path Group: clk
Path Type: max

Fanout         Cap        Slew       Delay        Time   Description
---------------------------------------------------------------------------------------------
                      0.150000    0.000000    0.000000   clock clk (rise edge)
                                  0.000000    0.000000   clock network delay (ideal)
                                  4.000000    4.000000 ^ input external delay
    19    0.084000    1.261049    0.739497    4.739497 ^ rst_n (in)
                                                         rst_n (net)
                      1.261049    0.000000    4.739497 ^ _323_/I (gf180mcu_fd_sc_mcu7t5v0__clkinv_1)
    26    0.104329    1.385542    1.156712    5.896209 v _323_/ZN (gf180mcu_fd_sc_mcu7t5v0__clkinv_1)
                                                         _308_ (net)
                      1.385542    0.000000    5.896209 v _575_/B (gf180mcu_fd_sc_mcu7t5v0__aoi21_1)
     1    0.002426    0.401827    0.420672    6.316882 ^ _575_/ZN (gf180mcu_fd_sc_mcu7t5v0__aoi21_1)
                                                         _014_ (net)
                      0.401827    0.000000    6.316882 ^ _630_/D (gf180mcu_fd_sc_mcu7t5v0__dffq_1)
                                              6.316882   data arrival time

                      0.150000   20.000000   20.000000   clock clk (rise edge)
                                  0.000000   20.000000   clock network delay (ideal)
                                 -0.250000   19.750002   clock uncertainty
                                  0.000000   19.750002   clock reconvergence pessimism
                                             19.750002 ^ _630_/CLK (gf180mcu_fd_sc_mcu7t5v0__dffq_1)
                                 -0.205321   19.544682   library setup time
                                             19.544682   data required time
---------------------------------------------------------------------------------------------
                                             19.544682   data required time
                                             -6.316882   data arrival time
---------------------------------------------------------------------------------------------
                                             13.227799   slack (MET)


Startpoint: rst_n (input port clocked by clk)
Endpoint: _631_ (rising edge-triggered flip-flop clocked by clk)
Path Group: clk
Path Type: max

Fanout         Cap        Slew       Delay        Time   Description
---------------------------------------------------------------------------------------------
                      0.150000    0.000000    0.000000   clock clk (rise edge)
                                  0.000000    0.000000   clock network delay (ideal)
                                  4.000000    4.000000 ^ input external delay
    19    0.084000    1.261049    0.739497    4.739497 ^ rst_n (in)
                                                         rst_n (net)
                      1.261049    0.000000    4.739497 ^ _323_/I (gf180mcu_fd_sc_mcu7t5v0__clkinv_1)
    26    0.104329    1.385542    1.156712    5.896209 v _323_/ZN (gf180mcu_fd_sc_mcu7t5v0__clkinv_1)
                                                         _308_ (net)
                      1.385542    0.000000    5.896209 v _579_/B (gf180mcu_fd_sc_mcu7t5v0__aoi21_1)
     1    0.002426    0.401827    0.420672    6.316882 ^ _579_/ZN (gf180mcu_fd_sc_mcu7t5v0__aoi21_1)
                                                         _015_ (net)
                      0.401827    0.000000    6.316882 ^ _631_/D (gf180mcu_fd_sc_mcu7t5v0__dffq_1)
                                              6.316882   data arrival time

                      0.150000   20.000000   20.000000   clock clk (rise edge)
                                  0.000000   20.000000   clock network delay (ideal)
                                 -0.250000   19.750002   clock uncertainty
                                  0.000000   19.750002   clock reconvergence pessimism
                                             19.750002 ^ _631_/CLK (gf180mcu_fd_sc_mcu7t5v0__dffq_1)
                                 -0.205321   19.544682   library setup time
                                             19.544682   data required time
---------------------------------------------------------------------------------------------
                                             19.544682   data required time
                                             -6.316882   data arrival time
---------------------------------------------------------------------------------------------
                                             13.227799   slack (MET)


Startpoint: rst_n (input port clocked by clk)
Endpoint: _632_ (rising edge-triggered flip-flop clocked by clk)
Path Group: clk
Path Type: max

Fanout         Cap        Slew       Delay        Time   Description
---------------------------------------------------------------------------------------------
                      0.150000    0.000000    0.000000   clock clk (rise edge)
                                  0.000000    0.000000   clock network delay (ideal)
                                  4.000000    4.000000 ^ input external delay
    19    0.084000    1.261049    0.739497    4.739497 ^ rst_n (in)
                                                         rst_n (net)
                      1.261049    0.000000    4.739497 ^ _323_/I (gf180mcu_fd_sc_mcu7t5v0__clkinv_1)
    26    0.104329    1.385542    1.156712    5.896209 v _323_/ZN (gf180mcu_fd_sc_mcu7t5v0__clkinv_1)
                                                         _308_ (net)
                      1.385542    0.000000    5.896209 v _583_/B (gf180mcu_fd_sc_mcu7t5v0__aoi21_1)
     1    0.002426    0.401827    0.420672    6.316882 ^ _583_/ZN (gf180mcu_fd_sc_mcu7t5v0__aoi21_1)
                                                         _016_ (net)
                      0.401827    0.000000    6.316882 ^ _632_/D (gf180mcu_fd_sc_mcu7t5v0__dffq_1)
                                              6.316882   data arrival time

                      0.150000   20.000000   20.000000   clock clk (rise edge)
                                  0.000000   20.000000   clock network delay (ideal)
                                 -0.250000   19.750002   clock uncertainty
                                  0.000000   19.750002   clock reconvergence pessimism
                                             19.750002 ^ _632_/CLK (gf180mcu_fd_sc_mcu7t5v0__dffq_1)
                                 -0.205321   19.544682   library setup time
                                             19.544682   data required time
---------------------------------------------------------------------------------------------
                                             19.544682   data required time
                                             -6.316882   data arrival time
---------------------------------------------------------------------------------------------
                                             13.227799   slack (MET)


Startpoint: rst_n (input port clocked by clk)
Endpoint: _633_ (rising edge-triggered flip-flop clocked by clk)
Path Group: clk
Path Type: max

Fanout         Cap        Slew       Delay        Time   Description
---------------------------------------------------------------------------------------------
                      0.150000    0.000000    0.000000   clock clk (rise edge)
                                  0.000000    0.000000   clock network delay (ideal)
                                  4.000000    4.000000 ^ input external delay
    19    0.084000    1.261049    0.739497    4.739497 ^ rst_n (in)
                                                         rst_n (net)
                      1.261049    0.000000    4.739497 ^ _323_/I (gf180mcu_fd_sc_mcu7t5v0__clkinv_1)
    26    0.104329    1.385542    1.156712    5.896209 v _323_/ZN (gf180mcu_fd_sc_mcu7t5v0__clkinv_1)
                                                         _308_ (net)
                      1.385542    0.000000    5.896209 v _587_/B (gf180mcu_fd_sc_mcu7t5v0__aoi21_1)
     1    0.002426    0.401827    0.420672    6.316882 ^ _587_/ZN (gf180mcu_fd_sc_mcu7t5v0__aoi21_1)
                                                         _017_ (net)
                      0.401827    0.000000    6.316882 ^ _633_/D (gf180mcu_fd_sc_mcu7t5v0__dffq_1)
                                              6.316882   data arrival time

                      0.150000   20.000000   20.000000   clock clk (rise edge)
                                  0.000000   20.000000   clock network delay (ideal)
                                 -0.250000   19.750002   clock uncertainty
                                  0.000000   19.750002   clock reconvergence pessimism
                                             19.750002 ^ _633_/CLK (gf180mcu_fd_sc_mcu7t5v0__dffq_1)
                                 -0.205321   19.544682   library setup time
                                             19.544682   data required time
---------------------------------------------------------------------------------------------
                                             19.544682   data required time
                                             -6.316882   data arrival time
---------------------------------------------------------------------------------------------
                                             13.227799   slack (MET)


Startpoint: rst_n (input port clocked by clk)
Endpoint: _634_ (rising edge-triggered flip-flop clocked by clk)
Path Group: clk
Path Type: max

Fanout         Cap        Slew       Delay        Time   Description
---------------------------------------------------------------------------------------------
                      0.150000    0.000000    0.000000   clock clk (rise edge)
                                  0.000000    0.000000   clock network delay (ideal)
                                  4.000000    4.000000 ^ input external delay
    19    0.084000    1.261049    0.739497    4.739497 ^ rst_n (in)
                                                         rst_n (net)
                      1.261049    0.000000    4.739497 ^ _323_/I (gf180mcu_fd_sc_mcu7t5v0__clkinv_1)
    26    0.104329    1.385542    1.156712    5.896209 v _323_/ZN (gf180mcu_fd_sc_mcu7t5v0__clkinv_1)
                                                         _308_ (net)
                      1.385542    0.000000    5.896209 v _589_/B (gf180mcu_fd_sc_mcu7t5v0__aoi21_1)
     1    0.002426    0.401827    0.420672    6.316882 ^ _589_/ZN (gf180mcu_fd_sc_mcu7t5v0__aoi21_1)
                                                         _018_ (net)
                      0.401827    0.000000    6.316882 ^ _634_/D (gf180mcu_fd_sc_mcu7t5v0__dffq_1)
                                              6.316882   data arrival time

                      0.150000   20.000000   20.000000   clock clk (rise edge)
                                  0.000000   20.000000   clock network delay (ideal)
                                 -0.250000   19.750002   clock uncertainty
                                  0.000000   19.750002   clock reconvergence pessimism
                                             19.750002 ^ _634_/CLK (gf180mcu_fd_sc_mcu7t5v0__dffq_1)
                                 -0.205321   19.544682   library setup time
                                             19.544682   data required time
---------------------------------------------------------------------------------------------
                                             19.544682   data required time
                                             -6.316882   data arrival time
---------------------------------------------------------------------------------------------
                                             13.227799   slack (MET)


Startpoint: rst_n (input port clocked by clk)
Endpoint: _635_ (rising edge-triggered flip-flop clocked by clk)
Path Group: clk
Path Type: max

Fanout         Cap        Slew       Delay        Time   Description
---------------------------------------------------------------------------------------------
                      0.150000    0.000000    0.000000   clock clk (rise edge)
                                  0.000000    0.000000   clock network delay (ideal)
                                  4.000000    4.000000 ^ input external delay
    19    0.084000    1.261049    0.739497    4.739497 ^ rst_n (in)
                                                         rst_n (net)
                      1.261049    0.000000    4.739497 ^ _323_/I (gf180mcu_fd_sc_mcu7t5v0__clkinv_1)
    26    0.104329    1.385542    1.156712    5.896209 v _323_/ZN (gf180mcu_fd_sc_mcu7t5v0__clkinv_1)
                                                         _308_ (net)
                      1.385542    0.000000    5.896209 v _591_/B (gf180mcu_fd_sc_mcu7t5v0__aoi21_1)
     1    0.002426    0.401827    0.420672    6.316882 ^ _591_/ZN (gf180mcu_fd_sc_mcu7t5v0__aoi21_1)
                                                         _019_ (net)
                      0.401827    0.000000    6.316882 ^ _635_/D (gf180mcu_fd_sc_mcu7t5v0__dffq_1)
                                              6.316882   data arrival time

                      0.150000   20.000000   20.000000   clock clk (rise edge)
                                  0.000000   20.000000   clock network delay (ideal)
                                 -0.250000   19.750002   clock uncertainty
                                  0.000000   19.750002   clock reconvergence pessimism
                                             19.750002 ^ _635_/CLK (gf180mcu_fd_sc_mcu7t5v0__dffq_1)
                                 -0.205321   19.544682   library setup time
                                             19.544682   data required time
---------------------------------------------------------------------------------------------
                                             19.544682   data required time
                                             -6.316882   data arrival time
---------------------------------------------------------------------------------------------
                                             13.227799   slack (MET)


Startpoint: rst_n (input port clocked by clk)
Endpoint: _636_ (rising edge-triggered flip-flop clocked by clk)
Path Group: clk
Path Type: max

Fanout         Cap        Slew       Delay        Time   Description
---------------------------------------------------------------------------------------------
                      0.150000    0.000000    0.000000   clock clk (rise edge)
                                  0.000000    0.000000   clock network delay (ideal)
                                  4.000000    4.000000 ^ input external delay
    19    0.084000    1.261049    0.739497    4.739497 ^ rst_n (in)
                                                         rst_n (net)
                      1.261049    0.000000    4.739497 ^ _323_/I (gf180mcu_fd_sc_mcu7t5v0__clkinv_1)
    26    0.104329    1.385542    1.156712    5.896209 v _323_/ZN (gf180mcu_fd_sc_mcu7t5v0__clkinv_1)
                                                         _308_ (net)
                      1.385542    0.000000    5.896209 v _593_/B (gf180mcu_fd_sc_mcu7t5v0__aoi21_1)
     1    0.002426    0.401827    0.420672    6.316882 ^ _593_/ZN (gf180mcu_fd_sc_mcu7t5v0__aoi21_1)
                                                         _020_ (net)
                      0.401827    0.000000    6.316882 ^ _636_/D (gf180mcu_fd_sc_mcu7t5v0__dffq_1)
                                              6.316882   data arrival time

                      0.150000   20.000000   20.000000   clock clk (rise edge)
                                  0.000000   20.000000   clock network delay (ideal)
                                 -0.250000   19.750002   clock uncertainty
                                  0.000000   19.750002   clock reconvergence pessimism
                                             19.750002 ^ _636_/CLK (gf180mcu_fd_sc_mcu7t5v0__dffq_1)
                                 -0.205321   19.544682   library setup time
                                             19.544682   data required time
---------------------------------------------------------------------------------------------
                                             19.544682   data required time
                                             -6.316882   data arrival time
---------------------------------------------------------------------------------------------
                                             13.227799   slack (MET)


Startpoint: rst_n (input port clocked by clk)
Endpoint: _637_ (rising edge-triggered flip-flop clocked by clk)
Path Group: clk
Path Type: max

Fanout         Cap        Slew       Delay        Time   Description
---------------------------------------------------------------------------------------------
                      0.150000    0.000000    0.000000   clock clk (rise edge)
                                  0.000000    0.000000   clock network delay (ideal)
                                  4.000000    4.000000 ^ input external delay
    19    0.084000    1.261049    0.739497    4.739497 ^ rst_n (in)
                                                         rst_n (net)
                      1.261049    0.000000    4.739497 ^ _323_/I (gf180mcu_fd_sc_mcu7t5v0__clkinv_1)
    26    0.104329    1.385542    1.156712    5.896209 v _323_/ZN (gf180mcu_fd_sc_mcu7t5v0__clkinv_1)
                                                         _308_ (net)
                      1.385542    0.000000    5.896209 v _595_/B (gf180mcu_fd_sc_mcu7t5v0__aoi21_1)
     1    0.002426    0.401827    0.420672    6.316882 ^ _595_/ZN (gf180mcu_fd_sc_mcu7t5v0__aoi21_1)
                                                         _021_ (net)
                      0.401827    0.000000    6.316882 ^ _637_/D (gf180mcu_fd_sc_mcu7t5v0__dffq_1)
                                              6.316882   data arrival time

                      0.150000   20.000000   20.000000   clock clk (rise edge)
                                  0.000000   20.000000   clock network delay (ideal)
                                 -0.250000   19.750002   clock uncertainty
                                  0.000000   19.750002   clock reconvergence pessimism
                                             19.750002 ^ _637_/CLK (gf180mcu_fd_sc_mcu7t5v0__dffq_1)
                                 -0.205321   19.544682   library setup time
                                             19.544682   data required time
---------------------------------------------------------------------------------------------
                                             19.544682   data required time
                                             -6.316882   data arrival time
---------------------------------------------------------------------------------------------
                                             13.227799   slack (MET)


Startpoint: rst_n (input port clocked by clk)
Endpoint: _638_ (rising edge-triggered flip-flop clocked by clk)
Path Group: clk
Path Type: max

Fanout         Cap        Slew       Delay        Time   Description
---------------------------------------------------------------------------------------------
                      0.150000    0.000000    0.000000   clock clk (rise edge)
                                  0.000000    0.000000   clock network delay (ideal)
                                  4.000000    4.000000 ^ input external delay
    19    0.084000    1.261049    0.739497    4.739497 ^ rst_n (in)
                                                         rst_n (net)
                      1.261049    0.000000    4.739497 ^ _323_/I (gf180mcu_fd_sc_mcu7t5v0__clkinv_1)
    26    0.104329    1.385542    1.156712    5.896209 v _323_/ZN (gf180mcu_fd_sc_mcu7t5v0__clkinv_1)
                                                         _308_ (net)
                      1.385542    0.000000    5.896209 v _597_/B (gf180mcu_fd_sc_mcu7t5v0__aoi21_1)
     1    0.002426    0.401827    0.420672    6.316882 ^ _597_/ZN (gf180mcu_fd_sc_mcu7t5v0__aoi21_1)
                                                         _022_ (net)
                      0.401827    0.000000    6.316882 ^ _638_/D (gf180mcu_fd_sc_mcu7t5v0__dffq_1)
                                              6.316882   data arrival time

                      0.150000   20.000000   20.000000   clock clk (rise edge)
                                  0.000000   20.000000   clock network delay (ideal)
                                 -0.250000   19.750002   clock uncertainty
                                  0.000000   19.750002   clock reconvergence pessimism
                                             19.750002 ^ _638_/CLK (gf180mcu_fd_sc_mcu7t5v0__dffq_1)
                                 -0.205321   19.544682   library setup time
                                             19.544682   data required time
---------------------------------------------------------------------------------------------
                                             19.544682   data required time
                                             -6.316882   data arrival time
---------------------------------------------------------------------------------------------
                                             13.227799   slack (MET)


Startpoint: rst_n (input port clocked by clk)
Endpoint: _639_ (rising edge-triggered flip-flop clocked by clk)
Path Group: clk
Path Type: max

Fanout         Cap        Slew       Delay        Time   Description
---------------------------------------------------------------------------------------------
                      0.150000    0.000000    0.000000   clock clk (rise edge)
                                  0.000000    0.000000   clock network delay (ideal)
                                  4.000000    4.000000 ^ input external delay
    19    0.084000    1.261049    0.739497    4.739497 ^ rst_n (in)
                                                         rst_n (net)
                      1.261049    0.000000    4.739497 ^ _323_/I (gf180mcu_fd_sc_mcu7t5v0__clkinv_1)
    26    0.104329    1.385542    1.156712    5.896209 v _323_/ZN (gf180mcu_fd_sc_mcu7t5v0__clkinv_1)
                                                         _308_ (net)
                      1.385542    0.000000    5.896209 v _599_/B (gf180mcu_fd_sc_mcu7t5v0__aoi21_1)
     1    0.002426    0.401827    0.420672    6.316882 ^ _599_/ZN (gf180mcu_fd_sc_mcu7t5v0__aoi21_1)
                                                         _023_ (net)
                      0.401827    0.000000    6.316882 ^ _639_/D (gf180mcu_fd_sc_mcu7t5v0__dffq_1)
                                              6.316882   data arrival time

                      0.150000   20.000000   20.000000   clock clk (rise edge)
                                  0.000000   20.000000   clock network delay (ideal)
                                 -0.250000   19.750002   clock uncertainty
                                  0.000000   19.750002   clock reconvergence pessimism
                                             19.750002 ^ _639_/CLK (gf180mcu_fd_sc_mcu7t5v0__dffq_1)
                                 -0.205321   19.544682   library setup time
                                             19.544682   data required time
---------------------------------------------------------------------------------------------
                                             19.544682   data required time
                                             -6.316882   data arrival time
---------------------------------------------------------------------------------------------
                                             13.227799   slack (MET)


Startpoint: rst_n (input port clocked by clk)
Endpoint: _640_ (rising edge-triggered flip-flop clocked by clk)
Path Group: clk
Path Type: max

Fanout         Cap        Slew       Delay        Time   Description
---------------------------------------------------------------------------------------------
                      0.150000    0.000000    0.000000   clock clk (rise edge)
                                  0.000000    0.000000   clock network delay (ideal)
                                  4.000000    4.000000 ^ input external delay
    19    0.084000    1.261049    0.739497    4.739497 ^ rst_n (in)
                                                         rst_n (net)
                      1.261049    0.000000    4.739497 ^ _323_/I (gf180mcu_fd_sc_mcu7t5v0__clkinv_1)
    26    0.104329    1.385542    1.156712    5.896209 v _323_/ZN (gf180mcu_fd_sc_mcu7t5v0__clkinv_1)
                                                         _308_ (net)
                      1.385542    0.000000    5.896209 v _601_/B (gf180mcu_fd_sc_mcu7t5v0__aoi21_1)
     1    0.002426    0.401827    0.420672    6.316882 ^ _601_/ZN (gf180mcu_fd_sc_mcu7t5v0__aoi21_1)
                                                         _024_ (net)
                      0.401827    0.000000    6.316882 ^ _640_/D (gf180mcu_fd_sc_mcu7t5v0__dffq_1)
                                              6.316882   data arrival time

                      0.150000   20.000000   20.000000   clock clk (rise edge)
                                  0.000000   20.000000   clock network delay (ideal)
                                 -0.250000   19.750002   clock uncertainty
                                  0.000000   19.750002   clock reconvergence pessimism
                                             19.750002 ^ _640_/CLK (gf180mcu_fd_sc_mcu7t5v0__dffq_1)
                                 -0.205321   19.544682   library setup time
                                             19.544682   data required time
---------------------------------------------------------------------------------------------
                                             19.544682   data required time
                                             -6.316882   data arrival time
---------------------------------------------------------------------------------------------
                                             13.227799   slack (MET)


Startpoint: rst_n (input port clocked by clk)
Endpoint: _641_ (rising edge-triggered flip-flop clocked by clk)
Path Group: clk
Path Type: max

Fanout         Cap        Slew       Delay        Time   Description
---------------------------------------------------------------------------------------------
                      0.150000    0.000000    0.000000   clock clk (rise edge)
                                  0.000000    0.000000   clock network delay (ideal)
                                  4.000000    4.000000 ^ input external delay
    19    0.084000    1.261049    0.739497    4.739497 ^ rst_n (in)
                                                         rst_n (net)
                      1.261049    0.000000    4.739497 ^ _323_/I (gf180mcu_fd_sc_mcu7t5v0__clkinv_1)
    26    0.104329    1.385542    1.156712    5.896209 v _323_/ZN (gf180mcu_fd_sc_mcu7t5v0__clkinv_1)
                                                         _308_ (net)
                      1.385542    0.000000    5.896209 v _603_/B (gf180mcu_fd_sc_mcu7t5v0__aoi21_1)
     1    0.002426    0.401827    0.420672    6.316882 ^ _603_/ZN (gf180mcu_fd_sc_mcu7t5v0__aoi21_1)
                                                         _025_ (net)
                      0.401827    0.000000    6.316882 ^ _641_/D (gf180mcu_fd_sc_mcu7t5v0__dffq_1)
                                              6.316882   data arrival time

                      0.150000   20.000000   20.000000   clock clk (rise edge)
                                  0.000000   20.000000   clock network delay (ideal)
                                 -0.250000   19.750002   clock uncertainty
                                  0.000000   19.750002   clock reconvergence pessimism
                                             19.750002 ^ _641_/CLK (gf180mcu_fd_sc_mcu7t5v0__dffq_1)
                                 -0.205321   19.544682   library setup time
                                             19.544682   data required time
---------------------------------------------------------------------------------------------
                                             19.544682   data required time
                                             -6.316882   data arrival time
---------------------------------------------------------------------------------------------
                                             13.227799   slack (MET)


Startpoint: rst_n (input port clocked by clk)
Endpoint: _650_ (rising edge-triggered flip-flop clocked by clk)
Path Group: clk
Path Type: max

Fanout         Cap        Slew       Delay        Time   Description
---------------------------------------------------------------------------------------------
                      0.150000    0.000000    0.000000   clock clk (rise edge)
                                  0.000000    0.000000   clock network delay (ideal)
                                  4.000000    4.000000 ^ input external delay
    19    0.084000    1.261049    0.739497    4.739497 ^ rst_n (in)
                                                         rst_n (net)
                      1.261049    0.000000    4.739497 ^ _323_/I (gf180mcu_fd_sc_mcu7t5v0__clkinv_1)
    26    0.104329    1.385542    1.156712    5.896209 v _323_/ZN (gf180mcu_fd_sc_mcu7t5v0__clkinv_1)
                                                         _308_ (net)
                      1.385542    0.000000    5.896209 v _604_/A2 (gf180mcu_fd_sc_mcu7t5v0__nor2_1)
     1    0.002426    0.345921    0.355717    6.251926 ^ _604_/ZN (gf180mcu_fd_sc_mcu7t5v0__nor2_1)
                                                         _034_ (net)
                      0.345921    0.000000    6.251926 ^ _650_/D (gf180mcu_fd_sc_mcu7t5v0__dffq_1)
                                              6.251926   data arrival time

                      0.150000   20.000000   20.000000   clock clk (rise edge)
                                  0.000000   20.000000   clock network delay (ideal)
                                 -0.250000   19.750002   clock uncertainty
                                  0.000000   19.750002   clock reconvergence pessimism
                                             19.750002 ^ _650_/CLK (gf180mcu_fd_sc_mcu7t5v0__dffq_1)
                                 -0.201178   19.548824   library setup time
                                             19.548824   data required time
---------------------------------------------------------------------------------------------
                                             19.548824   data required time
                                             -6.251926   data arrival time
---------------------------------------------------------------------------------------------
                                             13.296898   slack (MET)


Startpoint: uio_in[2] (input port clocked by clk)
Endpoint: _642_ (rising edge-triggered flip-flop clocked by clk)
Path Group: clk
Path Type: max

Fanout         Cap        Slew       Delay        Time   Description
---------------------------------------------------------------------------------------------
                      0.150000    0.000000    0.000000   clock clk (rise edge)
                                  0.000000    0.000000   clock network delay (ideal)
                                  4.000000    4.000000 ^ input external delay
     2    0.008805    0.169256    0.079992    4.079992 ^ uio_in[2] (in)
                                                         uio_in[2] (net)
                      0.169256    0.000000    4.079992 ^ _320_/I (gf180mcu_fd_sc_mcu7t5v0__clkinv_1)
     1    0.003974    0.102854    0.096304    4.176296 v _320_/ZN (gf180mcu_fd_sc_mcu7t5v0__clkinv_1)
                                                         _305_ (net)
                      0.102854    0.000000    4.176296 v _329_/B (gf180mcu_fd_sc_mcu7t5v0__aoi21_1)
    12    0.059986    1.713937    1.098446    5.274743 ^ _329_/ZN (gf180mcu_fd_sc_mcu7t5v0__aoi21_1)
                                                         _045_ (net)
                      1.713937    0.000000    5.274743 ^ _369_/A2 (gf180mcu_fd_sc_mcu7t5v0__xor2_1)
     5    0.020987    0.741907    0.508858    5.783600 ^ _369_/Z (gf180mcu_fd_sc_mcu7t5v0__xor2_1)
                                                         _079_ (net)
                      0.741907    0.000000    5.783600 ^ _371_/A2 (gf180mcu_fd_sc_mcu7t5v0__nand2_1)
     4    0.017185    0.472742    0.237746    6.021347 v _371_/ZN (gf180mcu_fd_sc_mcu7t5v0__nand2_1)
                                                         _081_ (net)
                      0.472742    0.000000    6.021347 v _372_/I (gf180mcu_fd_sc_mcu7t5v0__clkinv_1)
     1    0.002426    0.149901    0.151040    6.172387 ^ _372_/ZN (gf180mcu_fd_sc_mcu7t5v0__clkinv_1)
                                                         _026_ (net)
                      0.149901    0.000000    6.172387 ^ _642_/D (gf180mcu_fd_sc_mcu7t5v0__dffq_1)
                                              6.172387   data arrival time

                      0.150000   20.000000   20.000000   clock clk (rise edge)
                                  0.000000   20.000000   clock network delay (ideal)
                                 -0.250000   19.750002   clock uncertainty
                                  0.000000   19.750002   clock reconvergence pessimism
                                             19.750002 ^ _642_/CLK (gf180mcu_fd_sc_mcu7t5v0__dffq_1)
                                 -0.184543   19.565458   library setup time
                                             19.565458   data required time
---------------------------------------------------------------------------------------------
                                             19.565458   data required time
                                             -6.172387   data arrival time
---------------------------------------------------------------------------------------------
                                             13.393070   slack (MET)


Startpoint: uio_in[2] (input port clocked by clk)
Endpoint: _643_ (rising edge-triggered flip-flop clocked by clk)
Path Group: clk
Path Type: max

Fanout         Cap        Slew       Delay        Time   Description
---------------------------------------------------------------------------------------------
                      0.150000    0.000000    0.000000   clock clk (rise edge)
                                  0.000000    0.000000   clock network delay (ideal)
                                  4.000000    4.000000 ^ input external delay
     2    0.008805    0.169256    0.079992    4.079992 ^ uio_in[2] (in)
                                                         uio_in[2] (net)
                      0.169256    0.000000    4.079992 ^ _320_/I (gf180mcu_fd_sc_mcu7t5v0__clkinv_1)
     1    0.003974    0.102854    0.096304    4.176296 v _320_/ZN (gf180mcu_fd_sc_mcu7t5v0__clkinv_1)
                                                         _305_ (net)
                      0.102854    0.000000    4.176296 v _329_/B (gf180mcu_fd_sc_mcu7t5v0__aoi21_1)
    12    0.059986    1.713937    1.098446    5.274743 ^ _329_/ZN (gf180mcu_fd_sc_mcu7t5v0__aoi21_1)
                                                         _045_ (net)
                      1.713937    0.000000    5.274743 ^ _366_/A1 (gf180mcu_fd_sc_mcu7t5v0__oai21_1)
     5    0.022272    0.640237    0.362868    5.637610 v _366_/ZN (gf180mcu_fd_sc_mcu7t5v0__oai21_1)
                                                         _077_ (net)
                      0.640237    0.000000    5.637610 v _367_/A2 (gf180mcu_fd_sc_mcu7t5v0__nor2_1)
     4    0.014903    0.513949    0.443884    6.081494 ^ _367_/ZN (gf180mcu_fd_sc_mcu7t5v0__nor2_1)
                                                         _027_ (net)
                      0.513949    0.000000    6.081494 ^ _643_/D (gf180mcu_fd_sc_mcu7t5v0__dffq_1)
                                              6.081494   data arrival time

                      0.150000   20.000000   20.000000   clock clk (rise edge)
                                  0.000000   20.000000   clock network delay (ideal)
                                 -0.250000   19.750002   clock uncertainty
                                  0.000000   19.750002   clock reconvergence pessimism
                                             19.750002 ^ _643_/CLK (gf180mcu_fd_sc_mcu7t5v0__dffq_1)
                                 -0.208353   19.541647   library setup time
                                             19.541647   data required time
---------------------------------------------------------------------------------------------
                                             19.541647   data required time
                                             -6.081494   data arrival time
---------------------------------------------------------------------------------------------
                                             13.460153   slack (MET)


Startpoint: rst_n (input port clocked by clk)
Endpoint: _657_ (rising edge-triggered flip-flop clocked by clk)
Path Group: clk
Path Type: max

Fanout         Cap        Slew       Delay        Time   Description
---------------------------------------------------------------------------------------------
                      0.150000    0.000000    0.000000   clock clk (rise edge)
                                  0.000000    0.000000   clock network delay (ideal)
                                  4.000000    4.000000 ^ input external delay
    19    0.084000    1.261049    0.739497    4.739497 ^ rst_n (in)
                                                         rst_n (net)
                      1.261049    0.000000    4.739497 ^ _548_/B (gf180mcu_fd_sc_mcu7t5v0__oai21_1)
     1    0.003974    0.330671    0.151602    4.891099 v _548_/ZN (gf180mcu_fd_sc_mcu7t5v0__oai21_1)
                                                         _248_ (net)
                      0.330671    0.000000    4.891099 v _549_/B (gf180mcu_fd_sc_mcu7t5v0__aoi21_1)
     1    0.002426    0.261817    0.246639    5.137739 ^ _549_/ZN (gf180mcu_fd_sc_mcu7t5v0__aoi21_1)
                                                         _008_ (net)
                      0.261817    0.000000    5.137739 ^ _657_/D (gf180mcu_fd_sc_mcu7t5v0__dffq_1)
                                              5.137739   data arrival time

                      0.150000   20.000000   20.000000   clock clk (rise edge)
                                  0.000000   20.000000   clock network delay (ideal)
                                 -0.250000   19.750002   clock uncertainty
                                  0.000000   19.750002   clock reconvergence pessimism
                                             19.750002 ^ _657_/CLK (gf180mcu_fd_sc_mcu7t5v0__dffq_1)
                                 -0.194946   19.555056   library setup time
                                             19.555056   data required time
---------------------------------------------------------------------------------------------
                                             19.555056   data required time
                                             -5.137739   data arrival time
---------------------------------------------------------------------------------------------
                                             14.417315   slack (MET)


Startpoint: rst_n (input port clocked by clk)
Endpoint: _651_ (rising edge-triggered flip-flop clocked by clk)
Path Group: clk
Path Type: max

Fanout         Cap        Slew       Delay        Time   Description
---------------------------------------------------------------------------------------------
                      0.150000    0.000000    0.000000   clock clk (rise edge)
                                  0.000000    0.000000   clock network delay (ideal)
                                  4.000000    4.000000 ^ input external delay
    19    0.084000    1.261049    0.739497    4.739497 ^ rst_n (in)
                                                         rst_n (net)
                      1.261049    0.000000    4.739497 ^ _605_/B (gf180mcu_fd_sc_mcu7t5v0__oai21_1)
     1    0.003974    0.330671    0.151602    4.891099 v _605_/ZN (gf180mcu_fd_sc_mcu7t5v0__oai21_1)
                                                         _286_ (net)
                      0.330671    0.000000    4.891099 v _606_/B (gf180mcu_fd_sc_mcu7t5v0__aoi21_1)
     1    0.002426    0.241185    0.246639    5.137739 ^ _606_/ZN (gf180mcu_fd_sc_mcu7t5v0__aoi21_1)
                                                         _035_ (net)
                      0.241185    0.000000    5.137739 ^ _651_/D (gf180mcu_fd_sc_mcu7t5v0__dffq_1)
                                              5.137739   data arrival time

                      0.150000   20.000000   20.000000   clock clk (rise edge)
                                  0.000000   20.000000   clock network delay (ideal)
                                 -0.250000   19.750002   clock uncertainty
                                  0.000000   19.750002   clock reconvergence pessimism
                                             19.750002 ^ _651_/CLK (gf180mcu_fd_sc_mcu7t5v0__dffq_1)
                                 -0.193418   19.556583   library setup time
                                             19.556583   data required time
---------------------------------------------------------------------------------------------
                                             19.556583   data required time
                                             -5.137739   data arrival time
---------------------------------------------------------------------------------------------
                                             14.418843   slack (MET)


Startpoint: rst_n (input port clocked by clk)
Endpoint: _654_ (rising edge-triggered flip-flop clocked by clk)
Path Group: clk
Path Type: max

Fanout         Cap        Slew       Delay        Time   Description
---------------------------------------------------------------------------------------------
                      0.150000    0.000000    0.000000   clock clk (rise edge)
                                  0.000000    0.000000   clock network delay (ideal)
                                  4.000000    4.000000 ^ input external delay
    19    0.084000    1.261049    0.739497    4.739497 ^ rst_n (in)
                                                         rst_n (net)
                      1.261049    0.000000    4.739497 ^ _613_/B (gf180mcu_fd_sc_mcu7t5v0__oai21_1)
     1    0.003974    0.330671    0.151602    4.891099 v _613_/ZN (gf180mcu_fd_sc_mcu7t5v0__oai21_1)
                                                         _291_ (net)
                      0.330671    0.000000    4.891099 v _614_/B (gf180mcu_fd_sc_mcu7t5v0__aoi21_1)
     1    0.002426    0.241185    0.246639    5.137739 ^ _614_/ZN (gf180mcu_fd_sc_mcu7t5v0__aoi21_1)
                                                         _038_ (net)
                      0.241185    0.000000    5.137739 ^ _654_/D (gf180mcu_fd_sc_mcu7t5v0__dffq_1)
                                              5.137739   data arrival time

                      0.150000   20.000000   20.000000   clock clk (rise edge)
                                  0.000000   20.000000   clock network delay (ideal)
                                 -0.250000   19.750002   clock uncertainty
                                  0.000000   19.750002   clock reconvergence pessimism
                                             19.750002 ^ _654_/CLK (gf180mcu_fd_sc_mcu7t5v0__dffq_1)
                                 -0.193418   19.556583   library setup time
                                             19.556583   data required time
---------------------------------------------------------------------------------------------
                                             19.556583   data required time
                                             -5.137739   data arrival time
---------------------------------------------------------------------------------------------
                                             14.418843   slack (MET)


Startpoint: rst_n (input port clocked by clk)
Endpoint: _656_ (rising edge-triggered flip-flop clocked by clk)
Path Group: clk
Path Type: max

Fanout         Cap        Slew       Delay        Time   Description
---------------------------------------------------------------------------------------------
                      0.150000    0.000000    0.000000   clock clk (rise edge)
                                  0.000000    0.000000   clock network delay (ideal)
                                  4.000000    4.000000 ^ input external delay
    19    0.084000    1.261049    0.739497    4.739497 ^ rst_n (in)
                                                         rst_n (net)
                      1.261049    0.000000    4.739497 ^ _546_/A1 (gf180mcu_fd_sc_mcu7t5v0__nand2_1)
     1    0.003974    0.290148    0.113068    4.852566 v _546_/ZN (gf180mcu_fd_sc_mcu7t5v0__nand2_1)
                                                         _247_ (net)
                      0.290148    0.000000    4.852566 v _547_/B (gf180mcu_fd_sc_mcu7t5v0__aoi21_1)
     1    0.002426    0.236379    0.239329    5.091895 ^ _547_/ZN (gf180mcu_fd_sc_mcu7t5v0__aoi21_1)
                                                         _007_ (net)
                      0.236379    0.000000    5.091895 ^ _656_/D (gf180mcu_fd_sc_mcu7t5v0__dffq_1)
                                              5.091895   data arrival time

                      0.150000   20.000000   20.000000   clock clk (rise edge)
                                  0.000000   20.000000   clock network delay (ideal)
                                 -0.250000   19.750002   clock uncertainty
                                  0.000000   19.750002   clock reconvergence pessimism
                                             19.750002 ^ _656_/CLK (gf180mcu_fd_sc_mcu7t5v0__dffq_1)
                                 -0.193062   19.556940   library setup time
                                             19.556940   data required time
---------------------------------------------------------------------------------------------
                                             19.556940   data required time
                                             -5.091895   data arrival time
---------------------------------------------------------------------------------------------
                                             14.465045   slack (MET)


Startpoint: _626_ (rising edge-triggered flip-flop clocked by clk)
Endpoint: uo_out[0] (output port clocked by clk)
Path Group: clk
Path Type: max

Fanout         Cap        Slew       Delay        Time   Description
---------------------------------------------------------------------------------------------
                      0.150000    0.000000    0.000000   clock clk (rise edge)
                                  0.000000    0.000000   clock network delay (ideal)
                      0.150000    0.000000    0.000000 ^ _626_/CLK (gf180mcu_fd_sc_mcu7t5v0__dffq_1)
     2    0.072910    1.099878    1.234671    1.234671 ^ _626_/Q (gf180mcu_fd_sc_mcu7t5v0__dffq_1)
                                                         uo_out[0] (net)
                      1.099878    0.000000    1.234671 ^ uo_out[0] (out)
                                              1.234671   data arrival time

                      0.150000   20.000000   20.000000   clock clk (rise edge)
                                  0.000000   20.000000   clock network delay (ideal)
                                 -0.250000   19.750002   clock uncertainty
                                  0.000000   19.750002   clock reconvergence pessimism
                                 -4.000000   15.750001   output external delay
                                             15.750001   data required time
---------------------------------------------------------------------------------------------
                                             15.750001   data required time
                                             -1.234671   data arrival time
---------------------------------------------------------------------------------------------
                                             14.515329   slack (MET)


Startpoint: _627_ (rising edge-triggered flip-flop clocked by clk)
Endpoint: uo_out[1] (output port clocked by clk)
Path Group: clk
Path Type: max

Fanout         Cap        Slew       Delay        Time   Description
---------------------------------------------------------------------------------------------
                      0.150000    0.000000    0.000000   clock clk (rise edge)
                                  0.000000    0.000000   clock network delay (ideal)
                      0.150000    0.000000    0.000000 ^ _627_/CLK (gf180mcu_fd_sc_mcu7t5v0__dffq_1)
     2    0.072910    1.099878    1.234671    1.234671 ^ _627_/Q (gf180mcu_fd_sc_mcu7t5v0__dffq_1)
                                                         uo_out[1] (net)
                      1.099878    0.000000    1.234671 ^ uo_out[1] (out)
                                              1.234671   data arrival time

                      0.150000   20.000000   20.000000   clock clk (rise edge)
                                  0.000000   20.000000   clock network delay (ideal)
                                 -0.250000   19.750002   clock uncertainty
                                  0.000000   19.750002   clock reconvergence pessimism
                                 -4.000000   15.750001   output external delay
                                             15.750001   data required time
---------------------------------------------------------------------------------------------
                                             15.750001   data required time
                                             -1.234671   data arrival time
---------------------------------------------------------------------------------------------
                                             14.515329   slack (MET)


Startpoint: _628_ (rising edge-triggered flip-flop clocked by clk)
Endpoint: uo_out[2] (output port clocked by clk)
Path Group: clk
Path Type: max

Fanout         Cap        Slew       Delay        Time   Description
---------------------------------------------------------------------------------------------
                      0.150000    0.000000    0.000000   clock clk (rise edge)
                                  0.000000    0.000000   clock network delay (ideal)
                      0.150000    0.000000    0.000000 ^ _628_/CLK (gf180mcu_fd_sc_mcu7t5v0__dffq_1)
     2    0.072910    1.099878    1.234671    1.234671 ^ _628_/Q (gf180mcu_fd_sc_mcu7t5v0__dffq_1)
                                                         uo_out[2] (net)
                      1.099878    0.000000    1.234671 ^ uo_out[2] (out)
                                              1.234671   data arrival time

                      0.150000   20.000000   20.000000   clock clk (rise edge)
                                  0.000000   20.000000   clock network delay (ideal)
                                 -0.250000   19.750002   clock uncertainty
                                  0.000000   19.750002   clock reconvergence pessimism
                                 -4.000000   15.750001   output external delay
                                             15.750001   data required time
---------------------------------------------------------------------------------------------
                                             15.750001   data required time
                                             -1.234671   data arrival time
---------------------------------------------------------------------------------------------
                                             14.515329   slack (MET)


Startpoint: _629_ (rising edge-triggered flip-flop clocked by clk)
Endpoint: uo_out[3] (output port clocked by clk)
Path Group: clk
Path Type: max

Fanout         Cap        Slew       Delay        Time   Description
---------------------------------------------------------------------------------------------
                      0.150000    0.000000    0.000000   clock clk (rise edge)
                                  0.000000    0.000000   clock network delay (ideal)
                      0.150000    0.000000    0.000000 ^ _629_/CLK (gf180mcu_fd_sc_mcu7t5v0__dffq_1)
     2    0.072910    1.099878    1.234671    1.234671 ^ _629_/Q (gf180mcu_fd_sc_mcu7t5v0__dffq_1)
                                                         uo_out[3] (net)
                      1.099878    0.000000    1.234671 ^ uo_out[3] (out)
                                              1.234671   data arrival time

                      0.150000   20.000000   20.000000   clock clk (rise edge)
                                  0.000000   20.000000   clock network delay (ideal)
                                 -0.250000   19.750002   clock uncertainty
                                  0.000000   19.750002   clock reconvergence pessimism
                                 -4.000000   15.750001   output external delay
                                             15.750001   data required time
---------------------------------------------------------------------------------------------
                                             15.750001   data required time
                                             -1.234671   data arrival time
---------------------------------------------------------------------------------------------
                                             14.515329   slack (MET)


Startpoint: _630_ (rising edge-triggered flip-flop clocked by clk)
Endpoint: uo_out[4] (output port clocked by clk)
Path Group: clk
Path Type: max

Fanout         Cap        Slew       Delay        Time   Description
---------------------------------------------------------------------------------------------
                      0.150000    0.000000    0.000000   clock clk (rise edge)
                                  0.000000    0.000000   clock network delay (ideal)
                      0.150000    0.000000    0.000000 ^ _630_/CLK (gf180mcu_fd_sc_mcu7t5v0__dffq_1)
     2    0.072910    1.099878    1.234671    1.234671 ^ _630_/Q (gf180mcu_fd_sc_mcu7t5v0__dffq_1)
                                                         uo_out[4] (net)
                      1.099878    0.000000    1.234671 ^ uo_out[4] (out)
                                              1.234671   data arrival time

                      0.150000   20.000000   20.000000   clock clk (rise edge)
                                  0.000000   20.000000   clock network delay (ideal)
                                 -0.250000   19.750002   clock uncertainty
                                  0.000000   19.750002   clock reconvergence pessimism
                                 -4.000000   15.750001   output external delay
                                             15.750001   data required time
---------------------------------------------------------------------------------------------
                                             15.750001   data required time
                                             -1.234671   data arrival time
---------------------------------------------------------------------------------------------
                                             14.515329   slack (MET)


Startpoint: _631_ (rising edge-triggered flip-flop clocked by clk)
Endpoint: uo_out[5] (output port clocked by clk)
Path Group: clk
Path Type: max

Fanout         Cap        Slew       Delay        Time   Description
---------------------------------------------------------------------------------------------
                      0.150000    0.000000    0.000000   clock clk (rise edge)
                                  0.000000    0.000000   clock network delay (ideal)
                      0.150000    0.000000    0.000000 ^ _631_/CLK (gf180mcu_fd_sc_mcu7t5v0__dffq_1)
     2    0.072910    1.099878    1.234671    1.234671 ^ _631_/Q (gf180mcu_fd_sc_mcu7t5v0__dffq_1)
                                                         uo_out[5] (net)
                      1.099878    0.000000    1.234671 ^ uo_out[5] (out)
                                              1.234671   data arrival time

                      0.150000   20.000000   20.000000   clock clk (rise edge)
                                  0.000000   20.000000   clock network delay (ideal)
                                 -0.250000   19.750002   clock uncertainty
                                  0.000000   19.750002   clock reconvergence pessimism
                                 -4.000000   15.750001   output external delay
                                             15.750001   data required time
---------------------------------------------------------------------------------------------
                                             15.750001   data required time
                                             -1.234671   data arrival time
---------------------------------------------------------------------------------------------
                                             14.515329   slack (MET)


Startpoint: _632_ (rising edge-triggered flip-flop clocked by clk)
Endpoint: uo_out[6] (output port clocked by clk)
Path Group: clk
Path Type: max

Fanout         Cap        Slew       Delay        Time   Description
---------------------------------------------------------------------------------------------
                      0.150000    0.000000    0.000000   clock clk (rise edge)
                                  0.000000    0.000000   clock network delay (ideal)
                      0.150000    0.000000    0.000000 ^ _632_/CLK (gf180mcu_fd_sc_mcu7t5v0__dffq_1)
     2    0.072910    1.099878    1.234671    1.234671 ^ _632_/Q (gf180mcu_fd_sc_mcu7t5v0__dffq_1)
                                                         uo_out[6] (net)
                      1.099878    0.000000    1.234671 ^ uo_out[6] (out)
                                              1.234671   data arrival time

                      0.150000   20.000000   20.000000   clock clk (rise edge)
                                  0.000000   20.000000   clock network delay (ideal)
                                 -0.250000   19.750002   clock uncertainty
                                  0.000000   19.750002   clock reconvergence pessimism
                                 -4.000000   15.750001   output external delay
                                             15.750001   data required time
---------------------------------------------------------------------------------------------
                                             15.750001   data required time
                                             -1.234671   data arrival time
---------------------------------------------------------------------------------------------
                                             14.515329   slack (MET)


Startpoint: _633_ (rising edge-triggered flip-flop clocked by clk)
Endpoint: uo_out[7] (output port clocked by clk)
Path Group: clk
Path Type: max

Fanout         Cap        Slew       Delay        Time   Description
---------------------------------------------------------------------------------------------
                      0.150000    0.000000    0.000000   clock clk (rise edge)
                                  0.000000    0.000000   clock network delay (ideal)
                      0.150000    0.000000    0.000000 ^ _633_/CLK (gf180mcu_fd_sc_mcu7t5v0__dffq_1)
     2    0.072910    1.099878    1.234671    1.234671 ^ _633_/Q (gf180mcu_fd_sc_mcu7t5v0__dffq_1)
                                                         uo_out[7] (net)
                      1.099878    0.000000    1.234671 ^ uo_out[7] (out)
                                              1.234671   data arrival time

                      0.150000   20.000000   20.000000   clock clk (rise edge)
                                  0.000000   20.000000   clock network delay (ideal)
                                 -0.250000   19.750002   clock uncertainty
                                  0.000000   19.750002   clock reconvergence pessimism
                                 -4.000000   15.750001   output external delay
                                             15.750001   data required time
---------------------------------------------------------------------------------------------
                                             15.750001   data required time
                                             -1.234671   data arrival time
---------------------------------------------------------------------------------------------
                                             14.515329   slack (MET)


Startpoint: rst_n (input port clocked by clk)
Endpoint: _652_ (rising edge-triggered flip-flop clocked by clk)
Path Group: clk
Path Type: max

Fanout         Cap        Slew       Delay        Time   Description
---------------------------------------------------------------------------------------------
                      0.150000    0.000000    0.000000   clock clk (rise edge)
                                  0.000000    0.000000   clock network delay (ideal)
                                  4.000000    4.000000 ^ input external delay
    19    0.084000    1.261049    0.739497    4.739497 ^ rst_n (in)
                                                         rst_n (net)
                      1.261049    0.000000    4.739497 ^ _608_/A1 (gf180mcu_fd_sc_mcu7t5v0__nand2_1)
     1    0.004168    0.293169    0.116238    4.855735 v _608_/ZN (gf180mcu_fd_sc_mcu7t5v0__nand2_1)
                                                         _288_ (net)
                      0.293169    0.000000    4.855735 v _609_/A2 (gf180mcu_fd_sc_mcu7t5v0__nor2_1)
     1    0.002426    0.181248    0.177595    5.033330 ^ _609_/ZN (gf180mcu_fd_sc_mcu7t5v0__nor2_1)
                                                         _036_ (net)
                      0.181248    0.000000    5.033330 ^ _652_/D (gf180mcu_fd_sc_mcu7t5v0__dffq_1)
                                              5.033330   data arrival time

                      0.150000   20.000000   20.000000   clock clk (rise edge)
                                  0.000000   20.000000   clock network delay (ideal)
                                 -0.250000   19.750002   clock uncertainty
                                  0.000000   19.750002   clock reconvergence pessimism
                                             19.750002 ^ _652_/CLK (gf180mcu_fd_sc_mcu7t5v0__dffq_1)
                                 -0.188973   19.561029   library setup time
                                             19.561029   data required time
---------------------------------------------------------------------------------------------
                                             19.561029   data required time
                                             -5.033330   data arrival time
---------------------------------------------------------------------------------------------
                                             14.527699   slack (MET)


Startpoint: rst_n (input port clocked by clk)
Endpoint: _655_ (rising edge-triggered flip-flop clocked by clk)
Path Group: clk
Path Type: max

Fanout         Cap        Slew       Delay        Time   Description
---------------------------------------------------------------------------------------------
                      0.150000    0.000000    0.000000   clock clk (rise edge)
                                  0.000000    0.000000   clock network delay (ideal)
                                  4.000000    4.000000 ^ input external delay
    19    0.084000    1.261049    0.739497    4.739497 ^ rst_n (in)
                                                         rst_n (net)
                      1.261049    0.000000    4.739497 ^ _616_/A1 (gf180mcu_fd_sc_mcu7t5v0__nand2_1)
     1    0.004168    0.293169    0.116238    4.855735 v _616_/ZN (gf180mcu_fd_sc_mcu7t5v0__nand2_1)
                                                         _293_ (net)
                      0.293169    0.000000    4.855735 v _617_/A2 (gf180mcu_fd_sc_mcu7t5v0__nor2_1)
     1    0.002426    0.181248    0.177595    5.033330 ^ _617_/ZN (gf180mcu_fd_sc_mcu7t5v0__nor2_1)
                                                         _039_ (net)
                      0.181248    0.000000    5.033330 ^ _655_/D (gf180mcu_fd_sc_mcu7t5v0__dffq_1)
                                              5.033330   data arrival time

                      0.150000   20.000000   20.000000   clock clk (rise edge)
                                  0.000000   20.000000   clock network delay (ideal)
                                 -0.250000   19.750002   clock uncertainty
                                  0.000000   19.750002   clock reconvergence pessimism
                                             19.750002 ^ _655_/CLK (gf180mcu_fd_sc_mcu7t5v0__dffq_1)
                                 -0.188973   19.561029   library setup time
                                             19.561029   data required time
---------------------------------------------------------------------------------------------
                                             19.561029   data required time
                                             -5.033330   data arrival time
---------------------------------------------------------------------------------------------
                                             14.527699   slack (MET)



%OL_END_REPORT
%OL_CREATE_REPORT checks.rpt

===========================================================================
report_checks -unconstrained
===========================================================================
======================= nom_ff_n40C_3v60 Corner ===================================

Startpoint: uio_in[2] (input port clocked by clk)
Endpoint: _618_ (rising edge-triggered flip-flop clocked by clk)
Path Group: clk
Path Type: max

Fanout         Cap        Slew       Delay        Time   Description
---------------------------------------------------------------------------------------------
                      0.150000    0.000000    0.000000   clock clk (rise edge)
                                  0.000000    0.000000   clock network delay (ideal)
                                  4.000000    4.000000 ^ input external delay
     2    0.008805    0.169256    0.079992    4.079992 ^ uio_in[2] (in)
                                                         uio_in[2] (net)
                      0.169256    0.000000    4.079992 ^ _320_/I (gf180mcu_fd_sc_mcu7t5v0__clkinv_1)
     1    0.003974    0.102854    0.096304    4.176296 v _320_/ZN (gf180mcu_fd_sc_mcu7t5v0__clkinv_1)
                                                         _305_ (net)
                      0.102854    0.000000    4.176296 v _329_/B (gf180mcu_fd_sc_mcu7t5v0__aoi21_1)
    12    0.059986    1.713937    1.098446    5.274743 ^ _329_/ZN (gf180mcu_fd_sc_mcu7t5v0__aoi21_1)
                                                         _045_ (net)
                      1.713937    0.000000    5.274743 ^ _358_/A1 (gf180mcu_fd_sc_mcu7t5v0__oai21_1)
     2    0.007083    0.431787    0.131066    5.405808 v _358_/ZN (gf180mcu_fd_sc_mcu7t5v0__oai21_1)
                                                         _070_ (net)
                      0.431787    0.000000    5.405808 v _359_/A3 (gf180mcu_fd_sc_mcu7t5v0__nand3_1)
    23    0.105244    2.030912    1.366380    6.772188 ^ _359_/ZN (gf180mcu_fd_sc_mcu7t5v0__nand3_1)
                                                         _071_ (net)
                      2.030912    0.000000    6.772188 ^ _360_/I (gf180mcu_fd_sc_mcu7t5v0__clkinv_1)
    23    0.097030    1.492050    1.262945    8.035133 v _360_/ZN (gf180mcu_fd_sc_mcu7t5v0__clkinv_1)
                                                         _029_ (net)
                      1.492050    0.000000    8.035133 v _397_/A1 (gf180mcu_fd_sc_mcu7t5v0__or2_1)
     2    0.009281    0.192283    0.823195    8.858329 v _397_/Z (gf180mcu_fd_sc_mcu7t5v0__or2_1)
                                                         _105_ (net)
                      0.192283    0.000000    8.858329 v _402_/B (gf180mcu_fd_sc_mcu7t5v0__oai31_1)
     1    0.002951    0.544583    0.212968    9.071297 ^ _402_/ZN (gf180mcu_fd_sc_mcu7t5v0__oai31_1)
                                                         _110_ (net)
                      0.544583    0.000000    9.071297 ^ _406_/A3 (gf180mcu_fd_sc_mcu7t5v0__and4_1)
     1    0.004845    0.169816    0.430912    9.502209 ^ _406_/Z (gf180mcu_fd_sc_mcu7t5v0__and4_1)
                                                         _114_ (net)
                      0.169816    0.000000    9.502209 ^ _418_/B1 (gf180mcu_fd_sc_mcu7t5v0__oai32_1)
     2    0.009730    0.308183    0.186280    9.688489 v _418_/ZN (gf180mcu_fd_sc_mcu7t5v0__oai32_1)
                                                         _126_ (net)
                      0.308183    0.000000    9.688489 v _430_/A1 (gf180mcu_fd_sc_mcu7t5v0__oai21_1)
     1    0.004677    0.324405    0.239046    9.927535 ^ _430_/ZN (gf180mcu_fd_sc_mcu7t5v0__oai21_1)
                                                         _138_ (net)
                      0.324405    0.000000    9.927535 ^ _432_/B (gf180mcu_fd_sc_mcu7t5v0__oai21_1)
     1    0.002426    0.222008    0.139100   10.066636 v _432_/ZN (gf180mcu_fd_sc_mcu7t5v0__oai21_1)
                                                         _000_ (net)
                      0.222008    0.000000   10.066636 v _618_/D (gf180mcu_fd_sc_mcu7t5v0__dffq_1)
                                             10.066636   data arrival time

                      0.150000   20.000000   20.000000   clock clk (rise edge)
                                  0.000000   20.000000   clock network delay (ideal)
                                 -0.250000   19.750002   clock uncertainty
                                  0.000000   19.750002   clock reconvergence pessimism
                                             19.750002 ^ _618_/CLK (gf180mcu_fd_sc_mcu7t5v0__dffq_1)
                                 -0.214116   19.535885   library setup time
                                             19.535885   data required time
---------------------------------------------------------------------------------------------
                                             19.535885   data required time
                                            -10.066636   data arrival time
---------------------------------------------------------------------------------------------
                                              9.469249   slack (MET)




===========================================================================
report_checks --slack_max -0.01
============================================================================
======================= nom_ff_n40C_3v60 Corner ===================================

No paths found.


===========================================================================
 report_check_types -max_slew -max_cap -max_fanout -violators
============================================================================
======================= nom_ff_n40C_3v60 Corner ===================================

max fanout

Pin                                   Limit Fanout  Slack
---------------------------------------------------------
_323_/ZN                                 10     26    -16 (VIOLATED)
_357_/ZN                                 10     23    -13 (VIOLATED)
_359_/ZN                                 10     23    -13 (VIOLATED)
_360_/ZN                                 10     23    -13 (VIOLATED)
rst_n                                    10     19     -9 (VIOLATED)
_356_/ZN                                 10     18     -8 (VIOLATED)
_386_/ZN                                 10     16     -6 (VIOLATED)
_554_/ZN                                 10     16     -6 (VIOLATED)
_329_/ZN                                 10     12     -2 (VIOLATED)
_349_/ZN                                 10     12     -2 (VIOLATED)
_379_/ZN                                 10     11        (VIOLATED)
_387_/ZN                                 10     11        (VIOLATED)



===========================================================================
report_parasitic_annotation -report_unannotated
============================================================================
Found 392 unannotated drivers.
 clk
 ena
 rst_n
 ua[0]
 ua[1]
 ua[2]
 ua[3]
 ua[4]
 ua[5]
 ua[6]
 ua[7]
 ui_in[0]
 ui_in[1]
 ui_in[2]
 ui_in[3]
 ui_in[4]
 ui_in[5]
 ui_in[6]
 ui_in[7]
 uio_in[0]
 uio_in[1]
 uio_in[2]
 uio_in[3]
 uio_in[4]
 uio_in[5]
 uio_in[6]
 uio_in[7]
 _309_/ZN
 _310_/ZN
 _311_/ZN
 _312_/ZN
 _313_/ZN
 _314_/ZN
 _315_/ZN
 _316_/ZN
 _317_/ZN
 _318_/ZN
 _319_/ZN
 _320_/ZN
 _321_/ZN
 _322_/ZN
 _323_/ZN
 _324_/ZN
 _325_/Z
 _326_/ZN
 _327_/Z
 _328_/ZN
 _329_/ZN
 _330_/ZN
 _331_/ZN
 _332_/ZN
 _333_/ZN
 _334_/ZN
 _335_/ZN
 _336_/ZN
 _337_/ZN
 _338_/ZN
 _339_/ZN
 _340_/ZN
 _341_/ZN
 _342_/ZN
 _343_/ZN
 _344_/Z
 _345_/ZN
 _346_/ZN
 _347_/ZN
 _348_/ZN
 _349_/ZN
 _350_/ZN
 _351_/ZN
 _352_/ZN
 _353_/ZN
 _354_/ZN
 _355_/ZN
 _356_/ZN
 _357_/ZN
 _358_/ZN
 _359_/ZN
 _360_/ZN
 _361_/Z
 _362_/ZN
 _363_/ZN
 _364_/ZN
 _365_/ZN
 _366_/ZN
 _367_/ZN
 _368_/ZN
 _369_/Z
 _370_/Z
 _371_/ZN
 _372_/ZN
 _373_/ZN
 _374_/ZN
 _375_/ZN
 _376_/ZN
 _377_/ZN
 _378_/ZN
 _379_/ZN
 _380_/ZN
 _381_/ZN
 _382_/ZN
 _383_/ZN
 _384_/ZN
 _385_/ZN
 _386_/ZN
 _387_/ZN
 _388_/Z
 _389_/ZN
 _390_/ZN
 _391_/ZN
 _392_/ZN
 _393_/ZN
 _394_/ZN
 _395_/ZN
 _396_/ZN
 _397_/Z
 _398_/ZN
 _399_/ZN
 _400_/ZN
 _401_/ZN
 _402_/ZN
 _403_/ZN
 _404_/ZN
 _405_/ZN
 _406_/Z
 _407_/ZN
 _408_/ZN
 _409_/ZN
 _410_/ZN
 _411_/ZN
 _412_/ZN
 _413_/ZN
 _414_/ZN
 _415_/ZN
 _416_/ZN
 _417_/ZN
 _418_/ZN
 _419_/ZN
 _420_/ZN
 _421_/ZN
 _422_/ZN
 _423_/ZN
 _424_/ZN
 _425_/ZN
 _426_/ZN
 _427_/ZN
 _428_/ZN
 _429_/ZN
 _430_/ZN
 _431_/ZN
 _432_/ZN
 _433_/ZN
 _434_/ZN
 _435_/ZN
 _436_/ZN
 _437_/ZN
 _438_/ZN
 _439_/ZN
 _440_/ZN
 _441_/ZN
 _442_/ZN
 _443_/ZN
 _444_/ZN
 _445_/ZN
 _446_/ZN
 _447_/ZN
 _448_/ZN
 _449_/ZN
 _450_/ZN
 _451_/ZN
 _452_/ZN
 _453_/ZN
 _454_/ZN
 _455_/Z
 _456_/ZN
 _457_/ZN
 _458_/ZN
 _459_/ZN
 _460_/ZN
 _461_/ZN
 _462_/ZN
 _463_/ZN
 _464_/ZN
 _465_/ZN
 _466_/ZN
 _467_/ZN
 _468_/ZN
 _469_/ZN
 _470_/ZN
 _471_/ZN
 _472_/ZN
 _473_/ZN
 _474_/ZN
 _475_/ZN
 _476_/ZN
 _477_/ZN
 _478_/ZN
 _479_/ZN
 _480_/ZN
 _481_/ZN
 _482_/ZN
 _483_/ZN
 _484_/ZN
 _485_/Z
 _486_/ZN
 _487_/ZN
 _488_/ZN
 _489_/ZN
 _490_/ZN
 _491_/Z
 _492_/ZN
 _493_/ZN
 _494_/ZN
 _495_/ZN
 _496_/ZN
 _497_/ZN
 _498_/Z
 _499_/ZN
 _500_/ZN
 _501_/ZN
 _502_/ZN
 _503_/ZN
 _504_/ZN
 _505_/ZN
 _506_/ZN
 _507_/ZN
 _508_/Z
 _509_/ZN
 _510_/ZN
 _511_/ZN
 _512_/ZN
 _513_/ZN
 _514_/Z
 _515_/ZN
 _516_/ZN
 _517_/ZN
 _518_/ZN
 _519_/ZN
 _520_/ZN
 _521_/ZN
 _522_/ZN
 _523_/ZN
 _524_/ZN
 _525_/ZN
 _526_/ZN
 _527_/ZN
 _528_/ZN
 _529_/ZN
 _530_/ZN
 _531_/ZN
 _532_/ZN
 _533_/ZN
 _534_/ZN
 _535_/ZN
 _536_/Z
 _537_/ZN
 _538_/ZN
 _539_/ZN
 _540_/ZN
 _541_/ZN
 _542_/ZN
 _543_/ZN
 _544_/ZN
 _545_/Z
 _546_/ZN
 _547_/ZN
 _548_/ZN
 _549_/ZN
 _550_/ZN
 _551_/ZN
 _552_/ZN
 _553_/ZN
 _554_/ZN
 _555_/ZN
 _556_/ZN
 _557_/ZN
 _558_/ZN
 _559_/ZN
 _560_/ZN
 _561_/ZN
 _562_/ZN
 _563_/ZN
 _564_/ZN
 _565_/ZN
 _566_/ZN
 _567_/ZN
 _568_/ZN
 _569_/ZN
 _570_/ZN
 _571_/ZN
 _572_/ZN
 _573_/ZN
 _574_/ZN
 _575_/ZN
 _576_/ZN
 _577_/ZN
 _578_/ZN
 _579_/ZN
 _580_/ZN
 _581_/ZN
 _582_/ZN
 _583_/ZN
 _584_/ZN
 _585_/ZN
 _586_/ZN
 _587_/ZN
 _588_/ZN
 _589_/ZN
 _590_/ZN
 _591_/ZN
 _592_/ZN
 _593_/ZN
 _594_/ZN
 _595_/ZN
 _596_/ZN
 _597_/ZN
 _598_/ZN
 _599_/ZN
 _600_/ZN
 _601_/ZN
 _602_/ZN
 _603_/ZN
 _604_/ZN
 _605_/ZN
 _606_/ZN
 _607_/ZN
 _608_/ZN
 _609_/ZN
 _610_/ZN
 _611_/ZN
 _612_/Z
 _613_/ZN
 _614_/ZN
 _615_/ZN
 _616_/ZN
 _617_/ZN
 _618_/Q
 _619_/Q
 _620_/Q
 _621_/Q
 _622_/Q
 _623_/Q
 _624_/Q
 _625_/Q
 _626_/Q
 _627_/Q
 _628_/Q
 _629_/Q
 _630_/Q
 _631_/Q
 _632_/Q
 _633_/Q
 _634_/Q
 _635_/Q
 _636_/Q
 _637_/Q
 _638_/Q
 _639_/Q
 _640_/Q
 _641_/Q
 _642_/Q
 _643_/Q
 _644_/Q
 _645_/Q
 _646_/Q
 _647_/Q
 _648_/Q
 _649_/Q
 _650_/Q
 _651_/Q
 _652_/Q
 _653_/Q
 _654_/Q
 _655_/Q
 _656_/Q
 _657_/Q
 _658_/ZN
 _659_/ZN
 _660_/ZN
 _661_/ZN
 _662_/ZN
 _663_/ZN
 _664_/ZN
 _665_/ZN
 _666_/ZN
 _667_/ZN
 _668_/ZN
 _669_/ZN
 _670_/ZN
 _671_/ZN
 _672_/ZN
 _673_/ZN
Found 0 partially unannotated drivers.

===========================================================================
max slew violation count 0
%OL_METRIC_I design__max_slew_violation__count__corner:nom_ff_n40C_3v60 0
max fanout violation count 12
%OL_METRIC_I design__max_fanout_violation__count__corner:nom_ff_n40C_3v60 12
max cap violation count 0
%OL_METRIC_I design__max_cap_violation__count__corner:nom_ff_n40C_3v60 0
============================================================================

===========================================================================
check_setup -verbose -unconstrained_endpoints -multiple_clock -no_clock -no_input_delay -loops -generated_clocks
===========================================================================
Warning: There are 8 unconstrained endpoints.
  ua[0]
  ua[1]
  ua[2]
  ua[3]
  ua[4]
  ua[5]
  ua[6]
  ua[7]
%OL_END_REPORT
%OL_CREATE_REPORT power.rpt

===========================================================================
 report_power
============================================================================
======================= nom_ff_n40C_3v60 Corner ===================================

Group                    Internal    Switching      Leakage        Total
                            Power        Power        Power        Power (Watts)
------------------------------------------------------------------------
Sequential           5.252874e-04 2.627159e-05 8.184387e-09 5.515671e-04  77.3%
Combinational        8.526745e-05 7.650704e-05 1.789956e-08 1.617924e-04  22.7%
Clock                0.000000e+00 0.000000e+00 0.000000e+00 0.000000e+00   0.0%
Macro                0.000000e+00 0.000000e+00 0.000000e+00 0.000000e+00   0.0%
Pad                  0.000000e+00 0.000000e+00 0.000000e+00 0.000000e+00   0.0%
------------------------------------------------------------------------
Total                6.105547e-04 1.027786e-04 2.608395e-08 7.133594e-04 100.0%
                            85.6%        14.4%         0.0%
%OL_METRIC_F power__internal__total 0.000610554707236588
%OL_METRIC_F power__switching__total 0.00010277864203089848
%OL_METRIC_F power__leakage__total 2.6083952775479702e-8
%OL_METRIC_F power__total 0.0007133594481274486

%OL_END_REPORT
%OL_CREATE_REPORT skew.min.rpt

===========================================================================
Clock Skew (Hold)
============================================================================
%OL_METRIC_F clock__skew__worst_hold__corner:nom_ff_n40C_3v60 -0.27737984916287517
======================= nom_ff_n40C_3v60 Corner ===================================

Clock clk
0.260109 source latency _618_/CLK ^
-0.287489 target latency _626_/CLK ^
-0.250000 clock uncertainty
0.000000 CRPR
--------------
-0.277380 hold skew

%OL_END_REPORT
%OL_CREATE_REPORT skew.max.rpt

===========================================================================
Clock Skew (Setup)
============================================================================
%OL_METRIC_F clock__skew__worst_setup__corner:nom_ff_n40C_3v60 0.27737984916287517
======================= nom_ff_n40C_3v60 Corner ===================================

Clock clk
0.287489 source latency _618_/CLK ^
-0.260109 target latency _626_/CLK ^
0.250000 clock uncertainty
0.000000 CRPR
--------------
0.277380 setup skew

%OL_END_REPORT
%OL_CREATE_REPORT ws.min.rpt

===========================================================================
Worst Slack (Hold)
============================================================================
%OL_METRIC_F timing__hold__ws__corner:nom_ff_n40C_3v60 0.4055572104046996
nom_ff_n40C_3v60: 0.4055572104046996
%OL_END_REPORT
%OL_CREATE_REPORT ws.max.rpt

===========================================================================
Worst Slack (Setup)
============================================================================
%OL_METRIC_F timing__setup__ws__corner:nom_ff_n40C_3v60 9.469248764238472
nom_ff_n40C_3v60: 9.469248764238472
%OL_END_REPORT
%OL_CREATE_REPORT tns.min.rpt

===========================================================================
Total Negative Slack (Hold)
============================================================================
%OL_METRIC_F timing__hold__tns__corner:nom_ff_n40C_3v60 0.0
nom_ff_n40C_3v60: 0.0
%OL_END_REPORT
%OL_CREATE_REPORT tns.max.rpt

===========================================================================
Total Negative Slack (Setup)
============================================================================
%OL_METRIC_F timing__setup__tns__corner:nom_ff_n40C_3v60 0.0
nom_ff_n40C_3v60: 0.0
%OL_END_REPORT
%OL_CREATE_REPORT wns.min.rpt

===========================================================================
Worst Negative Slack (Hold)
============================================================================
%OL_METRIC_F timing__hold__wns__corner:nom_ff_n40C_3v60 0
nom_ff_n40C_3v60: 0
%OL_END_REPORT
%OL_CREATE_REPORT wns.max.rpt

===========================================================================
Worst Negative Slack (Setup)
============================================================================
%OL_METRIC_F timing__setup__wns__corner:nom_ff_n40C_3v60 0.0
nom_ff_n40C_3v60: 0.0
%OL_END_REPORT
%OL_CREATE_REPORT violator_list.rpt

===========================================================================
Violator List
============================================================================
%OL_METRIC_I timing__hold_vio__count__corner:nom_ff_n40C_3v60 0
%OL_METRIC_F timing__hold_r2r__ws__corner:nom_ff_n40C_3v60 0.405557
%OL_METRIC_I timing__hold_r2r_vio__count__corner:nom_ff_n40C_3v60 0
%OL_METRIC_I timing__setup_vio__count__corner:nom_ff_n40C_3v60 0
%OL_METRIC_F timing__setup_r2r__ws__corner:nom_ff_n40C_3v60 inf
%OL_METRIC_I timing__setup_r2r_vio__count__corner:nom_ff_n40C_3v60 0
%OL_END_REPORT
%OL_CREATE_REPORT unpropagated.rpt
clk
%OL_END_REPORT
%OL_CREATE_REPORT clock.rpt
Clock: clk
Sources: clk 
Generated: no
Virtual: no
Propagated: no
Period: 20.000000

===========================================================================
report_clock_properties
============================================================================
Clock                   Period          Waveform
----------------------------------------------------
clk                  20.000000    0.000000 10.000000

===========================================================================
report_clock_latency
============================================================================
Clock clk
rise -> rise
    min     max
0.000000 0.000000 source latency
0.260109         network latency _618_/CLK
        0.287489 network latency _618_/CLK
---------------
0.260109 0.287489 latency
        0.027380 skew

fall -> fall
    min     max
0.000000 0.000000 source latency
0.146022         network latency _618_/CLK
        0.161393 network latency _618_/CLK
---------------
0.146022 0.161393 latency
        0.015371 skew



===========================================================================
report_clock_min_period
============================================================================
clk period_min = 0.00 fmax = inf
%OL_END_REPORT
Writing SDF files for all corners…
