
 /----------------------------------------------------------------------------\
 |  yosys -- Yosys Open SYnthesis Suite                                       |
 |  Copyright (C) 2012 - 2026  Claire Xenia Wolf <claire@yosyshq.com>         |
 |  Distributed under an ISC-like license, type "license" to see terms        |
 \----------------------------------------------------------------------------/
 Yosys 0.69 (git sha1 9f75ca1f9, Release, GNU /usr/bin/c++ 13.3.0)

1. Executing Liberty frontend: /home/ihsan/.cc/toolchains/iic-osic-tools-2026.09/foss/pdks/gf180mcuD/libs.ref/gf180mcu_fd_sc_mcu7t5v0/lib/gf180mcu_fd_sc_mcu7t5v0__tt_025C_3v30.lib
Imported 229 cell types from liberty file.
Found gzip magic in file `/home/ihsan/.cc/toolchains/iic-osic-tools-2026.09/foss/pdks/gf180mcuD/libs.ref/gf180mcu_fd_io/lib/gf180mcu_fd_io__tt_025C_3v30.lib.gz', decompressing using zlib.

2. Executing Liberty frontend: /home/ihsan/.cc/toolchains/iic-osic-tools-2026.09/foss/pdks/gf180mcuD/libs.ref/gf180mcu_fd_io/lib/gf180mcu_fd_io__tt_025C_3v30.lib.gz
Imported 14 cell types from liberty file.

3. Executing Verilog-2005 frontend: /home/ihsan/.cc/worktrees/ece298a/r2r-dac/blocks/r2r_dac/top/macros/r2r_dac_analog.v
Parsing SystemVerilog input from `/home/ihsan/.cc/worktrees/ece298a/r2r-dac/blocks/r2r_dac/top/macros/r2r_dac_analog.v' to AST representation.
Generating RTLIL representation for module `\r2r_dac_analog'.
Successfully finished Verilog frontend.
[INFO] Using SDC file '/home/ihsan/.cc/worktrees/ece298a/r2r-dac/blocks/r2r_dac/top/harden/runs/run/06-yosys-synthesis/synthesis.abc.sdc' for ABC…

4. Executing Verilog-2005 frontend: /home/ihsan/.cc/worktrees/ece298a/r2r-dac/blocks/r2r_dac/top/rtl/r2r_dac_digital.v
Parsing SystemVerilog input from `/home/ihsan/.cc/worktrees/ece298a/r2r-dac/blocks/r2r_dac/top/rtl/r2r_dac_digital.v' to AST representation.
Storing AST representation for module `$abstract\r2r_dac_digital'.
Successfully finished Verilog frontend.

5. Executing Verilog-2005 frontend: /home/ihsan/.cc/worktrees/ece298a/r2r-dac/blocks/r2r_dac/top/harden/tt_um_r2r_dac_digital.v
Parsing SystemVerilog input from `/home/ihsan/.cc/worktrees/ece298a/r2r-dac/blocks/r2r_dac/top/harden/tt_um_r2r_dac_digital.v' to AST representation.
Storing AST representation for module `$abstract\tt_um_r2r_dac_digital'.
Successfully finished Verilog frontend.

6. Executing HIERARCHY pass (managing design hierarchy).

7. Executing AST frontend in derive mode using pre-parsed AST for module `\tt_um_r2r_dac_digital'.
Generating RTLIL representation for module `\tt_um_r2r_dac_digital'.

7.1. Analyzing design hierarchy..
Top module:  \tt_um_r2r_dac_digital

7.2. Executing AST frontend in derive mode using pre-parsed AST for module `\r2r_dac_digital'.
Generating RTLIL representation for module `\r2r_dac_digital'.

7.3. Analyzing design hierarchy..
Top module:  \tt_um_r2r_dac_digital
Used module:     \r2r_dac_digital

7.4. Analyzing design hierarchy..
Top module:  \tt_um_r2r_dac_digital
Used module:     \r2r_dac_digital
Removing unused module `$abstract\tt_um_r2r_dac_digital'.
Removing unused module `$abstract\r2r_dac_digital'.
Removed 2 unused modules.
Renaming module tt_um_r2r_dac_digital to tt_um_r2r_dac_digital.

8. Executing ATTRMAP pass (move or copy attributes).

9. Executing HIERARCHY pass (managing design hierarchy).

9.1. Analyzing design hierarchy..
Top module:  \tt_um_r2r_dac_digital
Used module:     \r2r_dac_digital

9.2. Analyzing design hierarchy..
Top module:  \tt_um_r2r_dac_digital
Used module:     \r2r_dac_digital
Removed 0 unused modules.

10. Executing PROC_CLEAN pass (remove empty switches from decision trees).
Cleaned up 0 empty switches.

11. Executing PROC_RMDEAD pass (remove dead branches from decision trees).
Marked 2 switch rules as full_case in process $proc$/home/ihsan/.cc/worktrees/ece298a/r2r-dac/blocks/r2r_dac/top/rtl/r2r_dac_digital.v:285$6 in module r2r_dac_digital.
Removed 1 dead cases from process $proc$/home/ihsan/.cc/worktrees/ece298a/r2r-dac/blocks/r2r_dac/top/rtl/r2r_dac_digital.v:21$2 in module r2r_dac_digital.
Marked 1 switch rules as full_case in process $proc$/home/ihsan/.cc/worktrees/ece298a/r2r-dac/blocks/r2r_dac/top/rtl/r2r_dac_digital.v:21$2 in module r2r_dac_digital.
Removed a total of 1 dead cases.

12. Executing PROC_PRUNE pass (remove redundant assignments in processes).
Removed 2 redundant assignments.
Promoted 1 assignment to connection.

13. Executing PROC_INIT pass (extract init attributes).

14. Executing PROC_ARST pass (detect async resets in processes).

15. Executing PROC_ROM pass (convert switches to ROMs).
Converted 1 switch.
<suppressed ~4 debug messages>

16. Executing PROC_MUX pass (convert decision trees to multiplexers).
Creating decoders for process `\r2r_dac_digital.$proc$/home/ihsan/.cc/worktrees/ece298a/r2r-dac/blocks/r2r_dac/top/rtl/r2r_dac_digital.v:285$6'.
     1/4: $0\dac_code[7:0]
     2/4: $0\presc[7:0]
     3/4: $0\cnt[7:0]
     4/4: $0\code_reg[7:0]
Creating decoders for process `\r2r_dac_digital.$proc$/home/ihsan/.cc/worktrees/ece298a/r2r-dac/blocks/r2r_dac/top/rtl/r2r_dac_digital.v:21$2'.
     1/1: $1\sine_val[7:0]

17. Executing PROC_DLATCH pass (convert process syncs to latches).
No latch inferred for signal `\r2r_dac_digital.\sine_val' from process `\r2r_dac_digital.$proc$/home/ihsan/.cc/worktrees/ece298a/r2r-dac/blocks/r2r_dac/top/rtl/r2r_dac_digital.v:21$2'.

18. Executing PROC_DFF pass (convert process syncs to FFs).
Creating register for signal `\r2r_dac_digital.\dac_code' using process `\r2r_dac_digital.$proc$/home/ihsan/.cc/worktrees/ece298a/r2r-dac/blocks/r2r_dac/top/rtl/r2r_dac_digital.v:285$6'.
  created $dff cell `$procdff$37' with positive edge clock.
Creating register for signal `\r2r_dac_digital.\code_reg' using process `\r2r_dac_digital.$proc$/home/ihsan/.cc/worktrees/ece298a/r2r-dac/blocks/r2r_dac/top/rtl/r2r_dac_digital.v:285$6'.
  created $dff cell `$procdff$38' with positive edge clock.
Creating register for signal `\r2r_dac_digital.\cnt' using process `\r2r_dac_digital.$proc$/home/ihsan/.cc/worktrees/ece298a/r2r-dac/blocks/r2r_dac/top/rtl/r2r_dac_digital.v:285$6'.
  created $dff cell `$procdff$39' with positive edge clock.
Creating register for signal `\r2r_dac_digital.\presc' using process `\r2r_dac_digital.$proc$/home/ihsan/.cc/worktrees/ece298a/r2r-dac/blocks/r2r_dac/top/rtl/r2r_dac_digital.v:285$6'.
  created $dff cell `$procdff$40' with positive edge clock.

19. Executing PROC_MEMWR pass (convert process memory writes to cells).

20. Executing PROC_CLEAN pass (remove empty switches from decision trees).
Found and cleaned up 4 empty switches in `\r2r_dac_digital.$proc$/home/ihsan/.cc/worktrees/ece298a/r2r-dac/blocks/r2r_dac/top/rtl/r2r_dac_digital.v:285$6'.
Removing empty process `r2r_dac_digital.$proc$/home/ihsan/.cc/worktrees/ece298a/r2r-dac/blocks/r2r_dac/top/rtl/r2r_dac_digital.v:285$6'.
Found and cleaned up 1 empty switch in `\r2r_dac_digital.$proc$/home/ihsan/.cc/worktrees/ece298a/r2r-dac/blocks/r2r_dac/top/rtl/r2r_dac_digital.v:21$2'.
Removing empty process `r2r_dac_digital.$proc$/home/ihsan/.cc/worktrees/ece298a/r2r-dac/blocks/r2r_dac/top/rtl/r2r_dac_digital.v:21$2'.
Cleaned up 5 empty switches.

21. Executing CHECK pass (checking for obvious problems).
Checking module tt_um_r2r_dac_digital...
Checking module r2r_dac_digital...
Found and reported 0 problems.

22. Executing OPT_EXPR pass (perform const folding).
Optimizing module tt_um_r2r_dac_digital.
<suppressed ~1 debug messages>
Optimizing module r2r_dac_digital.
<suppressed ~6 debug messages>

23. Executing FLATTEN pass (flatten design).
Deleting now unused module r2r_dac_digital.
<suppressed ~1 debug messages>

24. Executing OPT_EXPR pass (perform const folding).
Optimizing module tt_um_r2r_dac_digital.

25. Executing OPT_CLEAN pass (remove unused cells and wires).
Finding unused cells or wires in module \tt_um_r2r_dac_digital..
Removed 1 unused cells and 16 unused wires.
<suppressed ~2 debug messages>

26. Executing OPT_EXPR pass (perform const folding).
Optimizing module tt_um_r2r_dac_digital.

27. Executing OPT_MERGE pass (detect identical cells).
Finding identical cells in module `\tt_um_r2r_dac_digital'.
Computing hashes of 24 cells of `\tt_um_r2r_dac_digital'.
Finding duplicate cells in `\tt_um_r2r_dac_digital'.
Computing hashes of 23 cells of `\tt_um_r2r_dac_digital'.
Finding duplicate cells in `\tt_um_r2r_dac_digital'.
<suppressed ~3 debug messages>
Removed a total of 1 cells.

28. Executing OPT_MUXTREE pass (detect dead branches in mux trees).
Running muxtree optimizer on module \tt_um_r2r_dac_digital..
  Creating internal representation of mux trees.
  Evaluating internal representation of mux trees.
  Analyzing evaluation results.
Removed 0 multiplexer ports.
<suppressed ~11 debug messages>

29. Executing OPT_REDUCE pass (consolidate $*mux and $reduce_* inputs).
  Optimizing cells in module \tt_um_r2r_dac_digital.
Performed a total of 0 changes.

30. Executing OPT_MERGE pass (detect identical cells).
Finding identical cells in module `\tt_um_r2r_dac_digital'.
Computing hashes of 23 cells of `\tt_um_r2r_dac_digital'.
Finding duplicate cells in `\tt_um_r2r_dac_digital'.
Removed a total of 0 cells.

31. Executing OPT_DFF pass (perform DFF optimizations).

32. Executing OPT_CLEAN pass (remove unused cells and wires).
Finding unused cells or wires in module \tt_um_r2r_dac_digital..
Removed 0 unused cells and 1 unused wires.
<suppressed ~1 debug messages>

33. Executing OPT_EXPR pass (perform const folding).
Optimizing module tt_um_r2r_dac_digital.

34. Rerunning OPT passes. (Maybe there is more to do…)

35. Executing OPT_MUXTREE pass (detect dead branches in mux trees).
Running muxtree optimizer on module \tt_um_r2r_dac_digital..
  Creating internal representation of mux trees.
  Evaluating internal representation of mux trees.
  Analyzing evaluation results.
Removed 0 multiplexer ports.
<suppressed ~11 debug messages>

36. Executing OPT_REDUCE pass (consolidate $*mux and $reduce_* inputs).
  Optimizing cells in module \tt_um_r2r_dac_digital.
Performed a total of 0 changes.

37. Executing OPT_MERGE pass (detect identical cells).
Finding identical cells in module `\tt_um_r2r_dac_digital'.
Computing hashes of 23 cells of `\tt_um_r2r_dac_digital'.
Finding duplicate cells in `\tt_um_r2r_dac_digital'.
Removed a total of 0 cells.

38. Executing OPT_DFF pass (perform DFF optimizations).

39. Executing OPT_CLEAN pass (remove unused cells and wires).
Finding unused cells or wires in module \tt_um_r2r_dac_digital..

40. Executing OPT_EXPR pass (perform const folding).
Optimizing module tt_um_r2r_dac_digital.

41. Executing FSM pass (extract and optimize FSM).

41.1. Executing FSM_DETECT pass (finding FSMs in design).

41.2. Executing FSM_EXTRACT pass (extracting FSM from design).

41.3. Executing FSM_OPT pass (simple optimizations of FSMs).

41.4. Executing OPT_CLEAN pass (remove unused cells and wires).
Finding unused cells or wires in module \tt_um_r2r_dac_digital..

41.5. Executing FSM_OPT pass (simple optimizations of FSMs).

41.6. Executing FSM_RECODE pass (re-assigning FSM state encoding).

41.7. Executing FSM_INFO pass (dumping all available information on FSM cells).

41.8. Executing FSM_MAP pass (mapping FSMs to basic logic).

42. Executing OPT_EXPR pass (perform const folding).
Optimizing module tt_um_r2r_dac_digital.

43. Executing OPT_MERGE pass (detect identical cells).
Finding identical cells in module `\tt_um_r2r_dac_digital'.
Computing hashes of 23 cells of `\tt_um_r2r_dac_digital'.
Finding duplicate cells in `\tt_um_r2r_dac_digital'.
Removed a total of 0 cells.

44. Executing OPT_MUXTREE pass (detect dead branches in mux trees).
Running muxtree optimizer on module \tt_um_r2r_dac_digital..
  Creating internal representation of mux trees.
  Evaluating internal representation of mux trees.
  Analyzing evaluation results.
Removed 0 multiplexer ports.
<suppressed ~11 debug messages>

45. Executing OPT_REDUCE pass (consolidate $*mux and $reduce_* inputs).
  Optimizing cells in module \tt_um_r2r_dac_digital.
Performed a total of 0 changes.

46. Executing OPT_MERGE pass (detect identical cells).
Finding identical cells in module `\tt_um_r2r_dac_digital'.
Computing hashes of 23 cells of `\tt_um_r2r_dac_digital'.
Finding duplicate cells in `\tt_um_r2r_dac_digital'.
Removed a total of 0 cells.

47. Executing OPT_DFF pass (perform DFF optimizations).
Adding SRST signal on $flatten\u_r2r_dac_digital.$procdff$40 ($dff) from module tt_um_r2r_dac_digital (D = $flatten\u_r2r_dac_digital.$add$/home/ihsan/.cc/worktrees/ece298a/r2r-dac/blocks/r2r_dac/top/rtl/r2r_dac_digital.v:300$9_Y, Q = \u_r2r_dac_digital.presc, rval = 8'00000000).
Adding SRST signal on $flatten\u_r2r_dac_digital.$procdff$39 ($dff) from module tt_um_r2r_dac_digital (D = $flatten\u_r2r_dac_digital.$procmux$26_Y, Q = \u_r2r_dac_digital.cnt, rval = 8'00000000).
Adding EN signal on $auto$ff.cc:337:slice$43 ($sdff) from module tt_um_r2r_dac_digital (D = $flatten\u_r2r_dac_digital.$add$/home/ihsan/.cc/worktrees/ece298a/r2r-dac/blocks/r2r_dac/top/rtl/r2r_dac_digital.v:302$10_Y, Q = \u_r2r_dac_digital.cnt).
Adding SRST signal on $flatten\u_r2r_dac_digital.$procdff$38 ($dff) from module tt_um_r2r_dac_digital (D = $flatten\u_r2r_dac_digital.$procmux$31_Y, Q = \u_r2r_dac_digital.code_reg, rval = 8'00000000).
Adding EN signal on $auto$ff.cc:337:slice$45 ($sdff) from module tt_um_r2r_dac_digital (D = \ui_in, Q = \u_r2r_dac_digital.code_reg).
Adding SRST signal on $flatten\u_r2r_dac_digital.$procdff$37 ($dff) from module tt_um_r2r_dac_digital (D = $flatten\u_r2r_dac_digital.$procmux$16_Y, Q = \u_r2r_dac_digital.dac_code, rval = 8'00000000).

48. Executing OPT_CLEAN pass (remove unused cells and wires).
Finding unused cells or wires in module \tt_um_r2r_dac_digital..
Removed 6 unused cells and 6 unused wires.
<suppressed ~7 debug messages>

49. Executing OPT_EXPR pass (perform const folding).
Optimizing module tt_um_r2r_dac_digital.

50. Rerunning OPT passes. (Maybe there is more to do…)

51. Executing OPT_MUXTREE pass (detect dead branches in mux trees).
Running muxtree optimizer on module \tt_um_r2r_dac_digital..
  Creating internal representation of mux trees.
  Evaluating internal representation of mux trees.
  Analyzing evaluation results.
Removed 0 multiplexer ports.
<suppressed ~2 debug messages>

52. Executing OPT_REDUCE pass (consolidate $*mux and $reduce_* inputs).
  Optimizing cells in module \tt_um_r2r_dac_digital.
Performed a total of 0 changes.

53. Executing OPT_MERGE pass (detect identical cells).
Finding identical cells in module `\tt_um_r2r_dac_digital'.
Computing hashes of 17 cells of `\tt_um_r2r_dac_digital'.
Finding duplicate cells in `\tt_um_r2r_dac_digital'.
Removed a total of 0 cells.

54. Executing OPT_DFF pass (perform DFF optimizations).

55. Executing OPT_CLEAN pass (remove unused cells and wires).
Finding unused cells or wires in module \tt_um_r2r_dac_digital..

56. Executing OPT_EXPR pass (perform const folding).
Optimizing module tt_um_r2r_dac_digital.

57. Executing WREDUCE pass (reducing word size of cells).
Removed top 24 address bits (of 32) from memory init port tt_um_r2r_dac_digital.$flatten\u_r2r_dac_digital.$auto$mem.cc:351:emit$14 ($flatten\u_r2r_dac_digital.$auto$proc_rom.cc:155:do_switch$12).
Removed top 1 bits (of 2) from port B of cell tt_um_r2r_dac_digital.$flatten\u_r2r_dac_digital.$procmux$18_CMP0 ($eq).
Removed top 7 bits (of 8) from port B of cell tt_um_r2r_dac_digital.$flatten\u_r2r_dac_digital.$add$/home/ihsan/.cc/worktrees/ece298a/r2r-dac/blocks/r2r_dac/top/rtl/r2r_dac_digital.v:302$10 ($add).
Removed top 7 bits (of 8) from port B of cell tt_um_r2r_dac_digital.$flatten\u_r2r_dac_digital.$add$/home/ihsan/.cc/worktrees/ece298a/r2r-dac/blocks/r2r_dac/top/rtl/r2r_dac_digital.v:300$9 ($add).

58. Executing PEEPOPT pass (run peephole optimizers).

59. Executing OPT_CLEAN pass (remove unused cells and wires).
Finding unused cells or wires in module \tt_um_r2r_dac_digital..

60. Executing BOOTH pass (map to Booth multipliers).
Mapped 0 multipliers.

61. Executing ALUMACC pass (create $alu and $macc cells).
Extracting $alu and $macc cells in module tt_um_r2r_dac_digital:
  creating $macc model for $flatten\u_r2r_dac_digital.$add$/home/ihsan/.cc/worktrees/ece298a/r2r-dac/blocks/r2r_dac/top/rtl/r2r_dac_digital.v:300$9 ($add).
  creating $macc model for $flatten\u_r2r_dac_digital.$add$/home/ihsan/.cc/worktrees/ece298a/r2r-dac/blocks/r2r_dac/top/rtl/r2r_dac_digital.v:302$10 ($add).
  creating $alu model for $macc $flatten\u_r2r_dac_digital.$add$/home/ihsan/.cc/worktrees/ece298a/r2r-dac/blocks/r2r_dac/top/rtl/r2r_dac_digital.v:302$10.
  creating $alu model for $macc $flatten\u_r2r_dac_digital.$add$/home/ihsan/.cc/worktrees/ece298a/r2r-dac/blocks/r2r_dac/top/rtl/r2r_dac_digital.v:300$9.
  creating $alu cell for $flatten\u_r2r_dac_digital.$add$/home/ihsan/.cc/worktrees/ece298a/r2r-dac/blocks/r2r_dac/top/rtl/r2r_dac_digital.v:300$9: $auto$alumacc.cc:548:replace_alu$48
  creating $alu cell for $flatten\u_r2r_dac_digital.$add$/home/ihsan/.cc/worktrees/ece298a/r2r-dac/blocks/r2r_dac/top/rtl/r2r_dac_digital.v:302$10: $auto$alumacc.cc:548:replace_alu$51
  created 2 $alu and 0 $macc cells.

62. Executing ARITH_TREE pass.

63. Executing SHARE pass (SAT-based resource sharing).

64. Executing OPT_EXPR pass (perform const folding).
Optimizing module tt_um_r2r_dac_digital.

65. Executing OPT_MERGE pass (detect identical cells).
Finding identical cells in module `\tt_um_r2r_dac_digital'.
Computing hashes of 17 cells of `\tt_um_r2r_dac_digital'.
Finding duplicate cells in `\tt_um_r2r_dac_digital'.
Removed a total of 0 cells.

66. Executing OPT_MUXTREE pass (detect dead branches in mux trees).
Running muxtree optimizer on module \tt_um_r2r_dac_digital..
  Creating internal representation of mux trees.
  Evaluating internal representation of mux trees.
  Analyzing evaluation results.
Removed 0 multiplexer ports.
<suppressed ~2 debug messages>

67. Executing OPT_REDUCE pass (consolidate $*mux and $reduce_* inputs).
  Optimizing cells in module \tt_um_r2r_dac_digital.
Performed a total of 0 changes.

68. Executing OPT_MERGE pass (detect identical cells).
Finding identical cells in module `\tt_um_r2r_dac_digital'.
Computing hashes of 17 cells of `\tt_um_r2r_dac_digital'.
Finding duplicate cells in `\tt_um_r2r_dac_digital'.
Removed a total of 0 cells.

69. Executing OPT_DFF pass (perform DFF optimizations).

70. Executing OPT_CLEAN pass (remove unused cells and wires).
Finding unused cells or wires in module \tt_um_r2r_dac_digital..

71. Executing OPT_EXPR pass (perform const folding).
Optimizing module tt_um_r2r_dac_digital.

72. Executing MEMORY pass.

72.1. Executing OPT_MEM pass (optimize memories).
Performed a total of 0 transformations.

72.2. Executing OPT_MEM_PRIORITY pass (removing unnecessary memory write priority relations).
Performed a total of 0 transformations.

72.3. Executing OPT_MEM_FEEDBACK pass (finding memory read-to-write feedback paths).

72.4. Executing MEMORY_BMUX2ROM pass (converting muxes to ROMs).

72.5. Executing MEMORY_DFF pass (merging $dff cells to $memrd).
Checking read port `$flatten\u_r2r_dac_digital.$auto$proc_rom.cc:155:do_switch$12'[0] in module `\tt_um_r2r_dac_digital': no output FF found.
Checking read port address `$flatten\u_r2r_dac_digital.$auto$proc_rom.cc:155:do_switch$12'[0] in module `\tt_um_r2r_dac_digital': merged address FF to cell.

72.6. Executing OPT_CLEAN pass (remove unused cells and wires).
Finding unused cells or wires in module \tt_um_r2r_dac_digital..

72.7. Executing MEMORY_SHARE pass (consolidating $memrd/$memwr cells).

72.8. Executing OPT_MEM_WIDEN pass (optimize memories where all ports are wide).
Performed a total of 0 transformations.

72.9. Executing OPT_CLEAN pass (remove unused cells and wires).
Finding unused cells or wires in module \tt_um_r2r_dac_digital..

72.10. Executing MEMORY_COLLECT pass (generating $mem cells).

73. Executing OPT_CLEAN pass (remove unused cells and wires).
Finding unused cells or wires in module \tt_um_r2r_dac_digital..

74. Executing OPT_EXPR pass (perform const folding).
Optimizing module tt_um_r2r_dac_digital.

75. Executing OPT_MERGE pass (detect identical cells).
Finding identical cells in module `\tt_um_r2r_dac_digital'.
Computing hashes of 18 cells of `\tt_um_r2r_dac_digital'.
Finding duplicate cells in `\tt_um_r2r_dac_digital'.
Removed a total of 0 cells.

76. Executing OPT_DFF pass (perform DFF optimizations).

77. Executing OPT_CLEAN pass (remove unused cells and wires).
Finding unused cells or wires in module \tt_um_r2r_dac_digital..

78. Executing MEMORY_MAP pass (converting memories to logic and flip-flops).
Mapping memory $flatten\u_r2r_dac_digital.$auto$proc_rom.cc:155:do_switch$12 in module \tt_um_r2r_dac_digital:
  created 256 $dff cells and 0 static cells of width 8.
Extracted data FF from read port 0 of tt_um_r2r_dac_digital.$flatten\u_r2r_dac_digital.$auto$proc_rom.cc:155:do_switch$12: $$flatten\u_r2r_dac_digital.$auto$proc_rom.cc:155:do_switch$12$rdreg[0]
  read interface: 1 $dff and 255 $mux cells.
  write interface: 0 write mux blocks.

79. Executing OPT_EXPR pass (perform const folding).
Optimizing module tt_um_r2r_dac_digital.
<suppressed ~16 debug messages>

80. Executing OPT_MERGE pass (detect identical cells).
Finding identical cells in module `\tt_um_r2r_dac_digital'.
Computing hashes of 257 cells of `\tt_um_r2r_dac_digital'.
Finding duplicate cells in `\tt_um_r2r_dac_digital'.
Removed a total of 0 cells.

81. Executing OPT_MUXTREE pass (detect dead branches in mux trees).
Running muxtree optimizer on module \tt_um_r2r_dac_digital..
  Creating internal representation of mux trees.
  Evaluating internal representation of mux trees.
  Analyzing evaluation results.
Removed 0 multiplexer ports.
<suppressed ~245 debug messages>

82. Executing OPT_REDUCE pass (consolidate $*mux and $reduce_* inputs).
  Optimizing cells in module \tt_um_r2r_dac_digital.
    Consolidated identical input bits for $mux cell $memory$flatten\u_r2r_dac_digital.$auto$proc_rom.cc:155:do_switch$12$rdmux[0][7][110]$771:
      Old ports: A=8'00011101, B=8'00011111, Y=$memory$flatten\u_r2r_dac_digital.$auto$proc_rom.cc:155:do_switch$12$rdmux[0][6][55]$a$415
      New ports: A=1'0, B=1'1, Y=$memory$flatten\u_r2r_dac_digital.$auto$proc_rom.cc:155:do_switch$12$rdmux[0][6][55]$a$415 [1]
      New connections: { $memory$flatten\u_r2r_dac_digital.$auto$proc_rom.cc:155:do_switch$12$rdmux[0][6][55]$a$415 [7:2] $memory$flatten\u_r2r_dac_digital.$auto$proc_rom.cc:155:do_switch$12$rdmux[0][6][55]$a$415 [0] } = 7'0001111
    Consolidated identical input bits for $mux cell $memory$flatten\u_r2r_dac_digital.$auto$proc_rom.cc:155:do_switch$12$rdmux[0][7][109]$768:
      Old ports: A=8'00011001, B=8'00011011, Y=$memory$flatten\u_r2r_dac_digital.$auto$proc_rom.cc:155:do_switch$12$rdmux[0][6][54]$b$413
      New ports: A=1'0, B=1'1, Y=$memory$flatten\u_r2r_dac_digital.$auto$proc_rom.cc:155:do_switch$12$rdmux[0][6][54]$b$413 [1]
      New connections: { $memory$flatten\u_r2r_dac_digital.$auto$proc_rom.cc:155:do_switch$12$rdmux[0][6][54]$b$413 [7:2] $memory$flatten\u_r2r_dac_digital.$auto$proc_rom.cc:155:do_switch$12$rdmux[0][6][54]$b$413 [0] } = 7'0001101
    Consolidated identical input bits for $mux cell $memory$flatten\u_r2r_dac_digital.$auto$proc_rom.cc:155:do_switch$12$rdmux[0][7][108]$765:
      Old ports: A=8'00010101, B=8'00010111, Y=$memory$flatten\u_r2r_dac_digital.$auto$proc_rom.cc:155:do_switch$12$rdmux[0][6][54]$a$412
      New ports: A=1'0, B=1'1, Y=$memory$flatten\u_r2r_dac_digital.$auto$proc_rom.cc:155:do_switch$12$rdmux[0][6][54]$a$412 [1]
      New connections: { $memory$flatten\u_r2r_dac_digital.$auto$proc_rom.cc:155:do_switch$12$rdmux[0][6][54]$a$412 [7:2] $memory$flatten\u_r2r_dac_digital.$auto$proc_rom.cc:155:do_switch$12$rdmux[0][6][54]$a$412 [0] } = 7'0001011
    Consolidated identical input bits for $mux cell $memory$flatten\u_r2r_dac_digital.$auto$proc_rom.cc:155:do_switch$12$rdmux[0][7][107]$762:
      Old ports: A=8'00010010, B=8'00010100, Y=$memory$flatten\u_r2r_dac_digital.$auto$proc_rom.cc:155:do_switch$12$rdmux[0][6][53]$b$410
      New ports: A=2'01, B=2'10, Y=$memory$flatten\u_r2r_dac_digital.$auto$proc_rom.cc:155:do_switch$12$rdmux[0][6][53]$b$410 [2:1]
      New connections: { $memory$flatten\u_r2r_dac_digital.$auto$proc_rom.cc:155:do_switch$12$rdmux[0][6][53]$b$410 [7:3] $memory$flatten\u_r2r_dac_digital.$auto$proc_rom.cc:155:do_switch$12$rdmux[0][6][53]$b$410 [0] } = 6'000100
    Consolidated identical input bits for $mux cell $memory$flatten\u_r2r_dac_digital.$auto$proc_rom.cc:155:do_switch$12$rdmux[0][7][106]$759:
      Old ports: A=8'00001111, B=8'00010001, Y=$memory$flatten\u_r2r_dac_digital.$auto$proc_rom.cc:155:do_switch$12$rdmux[0][6][53]$a$409
      New ports: A=2'01, B=2'10, Y={ $memory$flatten\u_r2r_dac_digital.$auto$proc_rom.cc:155:do_switch$12$rdmux[0][6][53]$a$409 [4] $memory$flatten\u_r2r_dac_digital.$auto$proc_rom.cc:155:do_switch$12$rdmux[0][6][53]$a$409 [1] }
      New connections: { $memory$flatten\u_r2r_dac_digital.$auto$proc_rom.cc:155:do_switch$12$rdmux[0][6][53]$a$409 [7:5] $memory$flatten\u_r2r_dac_digital.$auto$proc_rom.cc:155:do_switch$12$rdmux[0][6][53]$a$409 [3:2] $memory$flatten\u_r2r_dac_digital.$auto$proc_rom.cc:155:do_switch$12$rdmux[0][6][53]$a$409 [0] } = { 3'000 $memory$flatten\u_r2r_dac_digital.$auto$proc_rom.cc:155:do_switch$12$rdmux[0][6][53]$a$409 [1] $memory$flatten\u_r2r_dac_digital.$auto$proc_rom.cc:155:do_switch$12$rdmux[0][6][53]$a$409 [1] 1'1 }
    Consolidated identical input bits for $mux cell $memory$flatten\u_r2r_dac_digital.$auto$proc_rom.cc:155:do_switch$12$rdmux[0][7][105]$756:
      Old ports: A=8'00001100, B=8'00001110, Y=$memory$flatten\u_r2r_dac_digital.$auto$proc_rom.cc:155:do_switch$12$rdmux[0][6][52]$b$407
      New ports: A=1'0, B=1'1, Y=$memory$flatten\u_r2r_dac_digital.$auto$proc_rom.cc:155:do_switch$12$rdmux[0][6][52]$b$407 [1]
      New connections: { $memory$flatten\u_r2r_dac_digital.$auto$proc_rom.cc:155:do_switch$12$rdmux[0][6][52]$b$407 [7:2] $memory$flatten\u_r2r_dac_digital.$auto$proc_rom.cc:155:do_switch$12$rdmux[0][6][52]$b$407 [0] } = 7'0000110
    Consolidated identical input bits for $mux cell $memory$flatten\u_r2r_dac_digital.$auto$proc_rom.cc:155:do_switch$12$rdmux[0][7][104]$753:
      Old ports: A=8'00001010, B=8'00001011, Y=$memory$flatten\u_r2r_dac_digital.$auto$proc_rom.cc:155:do_switch$12$rdmux[0][6][52]$a$406
      New ports: A=1'0, B=1'1, Y=$memory$flatten\u_r2r_dac_digital.$auto$proc_rom.cc:155:do_switch$12$rdmux[0][6][52]$a$406 [0]
      New connections: $memory$flatten\u_r2r_dac_digital.$auto$proc_rom.cc:155:do_switch$12$rdmux[0][6][52]$a$406 [7:1] = 7'0000101
    Consolidated identical input bits for $mux cell $memory$flatten\u_r2r_dac_digital.$auto$proc_rom.cc:155:do_switch$12$rdmux[0][7][103]$750:
      Old ports: A=8'00000111, B=8'00001001, Y=$memory$flatten\u_r2r_dac_digital.$auto$proc_rom.cc:155:do_switch$12$rdmux[0][6][51]$b$404
      New ports: A=2'01, B=2'10, Y={ $memory$flatten\u_r2r_dac_digital.$auto$proc_rom.cc:155:do_switch$12$rdmux[0][6][51]$b$404 [3] $memory$flatten\u_r2r_dac_digital.$auto$proc_rom.cc:155:do_switch$12$rdmux[0][6][51]$b$404 [1] }
      New connections: { $memory$flatten\u_r2r_dac_digital.$auto$proc_rom.cc:155:do_switch$12$rdmux[0][6][51]$b$404 [7:4] $memory$flatten\u_r2r_dac_digital.$auto$proc_rom.cc:155:do_switch$12$rdmux[0][6][51]$b$404 [2] $memory$flatten\u_r2r_dac_digital.$auto$proc_rom.cc:155:do_switch$12$rdmux[0][6][51]$b$404 [0] } = { 4'0000 $memory$flatten\u_r2r_dac_digital.$auto$proc_rom.cc:155:do_switch$12$rdmux[0][6][51]$b$404 [1] 1'1 }
    Consolidated identical input bits for $mux cell $memory$flatten\u_r2r_dac_digital.$auto$proc_rom.cc:155:do_switch$12$rdmux[0][7][102]$747:
      Old ports: A=8'00000101, B=8'00000110, Y=$memory$flatten\u_r2r_dac_digital.$auto$proc_rom.cc:155:do_switch$12$rdmux[0][6][51]$a$403
      New ports: A=2'01, B=2'10, Y=$memory$flatten\u_r2r_dac_digital.$auto$proc_rom.cc:155:do_switch$12$rdmux[0][6][51]$a$403 [1:0]
      New connections: $memory$flatten\u_r2r_dac_digital.$auto$proc_rom.cc:155:do_switch$12$rdmux[0][6][51]$a$403 [7:2] = 6'000001
    Consolidated identical input bits for $mux cell $memory$flatten\u_r2r_dac_digital.$auto$proc_rom.cc:155:do_switch$12$rdmux[0][7][101]$744:
      Old ports: A=8'00000100, B=8'00000101, Y=$memory$flatten\u_r2r_dac_digital.$auto$proc_rom.cc:155:do_switch$12$rdmux[0][6][50]$b$401
      New ports: A=1'0, B=1'1, Y=$memory$flatten\u_r2r_dac_digital.$auto$proc_rom.cc:155:do_switch$12$rdmux[0][6][50]$b$401 [0]
      New connections: $memory$flatten\u_r2r_dac_digital.$auto$proc_rom.cc:155:do_switch$12$rdmux[0][6][50]$b$401 [7:1] = 7'0000010
    Consolidated identical input bits for $mux cell $memory$flatten\u_r2r_dac_digital.$auto$proc_rom.cc:155:do_switch$12$rdmux[0][7][100]$741:
      Old ports: A=8'00000010, B=8'00000011, Y=$memory$flatten\u_r2r_dac_digital.$auto$proc_rom.cc:155:do_switch$12$rdmux[0][6][50]$a$400
      New ports: A=1'0, B=1'1, Y=$memory$flatten\u_r2r_dac_digital.$auto$proc_rom.cc:155:do_switch$12$rdmux[0][6][50]$a$400 [0]
      New connections: $memory$flatten\u_r2r_dac_digital.$auto$proc_rom.cc:155:do_switch$12$rdmux[0][6][50]$a$400 [7:1] = 7'0000001
    Consolidated identical input bits for $mux cell $memory$flatten\u_r2r_dac_digital.$auto$proc_rom.cc:155:do_switch$12$rdmux[0][7][99]$738:
      Old ports: A=8'00000001, B=8'00000010, Y=$memory$flatten\u_r2r_dac_digital.$auto$proc_rom.cc:155:do_switch$12$rdmux[0][6][49]$b$398
      New ports: A=2'01, B=2'10, Y=$memory$flatten\u_r2r_dac_digital.$auto$proc_rom.cc:155:do_switch$12$rdmux[0][6][49]$b$398 [1:0]
      New connections: $memory$flatten\u_r2r_dac_digital.$auto$proc_rom.cc:155:do_switch$12$rdmux[0][6][49]$b$398 [7:2] = 6'000000
    Consolidated identical input bits for $mux cell $memory$flatten\u_r2r_dac_digital.$auto$proc_rom.cc:155:do_switch$12$rdmux[0][7][119]$798:
      Old ports: A=8'01001001, B=8'01001100, Y=$memory$flatten\u_r2r_dac_digital.$auto$proc_rom.cc:155:do_switch$12$rdmux[0][6][59]$b$428
      New ports: A=2'01, B=2'10, Y={ $memory$flatten\u_r2r_dac_digital.$auto$proc_rom.cc:155:do_switch$12$rdmux[0][6][59]$b$428 [2] $memory$flatten\u_r2r_dac_digital.$auto$proc_rom.cc:155:do_switch$12$rdmux[0][6][59]$b$428 [0] }
      New connections: { $memory$flatten\u_r2r_dac_digital.$auto$proc_rom.cc:155:do_switch$12$rdmux[0][6][59]$b$428 [7:3] $memory$flatten\u_r2r_dac_digital.$auto$proc_rom.cc:155:do_switch$12$rdmux[0][6][59]$b$428 [1] } = 6'010010
    Consolidated identical input bits for $mux cell $memory$flatten\u_r2r_dac_digital.$auto$proc_rom.cc:155:do_switch$12$rdmux[0][7][121]$804:
      Old ports: A=8'01010101, B=8'01011000, Y=$memory$flatten\u_r2r_dac_digital.$auto$proc_rom.cc:155:do_switch$12$rdmux[0][6][60]$b$431
      New ports: A=2'01, B=2'10, Y={ $memory$flatten\u_r2r_dac_digital.$auto$proc_rom.cc:155:do_switch$12$rdmux[0][6][60]$b$431 [3] $memory$flatten\u_r2r_dac_digital.$auto$proc_rom.cc:155:do_switch$12$rdmux[0][6][60]$b$431 [0] }
      New connections: { $memory$flatten\u_r2r_dac_digital.$auto$proc_rom.cc:155:do_switch$12$rdmux[0][6][60]$b$431 [7:4] $memory$flatten\u_r2r_dac_digital.$auto$proc_rom.cc:155:do_switch$12$rdmux[0][6][60]$b$431 [2:1] } = { 4'0101 $memory$flatten\u_r2r_dac_digital.$auto$proc_rom.cc:155:do_switch$12$rdmux[0][6][60]$b$431 [0] 1'0 }
    Consolidated identical input bits for $mux cell $memory$flatten\u_r2r_dac_digital.$auto$proc_rom.cc:155:do_switch$12$rdmux[0][7][122]$807:
      Old ports: A=8'01011010, B=8'01011101, Y=$memory$flatten\u_r2r_dac_digital.$auto$proc_rom.cc:155:do_switch$12$rdmux[0][6][61]$a$433
      New ports: A=2'10, B=2'01, Y=$memory$flatten\u_r2r_dac_digital.$auto$proc_rom.cc:155:do_switch$12$rdmux[0][6][61]$a$433 [1:0]
      New connections: $memory$flatten\u_r2r_dac_digital.$auto$proc_rom.cc:155:do_switch$12$rdmux[0][6][61]$a$433 [7:2] = { 5'01011 $memory$flatten\u_r2r_dac_digital.$auto$proc_rom.cc:155:do_switch$12$rdmux[0][6][61]$a$433 [0] }
    Consolidated identical input bits for $mux cell $memory$flatten\u_r2r_dac_digital.$auto$proc_rom.cc:155:do_switch$12$rdmux[0][7][115]$786:
      Old ports: A=8'00110100, B=8'00110110, Y=$memory$flatten\u_r2r_dac_digital.$auto$proc_rom.cc:155:do_switch$12$rdmux[0][6][57]$b$422
      New ports: A=1'0, B=1'1, Y=$memory$flatten\u_r2r_dac_digital.$auto$proc_rom.cc:155:do_switch$12$rdmux[0][6][57]$b$422 [1]
      New connections: { $memory$flatten\u_r2r_dac_digital.$auto$proc_rom.cc:155:do_switch$12$rdmux[0][6][57]$b$422 [7:2] $memory$flatten\u_r2r_dac_digital.$auto$proc_rom.cc:155:do_switch$12$rdmux[0][6][57]$b$422 [0] } = 7'0011010
    Consolidated identical input bits for $mux cell $memory$flatten\u_r2r_dac_digital.$auto$proc_rom.cc:155:do_switch$12$rdmux[0][7][94]$723:
      Old ports: A=8'00000001, B=8'00000000, Y=$memory$flatten\u_r2r_dac_digital.$auto$proc_rom.cc:155:do_switch$12$rdmux[0][6][47]$a$391
      New ports: A=1'1, B=1'0, Y=$memory$flatten\u_r2r_dac_digital.$auto$proc_rom.cc:155:do_switch$12$rdmux[0][6][47]$a$391 [0]
      New connections: $memory$flatten\u_r2r_dac_digital.$auto$proc_rom.cc:155:do_switch$12$rdmux[0][6][47]$a$391 [7:1] = 7'0000000
    Consolidated identical input bits for $mux cell $memory$flatten\u_r2r_dac_digital.$auto$proc_rom.cc:155:do_switch$12$rdmux[0][7][116]$789:
      Old ports: A=8'00111001, B=8'00111011, Y=$memory$flatten\u_r2r_dac_digital.$auto$proc_rom.cc:155:do_switch$12$rdmux[0][6][58]$a$424
      New ports: A=1'0, B=1'1, Y=$memory$flatten\u_r2r_dac_digital.$auto$proc_rom.cc:155:do_switch$12$rdmux[0][6][58]$a$424 [1]
      New connections: { $memory$flatten\u_r2r_dac_digital.$auto$proc_rom.cc:155:do_switch$12$rdmux[0][6][58]$a$424 [7:2] $memory$flatten\u_r2r_dac_digital.$auto$proc_rom.cc:155:do_switch$12$rdmux[0][6][58]$a$424 [0] } = 7'0011101
    Consolidated identical input bits for $mux cell $memory$flatten\u_r2r_dac_digital.$auto$proc_rom.cc:155:do_switch$12$rdmux[0][7][117]$792:
      Old ports: A=8'00111110, B=8'01000001, Y=$memory$flatten\u_r2r_dac_digital.$auto$proc_rom.cc:155:do_switch$12$rdmux[0][6][58]$b$425
      New ports: A=2'10, B=2'01, Y=$memory$flatten\u_r2r_dac_digital.$auto$proc_rom.cc:155:do_switch$12$rdmux[0][6][58]$b$425 [1:0]
      New connections: $memory$flatten\u_r2r_dac_digital.$auto$proc_rom.cc:155:do_switch$12$rdmux[0][6][58]$b$425 [7:2] = { 1'0 $memory$flatten\u_r2r_dac_digital.$auto$proc_rom.cc:155:do_switch$12$rdmux[0][6][58]$b$425 [0] $memory$flatten\u_r2r_dac_digital.$auto$proc_rom.cc:155:do_switch$12$rdmux[0][6][58]$b$425 [1] $memory$flatten\u_r2r_dac_digital.$auto$proc_rom.cc:155:do_switch$12$rdmux[0][6][58]$b$425 [1] $memory$flatten\u_r2r_dac_digital.$auto$proc_rom.cc:155:do_switch$12$rdmux[0][6][58]$b$425 [1] $memory$flatten\u_r2r_dac_digital.$auto$proc_rom.cc:155:do_switch$12$rdmux[0][6][58]$b$425 [1] }
    Consolidated identical input bits for $mux cell $memory$flatten\u_r2r_dac_digital.$auto$proc_rom.cc:155:do_switch$12$rdmux[0][7][91]$714:
      Old ports: A=8'00000100, B=8'00000011, Y=$memory$flatten\u_r2r_dac_digital.$auto$proc_rom.cc:155:do_switch$12$rdmux[0][6][45]$b$386
      New ports: A=2'10, B=2'01, Y={ $memory$flatten\u_r2r_dac_digital.$auto$proc_rom.cc:155:do_switch$12$rdmux[0][6][45]$b$386 [2] $memory$flatten\u_r2r_dac_digital.$auto$proc_rom.cc:155:do_switch$12$rdmux[0][6][45]$b$386 [0] }
      New connections: { $memory$flatten\u_r2r_dac_digital.$auto$proc_rom.cc:155:do_switch$12$rdmux[0][6][45]$b$386 [7:3] $memory$flatten\u_r2r_dac_digital.$auto$proc_rom.cc:155:do_switch$12$rdmux[0][6][45]$b$386 [1] } = { 5'00000 $memory$flatten\u_r2r_dac_digital.$auto$proc_rom.cc:155:do_switch$12$rdmux[0][6][45]$b$386 [0] }
    Consolidated identical input bits for $mux cell $memory$flatten\u_r2r_dac_digital.$auto$proc_rom.cc:155:do_switch$12$rdmux[0][7][118]$795:
      Old ports: A=8'01000011, B=8'01000110, Y=$memory$flatten\u_r2r_dac_digital.$auto$proc_rom.cc:155:do_switch$12$rdmux[0][6][59]$a$427
      New ports: A=2'01, B=2'10, Y={ $memory$flatten\u_r2r_dac_digital.$auto$proc_rom.cc:155:do_switch$12$rdmux[0][6][59]$a$427 [2] $memory$flatten\u_r2r_dac_digital.$auto$proc_rom.cc:155:do_switch$12$rdmux[0][6][59]$a$427 [0] }
      New connections: { $memory$flatten\u_r2r_dac_digital.$auto$proc_rom.cc:155:do_switch$12$rdmux[0][6][59]$a$427 [7:3] $memory$flatten\u_r2r_dac_digital.$auto$proc_rom.cc:155:do_switch$12$rdmux[0][6][59]$a$427 [1] } = 6'010001
    Consolidated identical input bits for $mux cell $memory$flatten\u_r2r_dac_digital.$auto$proc_rom.cc:155:do_switch$12$rdmux[0][7][89]$708:
      Old ports: A=8'00000111, B=8'00000110, Y=$memory$flatten\u_r2r_dac_digital.$auto$proc_rom.cc:155:do_switch$12$rdmux[0][6][44]$b$383
      New ports: A=1'1, B=1'0, Y=$memory$flatten\u_r2r_dac_digital.$auto$proc_rom.cc:155:do_switch$12$rdmux[0][6][44]$b$383 [0]
      New connections: $memory$flatten\u_r2r_dac_digital.$auto$proc_rom.cc:155:do_switch$12$rdmux[0][6][44]$b$383 [7:1] = 7'0000011
    Consolidated identical input bits for $mux cell $memory$flatten\u_r2r_dac_digital.$auto$proc_rom.cc:155:do_switch$12$rdmux[0][7][88]$705:
      Old ports: A=8'00001010, B=8'00001001, Y=$memory$flatten\u_r2r_dac_digital.$auto$proc_rom.cc:155:do_switch$12$rdmux[0][6][44]$a$382
      New ports: A=2'10, B=2'01, Y=$memory$flatten\u_r2r_dac_digital.$auto$proc_rom.cc:155:do_switch$12$rdmux[0][6][44]$a$382 [1:0]
      New connections: $memory$flatten\u_r2r_dac_digital.$auto$proc_rom.cc:155:do_switch$12$rdmux[0][6][44]$a$382 [7:2] = 6'000010
    Consolidated identical input bits for $mux cell $memory$flatten\u_r2r_dac_digital.$auto$proc_rom.cc:155:do_switch$12$rdmux[0][7][87]$702:
      Old ports: A=8'00001100, B=8'00001011, Y=$memory$flatten\u_r2r_dac_digital.$auto$proc_rom.cc:155:do_switch$12$rdmux[0][6][43]$b$380
      New ports: A=2'10, B=2'01, Y={ $memory$flatten\u_r2r_dac_digital.$auto$proc_rom.cc:155:do_switch$12$rdmux[0][6][43]$b$380 [2] $memory$flatten\u_r2r_dac_digital.$auto$proc_rom.cc:155:do_switch$12$rdmux[0][6][43]$b$380 [0] }
      New connections: { $memory$flatten\u_r2r_dac_digital.$auto$proc_rom.cc:155:do_switch$12$rdmux[0][6][43]$b$380 [7:3] $memory$flatten\u_r2r_dac_digital.$auto$proc_rom.cc:155:do_switch$12$rdmux[0][6][43]$b$380 [1] } = { 5'00001 $memory$flatten\u_r2r_dac_digital.$auto$proc_rom.cc:155:do_switch$12$rdmux[0][6][43]$b$380 [0] }
    Consolidated identical input bits for $mux cell $memory$flatten\u_r2r_dac_digital.$auto$proc_rom.cc:155:do_switch$12$rdmux[0][7][86]$699:
      Old ports: A=8'00001111, B=8'00001110, Y=$memory$flatten\u_r2r_dac_digital.$auto$proc_rom.cc:155:do_switch$12$rdmux[0][6][43]$a$379
      New ports: A=1'1, B=1'0, Y=$memory$flatten\u_r2r_dac_digital.$auto$proc_rom.cc:155:do_switch$12$rdmux[0][6][43]$a$379 [0]
      New connections: $memory$flatten\u_r2r_dac_digital.$auto$proc_rom.cc:155:do_switch$12$rdmux[0][6][43]$a$379 [7:1] = 7'0000111
    Consolidated identical input bits for $mux cell $memory$flatten\u_r2r_dac_digital.$auto$proc_rom.cc:155:do_switch$12$rdmux[0][7][85]$696:
      Old ports: A=8'00010010, B=8'00010001, Y=$memory$flatten\u_r2r_dac_digital.$auto$proc_rom.cc:155:do_switch$12$rdmux[0][6][42]$b$377
      New ports: A=2'10, B=2'01, Y=$memory$flatten\u_r2r_dac_digital.$auto$proc_rom.cc:155:do_switch$12$rdmux[0][6][42]$b$377 [1:0]
      New connections: $memory$flatten\u_r2r_dac_digital.$auto$proc_rom.cc:155:do_switch$12$rdmux[0][6][42]$b$377 [7:2] = 6'000100
    Consolidated identical input bits for $mux cell $memory$flatten\u_r2r_dac_digital.$auto$proc_rom.cc:155:do_switch$12$rdmux[0][7][84]$693:
      Old ports: A=8'00010101, B=8'00010100, Y=$memory$flatten\u_r2r_dac_digital.$auto$proc_rom.cc:155:do_switch$12$rdmux[0][6][42]$a$376
      New ports: A=1'1, B=1'0, Y=$memory$flatten\u_r2r_dac_digital.$auto$proc_rom.cc:155:do_switch$12$rdmux[0][6][42]$a$376 [0]
      New connections: $memory$flatten\u_r2r_dac_digital.$auto$proc_rom.cc:155:do_switch$12$rdmux[0][6][42]$a$376 [7:1] = 7'0001010
    Consolidated identical input bits for $mux cell $memory$flatten\u_r2r_dac_digital.$auto$proc_rom.cc:155:do_switch$12$rdmux[0][7][83]$690:
      Old ports: A=8'00011001, B=8'00010111, Y=$memory$flatten\u_r2r_dac_digital.$auto$proc_rom.cc:155:do_switch$12$rdmux[0][6][41]$b$374
      New ports: A=2'10, B=2'01, Y={ $memory$flatten\u_r2r_dac_digital.$auto$proc_rom.cc:155:do_switch$12$rdmux[0][6][41]$b$374 [3] $memory$flatten\u_r2r_dac_digital.$auto$proc_rom.cc:155:do_switch$12$rdmux[0][6][41]$b$374 [1] }
      New connections: { $memory$flatten\u_r2r_dac_digital.$auto$proc_rom.cc:155:do_switch$12$rdmux[0][6][41]$b$374 [7:4] $memory$flatten\u_r2r_dac_digital.$auto$proc_rom.cc:155:do_switch$12$rdmux[0][6][41]$b$374 [2] $memory$flatten\u_r2r_dac_digital.$auto$proc_rom.cc:155:do_switch$12$rdmux[0][6][41]$b$374 [0] } = { 4'0001 $memory$flatten\u_r2r_dac_digital.$auto$proc_rom.cc:155:do_switch$12$rdmux[0][6][41]$b$374 [1] 1'1 }
    Consolidated identical input bits for $mux cell $memory$flatten\u_r2r_dac_digital.$auto$proc_rom.cc:155:do_switch$12$rdmux[0][7][82]$687:
      Old ports: A=8'00011101, B=8'00011011, Y=$memory$flatten\u_r2r_dac_digital.$auto$proc_rom.cc:155:do_switch$12$rdmux[0][6][41]$a$373
      New ports: A=2'10, B=2'01, Y=$memory$flatten\u_r2r_dac_digital.$auto$proc_rom.cc:155:do_switch$12$rdmux[0][6][41]$a$373 [2:1]
      New connections: { $memory$flatten\u_r2r_dac_digital.$auto$proc_rom.cc:155:do_switch$12$rdmux[0][6][41]$a$373 [7:3] $memory$flatten\u_r2r_dac_digital.$auto$proc_rom.cc:155:do_switch$12$rdmux[0][6][41]$a$373 [0] } = 6'000111
    Consolidated identical input bits for $mux cell $memory$flatten\u_r2r_dac_digital.$auto$proc_rom.cc:155:do_switch$12$rdmux[0][7][81]$684:
      Old ports: A=8'00100001, B=8'00011111, Y=$memory$flatten\u_r2r_dac_digital.$auto$proc_rom.cc:155:do_switch$12$rdmux[0][6][40]$b$371
      New ports: A=2'10, B=2'01, Y={ $memory$flatten\u_r2r_dac_digital.$auto$proc_rom.cc:155:do_switch$12$rdmux[0][6][40]$b$371 [5] $memory$flatten\u_r2r_dac_digital.$auto$proc_rom.cc:155:do_switch$12$rdmux[0][6][40]$b$371 [1] }
      New connections: { $memory$flatten\u_r2r_dac_digital.$auto$proc_rom.cc:155:do_switch$12$rdmux[0][6][40]$b$371 [7:6] $memory$flatten\u_r2r_dac_digital.$auto$proc_rom.cc:155:do_switch$12$rdmux[0][6][40]$b$371 [4:2] $memory$flatten\u_r2r_dac_digital.$auto$proc_rom.cc:155:do_switch$12$rdmux[0][6][40]$b$371 [0] } = { 2'00 $memory$flatten\u_r2r_dac_digital.$auto$proc_rom.cc:155:do_switch$12$rdmux[0][6][40]$b$371 [1] $memory$flatten\u_r2r_dac_digital.$auto$proc_rom.cc:155:do_switch$12$rdmux[0][6][40]$b$371 [1] $memory$flatten\u_r2r_dac_digital.$auto$proc_rom.cc:155:do_switch$12$rdmux[0][6][40]$b$371 [1] 1'1 }
    Consolidated identical input bits for $mux cell $memory$flatten\u_r2r_dac_digital.$auto$proc_rom.cc:155:do_switch$12$rdmux[0][7][80]$681:
      Old ports: A=8'00100101, B=8'00100011, Y=$memory$flatten\u_r2r_dac_digital.$auto$proc_rom.cc:155:do_switch$12$rdmux[0][6][40]$a$370
      New ports: A=2'10, B=2'01, Y=$memory$flatten\u_r2r_dac_digital.$auto$proc_rom.cc:155:do_switch$12$rdmux[0][6][40]$a$370 [2:1]
      New connections: { $memory$flatten\u_r2r_dac_digital.$auto$proc_rom.cc:155:do_switch$12$rdmux[0][6][40]$a$370 [7:3] $memory$flatten\u_r2r_dac_digital.$auto$proc_rom.cc:155:do_switch$12$rdmux[0][6][40]$a$370 [0] } = 6'001001
    Consolidated identical input bits for $mux cell $memory$flatten\u_r2r_dac_digital.$auto$proc_rom.cc:155:do_switch$12$rdmux[0][7][79]$678:
      Old ports: A=8'00101010, B=8'00101000, Y=$memory$flatten\u_r2r_dac_digital.$auto$proc_rom.cc:155:do_switch$12$rdmux[0][6][39]$b$368
      New ports: A=1'1, B=1'0, Y=$memory$flatten\u_r2r_dac_digital.$auto$proc_rom.cc:155:do_switch$12$rdmux[0][6][39]$b$368 [1]
      New connections: { $memory$flatten\u_r2r_dac_digital.$auto$proc_rom.cc:155:do_switch$12$rdmux[0][6][39]$b$368 [7:2] $memory$flatten\u_r2r_dac_digital.$auto$proc_rom.cc:155:do_switch$12$rdmux[0][6][39]$b$368 [0] } = 7'0010100
    Consolidated identical input bits for $mux cell $memory$flatten\u_r2r_dac_digital.$auto$proc_rom.cc:155:do_switch$12$rdmux[0][7][78]$675:
      Old ports: A=8'00101111, B=8'00101100, Y=$memory$flatten\u_r2r_dac_digital.$auto$proc_rom.cc:155:do_switch$12$rdmux[0][6][39]$a$367
      New ports: A=1'1, B=1'0, Y=$memory$flatten\u_r2r_dac_digital.$auto$proc_rom.cc:155:do_switch$12$rdmux[0][6][39]$a$367 [0]
      New connections: $memory$flatten\u_r2r_dac_digital.$auto$proc_rom.cc:155:do_switch$12$rdmux[0][6][39]$a$367 [7:1] = { 6'001011 $memory$flatten\u_r2r_dac_digital.$auto$proc_rom.cc:155:do_switch$12$rdmux[0][6][39]$a$367 [0] }
    Consolidated identical input bits for $mux cell $memory$flatten\u_r2r_dac_digital.$auto$proc_rom.cc:155:do_switch$12$rdmux[0][7][77]$672:
      Old ports: A=8'00110100, B=8'00110001, Y=$memory$flatten\u_r2r_dac_digital.$auto$proc_rom.cc:155:do_switch$12$rdmux[0][6][38]$b$365
      New ports: A=2'10, B=2'01, Y={ $memory$flatten\u_r2r_dac_digital.$auto$proc_rom.cc:155:do_switch$12$rdmux[0][6][38]$b$365 [2] $memory$flatten\u_r2r_dac_digital.$auto$proc_rom.cc:155:do_switch$12$rdmux[0][6][38]$b$365 [0] }
      New connections: { $memory$flatten\u_r2r_dac_digital.$auto$proc_rom.cc:155:do_switch$12$rdmux[0][6][38]$b$365 [7:3] $memory$flatten\u_r2r_dac_digital.$auto$proc_rom.cc:155:do_switch$12$rdmux[0][6][38]$b$365 [1] } = 6'001100
    Consolidated identical input bits for $mux cell $memory$flatten\u_r2r_dac_digital.$auto$proc_rom.cc:155:do_switch$12$rdmux[0][7][76]$669:
      Old ports: A=8'00111001, B=8'00110110, Y=$memory$flatten\u_r2r_dac_digital.$auto$proc_rom.cc:155:do_switch$12$rdmux[0][6][38]$a$364
      New ports: A=2'01, B=2'10, Y=$memory$flatten\u_r2r_dac_digital.$auto$proc_rom.cc:155:do_switch$12$rdmux[0][6][38]$a$364 [1:0]
      New connections: $memory$flatten\u_r2r_dac_digital.$auto$proc_rom.cc:155:do_switch$12$rdmux[0][6][38]$a$364 [7:2] = { 4'0011 $memory$flatten\u_r2r_dac_digital.$auto$proc_rom.cc:155:do_switch$12$rdmux[0][6][38]$a$364 [0] $memory$flatten\u_r2r_dac_digital.$auto$proc_rom.cc:155:do_switch$12$rdmux[0][6][38]$a$364 [1] }
    Consolidated identical input bits for $mux cell $memory$flatten\u_r2r_dac_digital.$auto$proc_rom.cc:155:do_switch$12$rdmux[0][7][75]$666:
      Old ports: A=8'00111110, B=8'00111011, Y=$memory$flatten\u_r2r_dac_digital.$auto$proc_rom.cc:155:do_switch$12$rdmux[0][6][37]$b$362
      New ports: A=2'10, B=2'01, Y={ $memory$flatten\u_r2r_dac_digital.$auto$proc_rom.cc:155:do_switch$12$rdmux[0][6][37]$b$362 [2] $memory$flatten\u_r2r_dac_digital.$auto$proc_rom.cc:155:do_switch$12$rdmux[0][6][37]$b$362 [0] }
      New connections: { $memory$flatten\u_r2r_dac_digital.$auto$proc_rom.cc:155:do_switch$12$rdmux[0][6][37]$b$362 [7:3] $memory$flatten\u_r2r_dac_digital.$auto$proc_rom.cc:155:do_switch$12$rdmux[0][6][37]$b$362 [1] } = 6'001111
    Consolidated identical input bits for $mux cell $memory$flatten\u_r2r_dac_digital.$auto$proc_rom.cc:155:do_switch$12$rdmux[0][7][74]$663:
      Old ports: A=8'01000011, B=8'01000001, Y=$memory$flatten\u_r2r_dac_digital.$auto$proc_rom.cc:155:do_switch$12$rdmux[0][6][37]$a$361
      New ports: A=1'1, B=1'0, Y=$memory$flatten\u_r2r_dac_digital.$auto$proc_rom.cc:155:do_switch$12$rdmux[0][6][37]$a$361 [1]
      New connections: { $memory$flatten\u_r2r_dac_digital.$auto$proc_rom.cc:155:do_switch$12$rdmux[0][6][37]$a$361 [7:2] $memory$flatten\u_r2r_dac_digital.$auto$proc_rom.cc:155:do_switch$12$rdmux[0][6][37]$a$361 [0] } = 7'0100001
    Consolidated identical input bits for $mux cell $memory$flatten\u_r2r_dac_digital.$auto$proc_rom.cc:155:do_switch$12$rdmux[0][7][73]$660:
      Old ports: A=8'01001001, B=8'01000110, Y=$memory$flatten\u_r2r_dac_digital.$auto$proc_rom.cc:155:do_switch$12$rdmux[0][6][36]$b$359
      New ports: A=2'01, B=2'10, Y=$memory$flatten\u_r2r_dac_digital.$auto$proc_rom.cc:155:do_switch$12$rdmux[0][6][36]$b$359 [1:0]
      New connections: $memory$flatten\u_r2r_dac_digital.$auto$proc_rom.cc:155:do_switch$12$rdmux[0][6][36]$b$359 [7:2] = { 4'0100 $memory$flatten\u_r2r_dac_digital.$auto$proc_rom.cc:155:do_switch$12$rdmux[0][6][36]$b$359 [0] $memory$flatten\u_r2r_dac_digital.$auto$proc_rom.cc:155:do_switch$12$rdmux[0][6][36]$b$359 [1] }
    Consolidated identical input bits for $mux cell $memory$flatten\u_r2r_dac_digital.$auto$proc_rom.cc:155:do_switch$12$rdmux[0][7][72]$657:
      Old ports: A=8'01001111, B=8'01001100, Y=$memory$flatten\u_r2r_dac_digital.$auto$proc_rom.cc:155:do_switch$12$rdmux[0][6][36]$a$358
      New ports: A=1'1, B=1'0, Y=$memory$flatten\u_r2r_dac_digital.$auto$proc_rom.cc:155:do_switch$12$rdmux[0][6][36]$a$358 [0]
      New connections: $memory$flatten\u_r2r_dac_digital.$auto$proc_rom.cc:155:do_switch$12$rdmux[0][6][36]$a$358 [7:1] = { 6'010011 $memory$flatten\u_r2r_dac_digital.$auto$proc_rom.cc:155:do_switch$12$rdmux[0][6][36]$a$358 [0] }
    Consolidated identical input bits for $mux cell $memory$flatten\u_r2r_dac_digital.$auto$proc_rom.cc:155:do_switch$12$rdmux[0][7][71]$654:
      Old ports: A=8'01010101, B=8'01010010, Y=$memory$flatten\u_r2r_dac_digital.$auto$proc_rom.cc:155:do_switch$12$rdmux[0][6][35]$b$356
      New ports: A=2'01, B=2'10, Y=$memory$flatten\u_r2r_dac_digital.$auto$proc_rom.cc:155:do_switch$12$rdmux[0][6][35]$b$356 [1:0]
      New connections: $memory$flatten\u_r2r_dac_digital.$auto$proc_rom.cc:155:do_switch$12$rdmux[0][6][35]$b$356 [7:2] = { 5'01010 $memory$flatten\u_r2r_dac_digital.$auto$proc_rom.cc:155:do_switch$12$rdmux[0][6][35]$b$356 [0] }
    Consolidated identical input bits for $mux cell $memory$flatten\u_r2r_dac_digital.$auto$proc_rom.cc:155:do_switch$12$rdmux[0][7][70]$651:
      Old ports: A=8'01011010, B=8'01011000, Y=$memory$flatten\u_r2r_dac_digital.$auto$proc_rom.cc:155:do_switch$12$rdmux[0][6][35]$a$355
      New ports: A=1'1, B=1'0, Y=$memory$flatten\u_r2r_dac_digital.$auto$proc_rom.cc:155:do_switch$12$rdmux[0][6][35]$a$355 [1]
      New connections: { $memory$flatten\u_r2r_dac_digital.$auto$proc_rom.cc:155:do_switch$12$rdmux[0][6][35]$a$355 [7:2] $memory$flatten\u_r2r_dac_digital.$auto$proc_rom.cc:155:do_switch$12$rdmux[0][6][35]$a$355 [0] } = 7'0101100
    Consolidated identical input bits for $mux cell $memory$flatten\u_r2r_dac_digital.$auto$proc_rom.cc:155:do_switch$12$rdmux[0][7][69]$648:
      Old ports: A=8'01100001, B=8'01011101, Y=$memory$flatten\u_r2r_dac_digital.$auto$proc_rom.cc:155:do_switch$12$rdmux[0][6][34]$b$353
      New ports: A=2'10, B=2'01, Y={ $memory$flatten\u_r2r_dac_digital.$auto$proc_rom.cc:155:do_switch$12$rdmux[0][6][34]$b$353 [5] $memory$flatten\u_r2r_dac_digital.$auto$proc_rom.cc:155:do_switch$12$rdmux[0][6][34]$b$353 [2] }
      New connections: { $memory$flatten\u_r2r_dac_digital.$auto$proc_rom.cc:155:do_switch$12$rdmux[0][6][34]$b$353 [7:6] $memory$flatten\u_r2r_dac_digital.$auto$proc_rom.cc:155:do_switch$12$rdmux[0][6][34]$b$353 [4:3] $memory$flatten\u_r2r_dac_digital.$auto$proc_rom.cc:155:do_switch$12$rdmux[0][6][34]$b$353 [1:0] } = { 2'01 $memory$flatten\u_r2r_dac_digital.$auto$proc_rom.cc:155:do_switch$12$rdmux[0][6][34]$b$353 [2] $memory$flatten\u_r2r_dac_digital.$auto$proc_rom.cc:155:do_switch$12$rdmux[0][6][34]$b$353 [2] 2'01 }
    Consolidated identical input bits for $mux cell $memory$flatten\u_r2r_dac_digital.$auto$proc_rom.cc:155:do_switch$12$rdmux[0][7][68]$645:
      Old ports: A=8'01100111, B=8'01100100, Y=$memory$flatten\u_r2r_dac_digital.$auto$proc_rom.cc:155:do_switch$12$rdmux[0][6][34]$a$352
      New ports: A=1'1, B=1'0, Y=$memory$flatten\u_r2r_dac_digital.$auto$proc_rom.cc:155:do_switch$12$rdmux[0][6][34]$a$352 [0]
      New connections: $memory$flatten\u_r2r_dac_digital.$auto$proc_rom.cc:155:do_switch$12$rdmux[0][6][34]$a$352 [7:1] = { 6'011001 $memory$flatten\u_r2r_dac_digital.$auto$proc_rom.cc:155:do_switch$12$rdmux[0][6][34]$a$352 [0] }
    Consolidated identical input bits for $mux cell $memory$flatten\u_r2r_dac_digital.$auto$proc_rom.cc:155:do_switch$12$rdmux[0][7][67]$642:
      Old ports: A=8'01101101, B=8'01101010, Y=$memory$flatten\u_r2r_dac_digital.$auto$proc_rom.cc:155:do_switch$12$rdmux[0][6][33]$b$350
      New ports: A=2'01, B=2'10, Y=$memory$flatten\u_r2r_dac_digital.$auto$proc_rom.cc:155:do_switch$12$rdmux[0][6][33]$b$350 [1:0]
      New connections: $memory$flatten\u_r2r_dac_digital.$auto$proc_rom.cc:155:do_switch$12$rdmux[0][6][33]$b$350 [7:2] = { 5'01101 $memory$flatten\u_r2r_dac_digital.$auto$proc_rom.cc:155:do_switch$12$rdmux[0][6][33]$b$350 [0] }
    Consolidated identical input bits for $mux cell $memory$flatten\u_r2r_dac_digital.$auto$proc_rom.cc:155:do_switch$12$rdmux[0][7][66]$639:
      Old ports: A=8'01110011, B=8'01110000, Y=$memory$flatten\u_r2r_dac_digital.$auto$proc_rom.cc:155:do_switch$12$rdmux[0][6][33]$a$349
      New ports: A=1'1, B=1'0, Y=$memory$flatten\u_r2r_dac_digital.$auto$proc_rom.cc:155:do_switch$12$rdmux[0][6][33]$a$349 [0]
      New connections: $memory$flatten\u_r2r_dac_digital.$auto$proc_rom.cc:155:do_switch$12$rdmux[0][6][33]$a$349 [7:1] = { 6'011100 $memory$flatten\u_r2r_dac_digital.$auto$proc_rom.cc:155:do_switch$12$rdmux[0][6][33]$a$349 [0] }
    Consolidated identical input bits for $mux cell $memory$flatten\u_r2r_dac_digital.$auto$proc_rom.cc:155:do_switch$12$rdmux[0][7][65]$636:
      Old ports: A=8'01111001, B=8'01110110, Y=$memory$flatten\u_r2r_dac_digital.$auto$proc_rom.cc:155:do_switch$12$rdmux[0][6][32]$b$347
      New ports: A=2'01, B=2'10, Y=$memory$flatten\u_r2r_dac_digital.$auto$proc_rom.cc:155:do_switch$12$rdmux[0][6][32]$b$347 [1:0]
      New connections: $memory$flatten\u_r2r_dac_digital.$auto$proc_rom.cc:155:do_switch$12$rdmux[0][6][32]$b$347 [7:2] = { 4'0111 $memory$flatten\u_r2r_dac_digital.$auto$proc_rom.cc:155:do_switch$12$rdmux[0][6][32]$b$347 [0] $memory$flatten\u_r2r_dac_digital.$auto$proc_rom.cc:155:do_switch$12$rdmux[0][6][32]$b$347 [1] }
    Consolidated identical input bits for $mux cell $memory$flatten\u_r2r_dac_digital.$auto$proc_rom.cc:155:do_switch$12$rdmux[0][7][64]$633:
      Old ports: A=8'10000000, B=8'01111100, Y=$memory$flatten\u_r2r_dac_digital.$auto$proc_rom.cc:155:do_switch$12$rdmux[0][6][32]$a$346
      New ports: A=2'10, B=2'01, Y={ $memory$flatten\u_r2r_dac_digital.$auto$proc_rom.cc:155:do_switch$12$rdmux[0][6][32]$a$346 [7] $memory$flatten\u_r2r_dac_digital.$auto$proc_rom.cc:155:do_switch$12$rdmux[0][6][32]$a$346 [2] }
      New connections: { $memory$flatten\u_r2r_dac_digital.$auto$proc_rom.cc:155:do_switch$12$rdmux[0][6][32]$a$346 [6:3] $memory$flatten\u_r2r_dac_digital.$auto$proc_rom.cc:155:do_switch$12$rdmux[0][6][32]$a$346 [1:0] } = { $memory$flatten\u_r2r_dac_digital.$auto$proc_rom.cc:155:do_switch$12$rdmux[0][6][32]$a$346 [2] $memory$flatten\u_r2r_dac_digital.$auto$proc_rom.cc:155:do_switch$12$rdmux[0][6][32]$a$346 [2] $memory$flatten\u_r2r_dac_digital.$auto$proc_rom.cc:155:do_switch$12$rdmux[0][6][32]$a$346 [2] $memory$flatten\u_r2r_dac_digital.$auto$proc_rom.cc:155:do_switch$12$rdmux[0][6][32]$a$346 [2] 2'00 }
    Consolidated identical input bits for $mux cell $memory$flatten\u_r2r_dac_digital.$auto$proc_rom.cc:155:do_switch$12$rdmux[0][7][63]$630:
      Old ports: A=8'10000110, B=8'10000011, Y=$memory$flatten\u_r2r_dac_digital.$auto$proc_rom.cc:155:do_switch$12$rdmux[0][6][31]$b$344
      New ports: A=2'10, B=2'01, Y={ $memory$flatten\u_r2r_dac_digital.$auto$proc_rom.cc:155:do_switch$12$rdmux[0][6][31]$b$344 [2] $memory$flatten\u_r2r_dac_digital.$auto$proc_rom.cc:155:do_switch$12$rdmux[0][6][31]$b$344 [0] }
      New connections: { $memory$flatten\u_r2r_dac_digital.$auto$proc_rom.cc:155:do_switch$12$rdmux[0][6][31]$b$344 [7:3] $memory$flatten\u_r2r_dac_digital.$auto$proc_rom.cc:155:do_switch$12$rdmux[0][6][31]$b$344 [1] } = 6'100001
    Consolidated identical input bits for $mux cell $memory$flatten\u_r2r_dac_digital.$auto$proc_rom.cc:155:do_switch$12$rdmux[0][7][62]$627:
      Old ports: A=8'10001100, B=8'10001001, Y=$memory$flatten\u_r2r_dac_digital.$auto$proc_rom.cc:155:do_switch$12$rdmux[0][6][31]$a$343
      New ports: A=2'10, B=2'01, Y={ $memory$flatten\u_r2r_dac_digital.$auto$proc_rom.cc:155:do_switch$12$rdmux[0][6][31]$a$343 [2] $memory$flatten\u_r2r_dac_digital.$auto$proc_rom.cc:155:do_switch$12$rdmux[0][6][31]$a$343 [0] }
      New connections: { $memory$flatten\u_r2r_dac_digital.$auto$proc_rom.cc:155:do_switch$12$rdmux[0][6][31]$a$343 [7:3] $memory$flatten\u_r2r_dac_digital.$auto$proc_rom.cc:155:do_switch$12$rdmux[0][6][31]$a$343 [1] } = 6'100010
    Consolidated identical input bits for $mux cell $memory$flatten\u_r2r_dac_digital.$auto$proc_rom.cc:155:do_switch$12$rdmux[0][7][61]$624:
      Old ports: A=8'10010010, B=8'10001111, Y=$memory$flatten\u_r2r_dac_digital.$auto$proc_rom.cc:155:do_switch$12$rdmux[0][6][30]$b$341
      New ports: A=2'10, B=2'01, Y={ $memory$flatten\u_r2r_dac_digital.$auto$proc_rom.cc:155:do_switch$12$rdmux[0][6][30]$b$341 [4] $memory$flatten\u_r2r_dac_digital.$auto$proc_rom.cc:155:do_switch$12$rdmux[0][6][30]$b$341 [0] }
      New connections: { $memory$flatten\u_r2r_dac_digital.$auto$proc_rom.cc:155:do_switch$12$rdmux[0][6][30]$b$341 [7:5] $memory$flatten\u_r2r_dac_digital.$auto$proc_rom.cc:155:do_switch$12$rdmux[0][6][30]$b$341 [3:1] } = { 3'100 $memory$flatten\u_r2r_dac_digital.$auto$proc_rom.cc:155:do_switch$12$rdmux[0][6][30]$b$341 [0] $memory$flatten\u_r2r_dac_digital.$auto$proc_rom.cc:155:do_switch$12$rdmux[0][6][30]$b$341 [0] 1'1 }
    Consolidated identical input bits for $mux cell $memory$flatten\u_r2r_dac_digital.$auto$proc_rom.cc:155:do_switch$12$rdmux[0][7][60]$621:
      Old ports: A=8'10011000, B=8'10010101, Y=$memory$flatten\u_r2r_dac_digital.$auto$proc_rom.cc:155:do_switch$12$rdmux[0][6][30]$a$340
      New ports: A=2'10, B=2'01, Y={ $memory$flatten\u_r2r_dac_digital.$auto$proc_rom.cc:155:do_switch$12$rdmux[0][6][30]$a$340 [3] $memory$flatten\u_r2r_dac_digital.$auto$proc_rom.cc:155:do_switch$12$rdmux[0][6][30]$a$340 [0] }
      New connections: { $memory$flatten\u_r2r_dac_digital.$auto$proc_rom.cc:155:do_switch$12$rdmux[0][6][30]$a$340 [7:4] $memory$flatten\u_r2r_dac_digital.$auto$proc_rom.cc:155:do_switch$12$rdmux[0][6][30]$a$340 [2:1] } = { 4'1001 $memory$flatten\u_r2r_dac_digital.$auto$proc_rom.cc:155:do_switch$12$rdmux[0][6][30]$a$340 [0] 1'0 }
    Consolidated identical input bits for $mux cell $memory$flatten\u_r2r_dac_digital.$auto$proc_rom.cc:155:do_switch$12$rdmux[0][7][59]$618:
      Old ports: A=8'10011110, B=8'10011011, Y=$memory$flatten\u_r2r_dac_digital.$auto$proc_rom.cc:155:do_switch$12$rdmux[0][6][29]$b$338
      New ports: A=2'10, B=2'01, Y={ $memory$flatten\u_r2r_dac_digital.$auto$proc_rom.cc:155:do_switch$12$rdmux[0][6][29]$b$338 [2] $memory$flatten\u_r2r_dac_digital.$auto$proc_rom.cc:155:do_switch$12$rdmux[0][6][29]$b$338 [0] }
      New connections: { $memory$flatten\u_r2r_dac_digital.$auto$proc_rom.cc:155:do_switch$12$rdmux[0][6][29]$b$338 [7:3] $memory$flatten\u_r2r_dac_digital.$auto$proc_rom.cc:155:do_switch$12$rdmux[0][6][29]$b$338 [1] } = 6'100111
    Consolidated identical input bits for $mux cell $memory$flatten\u_r2r_dac_digital.$auto$proc_rom.cc:155:do_switch$12$rdmux[0][7][58]$615:
      Old ports: A=8'10100101, B=8'10100010, Y=$memory$flatten\u_r2r_dac_digital.$auto$proc_rom.cc:155:do_switch$12$rdmux[0][6][29]$a$337
      New ports: A=2'01, B=2'10, Y=$memory$flatten\u_r2r_dac_digital.$auto$proc_rom.cc:155:do_switch$12$rdmux[0][6][29]$a$337 [1:0]
      New connections: $memory$flatten\u_r2r_dac_digital.$auto$proc_rom.cc:155:do_switch$12$rdmux[0][6][29]$a$337 [7:2] = { 5'10100 $memory$flatten\u_r2r_dac_digital.$auto$proc_rom.cc:155:do_switch$12$rdmux[0][6][29]$a$337 [0] }
    Consolidated identical input bits for $mux cell $memory$flatten\u_r2r_dac_digital.$auto$proc_rom.cc:155:do_switch$12$rdmux[0][7][57]$612:
      Old ports: A=8'10101010, B=8'10100111, Y=$memory$flatten\u_r2r_dac_digital.$auto$proc_rom.cc:155:do_switch$12$rdmux[0][6][28]$b$335
      New ports: A=2'10, B=2'01, Y={ $memory$flatten\u_r2r_dac_digital.$auto$proc_rom.cc:155:do_switch$12$rdmux[0][6][28]$b$335 [3] $memory$flatten\u_r2r_dac_digital.$auto$proc_rom.cc:155:do_switch$12$rdmux[0][6][28]$b$335 [0] }
      New connections: { $memory$flatten\u_r2r_dac_digital.$auto$proc_rom.cc:155:do_switch$12$rdmux[0][6][28]$b$335 [7:4] $memory$flatten\u_r2r_dac_digital.$auto$proc_rom.cc:155:do_switch$12$rdmux[0][6][28]$b$335 [2:1] } = { 4'1010 $memory$flatten\u_r2r_dac_digital.$auto$proc_rom.cc:155:do_switch$12$rdmux[0][6][28]$b$335 [0] 1'1 }
    Consolidated identical input bits for $mux cell $memory$flatten\u_r2r_dac_digital.$auto$proc_rom.cc:155:do_switch$12$rdmux[0][7][56]$609:
      Old ports: A=8'10110000, B=8'10101101, Y=$memory$flatten\u_r2r_dac_digital.$auto$proc_rom.cc:155:do_switch$12$rdmux[0][6][28]$a$334
      New ports: A=2'10, B=2'01, Y={ $memory$flatten\u_r2r_dac_digital.$auto$proc_rom.cc:155:do_switch$12$rdmux[0][6][28]$a$334 [4] $memory$flatten\u_r2r_dac_digital.$auto$proc_rom.cc:155:do_switch$12$rdmux[0][6][28]$a$334 [0] }
      New connections: { $memory$flatten\u_r2r_dac_digital.$auto$proc_rom.cc:155:do_switch$12$rdmux[0][6][28]$a$334 [7:5] $memory$flatten\u_r2r_dac_digital.$auto$proc_rom.cc:155:do_switch$12$rdmux[0][6][28]$a$334 [3:1] } = { 3'101 $memory$flatten\u_r2r_dac_digital.$auto$proc_rom.cc:155:do_switch$12$rdmux[0][6][28]$a$334 [0] $memory$flatten\u_r2r_dac_digital.$auto$proc_rom.cc:155:do_switch$12$rdmux[0][6][28]$a$334 [0] 1'0 }
    Consolidated identical input bits for $mux cell $memory$flatten\u_r2r_dac_digital.$auto$proc_rom.cc:155:do_switch$12$rdmux[0][7][55]$606:
      Old ports: A=8'10110110, B=8'10110011, Y=$memory$flatten\u_r2r_dac_digital.$auto$proc_rom.cc:155:do_switch$12$rdmux[0][6][27]$b$332
      New ports: A=2'10, B=2'01, Y={ $memory$flatten\u_r2r_dac_digital.$auto$proc_rom.cc:155:do_switch$12$rdmux[0][6][27]$b$332 [2] $memory$flatten\u_r2r_dac_digital.$auto$proc_rom.cc:155:do_switch$12$rdmux[0][6][27]$b$332 [0] }
      New connections: { $memory$flatten\u_r2r_dac_digital.$auto$proc_rom.cc:155:do_switch$12$rdmux[0][6][27]$b$332 [7:3] $memory$flatten\u_r2r_dac_digital.$auto$proc_rom.cc:155:do_switch$12$rdmux[0][6][27]$b$332 [1] } = 6'101101
    Consolidated identical input bits for $mux cell $memory$flatten\u_r2r_dac_digital.$auto$proc_rom.cc:155:do_switch$12$rdmux[0][7][54]$603:
      Old ports: A=8'10111100, B=8'10111001, Y=$memory$flatten\u_r2r_dac_digital.$auto$proc_rom.cc:155:do_switch$12$rdmux[0][6][27]$a$331
      New ports: A=2'10, B=2'01, Y={ $memory$flatten\u_r2r_dac_digital.$auto$proc_rom.cc:155:do_switch$12$rdmux[0][6][27]$a$331 [2] $memory$flatten\u_r2r_dac_digital.$auto$proc_rom.cc:155:do_switch$12$rdmux[0][6][27]$a$331 [0] }
      New connections: { $memory$flatten\u_r2r_dac_digital.$auto$proc_rom.cc:155:do_switch$12$rdmux[0][6][27]$a$331 [7:3] $memory$flatten\u_r2r_dac_digital.$auto$proc_rom.cc:155:do_switch$12$rdmux[0][6][27]$a$331 [1] } = 6'101110
    Consolidated identical input bits for $mux cell $memory$flatten\u_r2r_dac_digital.$auto$proc_rom.cc:155:do_switch$12$rdmux[0][7][53]$600:
      Old ports: A=8'11000001, B=8'10111110, Y=$memory$flatten\u_r2r_dac_digital.$auto$proc_rom.cc:155:do_switch$12$rdmux[0][6][26]$b$329
      New ports: A=2'01, B=2'10, Y=$memory$flatten\u_r2r_dac_digital.$auto$proc_rom.cc:155:do_switch$12$rdmux[0][6][26]$b$329 [1:0]
      New connections: $memory$flatten\u_r2r_dac_digital.$auto$proc_rom.cc:155:do_switch$12$rdmux[0][6][26]$b$329 [7:2] = { 1'1 $memory$flatten\u_r2r_dac_digital.$auto$proc_rom.cc:155:do_switch$12$rdmux[0][6][26]$b$329 [0] $memory$flatten\u_r2r_dac_digital.$auto$proc_rom.cc:155:do_switch$12$rdmux[0][6][26]$b$329 [1] $memory$flatten\u_r2r_dac_digital.$auto$proc_rom.cc:155:do_switch$12$rdmux[0][6][26]$b$329 [1] $memory$flatten\u_r2r_dac_digital.$auto$proc_rom.cc:155:do_switch$12$rdmux[0][6][26]$b$329 [1] $memory$flatten\u_r2r_dac_digital.$auto$proc_rom.cc:155:do_switch$12$rdmux[0][6][26]$b$329 [1] }
    Consolidated identical input bits for $mux cell $memory$flatten\u_r2r_dac_digital.$auto$proc_rom.cc:155:do_switch$12$rdmux[0][7][52]$597:
      Old ports: A=8'11000110, B=8'11000100, Y=$memory$flatten\u_r2r_dac_digital.$auto$proc_rom.cc:155:do_switch$12$rdmux[0][6][26]$a$328
      New ports: A=1'1, B=1'0, Y=$memory$flatten\u_r2r_dac_digital.$auto$proc_rom.cc:155:do_switch$12$rdmux[0][6][26]$a$328 [1]
      New connections: { $memory$flatten\u_r2r_dac_digital.$auto$proc_rom.cc:155:do_switch$12$rdmux[0][6][26]$a$328 [7:2] $memory$flatten\u_r2r_dac_digital.$auto$proc_rom.cc:155:do_switch$12$rdmux[0][6][26]$a$328 [0] } = 7'1100010
    Consolidated identical input bits for $mux cell $memory$flatten\u_r2r_dac_digital.$auto$proc_rom.cc:155:do_switch$12$rdmux[0][7][51]$594:
      Old ports: A=8'11001011, B=8'11001001, Y=$memory$flatten\u_r2r_dac_digital.$auto$proc_rom.cc:155:do_switch$12$rdmux[0][6][25]$b$326
      New ports: A=1'1, B=1'0, Y=$memory$flatten\u_r2r_dac_digital.$auto$proc_rom.cc:155:do_switch$12$rdmux[0][6][25]$b$326 [1]
      New connections: { $memory$flatten\u_r2r_dac_digital.$auto$proc_rom.cc:155:do_switch$12$rdmux[0][6][25]$b$326 [7:2] $memory$flatten\u_r2r_dac_digital.$auto$proc_rom.cc:155:do_switch$12$rdmux[0][6][25]$b$326 [0] } = 7'1100101
    Consolidated identical input bits for $mux cell $memory$flatten\u_r2r_dac_digital.$auto$proc_rom.cc:155:do_switch$12$rdmux[0][7][50]$591:
      Old ports: A=8'11010000, B=8'11001110, Y=$memory$flatten\u_r2r_dac_digital.$auto$proc_rom.cc:155:do_switch$12$rdmux[0][6][25]$a$325
      New ports: A=2'10, B=2'01, Y={ $memory$flatten\u_r2r_dac_digital.$auto$proc_rom.cc:155:do_switch$12$rdmux[0][6][25]$a$325 [4] $memory$flatten\u_r2r_dac_digital.$auto$proc_rom.cc:155:do_switch$12$rdmux[0][6][25]$a$325 [1] }
      New connections: { $memory$flatten\u_r2r_dac_digital.$auto$proc_rom.cc:155:do_switch$12$rdmux[0][6][25]$a$325 [7:5] $memory$flatten\u_r2r_dac_digital.$auto$proc_rom.cc:155:do_switch$12$rdmux[0][6][25]$a$325 [3:2] $memory$flatten\u_r2r_dac_digital.$auto$proc_rom.cc:155:do_switch$12$rdmux[0][6][25]$a$325 [0] } = { 3'110 $memory$flatten\u_r2r_dac_digital.$auto$proc_rom.cc:155:do_switch$12$rdmux[0][6][25]$a$325 [1] $memory$flatten\u_r2r_dac_digital.$auto$proc_rom.cc:155:do_switch$12$rdmux[0][6][25]$a$325 [1] 1'0 }
    Consolidated identical input bits for $mux cell $memory$flatten\u_r2r_dac_digital.$auto$proc_rom.cc:155:do_switch$12$rdmux[0][7][49]$588:
      Old ports: A=8'11010101, B=8'11010011, Y=$memory$flatten\u_r2r_dac_digital.$auto$proc_rom.cc:155:do_switch$12$rdmux[0][6][24]$b$323
      New ports: A=2'10, B=2'01, Y=$memory$flatten\u_r2r_dac_digital.$auto$proc_rom.cc:155:do_switch$12$rdmux[0][6][24]$b$323 [2:1]
      New connections: { $memory$flatten\u_r2r_dac_digital.$auto$proc_rom.cc:155:do_switch$12$rdmux[0][6][24]$b$323 [7:3] $memory$flatten\u_r2r_dac_digital.$auto$proc_rom.cc:155:do_switch$12$rdmux[0][6][24]$b$323 [0] } = 6'110101
    Consolidated identical input bits for $mux cell $memory$flatten\u_r2r_dac_digital.$auto$proc_rom.cc:155:do_switch$12$rdmux[0][7][48]$585:
      Old ports: A=8'11011010, B=8'11010111, Y=$memory$flatten\u_r2r_dac_digital.$auto$proc_rom.cc:155:do_switch$12$rdmux[0][6][24]$a$322
      New ports: A=2'10, B=2'01, Y={ $memory$flatten\u_r2r_dac_digital.$auto$proc_rom.cc:155:do_switch$12$rdmux[0][6][24]$a$322 [3] $memory$flatten\u_r2r_dac_digital.$auto$proc_rom.cc:155:do_switch$12$rdmux[0][6][24]$a$322 [0] }
      New connections: { $memory$flatten\u_r2r_dac_digital.$auto$proc_rom.cc:155:do_switch$12$rdmux[0][6][24]$a$322 [7:4] $memory$flatten\u_r2r_dac_digital.$auto$proc_rom.cc:155:do_switch$12$rdmux[0][6][24]$a$322 [2:1] } = { 4'1101 $memory$flatten\u_r2r_dac_digital.$auto$proc_rom.cc:155:do_switch$12$rdmux[0][6][24]$a$322 [0] 1'1 }
    Consolidated identical input bits for $mux cell $memory$flatten\u_r2r_dac_digital.$auto$proc_rom.cc:155:do_switch$12$rdmux[0][7][47]$582:
      Old ports: A=8'11011110, B=8'11011100, Y=$memory$flatten\u_r2r_dac_digital.$auto$proc_rom.cc:155:do_switch$12$rdmux[0][6][23]$b$320
      New ports: A=1'1, B=1'0, Y=$memory$flatten\u_r2r_dac_digital.$auto$proc_rom.cc:155:do_switch$12$rdmux[0][6][23]$b$320 [1]
      New connections: { $memory$flatten\u_r2r_dac_digital.$auto$proc_rom.cc:155:do_switch$12$rdmux[0][6][23]$b$320 [7:2] $memory$flatten\u_r2r_dac_digital.$auto$proc_rom.cc:155:do_switch$12$rdmux[0][6][23]$b$320 [0] } = 7'1101110
    Consolidated identical input bits for $mux cell $memory$flatten\u_r2r_dac_digital.$auto$proc_rom.cc:155:do_switch$12$rdmux[0][7][46]$579:
      Old ports: A=8'11100010, B=8'11100000, Y=$memory$flatten\u_r2r_dac_digital.$auto$proc_rom.cc:155:do_switch$12$rdmux[0][6][23]$a$319
      New ports: A=1'1, B=1'0, Y=$memory$flatten\u_r2r_dac_digital.$auto$proc_rom.cc:155:do_switch$12$rdmux[0][6][23]$a$319 [1]
      New connections: { $memory$flatten\u_r2r_dac_digital.$auto$proc_rom.cc:155:do_switch$12$rdmux[0][6][23]$a$319 [7:2] $memory$flatten\u_r2r_dac_digital.$auto$proc_rom.cc:155:do_switch$12$rdmux[0][6][23]$a$319 [0] } = 7'1110000
    Consolidated identical input bits for $mux cell $memory$flatten\u_r2r_dac_digital.$auto$proc_rom.cc:155:do_switch$12$rdmux[0][7][45]$576:
      Old ports: A=8'11100110, B=8'11100100, Y=$memory$flatten\u_r2r_dac_digital.$auto$proc_rom.cc:155:do_switch$12$rdmux[0][6][22]$b$317
      New ports: A=1'1, B=1'0, Y=$memory$flatten\u_r2r_dac_digital.$auto$proc_rom.cc:155:do_switch$12$rdmux[0][6][22]$b$317 [1]
      New connections: { $memory$flatten\u_r2r_dac_digital.$auto$proc_rom.cc:155:do_switch$12$rdmux[0][6][22]$b$317 [7:2] $memory$flatten\u_r2r_dac_digital.$auto$proc_rom.cc:155:do_switch$12$rdmux[0][6][22]$b$317 [0] } = 7'1110010
    Consolidated identical input bits for $mux cell $memory$flatten\u_r2r_dac_digital.$auto$proc_rom.cc:155:do_switch$12$rdmux[0][7][44]$573:
      Old ports: A=8'11101010, B=8'11101000, Y=$memory$flatten\u_r2r_dac_digital.$auto$proc_rom.cc:155:do_switch$12$rdmux[0][6][22]$a$316
      New ports: A=1'1, B=1'0, Y=$memory$flatten\u_r2r_dac_digital.$auto$proc_rom.cc:155:do_switch$12$rdmux[0][6][22]$a$316 [1]
      New connections: { $memory$flatten\u_r2r_dac_digital.$auto$proc_rom.cc:155:do_switch$12$rdmux[0][6][22]$a$316 [7:2] $memory$flatten\u_r2r_dac_digital.$auto$proc_rom.cc:155:do_switch$12$rdmux[0][6][22]$a$316 [0] } = 7'1110100
    Consolidated identical input bits for $mux cell $memory$flatten\u_r2r_dac_digital.$auto$proc_rom.cc:155:do_switch$12$rdmux[0][7][43]$570:
      Old ports: A=8'11101101, B=8'11101011, Y=$memory$flatten\u_r2r_dac_digital.$auto$proc_rom.cc:155:do_switch$12$rdmux[0][6][21]$b$314
      New ports: A=2'10, B=2'01, Y=$memory$flatten\u_r2r_dac_digital.$auto$proc_rom.cc:155:do_switch$12$rdmux[0][6][21]$b$314 [2:1]
      New connections: { $memory$flatten\u_r2r_dac_digital.$auto$proc_rom.cc:155:do_switch$12$rdmux[0][6][21]$b$314 [7:3] $memory$flatten\u_r2r_dac_digital.$auto$proc_rom.cc:155:do_switch$12$rdmux[0][6][21]$b$314 [0] } = 6'111011
    Consolidated identical input bits for $mux cell $memory$flatten\u_r2r_dac_digital.$auto$proc_rom.cc:155:do_switch$12$rdmux[0][7][42]$567:
      Old ports: A=8'11110000, B=8'11101110, Y=$memory$flatten\u_r2r_dac_digital.$auto$proc_rom.cc:155:do_switch$12$rdmux[0][6][21]$a$313
      New ports: A=2'10, B=2'01, Y={ $memory$flatten\u_r2r_dac_digital.$auto$proc_rom.cc:155:do_switch$12$rdmux[0][6][21]$a$313 [4] $memory$flatten\u_r2r_dac_digital.$auto$proc_rom.cc:155:do_switch$12$rdmux[0][6][21]$a$313 [1] }
      New connections: { $memory$flatten\u_r2r_dac_digital.$auto$proc_rom.cc:155:do_switch$12$rdmux[0][6][21]$a$313 [7:5] $memory$flatten\u_r2r_dac_digital.$auto$proc_rom.cc:155:do_switch$12$rdmux[0][6][21]$a$313 [3:2] $memory$flatten\u_r2r_dac_digital.$auto$proc_rom.cc:155:do_switch$12$rdmux[0][6][21]$a$313 [0] } = { 3'111 $memory$flatten\u_r2r_dac_digital.$auto$proc_rom.cc:155:do_switch$12$rdmux[0][6][21]$a$313 [1] $memory$flatten\u_r2r_dac_digital.$auto$proc_rom.cc:155:do_switch$12$rdmux[0][6][21]$a$313 [1] 1'0 }
    Consolidated identical input bits for $mux cell $memory$flatten\u_r2r_dac_digital.$auto$proc_rom.cc:155:do_switch$12$rdmux[0][7][41]$564:
      Old ports: A=8'11110011, B=8'11110001, Y=$memory$flatten\u_r2r_dac_digital.$auto$proc_rom.cc:155:do_switch$12$rdmux[0][6][20]$b$311
      New ports: A=1'1, B=1'0, Y=$memory$flatten\u_r2r_dac_digital.$auto$proc_rom.cc:155:do_switch$12$rdmux[0][6][20]$b$311 [1]
      New connections: { $memory$flatten\u_r2r_dac_digital.$auto$proc_rom.cc:155:do_switch$12$rdmux[0][6][20]$b$311 [7:2] $memory$flatten\u_r2r_dac_digital.$auto$proc_rom.cc:155:do_switch$12$rdmux[0][6][20]$b$311 [0] } = 7'1111001
    Consolidated identical input bits for $mux cell $memory$flatten\u_r2r_dac_digital.$auto$proc_rom.cc:155:do_switch$12$rdmux[0][7][40]$561:
      Old ports: A=8'11110101, B=8'11110100, Y=$memory$flatten\u_r2r_dac_digital.$auto$proc_rom.cc:155:do_switch$12$rdmux[0][6][20]$a$310
      New ports: A=1'1, B=1'0, Y=$memory$flatten\u_r2r_dac_digital.$auto$proc_rom.cc:155:do_switch$12$rdmux[0][6][20]$a$310 [0]
      New connections: $memory$flatten\u_r2r_dac_digital.$auto$proc_rom.cc:155:do_switch$12$rdmux[0][6][20]$a$310 [7:1] = 7'1111010
    Consolidated identical input bits for $mux cell $memory$flatten\u_r2r_dac_digital.$auto$proc_rom.cc:155:do_switch$12$rdmux[0][7][39]$558:
      Old ports: A=8'11111000, B=8'11110110, Y=$memory$flatten\u_r2r_dac_digital.$auto$proc_rom.cc:155:do_switch$12$rdmux[0][6][19]$b$308
      New ports: A=2'10, B=2'01, Y={ $memory$flatten\u_r2r_dac_digital.$auto$proc_rom.cc:155:do_switch$12$rdmux[0][6][19]$b$308 [3] $memory$flatten\u_r2r_dac_digital.$auto$proc_rom.cc:155:do_switch$12$rdmux[0][6][19]$b$308 [1] }
      New connections: { $memory$flatten\u_r2r_dac_digital.$auto$proc_rom.cc:155:do_switch$12$rdmux[0][6][19]$b$308 [7:4] $memory$flatten\u_r2r_dac_digital.$auto$proc_rom.cc:155:do_switch$12$rdmux[0][6][19]$b$308 [2] $memory$flatten\u_r2r_dac_digital.$auto$proc_rom.cc:155:do_switch$12$rdmux[0][6][19]$b$308 [0] } = { 4'1111 $memory$flatten\u_r2r_dac_digital.$auto$proc_rom.cc:155:do_switch$12$rdmux[0][6][19]$b$308 [1] 1'0 }
    Consolidated identical input bits for $mux cell $memory$flatten\u_r2r_dac_digital.$auto$proc_rom.cc:155:do_switch$12$rdmux[0][7][38]$555:
      Old ports: A=8'11111010, B=8'11111001, Y=$memory$flatten\u_r2r_dac_digital.$auto$proc_rom.cc:155:do_switch$12$rdmux[0][6][19]$a$307
      New ports: A=2'10, B=2'01, Y=$memory$flatten\u_r2r_dac_digital.$auto$proc_rom.cc:155:do_switch$12$rdmux[0][6][19]$a$307 [1:0]
      New connections: $memory$flatten\u_r2r_dac_digital.$auto$proc_rom.cc:155:do_switch$12$rdmux[0][6][19]$a$307 [7:2] = 6'111110
    Consolidated identical input bits for $mux cell $memory$flatten\u_r2r_dac_digital.$auto$proc_rom.cc:155:do_switch$12$rdmux[0][7][37]$552:
      Old ports: A=8'11111011, B=8'11111010, Y=$memory$flatten\u_r2r_dac_digital.$auto$proc_rom.cc:155:do_switch$12$rdmux[0][6][18]$b$305
      New ports: A=1'1, B=1'0, Y=$memory$flatten\u_r2r_dac_digital.$auto$proc_rom.cc:155:do_switch$12$rdmux[0][6][18]$b$305 [0]
      New connections: $memory$flatten\u_r2r_dac_digital.$auto$proc_rom.cc:155:do_switch$12$rdmux[0][6][18]$b$305 [7:1] = 7'1111101
    Consolidated identical input bits for $mux cell $memory$flatten\u_r2r_dac_digital.$auto$proc_rom.cc:155:do_switch$12$rdmux[0][7][36]$549:
      Old ports: A=8'11111101, B=8'11111100, Y=$memory$flatten\u_r2r_dac_digital.$auto$proc_rom.cc:155:do_switch$12$rdmux[0][6][18]$a$304
      New ports: A=1'1, B=1'0, Y=$memory$flatten\u_r2r_dac_digital.$auto$proc_rom.cc:155:do_switch$12$rdmux[0][6][18]$a$304 [0]
      New connections: $memory$flatten\u_r2r_dac_digital.$auto$proc_rom.cc:155:do_switch$12$rdmux[0][6][18]$a$304 [7:1] = 7'1111110
    Consolidated identical input bits for $mux cell $memory$flatten\u_r2r_dac_digital.$auto$proc_rom.cc:155:do_switch$12$rdmux[0][7][35]$546:
      Old ports: A=8'11111110, B=8'11111101, Y=$memory$flatten\u_r2r_dac_digital.$auto$proc_rom.cc:155:do_switch$12$rdmux[0][6][17]$b$302
      New ports: A=2'10, B=2'01, Y=$memory$flatten\u_r2r_dac_digital.$auto$proc_rom.cc:155:do_switch$12$rdmux[0][6][17]$b$302 [1:0]
      New connections: $memory$flatten\u_r2r_dac_digital.$auto$proc_rom.cc:155:do_switch$12$rdmux[0][6][17]$b$302 [7:2] = 6'111111
    Consolidated identical input bits for $mux cell $memory$flatten\u_r2r_dac_digital.$auto$proc_rom.cc:155:do_switch$12$rdmux[0][7][111]$774:
      Old ports: A=8'00100001, B=8'00100011, Y=$memory$flatten\u_r2r_dac_digital.$auto$proc_rom.cc:155:do_switch$12$rdmux[0][6][55]$b$416
      New ports: A=1'0, B=1'1, Y=$memory$flatten\u_r2r_dac_digital.$auto$proc_rom.cc:155:do_switch$12$rdmux[0][6][55]$b$416 [1]
      New connections: { $memory$flatten\u_r2r_dac_digital.$auto$proc_rom.cc:155:do_switch$12$rdmux[0][6][55]$b$416 [7:2] $memory$flatten\u_r2r_dac_digital.$auto$proc_rom.cc:155:do_switch$12$rdmux[0][6][55]$b$416 [0] } = 7'0010001
    Consolidated identical input bits for $mux cell $memory$flatten\u_r2r_dac_digital.$auto$proc_rom.cc:155:do_switch$12$rdmux[0][7][113]$780:
      Old ports: A=8'00101010, B=8'00101100, Y=$memory$flatten\u_r2r_dac_digital.$auto$proc_rom.cc:155:do_switch$12$rdmux[0][6][56]$b$419
      New ports: A=2'01, B=2'10, Y=$memory$flatten\u_r2r_dac_digital.$auto$proc_rom.cc:155:do_switch$12$rdmux[0][6][56]$b$419 [2:1]
      New connections: { $memory$flatten\u_r2r_dac_digital.$auto$proc_rom.cc:155:do_switch$12$rdmux[0][6][56]$b$419 [7:3] $memory$flatten\u_r2r_dac_digital.$auto$proc_rom.cc:155:do_switch$12$rdmux[0][6][56]$b$419 [0] } = 6'001010
    Consolidated identical input bits for $mux cell $memory$flatten\u_r2r_dac_digital.$auto$proc_rom.cc:155:do_switch$12$rdmux[0][7][114]$783:
      Old ports: A=8'00101111, B=8'00110001, Y=$memory$flatten\u_r2r_dac_digital.$auto$proc_rom.cc:155:do_switch$12$rdmux[0][6][57]$a$421
      New ports: A=2'01, B=2'10, Y={ $memory$flatten\u_r2r_dac_digital.$auto$proc_rom.cc:155:do_switch$12$rdmux[0][6][57]$a$421 [4] $memory$flatten\u_r2r_dac_digital.$auto$proc_rom.cc:155:do_switch$12$rdmux[0][6][57]$a$421 [1] }
      New connections: { $memory$flatten\u_r2r_dac_digital.$auto$proc_rom.cc:155:do_switch$12$rdmux[0][6][57]$a$421 [7:5] $memory$flatten\u_r2r_dac_digital.$auto$proc_rom.cc:155:do_switch$12$rdmux[0][6][57]$a$421 [3:2] $memory$flatten\u_r2r_dac_digital.$auto$proc_rom.cc:155:do_switch$12$rdmux[0][6][57]$a$421 [0] } = { 3'001 $memory$flatten\u_r2r_dac_digital.$auto$proc_rom.cc:155:do_switch$12$rdmux[0][6][57]$a$421 [1] $memory$flatten\u_r2r_dac_digital.$auto$proc_rom.cc:155:do_switch$12$rdmux[0][6][57]$a$421 [1] 1'1 }
    Consolidated identical input bits for $mux cell $memory$flatten\u_r2r_dac_digital.$auto$proc_rom.cc:155:do_switch$12$rdmux[0][7][124]$813:
      Old ports: A=8'01100111, B=8'01101010, Y=$memory$flatten\u_r2r_dac_digital.$auto$proc_rom.cc:155:do_switch$12$rdmux[0][6][62]$a$436
      New ports: A=2'01, B=2'10, Y={ $memory$flatten\u_r2r_dac_digital.$auto$proc_rom.cc:155:do_switch$12$rdmux[0][6][62]$a$436 [3] $memory$flatten\u_r2r_dac_digital.$auto$proc_rom.cc:155:do_switch$12$rdmux[0][6][62]$a$436 [0] }
      New connections: { $memory$flatten\u_r2r_dac_digital.$auto$proc_rom.cc:155:do_switch$12$rdmux[0][6][62]$a$436 [7:4] $memory$flatten\u_r2r_dac_digital.$auto$proc_rom.cc:155:do_switch$12$rdmux[0][6][62]$a$436 [2:1] } = { 4'0110 $memory$flatten\u_r2r_dac_digital.$auto$proc_rom.cc:155:do_switch$12$rdmux[0][6][62]$a$436 [0] 1'1 }
    Consolidated identical input bits for $mux cell $memory$flatten\u_r2r_dac_digital.$auto$proc_rom.cc:155:do_switch$12$rdmux[0][7][30]$531:
      Old ports: A=8'11111110, B=8'11111111, Y=$memory$flatten\u_r2r_dac_digital.$auto$proc_rom.cc:155:do_switch$12$rdmux[0][6][15]$a$295
      New ports: A=1'0, B=1'1, Y=$memory$flatten\u_r2r_dac_digital.$auto$proc_rom.cc:155:do_switch$12$rdmux[0][6][15]$a$295 [0]
      New connections: $memory$flatten\u_r2r_dac_digital.$auto$proc_rom.cc:155:do_switch$12$rdmux[0][6][15]$a$295 [7:1] = 7'1111111
    Consolidated identical input bits for $mux cell $memory$flatten\u_r2r_dac_digital.$auto$proc_rom.cc:155:do_switch$12$rdmux[0][7][125]$816:
      Old ports: A=8'01101101, B=8'01110000, Y=$memory$flatten\u_r2r_dac_digital.$auto$proc_rom.cc:155:do_switch$12$rdmux[0][6][62]$b$437
      New ports: A=2'01, B=2'10, Y={ $memory$flatten\u_r2r_dac_digital.$auto$proc_rom.cc:155:do_switch$12$rdmux[0][6][62]$b$437 [4] $memory$flatten\u_r2r_dac_digital.$auto$proc_rom.cc:155:do_switch$12$rdmux[0][6][62]$b$437 [0] }
      New connections: { $memory$flatten\u_r2r_dac_digital.$auto$proc_rom.cc:155:do_switch$12$rdmux[0][6][62]$b$437 [7:5] $memory$flatten\u_r2r_dac_digital.$auto$proc_rom.cc:155:do_switch$12$rdmux[0][6][62]$b$437 [3:1] } = { 3'011 $memory$flatten\u_r2r_dac_digital.$auto$proc_rom.cc:155:do_switch$12$rdmux[0][6][62]$b$437 [0] $memory$flatten\u_r2r_dac_digital.$auto$proc_rom.cc:155:do_switch$12$rdmux[0][6][62]$b$437 [0] 1'0 }
    Consolidated identical input bits for $mux cell $memory$flatten\u_r2r_dac_digital.$auto$proc_rom.cc:155:do_switch$12$rdmux[0][7][126]$819:
      Old ports: A=8'01110011, B=8'01110110, Y=$memory$flatten\u_r2r_dac_digital.$auto$proc_rom.cc:155:do_switch$12$rdmux[0][6][63]$a$439
      New ports: A=2'01, B=2'10, Y={ $memory$flatten\u_r2r_dac_digital.$auto$proc_rom.cc:155:do_switch$12$rdmux[0][6][63]$a$439 [2] $memory$flatten\u_r2r_dac_digital.$auto$proc_rom.cc:155:do_switch$12$rdmux[0][6][63]$a$439 [0] }
      New connections: { $memory$flatten\u_r2r_dac_digital.$auto$proc_rom.cc:155:do_switch$12$rdmux[0][6][63]$a$439 [7:3] $memory$flatten\u_r2r_dac_digital.$auto$proc_rom.cc:155:do_switch$12$rdmux[0][6][63]$a$439 [1] } = 6'011101
    Consolidated identical input bits for $mux cell $memory$flatten\u_r2r_dac_digital.$auto$proc_rom.cc:155:do_switch$12$rdmux[0][7][27]$522:
      Old ports: A=8'11111011, B=8'11111100, Y=$memory$flatten\u_r2r_dac_digital.$auto$proc_rom.cc:155:do_switch$12$rdmux[0][6][13]$b$290
      New ports: A=2'01, B=2'10, Y={ $memory$flatten\u_r2r_dac_digital.$auto$proc_rom.cc:155:do_switch$12$rdmux[0][6][13]$b$290 [2] $memory$flatten\u_r2r_dac_digital.$auto$proc_rom.cc:155:do_switch$12$rdmux[0][6][13]$b$290 [0] }
      New connections: { $memory$flatten\u_r2r_dac_digital.$auto$proc_rom.cc:155:do_switch$12$rdmux[0][6][13]$b$290 [7:3] $memory$flatten\u_r2r_dac_digital.$auto$proc_rom.cc:155:do_switch$12$rdmux[0][6][13]$b$290 [1] } = { 5'11111 $memory$flatten\u_r2r_dac_digital.$auto$proc_rom.cc:155:do_switch$12$rdmux[0][6][13]$b$290 [0] }
    Consolidated identical input bits for $mux cell $memory$flatten\u_r2r_dac_digital.$auto$proc_rom.cc:155:do_switch$12$rdmux[0][7][123]$810:
      Old ports: A=8'01100001, B=8'01100100, Y=$memory$flatten\u_r2r_dac_digital.$auto$proc_rom.cc:155:do_switch$12$rdmux[0][6][61]$b$434
      New ports: A=2'01, B=2'10, Y={ $memory$flatten\u_r2r_dac_digital.$auto$proc_rom.cc:155:do_switch$12$rdmux[0][6][61]$b$434 [2] $memory$flatten\u_r2r_dac_digital.$auto$proc_rom.cc:155:do_switch$12$rdmux[0][6][61]$b$434 [0] }
      New connections: { $memory$flatten\u_r2r_dac_digital.$auto$proc_rom.cc:155:do_switch$12$rdmux[0][6][61]$b$434 [7:3] $memory$flatten\u_r2r_dac_digital.$auto$proc_rom.cc:155:do_switch$12$rdmux[0][6][61]$b$434 [1] } = 6'011000
    Consolidated identical input bits for $mux cell $memory$flatten\u_r2r_dac_digital.$auto$proc_rom.cc:155:do_switch$12$rdmux[0][7][25]$516:
      Old ports: A=8'11111000, B=8'11111001, Y=$memory$flatten\u_r2r_dac_digital.$auto$proc_rom.cc:155:do_switch$12$rdmux[0][6][12]$b$287
      New ports: A=1'0, B=1'1, Y=$memory$flatten\u_r2r_dac_digital.$auto$proc_rom.cc:155:do_switch$12$rdmux[0][6][12]$b$287 [0]
      New connections: $memory$flatten\u_r2r_dac_digital.$auto$proc_rom.cc:155:do_switch$12$rdmux[0][6][12]$b$287 [7:1] = 7'1111100
    Consolidated identical input bits for $mux cell $memory$flatten\u_r2r_dac_digital.$auto$proc_rom.cc:155:do_switch$12$rdmux[0][7][24]$513:
      Old ports: A=8'11110101, B=8'11110110, Y=$memory$flatten\u_r2r_dac_digital.$auto$proc_rom.cc:155:do_switch$12$rdmux[0][6][12]$a$286
      New ports: A=2'01, B=2'10, Y=$memory$flatten\u_r2r_dac_digital.$auto$proc_rom.cc:155:do_switch$12$rdmux[0][6][12]$a$286 [1:0]
      New connections: $memory$flatten\u_r2r_dac_digital.$auto$proc_rom.cc:155:do_switch$12$rdmux[0][6][12]$a$286 [7:2] = 6'111101
    Consolidated identical input bits for $mux cell $memory$flatten\u_r2r_dac_digital.$auto$proc_rom.cc:155:do_switch$12$rdmux[0][7][23]$510:
      Old ports: A=8'11110011, B=8'11110100, Y=$memory$flatten\u_r2r_dac_digital.$auto$proc_rom.cc:155:do_switch$12$rdmux[0][6][11]$b$284
      New ports: A=2'01, B=2'10, Y={ $memory$flatten\u_r2r_dac_digital.$auto$proc_rom.cc:155:do_switch$12$rdmux[0][6][11]$b$284 [2] $memory$flatten\u_r2r_dac_digital.$auto$proc_rom.cc:155:do_switch$12$rdmux[0][6][11]$b$284 [0] }
      New connections: { $memory$flatten\u_r2r_dac_digital.$auto$proc_rom.cc:155:do_switch$12$rdmux[0][6][11]$b$284 [7:3] $memory$flatten\u_r2r_dac_digital.$auto$proc_rom.cc:155:do_switch$12$rdmux[0][6][11]$b$284 [1] } = { 5'11110 $memory$flatten\u_r2r_dac_digital.$auto$proc_rom.cc:155:do_switch$12$rdmux[0][6][11]$b$284 [0] }
    Consolidated identical input bits for $mux cell $memory$flatten\u_r2r_dac_digital.$auto$proc_rom.cc:155:do_switch$12$rdmux[0][7][22]$507:
      Old ports: A=8'11110000, B=8'11110001, Y=$memory$flatten\u_r2r_dac_digital.$auto$proc_rom.cc:155:do_switch$12$rdmux[0][6][11]$a$283
      New ports: A=1'0, B=1'1, Y=$memory$flatten\u_r2r_dac_digital.$auto$proc_rom.cc:155:do_switch$12$rdmux[0][6][11]$a$283 [0]
      New connections: $memory$flatten\u_r2r_dac_digital.$auto$proc_rom.cc:155:do_switch$12$rdmux[0][6][11]$a$283 [7:1] = 7'1111000
    Consolidated identical input bits for $mux cell $memory$flatten\u_r2r_dac_digital.$auto$proc_rom.cc:155:do_switch$12$rdmux[0][7][21]$504:
      Old ports: A=8'11101101, B=8'11101110, Y=$memory$flatten\u_r2r_dac_digital.$auto$proc_rom.cc:155:do_switch$12$rdmux[0][6][10]$b$281
      New ports: A=2'01, B=2'10, Y=$memory$flatten\u_r2r_dac_digital.$auto$proc_rom.cc:155:do_switch$12$rdmux[0][6][10]$b$281 [1:0]
      New connections: $memory$flatten\u_r2r_dac_digital.$auto$proc_rom.cc:155:do_switch$12$rdmux[0][6][10]$b$281 [7:2] = 6'111011
    Consolidated identical input bits for $mux cell $memory$flatten\u_r2r_dac_digital.$auto$proc_rom.cc:155:do_switch$12$rdmux[0][7][20]$501:
      Old ports: A=8'11101010, B=8'11101011, Y=$memory$flatten\u_r2r_dac_digital.$auto$proc_rom.cc:155:do_switch$12$rdmux[0][6][10]$a$280
      New ports: A=1'0, B=1'1, Y=$memory$flatten\u_r2r_dac_digital.$auto$proc_rom.cc:155:do_switch$12$rdmux[0][6][10]$a$280 [0]
      New connections: $memory$flatten\u_r2r_dac_digital.$auto$proc_rom.cc:155:do_switch$12$rdmux[0][6][10]$a$280 [7:1] = 7'1110101
    Consolidated identical input bits for $mux cell $memory$flatten\u_r2r_dac_digital.$auto$proc_rom.cc:155:do_switch$12$rdmux[0][7][19]$498:
      Old ports: A=8'11100110, B=8'11101000, Y=$memory$flatten\u_r2r_dac_digital.$auto$proc_rom.cc:155:do_switch$12$rdmux[0][6][9]$b$278
      New ports: A=2'01, B=2'10, Y={ $memory$flatten\u_r2r_dac_digital.$auto$proc_rom.cc:155:do_switch$12$rdmux[0][6][9]$b$278 [3] $memory$flatten\u_r2r_dac_digital.$auto$proc_rom.cc:155:do_switch$12$rdmux[0][6][9]$b$278 [1] }
      New connections: { $memory$flatten\u_r2r_dac_digital.$auto$proc_rom.cc:155:do_switch$12$rdmux[0][6][9]$b$278 [7:4] $memory$flatten\u_r2r_dac_digital.$auto$proc_rom.cc:155:do_switch$12$rdmux[0][6][9]$b$278 [2] $memory$flatten\u_r2r_dac_digital.$auto$proc_rom.cc:155:do_switch$12$rdmux[0][6][9]$b$278 [0] } = { 4'1110 $memory$flatten\u_r2r_dac_digital.$auto$proc_rom.cc:155:do_switch$12$rdmux[0][6][9]$b$278 [1] 1'0 }
    Consolidated identical input bits for $mux cell $memory$flatten\u_r2r_dac_digital.$auto$proc_rom.cc:155:do_switch$12$rdmux[0][7][18]$495:
      Old ports: A=8'11100010, B=8'11100100, Y=$memory$flatten\u_r2r_dac_digital.$auto$proc_rom.cc:155:do_switch$12$rdmux[0][6][9]$a$277
      New ports: A=2'01, B=2'10, Y=$memory$flatten\u_r2r_dac_digital.$auto$proc_rom.cc:155:do_switch$12$rdmux[0][6][9]$a$277 [2:1]
      New connections: { $memory$flatten\u_r2r_dac_digital.$auto$proc_rom.cc:155:do_switch$12$rdmux[0][6][9]$a$277 [7:3] $memory$flatten\u_r2r_dac_digital.$auto$proc_rom.cc:155:do_switch$12$rdmux[0][6][9]$a$277 [0] } = 6'111000
    Consolidated identical input bits for $mux cell $memory$flatten\u_r2r_dac_digital.$auto$proc_rom.cc:155:do_switch$12$rdmux[0][7][17]$492:
      Old ports: A=8'11011110, B=8'11100000, Y=$memory$flatten\u_r2r_dac_digital.$auto$proc_rom.cc:155:do_switch$12$rdmux[0][6][8]$b$275
      New ports: A=2'01, B=2'10, Y={ $memory$flatten\u_r2r_dac_digital.$auto$proc_rom.cc:155:do_switch$12$rdmux[0][6][8]$b$275 [5] $memory$flatten\u_r2r_dac_digital.$auto$proc_rom.cc:155:do_switch$12$rdmux[0][6][8]$b$275 [1] }
      New connections: { $memory$flatten\u_r2r_dac_digital.$auto$proc_rom.cc:155:do_switch$12$rdmux[0][6][8]$b$275 [7:6] $memory$flatten\u_r2r_dac_digital.$auto$proc_rom.cc:155:do_switch$12$rdmux[0][6][8]$b$275 [4:2] $memory$flatten\u_r2r_dac_digital.$auto$proc_rom.cc:155:do_switch$12$rdmux[0][6][8]$b$275 [0] } = { 2'11 $memory$flatten\u_r2r_dac_digital.$auto$proc_rom.cc:155:do_switch$12$rdmux[0][6][8]$b$275 [1] $memory$flatten\u_r2r_dac_digital.$auto$proc_rom.cc:155:do_switch$12$rdmux[0][6][8]$b$275 [1] $memory$flatten\u_r2r_dac_digital.$auto$proc_rom.cc:155:do_switch$12$rdmux[0][6][8]$b$275 [1] 1'0 }
    Consolidated identical input bits for $mux cell $memory$flatten\u_r2r_dac_digital.$auto$proc_rom.cc:155:do_switch$12$rdmux[0][7][16]$489:
      Old ports: A=8'11011010, B=8'11011100, Y=$memory$flatten\u_r2r_dac_digital.$auto$proc_rom.cc:155:do_switch$12$rdmux[0][6][8]$a$274
      New ports: A=2'01, B=2'10, Y=$memory$flatten\u_r2r_dac_digital.$auto$proc_rom.cc:155:do_switch$12$rdmux[0][6][8]$a$274 [2:1]
      New connections: { $memory$flatten\u_r2r_dac_digital.$auto$proc_rom.cc:155:do_switch$12$rdmux[0][6][8]$a$274 [7:3] $memory$flatten\u_r2r_dac_digital.$auto$proc_rom.cc:155:do_switch$12$rdmux[0][6][8]$a$274 [0] } = 6'110110
    Consolidated identical input bits for $mux cell $memory$flatten\u_r2r_dac_digital.$auto$proc_rom.cc:155:do_switch$12$rdmux[0][7][15]$486:
      Old ports: A=8'11010101, B=8'11010111, Y=$memory$flatten\u_r2r_dac_digital.$auto$proc_rom.cc:155:do_switch$12$rdmux[0][6][7]$b$272
      New ports: A=1'0, B=1'1, Y=$memory$flatten\u_r2r_dac_digital.$auto$proc_rom.cc:155:do_switch$12$rdmux[0][6][7]$b$272 [1]
      New connections: { $memory$flatten\u_r2r_dac_digital.$auto$proc_rom.cc:155:do_switch$12$rdmux[0][6][7]$b$272 [7:2] $memory$flatten\u_r2r_dac_digital.$auto$proc_rom.cc:155:do_switch$12$rdmux[0][6][7]$b$272 [0] } = 7'1101011
    Consolidated identical input bits for $mux cell $memory$flatten\u_r2r_dac_digital.$auto$proc_rom.cc:155:do_switch$12$rdmux[0][7][14]$483:
      Old ports: A=8'11010000, B=8'11010011, Y=$memory$flatten\u_r2r_dac_digital.$auto$proc_rom.cc:155:do_switch$12$rdmux[0][6][7]$a$271
      New ports: A=1'0, B=1'1, Y=$memory$flatten\u_r2r_dac_digital.$auto$proc_rom.cc:155:do_switch$12$rdmux[0][6][7]$a$271 [0]
      New connections: $memory$flatten\u_r2r_dac_digital.$auto$proc_rom.cc:155:do_switch$12$rdmux[0][6][7]$a$271 [7:1] = { 6'110100 $memory$flatten\u_r2r_dac_digital.$auto$proc_rom.cc:155:do_switch$12$rdmux[0][6][7]$a$271 [0] }
    Consolidated identical input bits for $mux cell $memory$flatten\u_r2r_dac_digital.$auto$proc_rom.cc:155:do_switch$12$rdmux[0][7][13]$480:
      Old ports: A=8'11001011, B=8'11001110, Y=$memory$flatten\u_r2r_dac_digital.$auto$proc_rom.cc:155:do_switch$12$rdmux[0][6][6]$b$269
      New ports: A=2'01, B=2'10, Y={ $memory$flatten\u_r2r_dac_digital.$auto$proc_rom.cc:155:do_switch$12$rdmux[0][6][6]$b$269 [2] $memory$flatten\u_r2r_dac_digital.$auto$proc_rom.cc:155:do_switch$12$rdmux[0][6][6]$b$269 [0] }
      New connections: { $memory$flatten\u_r2r_dac_digital.$auto$proc_rom.cc:155:do_switch$12$rdmux[0][6][6]$b$269 [7:3] $memory$flatten\u_r2r_dac_digital.$auto$proc_rom.cc:155:do_switch$12$rdmux[0][6][6]$b$269 [1] } = 6'110011
    Consolidated identical input bits for $mux cell $memory$flatten\u_r2r_dac_digital.$auto$proc_rom.cc:155:do_switch$12$rdmux[0][7][12]$477:
      Old ports: A=8'11000110, B=8'11001001, Y=$memory$flatten\u_r2r_dac_digital.$auto$proc_rom.cc:155:do_switch$12$rdmux[0][6][6]$a$268
      New ports: A=2'10, B=2'01, Y=$memory$flatten\u_r2r_dac_digital.$auto$proc_rom.cc:155:do_switch$12$rdmux[0][6][6]$a$268 [1:0]
      New connections: $memory$flatten\u_r2r_dac_digital.$auto$proc_rom.cc:155:do_switch$12$rdmux[0][6][6]$a$268 [7:2] = { 4'1100 $memory$flatten\u_r2r_dac_digital.$auto$proc_rom.cc:155:do_switch$12$rdmux[0][6][6]$a$268 [0] $memory$flatten\u_r2r_dac_digital.$auto$proc_rom.cc:155:do_switch$12$rdmux[0][6][6]$a$268 [1] }
    Consolidated identical input bits for $mux cell $memory$flatten\u_r2r_dac_digital.$auto$proc_rom.cc:155:do_switch$12$rdmux[0][7][11]$474:
      Old ports: A=8'11000001, B=8'11000100, Y=$memory$flatten\u_r2r_dac_digital.$auto$proc_rom.cc:155:do_switch$12$rdmux[0][6][5]$b$266
      New ports: A=2'01, B=2'10, Y={ $memory$flatten\u_r2r_dac_digital.$auto$proc_rom.cc:155:do_switch$12$rdmux[0][6][5]$b$266 [2] $memory$flatten\u_r2r_dac_digital.$auto$proc_rom.cc:155:do_switch$12$rdmux[0][6][5]$b$266 [0] }
      New connections: { $memory$flatten\u_r2r_dac_digital.$auto$proc_rom.cc:155:do_switch$12$rdmux[0][6][5]$b$266 [7:3] $memory$flatten\u_r2r_dac_digital.$auto$proc_rom.cc:155:do_switch$12$rdmux[0][6][5]$b$266 [1] } = 6'110000
    Consolidated identical input bits for $mux cell $memory$flatten\u_r2r_dac_digital.$auto$proc_rom.cc:155:do_switch$12$rdmux[0][7][10]$471:
      Old ports: A=8'10111100, B=8'10111110, Y=$memory$flatten\u_r2r_dac_digital.$auto$proc_rom.cc:155:do_switch$12$rdmux[0][6][5]$a$265
      New ports: A=1'0, B=1'1, Y=$memory$flatten\u_r2r_dac_digital.$auto$proc_rom.cc:155:do_switch$12$rdmux[0][6][5]$a$265 [1]
      New connections: { $memory$flatten\u_r2r_dac_digital.$auto$proc_rom.cc:155:do_switch$12$rdmux[0][6][5]$a$265 [7:2] $memory$flatten\u_r2r_dac_digital.$auto$proc_rom.cc:155:do_switch$12$rdmux[0][6][5]$a$265 [0] } = 7'1011110
    Consolidated identical input bits for $mux cell $memory$flatten\u_r2r_dac_digital.$auto$proc_rom.cc:155:do_switch$12$rdmux[0][7][9]$468:
      Old ports: A=8'10110110, B=8'10111001, Y=$memory$flatten\u_r2r_dac_digital.$auto$proc_rom.cc:155:do_switch$12$rdmux[0][6][4]$b$263
      New ports: A=2'10, B=2'01, Y=$memory$flatten\u_r2r_dac_digital.$auto$proc_rom.cc:155:do_switch$12$rdmux[0][6][4]$b$263 [1:0]
      New connections: $memory$flatten\u_r2r_dac_digital.$auto$proc_rom.cc:155:do_switch$12$rdmux[0][6][4]$b$263 [7:2] = { 4'1011 $memory$flatten\u_r2r_dac_digital.$auto$proc_rom.cc:155:do_switch$12$rdmux[0][6][4]$b$263 [0] $memory$flatten\u_r2r_dac_digital.$auto$proc_rom.cc:155:do_switch$12$rdmux[0][6][4]$b$263 [1] }
    Consolidated identical input bits for $mux cell $memory$flatten\u_r2r_dac_digital.$auto$proc_rom.cc:155:do_switch$12$rdmux[0][7][8]$465:
      Old ports: A=8'10110000, B=8'10110011, Y=$memory$flatten\u_r2r_dac_digital.$auto$proc_rom.cc:155:do_switch$12$rdmux[0][6][4]$a$262
      New ports: A=1'0, B=1'1, Y=$memory$flatten\u_r2r_dac_digital.$auto$proc_rom.cc:155:do_switch$12$rdmux[0][6][4]$a$262 [0]
      New connections: $memory$flatten\u_r2r_dac_digital.$auto$proc_rom.cc:155:do_switch$12$rdmux[0][6][4]$a$262 [7:1] = { 6'101100 $memory$flatten\u_r2r_dac_digital.$auto$proc_rom.cc:155:do_switch$12$rdmux[0][6][4]$a$262 [0] }
    Consolidated identical input bits for $mux cell $memory$flatten\u_r2r_dac_digital.$auto$proc_rom.cc:155:do_switch$12$rdmux[0][7][7]$462:
      Old ports: A=8'10101010, B=8'10101101, Y=$memory$flatten\u_r2r_dac_digital.$auto$proc_rom.cc:155:do_switch$12$rdmux[0][6][3]$b$260
      New ports: A=2'10, B=2'01, Y=$memory$flatten\u_r2r_dac_digital.$auto$proc_rom.cc:155:do_switch$12$rdmux[0][6][3]$b$260 [1:0]
      New connections: $memory$flatten\u_r2r_dac_digital.$auto$proc_rom.cc:155:do_switch$12$rdmux[0][6][3]$b$260 [7:2] = { 5'10101 $memory$flatten\u_r2r_dac_digital.$auto$proc_rom.cc:155:do_switch$12$rdmux[0][6][3]$b$260 [0] }
    Consolidated identical input bits for $mux cell $memory$flatten\u_r2r_dac_digital.$auto$proc_rom.cc:155:do_switch$12$rdmux[0][7][6]$459:
      Old ports: A=8'10100101, B=8'10100111, Y=$memory$flatten\u_r2r_dac_digital.$auto$proc_rom.cc:155:do_switch$12$rdmux[0][6][3]$a$259
      New ports: A=1'0, B=1'1, Y=$memory$flatten\u_r2r_dac_digital.$auto$proc_rom.cc:155:do_switch$12$rdmux[0][6][3]$a$259 [1]
      New connections: { $memory$flatten\u_r2r_dac_digital.$auto$proc_rom.cc:155:do_switch$12$rdmux[0][6][3]$a$259 [7:2] $memory$flatten\u_r2r_dac_digital.$auto$proc_rom.cc:155:do_switch$12$rdmux[0][6][3]$a$259 [0] } = 7'1010011
    Consolidated identical input bits for $mux cell $memory$flatten\u_r2r_dac_digital.$auto$proc_rom.cc:155:do_switch$12$rdmux[0][7][5]$456:
      Old ports: A=8'10011110, B=8'10100010, Y=$memory$flatten\u_r2r_dac_digital.$auto$proc_rom.cc:155:do_switch$12$rdmux[0][6][2]$b$257
      New ports: A=2'01, B=2'10, Y={ $memory$flatten\u_r2r_dac_digital.$auto$proc_rom.cc:155:do_switch$12$rdmux[0][6][2]$b$257 [5] $memory$flatten\u_r2r_dac_digital.$auto$proc_rom.cc:155:do_switch$12$rdmux[0][6][2]$b$257 [2] }
      New connections: { $memory$flatten\u_r2r_dac_digital.$auto$proc_rom.cc:155:do_switch$12$rdmux[0][6][2]$b$257 [7:6] $memory$flatten\u_r2r_dac_digital.$auto$proc_rom.cc:155:do_switch$12$rdmux[0][6][2]$b$257 [4:3] $memory$flatten\u_r2r_dac_digital.$auto$proc_rom.cc:155:do_switch$12$rdmux[0][6][2]$b$257 [1:0] } = { 2'10 $memory$flatten\u_r2r_dac_digital.$auto$proc_rom.cc:155:do_switch$12$rdmux[0][6][2]$b$257 [2] $memory$flatten\u_r2r_dac_digital.$auto$proc_rom.cc:155:do_switch$12$rdmux[0][6][2]$b$257 [2] 2'10 }
    Consolidated identical input bits for $mux cell $memory$flatten\u_r2r_dac_digital.$auto$proc_rom.cc:155:do_switch$12$rdmux[0][7][4]$453:
      Old ports: A=8'10011000, B=8'10011011, Y=$memory$flatten\u_r2r_dac_digital.$auto$proc_rom.cc:155:do_switch$12$rdmux[0][6][2]$a$256
      New ports: A=1'0, B=1'1, Y=$memory$flatten\u_r2r_dac_digital.$auto$proc_rom.cc:155:do_switch$12$rdmux[0][6][2]$a$256 [0]
      New connections: $memory$flatten\u_r2r_dac_digital.$auto$proc_rom.cc:155:do_switch$12$rdmux[0][6][2]$a$256 [7:1] = { 6'100110 $memory$flatten\u_r2r_dac_digital.$auto$proc_rom.cc:155:do_switch$12$rdmux[0][6][2]$a$256 [0] }
    Consolidated identical input bits for $mux cell $memory$flatten\u_r2r_dac_digital.$auto$proc_rom.cc:155:do_switch$12$rdmux[0][7][3]$450:
      Old ports: A=8'10010010, B=8'10010101, Y=$memory$flatten\u_r2r_dac_digital.$auto$proc_rom.cc:155:do_switch$12$rdmux[0][6][1]$b$254
      New ports: A=2'10, B=2'01, Y=$memory$flatten\u_r2r_dac_digital.$auto$proc_rom.cc:155:do_switch$12$rdmux[0][6][1]$b$254 [1:0]
      New connections: $memory$flatten\u_r2r_dac_digital.$auto$proc_rom.cc:155:do_switch$12$rdmux[0][6][1]$b$254 [7:2] = { 5'10010 $memory$flatten\u_r2r_dac_digital.$auto$proc_rom.cc:155:do_switch$12$rdmux[0][6][1]$b$254 [0] }
    Consolidated identical input bits for $mux cell $memory$flatten\u_r2r_dac_digital.$auto$proc_rom.cc:155:do_switch$12$rdmux[0][7][2]$447:
      Old ports: A=8'10001100, B=8'10001111, Y=$memory$flatten\u_r2r_dac_digital.$auto$proc_rom.cc:155:do_switch$12$rdmux[0][6][1]$a$253
      New ports: A=1'0, B=1'1, Y=$memory$flatten\u_r2r_dac_digital.$auto$proc_rom.cc:155:do_switch$12$rdmux[0][6][1]$a$253 [0]
      New connections: $memory$flatten\u_r2r_dac_digital.$auto$proc_rom.cc:155:do_switch$12$rdmux[0][6][1]$a$253 [7:1] = { 6'100011 $memory$flatten\u_r2r_dac_digital.$auto$proc_rom.cc:155:do_switch$12$rdmux[0][6][1]$a$253 [0] }
    Consolidated identical input bits for $mux cell $memory$flatten\u_r2r_dac_digital.$auto$proc_rom.cc:155:do_switch$12$rdmux[0][7][1]$444:
      Old ports: A=8'10000110, B=8'10001001, Y=$memory$flatten\u_r2r_dac_digital.$auto$proc_rom.cc:155:do_switch$12$rdmux[0][6][0]$b$251
      New ports: A=2'10, B=2'01, Y=$memory$flatten\u_r2r_dac_digital.$auto$proc_rom.cc:155:do_switch$12$rdmux[0][6][0]$b$251 [1:0]
      New connections: $memory$flatten\u_r2r_dac_digital.$auto$proc_rom.cc:155:do_switch$12$rdmux[0][6][0]$b$251 [7:2] = { 4'1000 $memory$flatten\u_r2r_dac_digital.$auto$proc_rom.cc:155:do_switch$12$rdmux[0][6][0]$b$251 [0] $memory$flatten\u_r2r_dac_digital.$auto$proc_rom.cc:155:do_switch$12$rdmux[0][6][0]$b$251 [1] }
    Consolidated identical input bits for $mux cell $memory$flatten\u_r2r_dac_digital.$auto$proc_rom.cc:155:do_switch$12$rdmux[0][7][0]$441:
      Old ports: A=8'10000000, B=8'10000011, Y=$memory$flatten\u_r2r_dac_digital.$auto$proc_rom.cc:155:do_switch$12$rdmux[0][6][0]$a$250
      New ports: A=1'0, B=1'1, Y=$memory$flatten\u_r2r_dac_digital.$auto$proc_rom.cc:155:do_switch$12$rdmux[0][6][0]$a$250 [0]
      New connections: $memory$flatten\u_r2r_dac_digital.$auto$proc_rom.cc:155:do_switch$12$rdmux[0][6][0]$a$250 [7:1] = { 6'100000 $memory$flatten\u_r2r_dac_digital.$auto$proc_rom.cc:155:do_switch$12$rdmux[0][6][0]$a$250 [0] }
    Consolidated identical input bits for $mux cell $memory$flatten\u_r2r_dac_digital.$auto$proc_rom.cc:155:do_switch$12$rdmux[0][7][120]$801:
      Old ports: A=8'01001111, B=8'01010010, Y=$memory$flatten\u_r2r_dac_digital.$auto$proc_rom.cc:155:do_switch$12$rdmux[0][6][60]$a$430
      New ports: A=2'01, B=2'10, Y={ $memory$flatten\u_r2r_dac_digital.$auto$proc_rom.cc:155:do_switch$12$rdmux[0][6][60]$a$430 [4] $memory$flatten\u_r2r_dac_digital.$auto$proc_rom.cc:155:do_switch$12$rdmux[0][6][60]$a$430 [0] }
      New connections: { $memory$flatten\u_r2r_dac_digital.$auto$proc_rom.cc:155:do_switch$12$rdmux[0][6][60]$a$430 [7:5] $memory$flatten\u_r2r_dac_digital.$auto$proc_rom.cc:155:do_switch$12$rdmux[0][6][60]$a$430 [3:1] } = { 3'010 $memory$flatten\u_r2r_dac_digital.$auto$proc_rom.cc:155:do_switch$12$rdmux[0][6][60]$a$430 [0] $memory$flatten\u_r2r_dac_digital.$auto$proc_rom.cc:155:do_switch$12$rdmux[0][6][60]$a$430 [0] 1'1 }
    Consolidated identical input bits for $mux cell $memory$flatten\u_r2r_dac_digital.$auto$proc_rom.cc:155:do_switch$12$rdmux[0][6][46]$387:
      Old ports: A=8'00000010, B=8'00000001, Y=$memory$flatten\u_r2r_dac_digital.$auto$proc_rom.cc:155:do_switch$12$rdmux[0][5][23]$a$223
      New ports: A=2'10, B=2'01, Y=$memory$flatten\u_r2r_dac_digital.$auto$proc_rom.cc:155:do_switch$12$rdmux[0][5][23]$a$223 [1:0]
      New connections: $memory$flatten\u_r2r_dac_digital.$auto$proc_rom.cc:155:do_switch$12$rdmux[0][5][23]$a$223 [7:2] = 6'000000
    Consolidated identical input bits for $mux cell $memory$flatten\u_r2r_dac_digital.$auto$proc_rom.cc:155:do_switch$12$rdmux[0][7][112]$777:
      Old ports: A=8'00100101, B=8'00101000, Y=$memory$flatten\u_r2r_dac_digital.$auto$proc_rom.cc:155:do_switch$12$rdmux[0][6][56]$a$418
      New ports: A=2'01, B=2'10, Y={ $memory$flatten\u_r2r_dac_digital.$auto$proc_rom.cc:155:do_switch$12$rdmux[0][6][56]$a$418 [3] $memory$flatten\u_r2r_dac_digital.$auto$proc_rom.cc:155:do_switch$12$rdmux[0][6][56]$a$418 [0] }
      New connections: { $memory$flatten\u_r2r_dac_digital.$auto$proc_rom.cc:155:do_switch$12$rdmux[0][6][56]$a$418 [7:4] $memory$flatten\u_r2r_dac_digital.$auto$proc_rom.cc:155:do_switch$12$rdmux[0][6][56]$a$418 [2:1] } = { 4'0010 $memory$flatten\u_r2r_dac_digital.$auto$proc_rom.cc:155:do_switch$12$rdmux[0][6][56]$a$418 [0] 1'0 }
    Consolidated identical input bits for $mux cell $memory$flatten\u_r2r_dac_digital.$auto$proc_rom.cc:155:do_switch$12$rdmux[0][6][14]$291:
      Old ports: A=8'11111101, B=8'11111110, Y=$memory$flatten\u_r2r_dac_digital.$auto$proc_rom.cc:155:do_switch$12$rdmux[0][5][7]$a$175
      New ports: A=2'01, B=2'10, Y=$memory$flatten\u_r2r_dac_digital.$auto$proc_rom.cc:155:do_switch$12$rdmux[0][5][7]$a$175 [1:0]
      New connections: $memory$flatten\u_r2r_dac_digital.$auto$proc_rom.cc:155:do_switch$12$rdmux[0][5][7]$a$175 [7:2] = 6'111111
    Consolidated identical input bits for $mux cell $memory$flatten\u_r2r_dac_digital.$auto$proc_rom.cc:155:do_switch$12$rdmux[0][7][127]$822:
      Old ports: A=8'01111001, B=8'01111100, Y=$memory$flatten\u_r2r_dac_digital.$auto$proc_rom.cc:155:do_switch$12$rdmux[0][6][63]$b$440
      New ports: A=2'01, B=2'10, Y={ $memory$flatten\u_r2r_dac_digital.$auto$proc_rom.cc:155:do_switch$12$rdmux[0][6][63]$b$440 [2] $memory$flatten\u_r2r_dac_digital.$auto$proc_rom.cc:155:do_switch$12$rdmux[0][6][63]$b$440 [0] }
      New connections: { $memory$flatten\u_r2r_dac_digital.$auto$proc_rom.cc:155:do_switch$12$rdmux[0][6][63]$b$440 [7:3] $memory$flatten\u_r2r_dac_digital.$auto$proc_rom.cc:155:do_switch$12$rdmux[0][6][63]$b$440 [1] } = 6'011110
  Optimizing cells in module \tt_um_r2r_dac_digital.
    Consolidated identical input bits for $mux cell $memory$flatten\u_r2r_dac_digital.$auto$proc_rom.cc:155:do_switch$12$rdmux[0][6][63]$438:
      Old ports: A=$memory$flatten\u_r2r_dac_digital.$auto$proc_rom.cc:155:do_switch$12$rdmux[0][6][63]$a$439, B=$memory$flatten\u_r2r_dac_digital.$auto$proc_rom.cc:155:do_switch$12$rdmux[0][6][63]$b$440, Y=$memory$flatten\u_r2r_dac_digital.$auto$proc_rom.cc:155:do_switch$12$rdmux[0][5][31]$b$248
      New ports: A={ 1'0 $memory$flatten\u_r2r_dac_digital.$auto$proc_rom.cc:155:do_switch$12$rdmux[0][6][63]$a$439 [2] 1'1 $memory$flatten\u_r2r_dac_digital.$auto$proc_rom.cc:155:do_switch$12$rdmux[0][6][63]$a$439 [0] }, B={ 1'1 $memory$flatten\u_r2r_dac_digital.$auto$proc_rom.cc:155:do_switch$12$rdmux[0][6][63]$b$440 [2] 1'0 $memory$flatten\u_r2r_dac_digital.$auto$proc_rom.cc:155:do_switch$12$rdmux[0][6][63]$b$440 [0] }, Y=$memory$flatten\u_r2r_dac_digital.$auto$proc_rom.cc:155:do_switch$12$rdmux[0][5][31]$b$248 [3:0]
      New connections: $memory$flatten\u_r2r_dac_digital.$auto$proc_rom.cc:155:do_switch$12$rdmux[0][5][31]$b$248 [7:4] = 4'0111
    Consolidated identical input bits for $mux cell $memory$flatten\u_r2r_dac_digital.$auto$proc_rom.cc:155:do_switch$12$rdmux[0][6][62]$435:
      Old ports: A=$memory$flatten\u_r2r_dac_digital.$auto$proc_rom.cc:155:do_switch$12$rdmux[0][6][62]$a$436, B=$memory$flatten\u_r2r_dac_digital.$auto$proc_rom.cc:155:do_switch$12$rdmux[0][6][62]$b$437, Y=$memory$flatten\u_r2r_dac_digital.$auto$proc_rom.cc:155:do_switch$12$rdmux[0][5][31]$a$247
      New ports: A={ 1'0 $memory$flatten\u_r2r_dac_digital.$auto$proc_rom.cc:155:do_switch$12$rdmux[0][6][62]$a$436 [3] 1'1 $memory$flatten\u_r2r_dac_digital.$auto$proc_rom.cc:155:do_switch$12$rdmux[0][6][62]$a$436 [0] }, B={ $memory$flatten\u_r2r_dac_digital.$auto$proc_rom.cc:155:do_switch$12$rdmux[0][6][62]$b$437 [4] $memory$flatten\u_r2r_dac_digital.$auto$proc_rom.cc:155:do_switch$12$rdmux[0][6][62]$b$437 [0] 1'0 $memory$flatten\u_r2r_dac_digital.$auto$proc_rom.cc:155:do_switch$12$rdmux[0][6][62]$b$437 [0] }, Y={ $memory$flatten\u_r2r_dac_digital.$auto$proc_rom.cc:155:do_switch$12$rdmux[0][5][31]$a$247 [4:3] $memory$flatten\u_r2r_dac_digital.$auto$proc_rom.cc:155:do_switch$12$rdmux[0][5][31]$a$247 [1:0] }
      New connections: { $memory$flatten\u_r2r_dac_digital.$auto$proc_rom.cc:155:do_switch$12$rdmux[0][5][31]$a$247 [7:5] $memory$flatten\u_r2r_dac_digital.$auto$proc_rom.cc:155:do_switch$12$rdmux[0][5][31]$a$247 [2] } = { 3'011 $memory$flatten\u_r2r_dac_digital.$auto$proc_rom.cc:155:do_switch$12$rdmux[0][5][31]$a$247 [0] }
    Consolidated identical input bits for $mux cell $memory$flatten\u_r2r_dac_digital.$auto$proc_rom.cc:155:do_switch$12$rdmux[0][6][61]$432:
      Old ports: A=$memory$flatten\u_r2r_dac_digital.$auto$proc_rom.cc:155:do_switch$12$rdmux[0][6][61]$a$433, B=$memory$flatten\u_r2r_dac_digital.$auto$proc_rom.cc:155:do_switch$12$rdmux[0][6][61]$b$434, Y=$memory$flatten\u_r2r_dac_digital.$auto$proc_rom.cc:155:do_switch$12$rdmux[0][5][30]$b$245
      New ports: A={ 2'01 $memory$flatten\u_r2r_dac_digital.$auto$proc_rom.cc:155:do_switch$12$rdmux[0][6][61]$a$433 [0] $memory$flatten\u_r2r_dac_digital.$auto$proc_rom.cc:155:do_switch$12$rdmux[0][6][61]$a$433 [1:0] }, B={ 2'10 $memory$flatten\u_r2r_dac_digital.$auto$proc_rom.cc:155:do_switch$12$rdmux[0][6][61]$b$434 [2] 1'0 $memory$flatten\u_r2r_dac_digital.$auto$proc_rom.cc:155:do_switch$12$rdmux[0][6][61]$b$434 [0] }, Y={ $memory$flatten\u_r2r_dac_digital.$auto$proc_rom.cc:155:do_switch$12$rdmux[0][5][30]$b$245 [5] $memory$flatten\u_r2r_dac_digital.$auto$proc_rom.cc:155:do_switch$12$rdmux[0][5][30]$b$245 [3:0] }
      New connections: { $memory$flatten\u_r2r_dac_digital.$auto$proc_rom.cc:155:do_switch$12$rdmux[0][5][30]$b$245 [7:6] $memory$flatten\u_r2r_dac_digital.$auto$proc_rom.cc:155:do_switch$12$rdmux[0][5][30]$b$245 [4] } = { 2'01 $memory$flatten\u_r2r_dac_digital.$auto$proc_rom.cc:155:do_switch$12$rdmux[0][5][30]$b$245 [3] }
    Consolidated identical input bits for $mux cell $memory$flatten\u_r2r_dac_digital.$auto$proc_rom.cc:155:do_switch$12$rdmux[0][6][60]$429:
      Old ports: A=$memory$flatten\u_r2r_dac_digital.$auto$proc_rom.cc:155:do_switch$12$rdmux[0][6][60]$a$430, B=$memory$flatten\u_r2r_dac_digital.$auto$proc_rom.cc:155:do_switch$12$rdmux[0][6][60]$b$431, Y=$memory$flatten\u_r2r_dac_digital.$auto$proc_rom.cc:155:do_switch$12$rdmux[0][5][30]$a$244
      New ports: A={ $memory$flatten\u_r2r_dac_digital.$auto$proc_rom.cc:155:do_switch$12$rdmux[0][6][60]$a$430 [4] $memory$flatten\u_r2r_dac_digital.$auto$proc_rom.cc:155:do_switch$12$rdmux[0][6][60]$a$430 [0] 1'1 $memory$flatten\u_r2r_dac_digital.$auto$proc_rom.cc:155:do_switch$12$rdmux[0][6][60]$a$430 [0] }, B={ 1'1 $memory$flatten\u_r2r_dac_digital.$auto$proc_rom.cc:155:do_switch$12$rdmux[0][6][60]$b$431 [3] 1'0 $memory$flatten\u_r2r_dac_digital.$auto$proc_rom.cc:155:do_switch$12$rdmux[0][6][60]$b$431 [0] }, Y={ $memory$flatten\u_r2r_dac_digital.$auto$proc_rom.cc:155:do_switch$12$rdmux[0][5][30]$a$244 [4:3] $memory$flatten\u_r2r_dac_digital.$auto$proc_rom.cc:155:do_switch$12$rdmux[0][5][30]$a$244 [1:0] }
      New connections: { $memory$flatten\u_r2r_dac_digital.$auto$proc_rom.cc:155:do_switch$12$rdmux[0][5][30]$a$244 [7:5] $memory$flatten\u_r2r_dac_digital.$auto$proc_rom.cc:155:do_switch$12$rdmux[0][5][30]$a$244 [2] } = { 3'010 $memory$flatten\u_r2r_dac_digital.$auto$proc_rom.cc:155:do_switch$12$rdmux[0][5][30]$a$244 [0] }
    Consolidated identical input bits for $mux cell $memory$flatten\u_r2r_dac_digital.$auto$proc_rom.cc:155:do_switch$12$rdmux[0][6][59]$426:
      Old ports: A=$memory$flatten\u_r2r_dac_digital.$auto$proc_rom.cc:155:do_switch$12$rdmux[0][6][59]$a$427, B=$memory$flatten\u_r2r_dac_digital.$auto$proc_rom.cc:155:do_switch$12$rdmux[0][6][59]$b$428, Y=$memory$flatten\u_r2r_dac_digital.$auto$proc_rom.cc:155:do_switch$12$rdmux[0][5][29]$b$242
      New ports: A={ 1'0 $memory$flatten\u_r2r_dac_digital.$auto$proc_rom.cc:155:do_switch$12$rdmux[0][6][59]$a$427 [2] 1'1 $memory$flatten\u_r2r_dac_digital.$auto$proc_rom.cc:155:do_switch$12$rdmux[0][6][59]$a$427 [0] }, B={ 1'1 $memory$flatten\u_r2r_dac_digital.$auto$proc_rom.cc:155:do_switch$12$rdmux[0][6][59]$b$428 [2] 1'0 $memory$flatten\u_r2r_dac_digital.$auto$proc_rom.cc:155:do_switch$12$rdmux[0][6][59]$b$428 [0] }, Y=$memory$flatten\u_r2r_dac_digital.$auto$proc_rom.cc:155:do_switch$12$rdmux[0][5][29]$b$242 [3:0]
      New connections: $memory$flatten\u_r2r_dac_digital.$auto$proc_rom.cc:155:do_switch$12$rdmux[0][5][29]$b$242 [7:4] = 4'0100
    Consolidated identical input bits for $mux cell $memory$flatten\u_r2r_dac_digital.$auto$proc_rom.cc:155:do_switch$12$rdmux[0][6][58]$423:
      Old ports: A=$memory$flatten\u_r2r_dac_digital.$auto$proc_rom.cc:155:do_switch$12$rdmux[0][6][58]$a$424, B=$memory$flatten\u_r2r_dac_digital.$auto$proc_rom.cc:155:do_switch$12$rdmux[0][6][58]$b$425, Y=$memory$flatten\u_r2r_dac_digital.$auto$proc_rom.cc:155:do_switch$12$rdmux[0][5][29]$a$241
      New ports: A={ 3'010 $memory$flatten\u_r2r_dac_digital.$auto$proc_rom.cc:155:do_switch$12$rdmux[0][6][58]$a$424 [1] 1'1 }, B={ $memory$flatten\u_r2r_dac_digital.$auto$proc_rom.cc:155:do_switch$12$rdmux[0][6][58]$b$425 [0] $memory$flatten\u_r2r_dac_digital.$auto$proc_rom.cc:155:do_switch$12$rdmux[0][6][58]$b$425 [1] $memory$flatten\u_r2r_dac_digital.$auto$proc_rom.cc:155:do_switch$12$rdmux[0][6][58]$b$425 [1] $memory$flatten\u_r2r_dac_digital.$auto$proc_rom.cc:155:do_switch$12$rdmux[0][6][58]$b$425 [1:0] }, Y={ $memory$flatten\u_r2r_dac_digital.$auto$proc_rom.cc:155:do_switch$12$rdmux[0][5][29]$a$241 [6] $memory$flatten\u_r2r_dac_digital.$auto$proc_rom.cc:155:do_switch$12$rdmux[0][5][29]$a$241 [3:0] }
      New connections: { $memory$flatten\u_r2r_dac_digital.$auto$proc_rom.cc:155:do_switch$12$rdmux[0][5][29]$a$241 [7] $memory$flatten\u_r2r_dac_digital.$auto$proc_rom.cc:155:do_switch$12$rdmux[0][5][29]$a$241 [5:4] } = { 1'0 $memory$flatten\u_r2r_dac_digital.$auto$proc_rom.cc:155:do_switch$12$rdmux[0][5][29]$a$241 [3] $memory$flatten\u_r2r_dac_digital.$auto$proc_rom.cc:155:do_switch$12$rdmux[0][5][29]$a$241 [3] }
    Consolidated identical input bits for $mux cell $memory$flatten\u_r2r_dac_digital.$auto$proc_rom.cc:155:do_switch$12$rdmux[0][6][57]$420:
      Old ports: A=$memory$flatten\u_r2r_dac_digital.$auto$proc_rom.cc:155:do_switch$12$rdmux[0][6][57]$a$421, B=$memory$flatten\u_r2r_dac_digital.$auto$proc_rom.cc:155:do_switch$12$rdmux[0][6][57]$b$422, Y=$memory$flatten\u_r2r_dac_digital.$auto$proc_rom.cc:155:do_switch$12$rdmux[0][5][28]$b$239
      New ports: A={ $memory$flatten\u_r2r_dac_digital.$auto$proc_rom.cc:155:do_switch$12$rdmux[0][6][57]$a$421 [4] $memory$flatten\u_r2r_dac_digital.$auto$proc_rom.cc:155:do_switch$12$rdmux[0][6][57]$a$421 [1] $memory$flatten\u_r2r_dac_digital.$auto$proc_rom.cc:155:do_switch$12$rdmux[0][6][57]$a$421 [1] $memory$flatten\u_r2r_dac_digital.$auto$proc_rom.cc:155:do_switch$12$rdmux[0][6][57]$a$421 [1] 1'1 }, B={ 3'101 $memory$flatten\u_r2r_dac_digital.$auto$proc_rom.cc:155:do_switch$12$rdmux[0][6][57]$b$422 [1] 1'0 }, Y=$memory$flatten\u_r2r_dac_digital.$auto$proc_rom.cc:155:do_switch$12$rdmux[0][5][28]$b$239 [4:0]
      New connections: $memory$flatten\u_r2r_dac_digital.$auto$proc_rom.cc:155:do_switch$12$rdmux[0][5][28]$b$239 [7:5] = 3'001
    Consolidated identical input bits for $mux cell $memory$flatten\u_r2r_dac_digital.$auto$proc_rom.cc:155:do_switch$12$rdmux[0][6][56]$417:
      Old ports: A=$memory$flatten\u_r2r_dac_digital.$auto$proc_rom.cc:155:do_switch$12$rdmux[0][6][56]$a$418, B=$memory$flatten\u_r2r_dac_digital.$auto$proc_rom.cc:155:do_switch$12$rdmux[0][6][56]$b$419, Y=$memory$flatten\u_r2r_dac_digital.$auto$proc_rom.cc:155:do_switch$12$rdmux[0][5][28]$a$238
      New ports: A={ $memory$flatten\u_r2r_dac_digital.$auto$proc_rom.cc:155:do_switch$12$rdmux[0][6][56]$a$418 [3] $memory$flatten\u_r2r_dac_digital.$auto$proc_rom.cc:155:do_switch$12$rdmux[0][6][56]$a$418 [0] 1'0 $memory$flatten\u_r2r_dac_digital.$auto$proc_rom.cc:155:do_switch$12$rdmux[0][6][56]$a$418 [0] }, B={ 1'1 $memory$flatten\u_r2r_dac_digital.$auto$proc_rom.cc:155:do_switch$12$rdmux[0][6][56]$b$419 [2:1] 1'0 }, Y=$memory$flatten\u_r2r_dac_digital.$auto$proc_rom.cc:155:do_switch$12$rdmux[0][5][28]$a$238 [3:0]
      New connections: $memory$flatten\u_r2r_dac_digital.$auto$proc_rom.cc:155:do_switch$12$rdmux[0][5][28]$a$238 [7:4] = 4'0010
    Consolidated identical input bits for $mux cell $memory$flatten\u_r2r_dac_digital.$auto$proc_rom.cc:155:do_switch$12$rdmux[0][6][55]$414:
      Old ports: A=$memory$flatten\u_r2r_dac_digital.$auto$proc_rom.cc:155:do_switch$12$rdmux[0][6][55]$a$415, B=$memory$flatten\u_r2r_dac_digital.$auto$proc_rom.cc:155:do_switch$12$rdmux[0][6][55]$b$416, Y=$memory$flatten\u_r2r_dac_digital.$auto$proc_rom.cc:155:do_switch$12$rdmux[0][5][27]$b$236
      New ports: A={ 2'01 $memory$flatten\u_r2r_dac_digital.$auto$proc_rom.cc:155:do_switch$12$rdmux[0][6][55]$a$415 [1] }, B={ 2'10 $memory$flatten\u_r2r_dac_digital.$auto$proc_rom.cc:155:do_switch$12$rdmux[0][6][55]$b$416 [1] }, Y={ $memory$flatten\u_r2r_dac_digital.$auto$proc_rom.cc:155:do_switch$12$rdmux[0][5][27]$b$236 [5] $memory$flatten\u_r2r_dac_digital.$auto$proc_rom.cc:155:do_switch$12$rdmux[0][5][27]$b$236 [2:1] }
      New connections: { $memory$flatten\u_r2r_dac_digital.$auto$proc_rom.cc:155:do_switch$12$rdmux[0][5][27]$b$236 [7:6] $memory$flatten\u_r2r_dac_digital.$auto$proc_rom.cc:155:do_switch$12$rdmux[0][5][27]$b$236 [4:3] $memory$flatten\u_r2r_dac_digital.$auto$proc_rom.cc:155:do_switch$12$rdmux[0][5][27]$b$236 [0] } = { 2'00 $memory$flatten\u_r2r_dac_digital.$auto$proc_rom.cc:155:do_switch$12$rdmux[0][5][27]$b$236 [2] $memory$flatten\u_r2r_dac_digital.$auto$proc_rom.cc:155:do_switch$12$rdmux[0][5][27]$b$236 [2] 1'1 }
    Consolidated identical input bits for $mux cell $memory$flatten\u_r2r_dac_digital.$auto$proc_rom.cc:155:do_switch$12$rdmux[0][6][54]$411:
      Old ports: A=$memory$flatten\u_r2r_dac_digital.$auto$proc_rom.cc:155:do_switch$12$rdmux[0][6][54]$a$412, B=$memory$flatten\u_r2r_dac_digital.$auto$proc_rom.cc:155:do_switch$12$rdmux[0][6][54]$b$413, Y=$memory$flatten\u_r2r_dac_digital.$auto$proc_rom.cc:155:do_switch$12$rdmux[0][5][27]$a$235
      New ports: A={ 2'01 $memory$flatten\u_r2r_dac_digital.$auto$proc_rom.cc:155:do_switch$12$rdmux[0][6][54]$a$412 [1] }, B={ 2'10 $memory$flatten\u_r2r_dac_digital.$auto$proc_rom.cc:155:do_switch$12$rdmux[0][6][54]$b$413 [1] }, Y=$memory$flatten\u_r2r_dac_digital.$auto$proc_rom.cc:155:do_switch$12$rdmux[0][5][27]$a$235 [3:1]
      New connections: { $memory$flatten\u_r2r_dac_digital.$auto$proc_rom.cc:155:do_switch$12$rdmux[0][5][27]$a$235 [7:4] $memory$flatten\u_r2r_dac_digital.$auto$proc_rom.cc:155:do_switch$12$rdmux[0][5][27]$a$235 [0] } = 5'00011
    Consolidated identical input bits for $mux cell $memory$flatten\u_r2r_dac_digital.$auto$proc_rom.cc:155:do_switch$12$rdmux[0][6][53]$408:
      Old ports: A=$memory$flatten\u_r2r_dac_digital.$auto$proc_rom.cc:155:do_switch$12$rdmux[0][6][53]$a$409, B=$memory$flatten\u_r2r_dac_digital.$auto$proc_rom.cc:155:do_switch$12$rdmux[0][6][53]$b$410, Y=$memory$flatten\u_r2r_dac_digital.$auto$proc_rom.cc:155:do_switch$12$rdmux[0][5][26]$b$233
      New ports: A={ $memory$flatten\u_r2r_dac_digital.$auto$proc_rom.cc:155:do_switch$12$rdmux[0][6][53]$a$409 [4] $memory$flatten\u_r2r_dac_digital.$auto$proc_rom.cc:155:do_switch$12$rdmux[0][6][53]$a$409 [1] $memory$flatten\u_r2r_dac_digital.$auto$proc_rom.cc:155:do_switch$12$rdmux[0][6][53]$a$409 [1] $memory$flatten\u_r2r_dac_digital.$auto$proc_rom.cc:155:do_switch$12$rdmux[0][6][53]$a$409 [1] 1'1 }, B={ 2'10 $memory$flatten\u_r2r_dac_digital.$auto$proc_rom.cc:155:do_switch$12$rdmux[0][6][53]$b$410 [2:1] 1'0 }, Y=$memory$flatten\u_r2r_dac_digital.$auto$proc_rom.cc:155:do_switch$12$rdmux[0][5][26]$b$233 [4:0]
      New connections: $memory$flatten\u_r2r_dac_digital.$auto$proc_rom.cc:155:do_switch$12$rdmux[0][5][26]$b$233 [7:5] = 3'000
    Consolidated identical input bits for $mux cell $memory$flatten\u_r2r_dac_digital.$auto$proc_rom.cc:155:do_switch$12$rdmux[0][6][52]$405:
      Old ports: A=$memory$flatten\u_r2r_dac_digital.$auto$proc_rom.cc:155:do_switch$12$rdmux[0][6][52]$a$406, B=$memory$flatten\u_r2r_dac_digital.$auto$proc_rom.cc:155:do_switch$12$rdmux[0][6][52]$b$407, Y=$memory$flatten\u_r2r_dac_digital.$auto$proc_rom.cc:155:do_switch$12$rdmux[0][5][26]$a$232
      New ports: A={ 2'01 $memory$flatten\u_r2r_dac_digital.$auto$proc_rom.cc:155:do_switch$12$rdmux[0][6][52]$a$406 [0] }, B={ 1'1 $memory$flatten\u_r2r_dac_digital.$auto$proc_rom.cc:155:do_switch$12$rdmux[0][6][52]$b$407 [1] 1'0 }, Y=$memory$flatten\u_r2r_dac_digital.$auto$proc_rom.cc:155:do_switch$12$rdmux[0][5][26]$a$232 [2:0]
      New connections: $memory$flatten\u_r2r_dac_digital.$auto$proc_rom.cc:155:do_switch$12$rdmux[0][5][26]$a$232 [7:3] = 5'00001
    Consolidated identical input bits for $mux cell $memory$flatten\u_r2r_dac_digital.$auto$proc_rom.cc:155:do_switch$12$rdmux[0][6][51]$402:
      Old ports: A=$memory$flatten\u_r2r_dac_digital.$auto$proc_rom.cc:155:do_switch$12$rdmux[0][6][51]$a$403, B=$memory$flatten\u_r2r_dac_digital.$auto$proc_rom.cc:155:do_switch$12$rdmux[0][6][51]$b$404, Y=$memory$flatten\u_r2r_dac_digital.$auto$proc_rom.cc:155:do_switch$12$rdmux[0][5][25]$b$230
      New ports: A={ 2'01 $memory$flatten\u_r2r_dac_digital.$auto$proc_rom.cc:155:do_switch$12$rdmux[0][6][51]$a$403 [1:0] }, B={ $memory$flatten\u_r2r_dac_digital.$auto$proc_rom.cc:155:do_switch$12$rdmux[0][6][51]$b$404 [3] $memory$flatten\u_r2r_dac_digital.$auto$proc_rom.cc:155:do_switch$12$rdmux[0][6][51]$b$404 [1] $memory$flatten\u_r2r_dac_digital.$auto$proc_rom.cc:155:do_switch$12$rdmux[0][6][51]$b$404 [1] 1'1 }, Y=$memory$flatten\u_r2r_dac_digital.$auto$proc_rom.cc:155:do_switch$12$rdmux[0][5][25]$b$230 [3:0]
      New connections: $memory$flatten\u_r2r_dac_digital.$auto$proc_rom.cc:155:do_switch$12$rdmux[0][5][25]$b$230 [7:4] = 4'0000
    Consolidated identical input bits for $mux cell $memory$flatten\u_r2r_dac_digital.$auto$proc_rom.cc:155:do_switch$12$rdmux[0][6][50]$399:
      Old ports: A=$memory$flatten\u_r2r_dac_digital.$auto$proc_rom.cc:155:do_switch$12$rdmux[0][6][50]$a$400, B=$memory$flatten\u_r2r_dac_digital.$auto$proc_rom.cc:155:do_switch$12$rdmux[0][6][50]$b$401, Y=$memory$flatten\u_r2r_dac_digital.$auto$proc_rom.cc:155:do_switch$12$rdmux[0][5][25]$a$229
      New ports: A={ 2'01 $memory$flatten\u_r2r_dac_digital.$auto$proc_rom.cc:155:do_switch$12$rdmux[0][6][50]$a$400 [0] }, B={ 2'10 $memory$flatten\u_r2r_dac_digital.$auto$proc_rom.cc:155:do_switch$12$rdmux[0][6][50]$b$401 [0] }, Y=$memory$flatten\u_r2r_dac_digital.$auto$proc_rom.cc:155:do_switch$12$rdmux[0][5][25]$a$229 [2:0]
      New connections: $memory$flatten\u_r2r_dac_digital.$auto$proc_rom.cc:155:do_switch$12$rdmux[0][5][25]$a$229 [7:3] = 5'00000
    Consolidated identical input bits for $mux cell $memory$flatten\u_r2r_dac_digital.$auto$proc_rom.cc:155:do_switch$12$rdmux[0][6][49]$396:
      Old ports: A=8'00000001, B=$memory$flatten\u_r2r_dac_digital.$auto$proc_rom.cc:155:do_switch$12$rdmux[0][6][49]$b$398, Y=$memory$flatten\u_r2r_dac_digital.$auto$proc_rom.cc:155:do_switch$12$rdmux[0][5][24]$b$227
      New ports: A=2'01, B=$memory$flatten\u_r2r_dac_digital.$auto$proc_rom.cc:155:do_switch$12$rdmux[0][6][49]$b$398 [1:0], Y=$memory$flatten\u_r2r_dac_digital.$auto$proc_rom.cc:155:do_switch$12$rdmux[0][5][24]$b$227 [1:0]
      New connections: $memory$flatten\u_r2r_dac_digital.$auto$proc_rom.cc:155:do_switch$12$rdmux[0][5][24]$b$227 [7:2] = 6'000000
    Consolidated identical input bits for $mux cell $memory$flatten\u_r2r_dac_digital.$auto$proc_rom.cc:155:do_switch$12$rdmux[0][6][47]$390:
      Old ports: A=$memory$flatten\u_r2r_dac_digital.$auto$proc_rom.cc:155:do_switch$12$rdmux[0][6][47]$a$391, B=8'00000000, Y=$memory$flatten\u_r2r_dac_digital.$auto$proc_rom.cc:155:do_switch$12$rdmux[0][5][23]$b$224
      New ports: A=$memory$flatten\u_r2r_dac_digital.$auto$proc_rom.cc:155:do_switch$12$rdmux[0][6][47]$a$391 [0], B=1'0, Y=$memory$flatten\u_r2r_dac_digital.$auto$proc_rom.cc:155:do_switch$12$rdmux[0][5][23]$b$224 [0]
      New connections: $memory$flatten\u_r2r_dac_digital.$auto$proc_rom.cc:155:do_switch$12$rdmux[0][5][23]$b$224 [7:1] = 7'0000000
    Consolidated identical input bits for $mux cell $memory$flatten\u_r2r_dac_digital.$auto$proc_rom.cc:155:do_switch$12$rdmux[0][6][45]$384:
      Old ports: A=8'00000101, B=$memory$flatten\u_r2r_dac_digital.$auto$proc_rom.cc:155:do_switch$12$rdmux[0][6][45]$b$386, Y=$memory$flatten\u_r2r_dac_digital.$auto$proc_rom.cc:155:do_switch$12$rdmux[0][5][22]$b$221
      New ports: A=3'101, B={ $memory$flatten\u_r2r_dac_digital.$auto$proc_rom.cc:155:do_switch$12$rdmux[0][6][45]$b$386 [2] $memory$flatten\u_r2r_dac_digital.$auto$proc_rom.cc:155:do_switch$12$rdmux[0][6][45]$b$386 [0] $memory$flatten\u_r2r_dac_digital.$auto$proc_rom.cc:155:do_switch$12$rdmux[0][6][45]$b$386 [0] }, Y=$memory$flatten\u_r2r_dac_digital.$auto$proc_rom.cc:155:do_switch$12$rdmux[0][5][22]$b$221 [2:0]
      New connections: $memory$flatten\u_r2r_dac_digital.$auto$proc_rom.cc:155:do_switch$12$rdmux[0][5][22]$b$221 [7:3] = 5'00000
    Consolidated identical input bits for $mux cell $memory$flatten\u_r2r_dac_digital.$auto$proc_rom.cc:155:do_switch$12$rdmux[0][6][44]$381:
      Old ports: A=$memory$flatten\u_r2r_dac_digital.$auto$proc_rom.cc:155:do_switch$12$rdmux[0][6][44]$a$382, B=$memory$flatten\u_r2r_dac_digital.$auto$proc_rom.cc:155:do_switch$12$rdmux[0][6][44]$b$383, Y=$memory$flatten\u_r2r_dac_digital.$auto$proc_rom.cc:155:do_switch$12$rdmux[0][5][22]$a$220
      New ports: A={ 2'10 $memory$flatten\u_r2r_dac_digital.$auto$proc_rom.cc:155:do_switch$12$rdmux[0][6][44]$a$382 [1:0] }, B={ 3'011 $memory$flatten\u_r2r_dac_digital.$auto$proc_rom.cc:155:do_switch$12$rdmux[0][6][44]$b$383 [0] }, Y=$memory$flatten\u_r2r_dac_digital.$auto$proc_rom.cc:155:do_switch$12$rdmux[0][5][22]$a$220 [3:0]
      New connections: $memory$flatten\u_r2r_dac_digital.$auto$proc_rom.cc:155:do_switch$12$rdmux[0][5][22]$a$220 [7:4] = 4'0000
    Consolidated identical input bits for $mux cell $memory$flatten\u_r2r_dac_digital.$auto$proc_rom.cc:155:do_switch$12$rdmux[0][6][43]$378:
      Old ports: A=$memory$flatten\u_r2r_dac_digital.$auto$proc_rom.cc:155:do_switch$12$rdmux[0][6][43]$a$379, B=$memory$flatten\u_r2r_dac_digital.$auto$proc_rom.cc:155:do_switch$12$rdmux[0][6][43]$b$380, Y=$memory$flatten\u_r2r_dac_digital.$auto$proc_rom.cc:155:do_switch$12$rdmux[0][5][21]$b$218
      New ports: A={ 2'11 $memory$flatten\u_r2r_dac_digital.$auto$proc_rom.cc:155:do_switch$12$rdmux[0][6][43]$a$379 [0] }, B={ $memory$flatten\u_r2r_dac_digital.$auto$proc_rom.cc:155:do_switch$12$rdmux[0][6][43]$b$380 [2] $memory$flatten\u_r2r_dac_digital.$auto$proc_rom.cc:155:do_switch$12$rdmux[0][6][43]$b$380 [0] $memory$flatten\u_r2r_dac_digital.$auto$proc_rom.cc:155:do_switch$12$rdmux[0][6][43]$b$380 [0] }, Y=$memory$flatten\u_r2r_dac_digital.$auto$proc_rom.cc:155:do_switch$12$rdmux[0][5][21]$b$218 [2:0]
      New connections: $memory$flatten\u_r2r_dac_digital.$auto$proc_rom.cc:155:do_switch$12$rdmux[0][5][21]$b$218 [7:3] = 5'00001
    Consolidated identical input bits for $mux cell $memory$flatten\u_r2r_dac_digital.$auto$proc_rom.cc:155:do_switch$12$rdmux[0][6][42]$375:
      Old ports: A=$memory$flatten\u_r2r_dac_digital.$auto$proc_rom.cc:155:do_switch$12$rdmux[0][6][42]$a$376, B=$memory$flatten\u_r2r_dac_digital.$auto$proc_rom.cc:155:do_switch$12$rdmux[0][6][42]$b$377, Y=$memory$flatten\u_r2r_dac_digital.$auto$proc_rom.cc:155:do_switch$12$rdmux[0][5][21]$a$217
      New ports: A={ 2'10 $memory$flatten\u_r2r_dac_digital.$auto$proc_rom.cc:155:do_switch$12$rdmux[0][6][42]$a$376 [0] }, B={ 1'0 $memory$flatten\u_r2r_dac_digital.$auto$proc_rom.cc:155:do_switch$12$rdmux[0][6][42]$b$377 [1:0] }, Y=$memory$flatten\u_r2r_dac_digital.$auto$proc_rom.cc:155:do_switch$12$rdmux[0][5][21]$a$217 [2:0]
      New connections: $memory$flatten\u_r2r_dac_digital.$auto$proc_rom.cc:155:do_switch$12$rdmux[0][5][21]$a$217 [7:3] = 5'00010
    Consolidated identical input bits for $mux cell $memory$flatten\u_r2r_dac_digital.$auto$proc_rom.cc:155:do_switch$12$rdmux[0][6][41]$372:
      Old ports: A=$memory$flatten\u_r2r_dac_digital.$auto$proc_rom.cc:155:do_switch$12$rdmux[0][6][41]$a$373, B=$memory$flatten\u_r2r_dac_digital.$auto$proc_rom.cc:155:do_switch$12$rdmux[0][6][41]$b$374, Y=$memory$flatten\u_r2r_dac_digital.$auto$proc_rom.cc:155:do_switch$12$rdmux[0][5][20]$b$215
      New ports: A={ 1'1 $memory$flatten\u_r2r_dac_digital.$auto$proc_rom.cc:155:do_switch$12$rdmux[0][6][41]$a$373 [2:1] }, B={ $memory$flatten\u_r2r_dac_digital.$auto$proc_rom.cc:155:do_switch$12$rdmux[0][6][41]$b$374 [3] $memory$flatten\u_r2r_dac_digital.$auto$proc_rom.cc:155:do_switch$12$rdmux[0][6][41]$b$374 [1] $memory$flatten\u_r2r_dac_digital.$auto$proc_rom.cc:155:do_switch$12$rdmux[0][6][41]$b$374 [1] }, Y=$memory$flatten\u_r2r_dac_digital.$auto$proc_rom.cc:155:do_switch$12$rdmux[0][5][20]$b$215 [3:1]
      New connections: { $memory$flatten\u_r2r_dac_digital.$auto$proc_rom.cc:155:do_switch$12$rdmux[0][5][20]$b$215 [7:4] $memory$flatten\u_r2r_dac_digital.$auto$proc_rom.cc:155:do_switch$12$rdmux[0][5][20]$b$215 [0] } = 5'00011
    Consolidated identical input bits for $mux cell $memory$flatten\u_r2r_dac_digital.$auto$proc_rom.cc:155:do_switch$12$rdmux[0][6][40]$369:
      Old ports: A=$memory$flatten\u_r2r_dac_digital.$auto$proc_rom.cc:155:do_switch$12$rdmux[0][6][40]$a$370, B=$memory$flatten\u_r2r_dac_digital.$auto$proc_rom.cc:155:do_switch$12$rdmux[0][6][40]$b$371, Y=$memory$flatten\u_r2r_dac_digital.$auto$proc_rom.cc:155:do_switch$12$rdmux[0][5][20]$a$214
      New ports: A={ 2'10 $memory$flatten\u_r2r_dac_digital.$auto$proc_rom.cc:155:do_switch$12$rdmux[0][6][40]$a$370 [2:1] }, B={ $memory$flatten\u_r2r_dac_digital.$auto$proc_rom.cc:155:do_switch$12$rdmux[0][6][40]$b$371 [5] $memory$flatten\u_r2r_dac_digital.$auto$proc_rom.cc:155:do_switch$12$rdmux[0][6][40]$b$371 [1] $memory$flatten\u_r2r_dac_digital.$auto$proc_rom.cc:155:do_switch$12$rdmux[0][6][40]$b$371 [1] $memory$flatten\u_r2r_dac_digital.$auto$proc_rom.cc:155:do_switch$12$rdmux[0][6][40]$b$371 [1] }, Y={ $memory$flatten\u_r2r_dac_digital.$auto$proc_rom.cc:155:do_switch$12$rdmux[0][5][20]$a$214 [5] $memory$flatten\u_r2r_dac_digital.$auto$proc_rom.cc:155:do_switch$12$rdmux[0][5][20]$a$214 [3:1] }
      New connections: { $memory$flatten\u_r2r_dac_digital.$auto$proc_rom.cc:155:do_switch$12$rdmux[0][5][20]$a$214 [7:6] $memory$flatten\u_r2r_dac_digital.$auto$proc_rom.cc:155:do_switch$12$rdmux[0][5][20]$a$214 [4] $memory$flatten\u_r2r_dac_digital.$auto$proc_rom.cc:155:do_switch$12$rdmux[0][5][20]$a$214 [0] } = { 2'00 $memory$flatten\u_r2r_dac_digital.$auto$proc_rom.cc:155:do_switch$12$rdmux[0][5][20]$a$214 [3] 1'1 }
    Consolidated identical input bits for $mux cell $memory$flatten\u_r2r_dac_digital.$auto$proc_rom.cc:155:do_switch$12$rdmux[0][6][39]$366:
      Old ports: A=$memory$flatten\u_r2r_dac_digital.$auto$proc_rom.cc:155:do_switch$12$rdmux[0][6][39]$a$367, B=$memory$flatten\u_r2r_dac_digital.$auto$proc_rom.cc:155:do_switch$12$rdmux[0][6][39]$b$368, Y=$memory$flatten\u_r2r_dac_digital.$auto$proc_rom.cc:155:do_switch$12$rdmux[0][5][19]$b$212
      New ports: A={ 1'1 $memory$flatten\u_r2r_dac_digital.$auto$proc_rom.cc:155:do_switch$12$rdmux[0][6][39]$a$367 [0] $memory$flatten\u_r2r_dac_digital.$auto$proc_rom.cc:155:do_switch$12$rdmux[0][6][39]$a$367 [0] }, B={ 1'0 $memory$flatten\u_r2r_dac_digital.$auto$proc_rom.cc:155:do_switch$12$rdmux[0][6][39]$b$368 [1] 1'0 }, Y=$memory$flatten\u_r2r_dac_digital.$auto$proc_rom.cc:155:do_switch$12$rdmux[0][5][19]$b$212 [2:0]
      New connections: $memory$flatten\u_r2r_dac_digital.$auto$proc_rom.cc:155:do_switch$12$rdmux[0][5][19]$b$212 [7:3] = 5'00101
    Consolidated identical input bits for $mux cell $memory$flatten\u_r2r_dac_digital.$auto$proc_rom.cc:155:do_switch$12$rdmux[0][6][38]$363:
      Old ports: A=$memory$flatten\u_r2r_dac_digital.$auto$proc_rom.cc:155:do_switch$12$rdmux[0][6][38]$a$364, B=$memory$flatten\u_r2r_dac_digital.$auto$proc_rom.cc:155:do_switch$12$rdmux[0][6][38]$b$365, Y=$memory$flatten\u_r2r_dac_digital.$auto$proc_rom.cc:155:do_switch$12$rdmux[0][5][19]$a$211
      New ports: A={ $memory$flatten\u_r2r_dac_digital.$auto$proc_rom.cc:155:do_switch$12$rdmux[0][6][38]$a$364 [0] $memory$flatten\u_r2r_dac_digital.$auto$proc_rom.cc:155:do_switch$12$rdmux[0][6][38]$a$364 [1] $memory$flatten\u_r2r_dac_digital.$auto$proc_rom.cc:155:do_switch$12$rdmux[0][6][38]$a$364 [1:0] }, B={ 1'0 $memory$flatten\u_r2r_dac_digital.$auto$proc_rom.cc:155:do_switch$12$rdmux[0][6][38]$b$365 [2] 1'0 $memory$flatten\u_r2r_dac_digital.$auto$proc_rom.cc:155:do_switch$12$rdmux[0][6][38]$b$365 [0] }, Y=$memory$flatten\u_r2r_dac_digital.$auto$proc_rom.cc:155:do_switch$12$rdmux[0][5][19]$a$211 [3:0]
      New connections: $memory$flatten\u_r2r_dac_digital.$auto$proc_rom.cc:155:do_switch$12$rdmux[0][5][19]$a$211 [7:4] = 4'0011
    Consolidated identical input bits for $mux cell $memory$flatten\u_r2r_dac_digital.$auto$proc_rom.cc:155:do_switch$12$rdmux[0][6][37]$360:
      Old ports: A=$memory$flatten\u_r2r_dac_digital.$auto$proc_rom.cc:155:do_switch$12$rdmux[0][6][37]$a$361, B=$memory$flatten\u_r2r_dac_digital.$auto$proc_rom.cc:155:do_switch$12$rdmux[0][6][37]$b$362, Y=$memory$flatten\u_r2r_dac_digital.$auto$proc_rom.cc:155:do_switch$12$rdmux[0][5][18]$b$209
      New ports: A={ 3'100 $memory$flatten\u_r2r_dac_digital.$auto$proc_rom.cc:155:do_switch$12$rdmux[0][6][37]$a$361 [1] 1'1 }, B={ 2'01 $memory$flatten\u_r2r_dac_digital.$auto$proc_rom.cc:155:do_switch$12$rdmux[0][6][37]$b$362 [2] 1'1 $memory$flatten\u_r2r_dac_digital.$auto$proc_rom.cc:155:do_switch$12$rdmux[0][6][37]$b$362 [0] }, Y={ $memory$flatten\u_r2r_dac_digital.$auto$proc_rom.cc:155:do_switch$12$rdmux[0][5][18]$b$209 [6] $memory$flatten\u_r2r_dac_digital.$auto$proc_rom.cc:155:do_switch$12$rdmux[0][5][18]$b$209 [3:0] }
      New connections: { $memory$flatten\u_r2r_dac_digital.$auto$proc_rom.cc:155:do_switch$12$rdmux[0][5][18]$b$209 [7] $memory$flatten\u_r2r_dac_digital.$auto$proc_rom.cc:155:do_switch$12$rdmux[0][5][18]$b$209 [5:4] } = { 1'0 $memory$flatten\u_r2r_dac_digital.$auto$proc_rom.cc:155:do_switch$12$rdmux[0][5][18]$b$209 [3] $memory$flatten\u_r2r_dac_digital.$auto$proc_rom.cc:155:do_switch$12$rdmux[0][5][18]$b$209 [3] }
    Consolidated identical input bits for $mux cell $memory$flatten\u_r2r_dac_digital.$auto$proc_rom.cc:155:do_switch$12$rdmux[0][6][36]$357:
      Old ports: A=$memory$flatten\u_r2r_dac_digital.$auto$proc_rom.cc:155:do_switch$12$rdmux[0][6][36]$a$358, B=$memory$flatten\u_r2r_dac_digital.$auto$proc_rom.cc:155:do_switch$12$rdmux[0][6][36]$b$359, Y=$memory$flatten\u_r2r_dac_digital.$auto$proc_rom.cc:155:do_switch$12$rdmux[0][5][18]$a$208
      New ports: A={ 2'11 $memory$flatten\u_r2r_dac_digital.$auto$proc_rom.cc:155:do_switch$12$rdmux[0][6][36]$a$358 [0] $memory$flatten\u_r2r_dac_digital.$auto$proc_rom.cc:155:do_switch$12$rdmux[0][6][36]$a$358 [0] }, B={ $memory$flatten\u_r2r_dac_digital.$auto$proc_rom.cc:155:do_switch$12$rdmux[0][6][36]$b$359 [0] $memory$flatten\u_r2r_dac_digital.$auto$proc_rom.cc:155:do_switch$12$rdmux[0][6][36]$b$359 [1] $memory$flatten\u_r2r_dac_digital.$auto$proc_rom.cc:155:do_switch$12$rdmux[0][6][36]$b$359 [1:0] }, Y=$memory$flatten\u_r2r_dac_digital.$auto$proc_rom.cc:155:do_switch$12$rdmux[0][5][18]$a$208 [3:0]
      New connections: $memory$flatten\u_r2r_dac_digital.$auto$proc_rom.cc:155:do_switch$12$rdmux[0][5][18]$a$208 [7:4] = 4'0100
    Consolidated identical input bits for $mux cell $memory$flatten\u_r2r_dac_digital.$auto$proc_rom.cc:155:do_switch$12$rdmux[0][6][35]$354:
      Old ports: A=$memory$flatten\u_r2r_dac_digital.$auto$proc_rom.cc:155:do_switch$12$rdmux[0][6][35]$a$355, B=$memory$flatten\u_r2r_dac_digital.$auto$proc_rom.cc:155:do_switch$12$rdmux[0][6][35]$b$356, Y=$memory$flatten\u_r2r_dac_digital.$auto$proc_rom.cc:155:do_switch$12$rdmux[0][5][17]$b$206
      New ports: A={ 1'1 $memory$flatten\u_r2r_dac_digital.$auto$proc_rom.cc:155:do_switch$12$rdmux[0][6][35]$a$355 [1] 1'0 }, B={ 1'0 $memory$flatten\u_r2r_dac_digital.$auto$proc_rom.cc:155:do_switch$12$rdmux[0][6][35]$b$356 [1:0] }, Y={ $memory$flatten\u_r2r_dac_digital.$auto$proc_rom.cc:155:do_switch$12$rdmux[0][5][17]$b$206 [3] $memory$flatten\u_r2r_dac_digital.$auto$proc_rom.cc:155:do_switch$12$rdmux[0][5][17]$b$206 [1:0] }
      New connections: { $memory$flatten\u_r2r_dac_digital.$auto$proc_rom.cc:155:do_switch$12$rdmux[0][5][17]$b$206 [7:4] $memory$flatten\u_r2r_dac_digital.$auto$proc_rom.cc:155:do_switch$12$rdmux[0][5][17]$b$206 [2] } = { 4'0101 $memory$flatten\u_r2r_dac_digital.$auto$proc_rom.cc:155:do_switch$12$rdmux[0][5][17]$b$206 [0] }
    Consolidated identical input bits for $mux cell $memory$flatten\u_r2r_dac_digital.$auto$proc_rom.cc:155:do_switch$12$rdmux[0][6][34]$351:
      Old ports: A=$memory$flatten\u_r2r_dac_digital.$auto$proc_rom.cc:155:do_switch$12$rdmux[0][6][34]$a$352, B=$memory$flatten\u_r2r_dac_digital.$auto$proc_rom.cc:155:do_switch$12$rdmux[0][6][34]$b$353, Y=$memory$flatten\u_r2r_dac_digital.$auto$proc_rom.cc:155:do_switch$12$rdmux[0][5][17]$a$205
      New ports: A={ 3'101 $memory$flatten\u_r2r_dac_digital.$auto$proc_rom.cc:155:do_switch$12$rdmux[0][6][34]$a$352 [0] $memory$flatten\u_r2r_dac_digital.$auto$proc_rom.cc:155:do_switch$12$rdmux[0][6][34]$a$352 [0] }, B={ $memory$flatten\u_r2r_dac_digital.$auto$proc_rom.cc:155:do_switch$12$rdmux[0][6][34]$b$353 [5] $memory$flatten\u_r2r_dac_digital.$auto$proc_rom.cc:155:do_switch$12$rdmux[0][6][34]$b$353 [2] $memory$flatten\u_r2r_dac_digital.$auto$proc_rom.cc:155:do_switch$12$rdmux[0][6][34]$b$353 [2] 2'01 }, Y={ $memory$flatten\u_r2r_dac_digital.$auto$proc_rom.cc:155:do_switch$12$rdmux[0][5][17]$a$205 [5] $memory$flatten\u_r2r_dac_digital.$auto$proc_rom.cc:155:do_switch$12$rdmux[0][5][17]$a$205 [3:0] }
      New connections: { $memory$flatten\u_r2r_dac_digital.$auto$proc_rom.cc:155:do_switch$12$rdmux[0][5][17]$a$205 [7:6] $memory$flatten\u_r2r_dac_digital.$auto$proc_rom.cc:155:do_switch$12$rdmux[0][5][17]$a$205 [4] } = { 2'01 $memory$flatten\u_r2r_dac_digital.$auto$proc_rom.cc:155:do_switch$12$rdmux[0][5][17]$a$205 [3] }
    Consolidated identical input bits for $mux cell $memory$flatten\u_r2r_dac_digital.$auto$proc_rom.cc:155:do_switch$12$rdmux[0][6][33]$348:
      Old ports: A=$memory$flatten\u_r2r_dac_digital.$auto$proc_rom.cc:155:do_switch$12$rdmux[0][6][33]$a$349, B=$memory$flatten\u_r2r_dac_digital.$auto$proc_rom.cc:155:do_switch$12$rdmux[0][6][33]$b$350, Y=$memory$flatten\u_r2r_dac_digital.$auto$proc_rom.cc:155:do_switch$12$rdmux[0][5][16]$b$203
      New ports: A={ 3'100 $memory$flatten\u_r2r_dac_digital.$auto$proc_rom.cc:155:do_switch$12$rdmux[0][6][33]$a$349 [0] $memory$flatten\u_r2r_dac_digital.$auto$proc_rom.cc:155:do_switch$12$rdmux[0][6][33]$a$349 [0] }, B={ 2'01 $memory$flatten\u_r2r_dac_digital.$auto$proc_rom.cc:155:do_switch$12$rdmux[0][6][33]$b$350 [0] $memory$flatten\u_r2r_dac_digital.$auto$proc_rom.cc:155:do_switch$12$rdmux[0][6][33]$b$350 [1:0] }, Y=$memory$flatten\u_r2r_dac_digital.$auto$proc_rom.cc:155:do_switch$12$rdmux[0][5][16]$b$203 [4:0]
      New connections: $memory$flatten\u_r2r_dac_digital.$auto$proc_rom.cc:155:do_switch$12$rdmux[0][5][16]$b$203 [7:5] = 3'011
    Consolidated identical input bits for $mux cell $memory$flatten\u_r2r_dac_digital.$auto$proc_rom.cc:155:do_switch$12$rdmux[0][6][32]$345:
      Old ports: A=$memory$flatten\u_r2r_dac_digital.$auto$proc_rom.cc:155:do_switch$12$rdmux[0][6][32]$a$346, B=$memory$flatten\u_r2r_dac_digital.$auto$proc_rom.cc:155:do_switch$12$rdmux[0][6][32]$b$347, Y=$memory$flatten\u_r2r_dac_digital.$auto$proc_rom.cc:155:do_switch$12$rdmux[0][5][16]$a$202
      New ports: A={ $memory$flatten\u_r2r_dac_digital.$auto$proc_rom.cc:155:do_switch$12$rdmux[0][6][32]$a$346 [7] $memory$flatten\u_r2r_dac_digital.$auto$proc_rom.cc:155:do_switch$12$rdmux[0][6][32]$a$346 [2] $memory$flatten\u_r2r_dac_digital.$auto$proc_rom.cc:155:do_switch$12$rdmux[0][6][32]$a$346 [2] $memory$flatten\u_r2r_dac_digital.$auto$proc_rom.cc:155:do_switch$12$rdmux[0][6][32]$a$346 [2] 2'00 }, B={ 2'01 $memory$flatten\u_r2r_dac_digital.$auto$proc_rom.cc:155:do_switch$12$rdmux[0][6][32]$b$347 [0] $memory$flatten\u_r2r_dac_digital.$auto$proc_rom.cc:155:do_switch$12$rdmux[0][6][32]$b$347 [1] $memory$flatten\u_r2r_dac_digital.$auto$proc_rom.cc:155:do_switch$12$rdmux[0][6][32]$b$347 [1:0] }, Y={ $memory$flatten\u_r2r_dac_digital.$auto$proc_rom.cc:155:do_switch$12$rdmux[0][5][16]$a$202 [7] $memory$flatten\u_r2r_dac_digital.$auto$proc_rom.cc:155:do_switch$12$rdmux[0][5][16]$a$202 [4:0] }
      New connections: $memory$flatten\u_r2r_dac_digital.$auto$proc_rom.cc:155:do_switch$12$rdmux[0][5][16]$a$202 [6:5] = { $memory$flatten\u_r2r_dac_digital.$auto$proc_rom.cc:155:do_switch$12$rdmux[0][5][16]$a$202 [4] $memory$flatten\u_r2r_dac_digital.$auto$proc_rom.cc:155:do_switch$12$rdmux[0][5][16]$a$202 [4] }
    Consolidated identical input bits for $mux cell $memory$flatten\u_r2r_dac_digital.$auto$proc_rom.cc:155:do_switch$12$rdmux[0][6][31]$342:
      Old ports: A=$memory$flatten\u_r2r_dac_digital.$auto$proc_rom.cc:155:do_switch$12$rdmux[0][6][31]$a$343, B=$memory$flatten\u_r2r_dac_digital.$auto$proc_rom.cc:155:do_switch$12$rdmux[0][6][31]$b$344, Y=$memory$flatten\u_r2r_dac_digital.$auto$proc_rom.cc:155:do_switch$12$rdmux[0][5][15]$b$200
      New ports: A={ 1'1 $memory$flatten\u_r2r_dac_digital.$auto$proc_rom.cc:155:do_switch$12$rdmux[0][6][31]$a$343 [2] 1'0 $memory$flatten\u_r2r_dac_digital.$auto$proc_rom.cc:155:do_switch$12$rdmux[0][6][31]$a$343 [0] }, B={ 1'0 $memory$flatten\u_r2r_dac_digital.$auto$proc_rom.cc:155:do_switch$12$rdmux[0][6][31]$b$344 [2] 1'1 $memory$flatten\u_r2r_dac_digital.$auto$proc_rom.cc:155:do_switch$12$rdmux[0][6][31]$b$344 [0] }, Y=$memory$flatten\u_r2r_dac_digital.$auto$proc_rom.cc:155:do_switch$12$rdmux[0][5][15]$b$200 [3:0]
      New connections: $memory$flatten\u_r2r_dac_digital.$auto$proc_rom.cc:155:do_switch$12$rdmux[0][5][15]$b$200 [7:4] = 4'1000
    Consolidated identical input bits for $mux cell $memory$flatten\u_r2r_dac_digital.$auto$proc_rom.cc:155:do_switch$12$rdmux[0][6][30]$339:
      Old ports: A=$memory$flatten\u_r2r_dac_digital.$auto$proc_rom.cc:155:do_switch$12$rdmux[0][6][30]$a$340, B=$memory$flatten\u_r2r_dac_digital.$auto$proc_rom.cc:155:do_switch$12$rdmux[0][6][30]$b$341, Y=$memory$flatten\u_r2r_dac_digital.$auto$proc_rom.cc:155:do_switch$12$rdmux[0][5][15]$a$199
      New ports: A={ 1'1 $memory$flatten\u_r2r_dac_digital.$auto$proc_rom.cc:155:do_switch$12$rdmux[0][6][30]$a$340 [3] 1'0 $memory$flatten\u_r2r_dac_digital.$auto$proc_rom.cc:155:do_switch$12$rdmux[0][6][30]$a$340 [0] }, B={ $memory$flatten\u_r2r_dac_digital.$auto$proc_rom.cc:155:do_switch$12$rdmux[0][6][30]$b$341 [4] $memory$flatten\u_r2r_dac_digital.$auto$proc_rom.cc:155:do_switch$12$rdmux[0][6][30]$b$341 [0] 1'1 $memory$flatten\u_r2r_dac_digital.$auto$proc_rom.cc:155:do_switch$12$rdmux[0][6][30]$b$341 [0] }, Y={ $memory$flatten\u_r2r_dac_digital.$auto$proc_rom.cc:155:do_switch$12$rdmux[0][5][15]$a$199 [4:3] $memory$flatten\u_r2r_dac_digital.$auto$proc_rom.cc:155:do_switch$12$rdmux[0][5][15]$a$199 [1:0] }
      New connections: { $memory$flatten\u_r2r_dac_digital.$auto$proc_rom.cc:155:do_switch$12$rdmux[0][5][15]$a$199 [7:5] $memory$flatten\u_r2r_dac_digital.$auto$proc_rom.cc:155:do_switch$12$rdmux[0][5][15]$a$199 [2] } = { 3'100 $memory$flatten\u_r2r_dac_digital.$auto$proc_rom.cc:155:do_switch$12$rdmux[0][5][15]$a$199 [0] }
    Consolidated identical input bits for $mux cell $memory$flatten\u_r2r_dac_digital.$auto$proc_rom.cc:155:do_switch$12$rdmux[0][6][29]$336:
      Old ports: A=$memory$flatten\u_r2r_dac_digital.$auto$proc_rom.cc:155:do_switch$12$rdmux[0][6][29]$a$337, B=$memory$flatten\u_r2r_dac_digital.$auto$proc_rom.cc:155:do_switch$12$rdmux[0][6][29]$b$338, Y=$memory$flatten\u_r2r_dac_digital.$auto$proc_rom.cc:155:do_switch$12$rdmux[0][5][14]$b$197
      New ports: A={ 2'10 $memory$flatten\u_r2r_dac_digital.$auto$proc_rom.cc:155:do_switch$12$rdmux[0][6][29]$a$337 [0] $memory$flatten\u_r2r_dac_digital.$auto$proc_rom.cc:155:do_switch$12$rdmux[0][6][29]$a$337 [1:0] }, B={ 2'01 $memory$flatten\u_r2r_dac_digital.$auto$proc_rom.cc:155:do_switch$12$rdmux[0][6][29]$b$338 [2] 1'1 $memory$flatten\u_r2r_dac_digital.$auto$proc_rom.cc:155:do_switch$12$rdmux[0][6][29]$b$338 [0] }, Y={ $memory$flatten\u_r2r_dac_digital.$auto$proc_rom.cc:155:do_switch$12$rdmux[0][5][14]$b$197 [5] $memory$flatten\u_r2r_dac_digital.$auto$proc_rom.cc:155:do_switch$12$rdmux[0][5][14]$b$197 [3:0] }
      New connections: { $memory$flatten\u_r2r_dac_digital.$auto$proc_rom.cc:155:do_switch$12$rdmux[0][5][14]$b$197 [7:6] $memory$flatten\u_r2r_dac_digital.$auto$proc_rom.cc:155:do_switch$12$rdmux[0][5][14]$b$197 [4] } = { 2'10 $memory$flatten\u_r2r_dac_digital.$auto$proc_rom.cc:155:do_switch$12$rdmux[0][5][14]$b$197 [3] }
    Consolidated identical input bits for $mux cell $memory$flatten\u_r2r_dac_digital.$auto$proc_rom.cc:155:do_switch$12$rdmux[0][6][28]$333:
      Old ports: A=$memory$flatten\u_r2r_dac_digital.$auto$proc_rom.cc:155:do_switch$12$rdmux[0][6][28]$a$334, B=$memory$flatten\u_r2r_dac_digital.$auto$proc_rom.cc:155:do_switch$12$rdmux[0][6][28]$b$335, Y=$memory$flatten\u_r2r_dac_digital.$auto$proc_rom.cc:155:do_switch$12$rdmux[0][5][14]$a$196
      New ports: A={ $memory$flatten\u_r2r_dac_digital.$auto$proc_rom.cc:155:do_switch$12$rdmux[0][6][28]$a$334 [4] $memory$flatten\u_r2r_dac_digital.$auto$proc_rom.cc:155:do_switch$12$rdmux[0][6][28]$a$334 [0] 1'0 $memory$flatten\u_r2r_dac_digital.$auto$proc_rom.cc:155:do_switch$12$rdmux[0][6][28]$a$334 [0] }, B={ 1'0 $memory$flatten\u_r2r_dac_digital.$auto$proc_rom.cc:155:do_switch$12$rdmux[0][6][28]$b$335 [3] 1'1 $memory$flatten\u_r2r_dac_digital.$auto$proc_rom.cc:155:do_switch$12$rdmux[0][6][28]$b$335 [0] }, Y={ $memory$flatten\u_r2r_dac_digital.$auto$proc_rom.cc:155:do_switch$12$rdmux[0][5][14]$a$196 [4:3] $memory$flatten\u_r2r_dac_digital.$auto$proc_rom.cc:155:do_switch$12$rdmux[0][5][14]$a$196 [1:0] }
      New connections: { $memory$flatten\u_r2r_dac_digital.$auto$proc_rom.cc:155:do_switch$12$rdmux[0][5][14]$a$196 [7:5] $memory$flatten\u_r2r_dac_digital.$auto$proc_rom.cc:155:do_switch$12$rdmux[0][5][14]$a$196 [2] } = { 3'101 $memory$flatten\u_r2r_dac_digital.$auto$proc_rom.cc:155:do_switch$12$rdmux[0][5][14]$a$196 [0] }
    Consolidated identical input bits for $mux cell $memory$flatten\u_r2r_dac_digital.$auto$proc_rom.cc:155:do_switch$12$rdmux[0][6][27]$330:
      Old ports: A=$memory$flatten\u_r2r_dac_digital.$auto$proc_rom.cc:155:do_switch$12$rdmux[0][6][27]$a$331, B=$memory$flatten\u_r2r_dac_digital.$auto$proc_rom.cc:155:do_switch$12$rdmux[0][6][27]$b$332, Y=$memory$flatten\u_r2r_dac_digital.$auto$proc_rom.cc:155:do_switch$12$rdmux[0][5][13]$b$194
      New ports: A={ 1'1 $memory$flatten\u_r2r_dac_digital.$auto$proc_rom.cc:155:do_switch$12$rdmux[0][6][27]$a$331 [2] 1'0 $memory$flatten\u_r2r_dac_digital.$auto$proc_rom.cc:155:do_switch$12$rdmux[0][6][27]$a$331 [0] }, B={ 1'0 $memory$flatten\u_r2r_dac_digital.$auto$proc_rom.cc:155:do_switch$12$rdmux[0][6][27]$b$332 [2] 1'1 $memory$flatten\u_r2r_dac_digital.$auto$proc_rom.cc:155:do_switch$12$rdmux[0][6][27]$b$332 [0] }, Y=$memory$flatten\u_r2r_dac_digital.$auto$proc_rom.cc:155:do_switch$12$rdmux[0][5][13]$b$194 [3:0]
      New connections: $memory$flatten\u_r2r_dac_digital.$auto$proc_rom.cc:155:do_switch$12$rdmux[0][5][13]$b$194 [7:4] = 4'1011
    Consolidated identical input bits for $mux cell $memory$flatten\u_r2r_dac_digital.$auto$proc_rom.cc:155:do_switch$12$rdmux[0][6][26]$327:
      Old ports: A=$memory$flatten\u_r2r_dac_digital.$auto$proc_rom.cc:155:do_switch$12$rdmux[0][6][26]$a$328, B=$memory$flatten\u_r2r_dac_digital.$auto$proc_rom.cc:155:do_switch$12$rdmux[0][6][26]$b$329, Y=$memory$flatten\u_r2r_dac_digital.$auto$proc_rom.cc:155:do_switch$12$rdmux[0][5][13]$a$193
      New ports: A={ 3'101 $memory$flatten\u_r2r_dac_digital.$auto$proc_rom.cc:155:do_switch$12$rdmux[0][6][26]$a$328 [1] 1'0 }, B={ $memory$flatten\u_r2r_dac_digital.$auto$proc_rom.cc:155:do_switch$12$rdmux[0][6][26]$b$329 [0] $memory$flatten\u_r2r_dac_digital.$auto$proc_rom.cc:155:do_switch$12$rdmux[0][6][26]$b$329 [1] $memory$flatten\u_r2r_dac_digital.$auto$proc_rom.cc:155:do_switch$12$rdmux[0][6][26]$b$329 [1] $memory$flatten\u_r2r_dac_digital.$auto$proc_rom.cc:155:do_switch$12$rdmux[0][6][26]$b$329 [1:0] }, Y={ $memory$flatten\u_r2r_dac_digital.$auto$proc_rom.cc:155:do_switch$12$rdmux[0][5][13]$a$193 [6] $memory$flatten\u_r2r_dac_digital.$auto$proc_rom.cc:155:do_switch$12$rdmux[0][5][13]$a$193 [3:0] }
      New connections: { $memory$flatten\u_r2r_dac_digital.$auto$proc_rom.cc:155:do_switch$12$rdmux[0][5][13]$a$193 [7] $memory$flatten\u_r2r_dac_digital.$auto$proc_rom.cc:155:do_switch$12$rdmux[0][5][13]$a$193 [5:4] } = { 1'1 $memory$flatten\u_r2r_dac_digital.$auto$proc_rom.cc:155:do_switch$12$rdmux[0][5][13]$a$193 [3] $memory$flatten\u_r2r_dac_digital.$auto$proc_rom.cc:155:do_switch$12$rdmux[0][5][13]$a$193 [3] }
    Consolidated identical input bits for $mux cell $memory$flatten\u_r2r_dac_digital.$auto$proc_rom.cc:155:do_switch$12$rdmux[0][6][25]$324:
      Old ports: A=$memory$flatten\u_r2r_dac_digital.$auto$proc_rom.cc:155:do_switch$12$rdmux[0][6][25]$a$325, B=$memory$flatten\u_r2r_dac_digital.$auto$proc_rom.cc:155:do_switch$12$rdmux[0][6][25]$b$326, Y=$memory$flatten\u_r2r_dac_digital.$auto$proc_rom.cc:155:do_switch$12$rdmux[0][5][12]$b$191
      New ports: A={ $memory$flatten\u_r2r_dac_digital.$auto$proc_rom.cc:155:do_switch$12$rdmux[0][6][25]$a$325 [4] $memory$flatten\u_r2r_dac_digital.$auto$proc_rom.cc:155:do_switch$12$rdmux[0][6][25]$a$325 [1] $memory$flatten\u_r2r_dac_digital.$auto$proc_rom.cc:155:do_switch$12$rdmux[0][6][25]$a$325 [1] $memory$flatten\u_r2r_dac_digital.$auto$proc_rom.cc:155:do_switch$12$rdmux[0][6][25]$a$325 [1] 1'0 }, B={ 3'010 $memory$flatten\u_r2r_dac_digital.$auto$proc_rom.cc:155:do_switch$12$rdmux[0][6][25]$b$326 [1] 1'1 }, Y=$memory$flatten\u_r2r_dac_digital.$auto$proc_rom.cc:155:do_switch$12$rdmux[0][5][12]$b$191 [4:0]
      New connections: $memory$flatten\u_r2r_dac_digital.$auto$proc_rom.cc:155:do_switch$12$rdmux[0][5][12]$b$191 [7:5] = 3'110
    Consolidated identical input bits for $mux cell $memory$flatten\u_r2r_dac_digital.$auto$proc_rom.cc:155:do_switch$12$rdmux[0][6][24]$321:
      Old ports: A=$memory$flatten\u_r2r_dac_digital.$auto$proc_rom.cc:155:do_switch$12$rdmux[0][6][24]$a$322, B=$memory$flatten\u_r2r_dac_digital.$auto$proc_rom.cc:155:do_switch$12$rdmux[0][6][24]$b$323, Y=$memory$flatten\u_r2r_dac_digital.$auto$proc_rom.cc:155:do_switch$12$rdmux[0][5][12]$a$190
      New ports: A={ $memory$flatten\u_r2r_dac_digital.$auto$proc_rom.cc:155:do_switch$12$rdmux[0][6][24]$a$322 [3] $memory$flatten\u_r2r_dac_digital.$auto$proc_rom.cc:155:do_switch$12$rdmux[0][6][24]$a$322 [0] 1'1 $memory$flatten\u_r2r_dac_digital.$auto$proc_rom.cc:155:do_switch$12$rdmux[0][6][24]$a$322 [0] }, B={ 1'0 $memory$flatten\u_r2r_dac_digital.$auto$proc_rom.cc:155:do_switch$12$rdmux[0][6][24]$b$323 [2:1] 1'1 }, Y=$memory$flatten\u_r2r_dac_digital.$auto$proc_rom.cc:155:do_switch$12$rdmux[0][5][12]$a$190 [3:0]
      New connections: $memory$flatten\u_r2r_dac_digital.$auto$proc_rom.cc:155:do_switch$12$rdmux[0][5][12]$a$190 [7:4] = 4'1101
    Consolidated identical input bits for $mux cell $memory$flatten\u_r2r_dac_digital.$auto$proc_rom.cc:155:do_switch$12$rdmux[0][6][23]$318:
      Old ports: A=$memory$flatten\u_r2r_dac_digital.$auto$proc_rom.cc:155:do_switch$12$rdmux[0][6][23]$a$319, B=$memory$flatten\u_r2r_dac_digital.$auto$proc_rom.cc:155:do_switch$12$rdmux[0][6][23]$b$320, Y=$memory$flatten\u_r2r_dac_digital.$auto$proc_rom.cc:155:do_switch$12$rdmux[0][5][11]$b$188
      New ports: A={ 2'10 $memory$flatten\u_r2r_dac_digital.$auto$proc_rom.cc:155:do_switch$12$rdmux[0][6][23]$a$319 [1] }, B={ 2'01 $memory$flatten\u_r2r_dac_digital.$auto$proc_rom.cc:155:do_switch$12$rdmux[0][6][23]$b$320 [1] }, Y={ $memory$flatten\u_r2r_dac_digital.$auto$proc_rom.cc:155:do_switch$12$rdmux[0][5][11]$b$188 [5] $memory$flatten\u_r2r_dac_digital.$auto$proc_rom.cc:155:do_switch$12$rdmux[0][5][11]$b$188 [2:1] }
      New connections: { $memory$flatten\u_r2r_dac_digital.$auto$proc_rom.cc:155:do_switch$12$rdmux[0][5][11]$b$188 [7:6] $memory$flatten\u_r2r_dac_digital.$auto$proc_rom.cc:155:do_switch$12$rdmux[0][5][11]$b$188 [4:3] $memory$flatten\u_r2r_dac_digital.$auto$proc_rom.cc:155:do_switch$12$rdmux[0][5][11]$b$188 [0] } = { 2'11 $memory$flatten\u_r2r_dac_digital.$auto$proc_rom.cc:155:do_switch$12$rdmux[0][5][11]$b$188 [2] $memory$flatten\u_r2r_dac_digital.$auto$proc_rom.cc:155:do_switch$12$rdmux[0][5][11]$b$188 [2] 1'0 }
    Consolidated identical input bits for $mux cell $memory$flatten\u_r2r_dac_digital.$auto$proc_rom.cc:155:do_switch$12$rdmux[0][6][22]$315:
      Old ports: A=$memory$flatten\u_r2r_dac_digital.$auto$proc_rom.cc:155:do_switch$12$rdmux[0][6][22]$a$316, B=$memory$flatten\u_r2r_dac_digital.$auto$proc_rom.cc:155:do_switch$12$rdmux[0][6][22]$b$317, Y=$memory$flatten\u_r2r_dac_digital.$auto$proc_rom.cc:155:do_switch$12$rdmux[0][5][11]$a$187
      New ports: A={ 2'10 $memory$flatten\u_r2r_dac_digital.$auto$proc_rom.cc:155:do_switch$12$rdmux[0][6][22]$a$316 [1] }, B={ 2'01 $memory$flatten\u_r2r_dac_digital.$auto$proc_rom.cc:155:do_switch$12$rdmux[0][6][22]$b$317 [1] }, Y=$memory$flatten\u_r2r_dac_digital.$auto$proc_rom.cc:155:do_switch$12$rdmux[0][5][11]$a$187 [3:1]
      New connections: { $memory$flatten\u_r2r_dac_digital.$auto$proc_rom.cc:155:do_switch$12$rdmux[0][5][11]$a$187 [7:4] $memory$flatten\u_r2r_dac_digital.$auto$proc_rom.cc:155:do_switch$12$rdmux[0][5][11]$a$187 [0] } = 5'11100
    Consolidated identical input bits for $mux cell $memory$flatten\u_r2r_dac_digital.$auto$proc_rom.cc:155:do_switch$12$rdmux[0][6][21]$312:
      Old ports: A=$memory$flatten\u_r2r_dac_digital.$auto$proc_rom.cc:155:do_switch$12$rdmux[0][6][21]$a$313, B=$memory$flatten\u_r2r_dac_digital.$auto$proc_rom.cc:155:do_switch$12$rdmux[0][6][21]$b$314, Y=$memory$flatten\u_r2r_dac_digital.$auto$proc_rom.cc:155:do_switch$12$rdmux[0][5][10]$b$185
      New ports: A={ $memory$flatten\u_r2r_dac_digital.$auto$proc_rom.cc:155:do_switch$12$rdmux[0][6][21]$a$313 [4] $memory$flatten\u_r2r_dac_digital.$auto$proc_rom.cc:155:do_switch$12$rdmux[0][6][21]$a$313 [1] $memory$flatten\u_r2r_dac_digital.$auto$proc_rom.cc:155:do_switch$12$rdmux[0][6][21]$a$313 [1] $memory$flatten\u_r2r_dac_digital.$auto$proc_rom.cc:155:do_switch$12$rdmux[0][6][21]$a$313 [1] 1'0 }, B={ 2'01 $memory$flatten\u_r2r_dac_digital.$auto$proc_rom.cc:155:do_switch$12$rdmux[0][6][21]$b$314 [2:1] 1'1 }, Y=$memory$flatten\u_r2r_dac_digital.$auto$proc_rom.cc:155:do_switch$12$rdmux[0][5][10]$b$185 [4:0]
      New connections: $memory$flatten\u_r2r_dac_digital.$auto$proc_rom.cc:155:do_switch$12$rdmux[0][5][10]$b$185 [7:5] = 3'111
    Consolidated identical input bits for $mux cell $memory$flatten\u_r2r_dac_digital.$auto$proc_rom.cc:155:do_switch$12$rdmux[0][6][20]$309:
      Old ports: A=$memory$flatten\u_r2r_dac_digital.$auto$proc_rom.cc:155:do_switch$12$rdmux[0][6][20]$a$310, B=$memory$flatten\u_r2r_dac_digital.$auto$proc_rom.cc:155:do_switch$12$rdmux[0][6][20]$b$311, Y=$memory$flatten\u_r2r_dac_digital.$auto$proc_rom.cc:155:do_switch$12$rdmux[0][5][10]$a$184
      New ports: A={ 2'10 $memory$flatten\u_r2r_dac_digital.$auto$proc_rom.cc:155:do_switch$12$rdmux[0][6][20]$a$310 [0] }, B={ 1'0 $memory$flatten\u_r2r_dac_digital.$auto$proc_rom.cc:155:do_switch$12$rdmux[0][6][20]$b$311 [1] 1'1 }, Y=$memory$flatten\u_r2r_dac_digital.$auto$proc_rom.cc:155:do_switch$12$rdmux[0][5][10]$a$184 [2:0]
      New connections: $memory$flatten\u_r2r_dac_digital.$auto$proc_rom.cc:155:do_switch$12$rdmux[0][5][10]$a$184 [7:3] = 5'11110
    Consolidated identical input bits for $mux cell $memory$flatten\u_r2r_dac_digital.$auto$proc_rom.cc:155:do_switch$12$rdmux[0][6][19]$306:
      Old ports: A=$memory$flatten\u_r2r_dac_digital.$auto$proc_rom.cc:155:do_switch$12$rdmux[0][6][19]$a$307, B=$memory$flatten\u_r2r_dac_digital.$auto$proc_rom.cc:155:do_switch$12$rdmux[0][6][19]$b$308, Y=$memory$flatten\u_r2r_dac_digital.$auto$proc_rom.cc:155:do_switch$12$rdmux[0][5][9]$b$182
      New ports: A={ 2'10 $memory$flatten\u_r2r_dac_digital.$auto$proc_rom.cc:155:do_switch$12$rdmux[0][6][19]$a$307 [1:0] }, B={ $memory$flatten\u_r2r_dac_digital.$auto$proc_rom.cc:155:do_switch$12$rdmux[0][6][19]$b$308 [3] $memory$flatten\u_r2r_dac_digital.$auto$proc_rom.cc:155:do_switch$12$rdmux[0][6][19]$b$308 [1] $memory$flatten\u_r2r_dac_digital.$auto$proc_rom.cc:155:do_switch$12$rdmux[0][6][19]$b$308 [1] 1'0 }, Y=$memory$flatten\u_r2r_dac_digital.$auto$proc_rom.cc:155:do_switch$12$rdmux[0][5][9]$b$182 [3:0]
      New connections: $memory$flatten\u_r2r_dac_digital.$auto$proc_rom.cc:155:do_switch$12$rdmux[0][5][9]$b$182 [7:4] = 4'1111
    Consolidated identical input bits for $mux cell $memory$flatten\u_r2r_dac_digital.$auto$proc_rom.cc:155:do_switch$12$rdmux[0][6][18]$303:
      Old ports: A=$memory$flatten\u_r2r_dac_digital.$auto$proc_rom.cc:155:do_switch$12$rdmux[0][6][18]$a$304, B=$memory$flatten\u_r2r_dac_digital.$auto$proc_rom.cc:155:do_switch$12$rdmux[0][6][18]$b$305, Y=$memory$flatten\u_r2r_dac_digital.$auto$proc_rom.cc:155:do_switch$12$rdmux[0][5][9]$a$181
      New ports: A={ 2'10 $memory$flatten\u_r2r_dac_digital.$auto$proc_rom.cc:155:do_switch$12$rdmux[0][6][18]$a$304 [0] }, B={ 2'01 $memory$flatten\u_r2r_dac_digital.$auto$proc_rom.cc:155:do_switch$12$rdmux[0][6][18]$b$305 [0] }, Y=$memory$flatten\u_r2r_dac_digital.$auto$proc_rom.cc:155:do_switch$12$rdmux[0][5][9]$a$181 [2:0]
      New connections: $memory$flatten\u_r2r_dac_digital.$auto$proc_rom.cc:155:do_switch$12$rdmux[0][5][9]$a$181 [7:3] = 5'11111
    Consolidated identical input bits for $mux cell $memory$flatten\u_r2r_dac_digital.$auto$proc_rom.cc:155:do_switch$12$rdmux[0][6][17]$300:
      Old ports: A=8'11111110, B=$memory$flatten\u_r2r_dac_digital.$auto$proc_rom.cc:155:do_switch$12$rdmux[0][6][17]$b$302, Y=$memory$flatten\u_r2r_dac_digital.$auto$proc_rom.cc:155:do_switch$12$rdmux[0][5][8]$b$179
      New ports: A=2'10, B=$memory$flatten\u_r2r_dac_digital.$auto$proc_rom.cc:155:do_switch$12$rdmux[0][6][17]$b$302 [1:0], Y=$memory$flatten\u_r2r_dac_digital.$auto$proc_rom.cc:155:do_switch$12$rdmux[0][5][8]$b$179 [1:0]
      New connections: $memory$flatten\u_r2r_dac_digital.$auto$proc_rom.cc:155:do_switch$12$rdmux[0][5][8]$b$179 [7:2] = 6'111111
    Consolidated identical input bits for $mux cell $memory$flatten\u_r2r_dac_digital.$auto$proc_rom.cc:155:do_switch$12$rdmux[0][6][15]$294:
      Old ports: A=$memory$flatten\u_r2r_dac_digital.$auto$proc_rom.cc:155:do_switch$12$rdmux[0][6][15]$a$295, B=8'11111111, Y=$memory$flatten\u_r2r_dac_digital.$auto$proc_rom.cc:155:do_switch$12$rdmux[0][5][7]$b$176
      New ports: A=$memory$flatten\u_r2r_dac_digital.$auto$proc_rom.cc:155:do_switch$12$rdmux[0][6][15]$a$295 [0], B=1'1, Y=$memory$flatten\u_r2r_dac_digital.$auto$proc_rom.cc:155:do_switch$12$rdmux[0][5][7]$b$176 [0]
      New connections: $memory$flatten\u_r2r_dac_digital.$auto$proc_rom.cc:155:do_switch$12$rdmux[0][5][7]$b$176 [7:1] = 7'1111111
    Consolidated identical input bits for $mux cell $memory$flatten\u_r2r_dac_digital.$auto$proc_rom.cc:155:do_switch$12$rdmux[0][6][13]$288:
      Old ports: A=8'11111010, B=$memory$flatten\u_r2r_dac_digital.$auto$proc_rom.cc:155:do_switch$12$rdmux[0][6][13]$b$290, Y=$memory$flatten\u_r2r_dac_digital.$auto$proc_rom.cc:155:do_switch$12$rdmux[0][5][6]$b$173
      New ports: A=3'010, B={ $memory$flatten\u_r2r_dac_digital.$auto$proc_rom.cc:155:do_switch$12$rdmux[0][6][13]$b$290 [2] $memory$flatten\u_r2r_dac_digital.$auto$proc_rom.cc:155:do_switch$12$rdmux[0][6][13]$b$290 [0] $memory$flatten\u_r2r_dac_digital.$auto$proc_rom.cc:155:do_switch$12$rdmux[0][6][13]$b$290 [0] }, Y=$memory$flatten\u_r2r_dac_digital.$auto$proc_rom.cc:155:do_switch$12$rdmux[0][5][6]$b$173 [2:0]
      New connections: $memory$flatten\u_r2r_dac_digital.$auto$proc_rom.cc:155:do_switch$12$rdmux[0][5][6]$b$173 [7:3] = 5'11111
    Consolidated identical input bits for $mux cell $memory$flatten\u_r2r_dac_digital.$auto$proc_rom.cc:155:do_switch$12$rdmux[0][6][12]$285:
      Old ports: A=$memory$flatten\u_r2r_dac_digital.$auto$proc_rom.cc:155:do_switch$12$rdmux[0][6][12]$a$286, B=$memory$flatten\u_r2r_dac_digital.$auto$proc_rom.cc:155:do_switch$12$rdmux[0][6][12]$b$287, Y=$memory$flatten\u_r2r_dac_digital.$auto$proc_rom.cc:155:do_switch$12$rdmux[0][5][6]$a$172
      New ports: A={ 2'01 $memory$flatten\u_r2r_dac_digital.$auto$proc_rom.cc:155:do_switch$12$rdmux[0][6][12]$a$286 [1:0] }, B={ 3'100 $memory$flatten\u_r2r_dac_digital.$auto$proc_rom.cc:155:do_switch$12$rdmux[0][6][12]$b$287 [0] }, Y=$memory$flatten\u_r2r_dac_digital.$auto$proc_rom.cc:155:do_switch$12$rdmux[0][5][6]$a$172 [3:0]
      New connections: $memory$flatten\u_r2r_dac_digital.$auto$proc_rom.cc:155:do_switch$12$rdmux[0][5][6]$a$172 [7:4] = 4'1111
    Consolidated identical input bits for $mux cell $memory$flatten\u_r2r_dac_digital.$auto$proc_rom.cc:155:do_switch$12$rdmux[0][6][11]$282:
      Old ports: A=$memory$flatten\u_r2r_dac_digital.$auto$proc_rom.cc:155:do_switch$12$rdmux[0][6][11]$a$283, B=$memory$flatten\u_r2r_dac_digital.$auto$proc_rom.cc:155:do_switch$12$rdmux[0][6][11]$b$284, Y=$memory$flatten\u_r2r_dac_digital.$auto$proc_rom.cc:155:do_switch$12$rdmux[0][5][5]$b$170
      New ports: A={ 2'00 $memory$flatten\u_r2r_dac_digital.$auto$proc_rom.cc:155:do_switch$12$rdmux[0][6][11]$a$283 [0] }, B={ $memory$flatten\u_r2r_dac_digital.$auto$proc_rom.cc:155:do_switch$12$rdmux[0][6][11]$b$284 [2] $memory$flatten\u_r2r_dac_digital.$auto$proc_rom.cc:155:do_switch$12$rdmux[0][6][11]$b$284 [0] $memory$flatten\u_r2r_dac_digital.$auto$proc_rom.cc:155:do_switch$12$rdmux[0][6][11]$b$284 [0] }, Y=$memory$flatten\u_r2r_dac_digital.$auto$proc_rom.cc:155:do_switch$12$rdmux[0][5][5]$b$170 [2:0]
      New connections: $memory$flatten\u_r2r_dac_digital.$auto$proc_rom.cc:155:do_switch$12$rdmux[0][5][5]$b$170 [7:3] = 5'11110
    Consolidated identical input bits for $mux cell $memory$flatten\u_r2r_dac_digital.$auto$proc_rom.cc:155:do_switch$12$rdmux[0][6][10]$279:
      Old ports: A=$memory$flatten\u_r2r_dac_digital.$auto$proc_rom.cc:155:do_switch$12$rdmux[0][6][10]$a$280, B=$memory$flatten\u_r2r_dac_digital.$auto$proc_rom.cc:155:do_switch$12$rdmux[0][6][10]$b$281, Y=$memory$flatten\u_r2r_dac_digital.$auto$proc_rom.cc:155:do_switch$12$rdmux[0][5][5]$a$169
      New ports: A={ 2'01 $memory$flatten\u_r2r_dac_digital.$auto$proc_rom.cc:155:do_switch$12$rdmux[0][6][10]$a$280 [0] }, B={ 1'1 $memory$flatten\u_r2r_dac_digital.$auto$proc_rom.cc:155:do_switch$12$rdmux[0][6][10]$b$281 [1:0] }, Y=$memory$flatten\u_r2r_dac_digital.$auto$proc_rom.cc:155:do_switch$12$rdmux[0][5][5]$a$169 [2:0]
      New connections: $memory$flatten\u_r2r_dac_digital.$auto$proc_rom.cc:155:do_switch$12$rdmux[0][5][5]$a$169 [7:3] = 5'11101
    Consolidated identical input bits for $mux cell $memory$flatten\u_r2r_dac_digital.$auto$proc_rom.cc:155:do_switch$12$rdmux[0][6][9]$276:
      Old ports: A=$memory$flatten\u_r2r_dac_digital.$auto$proc_rom.cc:155:do_switch$12$rdmux[0][6][9]$a$277, B=$memory$flatten\u_r2r_dac_digital.$auto$proc_rom.cc:155:do_switch$12$rdmux[0][6][9]$b$278, Y=$memory$flatten\u_r2r_dac_digital.$auto$proc_rom.cc:155:do_switch$12$rdmux[0][5][4]$b$167
      New ports: A={ 1'0 $memory$flatten\u_r2r_dac_digital.$auto$proc_rom.cc:155:do_switch$12$rdmux[0][6][9]$a$277 [2:1] }, B={ $memory$flatten\u_r2r_dac_digital.$auto$proc_rom.cc:155:do_switch$12$rdmux[0][6][9]$b$278 [3] $memory$flatten\u_r2r_dac_digital.$auto$proc_rom.cc:155:do_switch$12$rdmux[0][6][9]$b$278 [1] $memory$flatten\u_r2r_dac_digital.$auto$proc_rom.cc:155:do_switch$12$rdmux[0][6][9]$b$278 [1] }, Y=$memory$flatten\u_r2r_dac_digital.$auto$proc_rom.cc:155:do_switch$12$rdmux[0][5][4]$b$167 [3:1]
      New connections: { $memory$flatten\u_r2r_dac_digital.$auto$proc_rom.cc:155:do_switch$12$rdmux[0][5][4]$b$167 [7:4] $memory$flatten\u_r2r_dac_digital.$auto$proc_rom.cc:155:do_switch$12$rdmux[0][5][4]$b$167 [0] } = 5'11100
    Consolidated identical input bits for $mux cell $memory$flatten\u_r2r_dac_digital.$auto$proc_rom.cc:155:do_switch$12$rdmux[0][6][8]$273:
      Old ports: A=$memory$flatten\u_r2r_dac_digital.$auto$proc_rom.cc:155:do_switch$12$rdmux[0][6][8]$a$274, B=$memory$flatten\u_r2r_dac_digital.$auto$proc_rom.cc:155:do_switch$12$rdmux[0][6][8]$b$275, Y=$memory$flatten\u_r2r_dac_digital.$auto$proc_rom.cc:155:do_switch$12$rdmux[0][5][4]$a$166
      New ports: A={ 2'01 $memory$flatten\u_r2r_dac_digital.$auto$proc_rom.cc:155:do_switch$12$rdmux[0][6][8]$a$274 [2:1] }, B={ $memory$flatten\u_r2r_dac_digital.$auto$proc_rom.cc:155:do_switch$12$rdmux[0][6][8]$b$275 [5] $memory$flatten\u_r2r_dac_digital.$auto$proc_rom.cc:155:do_switch$12$rdmux[0][6][8]$b$275 [1] $memory$flatten\u_r2r_dac_digital.$auto$proc_rom.cc:155:do_switch$12$rdmux[0][6][8]$b$275 [1] $memory$flatten\u_r2r_dac_digital.$auto$proc_rom.cc:155:do_switch$12$rdmux[0][6][8]$b$275 [1] }, Y={ $memory$flatten\u_r2r_dac_digital.$auto$proc_rom.cc:155:do_switch$12$rdmux[0][5][4]$a$166 [5] $memory$flatten\u_r2r_dac_digital.$auto$proc_rom.cc:155:do_switch$12$rdmux[0][5][4]$a$166 [3:1] }
      New connections: { $memory$flatten\u_r2r_dac_digital.$auto$proc_rom.cc:155:do_switch$12$rdmux[0][5][4]$a$166 [7:6] $memory$flatten\u_r2r_dac_digital.$auto$proc_rom.cc:155:do_switch$12$rdmux[0][5][4]$a$166 [4] $memory$flatten\u_r2r_dac_digital.$auto$proc_rom.cc:155:do_switch$12$rdmux[0][5][4]$a$166 [0] } = { 2'11 $memory$flatten\u_r2r_dac_digital.$auto$proc_rom.cc:155:do_switch$12$rdmux[0][5][4]$a$166 [3] 1'0 }
    Consolidated identical input bits for $mux cell $memory$flatten\u_r2r_dac_digital.$auto$proc_rom.cc:155:do_switch$12$rdmux[0][6][7]$270:
      Old ports: A=$memory$flatten\u_r2r_dac_digital.$auto$proc_rom.cc:155:do_switch$12$rdmux[0][6][7]$a$271, B=$memory$flatten\u_r2r_dac_digital.$auto$proc_rom.cc:155:do_switch$12$rdmux[0][6][7]$b$272, Y=$memory$flatten\u_r2r_dac_digital.$auto$proc_rom.cc:155:do_switch$12$rdmux[0][5][3]$b$164
      New ports: A={ 1'0 $memory$flatten\u_r2r_dac_digital.$auto$proc_rom.cc:155:do_switch$12$rdmux[0][6][7]$a$271 [0] $memory$flatten\u_r2r_dac_digital.$auto$proc_rom.cc:155:do_switch$12$rdmux[0][6][7]$a$271 [0] }, B={ 1'1 $memory$flatten\u_r2r_dac_digital.$auto$proc_rom.cc:155:do_switch$12$rdmux[0][6][7]$b$272 [1] 1'1 }, Y=$memory$flatten\u_r2r_dac_digital.$auto$proc_rom.cc:155:do_switch$12$rdmux[0][5][3]$b$164 [2:0]
      New connections: $memory$flatten\u_r2r_dac_digital.$auto$proc_rom.cc:155:do_switch$12$rdmux[0][5][3]$b$164 [7:3] = 5'11010
    Consolidated identical input bits for $mux cell $memory$flatten\u_r2r_dac_digital.$auto$proc_rom.cc:155:do_switch$12$rdmux[0][6][6]$267:
      Old ports: A=$memory$flatten\u_r2r_dac_digital.$auto$proc_rom.cc:155:do_switch$12$rdmux[0][6][6]$a$268, B=$memory$flatten\u_r2r_dac_digital.$auto$proc_rom.cc:155:do_switch$12$rdmux[0][6][6]$b$269, Y=$memory$flatten\u_r2r_dac_digital.$auto$proc_rom.cc:155:do_switch$12$rdmux[0][5][3]$a$163
      New ports: A={ $memory$flatten\u_r2r_dac_digital.$auto$proc_rom.cc:155:do_switch$12$rdmux[0][6][6]$a$268 [0] $memory$flatten\u_r2r_dac_digital.$auto$proc_rom.cc:155:do_switch$12$rdmux[0][6][6]$a$268 [1] $memory$flatten\u_r2r_dac_digital.$auto$proc_rom.cc:155:do_switch$12$rdmux[0][6][6]$a$268 [1:0] }, B={ 1'1 $memory$flatten\u_r2r_dac_digital.$auto$proc_rom.cc:155:do_switch$12$rdmux[0][6][6]$b$269 [2] 1'1 $memory$flatten\u_r2r_dac_digital.$auto$proc_rom.cc:155:do_switch$12$rdmux[0][6][6]$b$269 [0] }, Y=$memory$flatten\u_r2r_dac_digital.$auto$proc_rom.cc:155:do_switch$12$rdmux[0][5][3]$a$163 [3:0]
      New connections: $memory$flatten\u_r2r_dac_digital.$auto$proc_rom.cc:155:do_switch$12$rdmux[0][5][3]$a$163 [7:4] = 4'1100
    Consolidated identical input bits for $mux cell $memory$flatten\u_r2r_dac_digital.$auto$proc_rom.cc:155:do_switch$12$rdmux[0][6][5]$264:
      Old ports: A=$memory$flatten\u_r2r_dac_digital.$auto$proc_rom.cc:155:do_switch$12$rdmux[0][6][5]$a$265, B=$memory$flatten\u_r2r_dac_digital.$auto$proc_rom.cc:155:do_switch$12$rdmux[0][6][5]$b$266, Y=$memory$flatten\u_r2r_dac_digital.$auto$proc_rom.cc:155:do_switch$12$rdmux[0][5][2]$b$161
      New ports: A={ 3'011 $memory$flatten\u_r2r_dac_digital.$auto$proc_rom.cc:155:do_switch$12$rdmux[0][6][5]$a$265 [1] 1'0 }, B={ 2'10 $memory$flatten\u_r2r_dac_digital.$auto$proc_rom.cc:155:do_switch$12$rdmux[0][6][5]$b$266 [2] 1'0 $memory$flatten\u_r2r_dac_digital.$auto$proc_rom.cc:155:do_switch$12$rdmux[0][6][5]$b$266 [0] }, Y={ $memory$flatten\u_r2r_dac_digital.$auto$proc_rom.cc:155:do_switch$12$rdmux[0][5][2]$b$161 [6] $memory$flatten\u_r2r_dac_digital.$auto$proc_rom.cc:155:do_switch$12$rdmux[0][5][2]$b$161 [3:0] }
      New connections: { $memory$flatten\u_r2r_dac_digital.$auto$proc_rom.cc:155:do_switch$12$rdmux[0][5][2]$b$161 [7] $memory$flatten\u_r2r_dac_digital.$auto$proc_rom.cc:155:do_switch$12$rdmux[0][5][2]$b$161 [5:4] } = { 1'1 $memory$flatten\u_r2r_dac_digital.$auto$proc_rom.cc:155:do_switch$12$rdmux[0][5][2]$b$161 [3] $memory$flatten\u_r2r_dac_digital.$auto$proc_rom.cc:155:do_switch$12$rdmux[0][5][2]$b$161 [3] }
    Consolidated identical input bits for $mux cell $memory$flatten\u_r2r_dac_digital.$auto$proc_rom.cc:155:do_switch$12$rdmux[0][6][4]$261:
      Old ports: A=$memory$flatten\u_r2r_dac_digital.$auto$proc_rom.cc:155:do_switch$12$rdmux[0][6][4]$a$262, B=$memory$flatten\u_r2r_dac_digital.$auto$proc_rom.cc:155:do_switch$12$rdmux[0][6][4]$b$263, Y=$memory$flatten\u_r2r_dac_digital.$auto$proc_rom.cc:155:do_switch$12$rdmux[0][5][2]$a$160
      New ports: A={ 2'00 $memory$flatten\u_r2r_dac_digital.$auto$proc_rom.cc:155:do_switch$12$rdmux[0][6][4]$a$262 [0] $memory$flatten\u_r2r_dac_digital.$auto$proc_rom.cc:155:do_switch$12$rdmux[0][6][4]$a$262 [0] }, B={ $memory$flatten\u_r2r_dac_digital.$auto$proc_rom.cc:155:do_switch$12$rdmux[0][6][4]$b$263 [0] $memory$flatten\u_r2r_dac_digital.$auto$proc_rom.cc:155:do_switch$12$rdmux[0][6][4]$b$263 [1] $memory$flatten\u_r2r_dac_digital.$auto$proc_rom.cc:155:do_switch$12$rdmux[0][6][4]$b$263 [1:0] }, Y=$memory$flatten\u_r2r_dac_digital.$auto$proc_rom.cc:155:do_switch$12$rdmux[0][5][2]$a$160 [3:0]
      New connections: $memory$flatten\u_r2r_dac_digital.$auto$proc_rom.cc:155:do_switch$12$rdmux[0][5][2]$a$160 [7:4] = 4'1011
    Consolidated identical input bits for $mux cell $memory$flatten\u_r2r_dac_digital.$auto$proc_rom.cc:155:do_switch$12$rdmux[0][6][3]$258:
      Old ports: A=$memory$flatten\u_r2r_dac_digital.$auto$proc_rom.cc:155:do_switch$12$rdmux[0][6][3]$a$259, B=$memory$flatten\u_r2r_dac_digital.$auto$proc_rom.cc:155:do_switch$12$rdmux[0][6][3]$b$260, Y=$memory$flatten\u_r2r_dac_digital.$auto$proc_rom.cc:155:do_switch$12$rdmux[0][5][1]$b$158
      New ports: A={ 1'0 $memory$flatten\u_r2r_dac_digital.$auto$proc_rom.cc:155:do_switch$12$rdmux[0][6][3]$a$259 [1] 1'1 }, B={ 1'1 $memory$flatten\u_r2r_dac_digital.$auto$proc_rom.cc:155:do_switch$12$rdmux[0][6][3]$b$260 [1:0] }, Y={ $memory$flatten\u_r2r_dac_digital.$auto$proc_rom.cc:155:do_switch$12$rdmux[0][5][1]$b$158 [3] $memory$flatten\u_r2r_dac_digital.$auto$proc_rom.cc:155:do_switch$12$rdmux[0][5][1]$b$158 [1:0] }
      New connections: { $memory$flatten\u_r2r_dac_digital.$auto$proc_rom.cc:155:do_switch$12$rdmux[0][5][1]$b$158 [7:4] $memory$flatten\u_r2r_dac_digital.$auto$proc_rom.cc:155:do_switch$12$rdmux[0][5][1]$b$158 [2] } = { 4'1010 $memory$flatten\u_r2r_dac_digital.$auto$proc_rom.cc:155:do_switch$12$rdmux[0][5][1]$b$158 [0] }
    Consolidated identical input bits for $mux cell $memory$flatten\u_r2r_dac_digital.$auto$proc_rom.cc:155:do_switch$12$rdmux[0][6][2]$255:
      Old ports: A=$memory$flatten\u_r2r_dac_digital.$auto$proc_rom.cc:155:do_switch$12$rdmux[0][6][2]$a$256, B=$memory$flatten\u_r2r_dac_digital.$auto$proc_rom.cc:155:do_switch$12$rdmux[0][6][2]$b$257, Y=$memory$flatten\u_r2r_dac_digital.$auto$proc_rom.cc:155:do_switch$12$rdmux[0][5][1]$a$157
      New ports: A={ 3'010 $memory$flatten\u_r2r_dac_digital.$auto$proc_rom.cc:155:do_switch$12$rdmux[0][6][2]$a$256 [0] $memory$flatten\u_r2r_dac_digital.$auto$proc_rom.cc:155:do_switch$12$rdmux[0][6][2]$a$256 [0] }, B={ $memory$flatten\u_r2r_dac_digital.$auto$proc_rom.cc:155:do_switch$12$rdmux[0][6][2]$b$257 [5] $memory$flatten\u_r2r_dac_digital.$auto$proc_rom.cc:155:do_switch$12$rdmux[0][6][2]$b$257 [2] $memory$flatten\u_r2r_dac_digital.$auto$proc_rom.cc:155:do_switch$12$rdmux[0][6][2]$b$257 [2] 2'10 }, Y={ $memory$flatten\u_r2r_dac_digital.$auto$proc_rom.cc:155:do_switch$12$rdmux[0][5][1]$a$157 [5] $memory$flatten\u_r2r_dac_digital.$auto$proc_rom.cc:155:do_switch$12$rdmux[0][5][1]$a$157 [3:0] }
      New connections: { $memory$flatten\u_r2r_dac_digital.$auto$proc_rom.cc:155:do_switch$12$rdmux[0][5][1]$a$157 [7:6] $memory$flatten\u_r2r_dac_digital.$auto$proc_rom.cc:155:do_switch$12$rdmux[0][5][1]$a$157 [4] } = { 2'10 $memory$flatten\u_r2r_dac_digital.$auto$proc_rom.cc:155:do_switch$12$rdmux[0][5][1]$a$157 [3] }
    Consolidated identical input bits for $mux cell $memory$flatten\u_r2r_dac_digital.$auto$proc_rom.cc:155:do_switch$12$rdmux[0][6][1]$252:
      Old ports: A=$memory$flatten\u_r2r_dac_digital.$auto$proc_rom.cc:155:do_switch$12$rdmux[0][6][1]$a$253, B=$memory$flatten\u_r2r_dac_digital.$auto$proc_rom.cc:155:do_switch$12$rdmux[0][6][1]$b$254, Y=$memory$flatten\u_r2r_dac_digital.$auto$proc_rom.cc:155:do_switch$12$rdmux[0][5][0]$b$155
      New ports: A={ 3'011 $memory$flatten\u_r2r_dac_digital.$auto$proc_rom.cc:155:do_switch$12$rdmux[0][6][1]$a$253 [0] $memory$flatten\u_r2r_dac_digital.$auto$proc_rom.cc:155:do_switch$12$rdmux[0][6][1]$a$253 [0] }, B={ 2'10 $memory$flatten\u_r2r_dac_digital.$auto$proc_rom.cc:155:do_switch$12$rdmux[0][6][1]$b$254 [0] $memory$flatten\u_r2r_dac_digital.$auto$proc_rom.cc:155:do_switch$12$rdmux[0][6][1]$b$254 [1:0] }, Y=$memory$flatten\u_r2r_dac_digital.$auto$proc_rom.cc:155:do_switch$12$rdmux[0][5][0]$b$155 [4:0]
      New connections: $memory$flatten\u_r2r_dac_digital.$auto$proc_rom.cc:155:do_switch$12$rdmux[0][5][0]$b$155 [7:5] = 3'100
    Consolidated identical input bits for $mux cell $memory$flatten\u_r2r_dac_digital.$auto$proc_rom.cc:155:do_switch$12$rdmux[0][6][0]$249:
      Old ports: A=$memory$flatten\u_r2r_dac_digital.$auto$proc_rom.cc:155:do_switch$12$rdmux[0][6][0]$a$250, B=$memory$flatten\u_r2r_dac_digital.$auto$proc_rom.cc:155:do_switch$12$rdmux[0][6][0]$b$251, Y=$memory$flatten\u_r2r_dac_digital.$auto$proc_rom.cc:155:do_switch$12$rdmux[0][5][0]$a$154
      New ports: A={ 2'00 $memory$flatten\u_r2r_dac_digital.$auto$proc_rom.cc:155:do_switch$12$rdmux[0][6][0]$a$250 [0] $memory$flatten\u_r2r_dac_digital.$auto$proc_rom.cc:155:do_switch$12$rdmux[0][6][0]$a$250 [0] }, B={ $memory$flatten\u_r2r_dac_digital.$auto$proc_rom.cc:155:do_switch$12$rdmux[0][6][0]$b$251 [0] $memory$flatten\u_r2r_dac_digital.$auto$proc_rom.cc:155:do_switch$12$rdmux[0][6][0]$b$251 [1] $memory$flatten\u_r2r_dac_digital.$auto$proc_rom.cc:155:do_switch$12$rdmux[0][6][0]$b$251 [1:0] }, Y=$memory$flatten\u_r2r_dac_digital.$auto$proc_rom.cc:155:do_switch$12$rdmux[0][5][0]$a$154 [3:0]
      New connections: $memory$flatten\u_r2r_dac_digital.$auto$proc_rom.cc:155:do_switch$12$rdmux[0][5][0]$a$154 [7:4] = 4'1000
  Optimizing cells in module \tt_um_r2r_dac_digital.
    Consolidated identical input bits for $mux cell $memory$flatten\u_r2r_dac_digital.$auto$proc_rom.cc:155:do_switch$12$rdmux[0][5][31]$246:
      Old ports: A=$memory$flatten\u_r2r_dac_digital.$auto$proc_rom.cc:155:do_switch$12$rdmux[0][5][31]$a$247, B=$memory$flatten\u_r2r_dac_digital.$auto$proc_rom.cc:155:do_switch$12$rdmux[0][5][31]$b$248, Y=$memory$flatten\u_r2r_dac_digital.$auto$proc_rom.cc:155:do_switch$12$rdmux[0][4][15]$b$152
      New ports: A={ $memory$flatten\u_r2r_dac_digital.$auto$proc_rom.cc:155:do_switch$12$rdmux[0][5][31]$a$247 [4:3] $memory$flatten\u_r2r_dac_digital.$auto$proc_rom.cc:155:do_switch$12$rdmux[0][5][31]$a$247 [0] $memory$flatten\u_r2r_dac_digital.$auto$proc_rom.cc:155:do_switch$12$rdmux[0][5][31]$a$247 [1:0] }, B={ 1'1 $memory$flatten\u_r2r_dac_digital.$auto$proc_rom.cc:155:do_switch$12$rdmux[0][5][31]$b$248 [3:0] }, Y=$memory$flatten\u_r2r_dac_digital.$auto$proc_rom.cc:155:do_switch$12$rdmux[0][4][15]$b$152 [4:0]
      New connections: $memory$flatten\u_r2r_dac_digital.$auto$proc_rom.cc:155:do_switch$12$rdmux[0][4][15]$b$152 [7:5] = 3'011
    Consolidated identical input bits for $mux cell $memory$flatten\u_r2r_dac_digital.$auto$proc_rom.cc:155:do_switch$12$rdmux[0][5][30]$243:
      Old ports: A=$memory$flatten\u_r2r_dac_digital.$auto$proc_rom.cc:155:do_switch$12$rdmux[0][5][30]$a$244, B=$memory$flatten\u_r2r_dac_digital.$auto$proc_rom.cc:155:do_switch$12$rdmux[0][5][30]$b$245, Y=$memory$flatten\u_r2r_dac_digital.$auto$proc_rom.cc:155:do_switch$12$rdmux[0][4][15]$a$151
      New ports: A={ 1'0 $memory$flatten\u_r2r_dac_digital.$auto$proc_rom.cc:155:do_switch$12$rdmux[0][5][30]$a$244 [4:3] $memory$flatten\u_r2r_dac_digital.$auto$proc_rom.cc:155:do_switch$12$rdmux[0][5][30]$a$244 [0] $memory$flatten\u_r2r_dac_digital.$auto$proc_rom.cc:155:do_switch$12$rdmux[0][5][30]$a$244 [1:0] }, B={ $memory$flatten\u_r2r_dac_digital.$auto$proc_rom.cc:155:do_switch$12$rdmux[0][5][30]$b$245 [5] $memory$flatten\u_r2r_dac_digital.$auto$proc_rom.cc:155:do_switch$12$rdmux[0][5][30]$b$245 [3] $memory$flatten\u_r2r_dac_digital.$auto$proc_rom.cc:155:do_switch$12$rdmux[0][5][30]$b$245 [3:0] }, Y=$memory$flatten\u_r2r_dac_digital.$auto$proc_rom.cc:155:do_switch$12$rdmux[0][4][15]$a$151 [5:0]
      New connections: $memory$flatten\u_r2r_dac_digital.$auto$proc_rom.cc:155:do_switch$12$rdmux[0][4][15]$a$151 [7:6] = 2'01
    Consolidated identical input bits for $mux cell $memory$flatten\u_r2r_dac_digital.$auto$proc_rom.cc:155:do_switch$12$rdmux[0][5][29]$240:
      Old ports: A=$memory$flatten\u_r2r_dac_digital.$auto$proc_rom.cc:155:do_switch$12$rdmux[0][5][29]$a$241, B=$memory$flatten\u_r2r_dac_digital.$auto$proc_rom.cc:155:do_switch$12$rdmux[0][5][29]$b$242, Y=$memory$flatten\u_r2r_dac_digital.$auto$proc_rom.cc:155:do_switch$12$rdmux[0][4][14]$b$149
      New ports: A={ $memory$flatten\u_r2r_dac_digital.$auto$proc_rom.cc:155:do_switch$12$rdmux[0][5][29]$a$241 [6] $memory$flatten\u_r2r_dac_digital.$auto$proc_rom.cc:155:do_switch$12$rdmux[0][5][29]$a$241 [3] $memory$flatten\u_r2r_dac_digital.$auto$proc_rom.cc:155:do_switch$12$rdmux[0][5][29]$a$241 [3:0] }, B={ 2'10 $memory$flatten\u_r2r_dac_digital.$auto$proc_rom.cc:155:do_switch$12$rdmux[0][5][29]$b$242 [3:0] }, Y={ $memory$flatten\u_r2r_dac_digital.$auto$proc_rom.cc:155:do_switch$12$rdmux[0][4][14]$b$149 [6] $memory$flatten\u_r2r_dac_digital.$auto$proc_rom.cc:155:do_switch$12$rdmux[0][4][14]$b$149 [4:0] }
      New connections: { $memory$flatten\u_r2r_dac_digital.$auto$proc_rom.cc:155:do_switch$12$rdmux[0][4][14]$b$149 [7] $memory$flatten\u_r2r_dac_digital.$auto$proc_rom.cc:155:do_switch$12$rdmux[0][4][14]$b$149 [5] } = { 1'0 $memory$flatten\u_r2r_dac_digital.$auto$proc_rom.cc:155:do_switch$12$rdmux[0][4][14]$b$149 [4] }
    Consolidated identical input bits for $mux cell $memory$flatten\u_r2r_dac_digital.$auto$proc_rom.cc:155:do_switch$12$rdmux[0][5][28]$237:
      Old ports: A=$memory$flatten\u_r2r_dac_digital.$auto$proc_rom.cc:155:do_switch$12$rdmux[0][5][28]$a$238, B=$memory$flatten\u_r2r_dac_digital.$auto$proc_rom.cc:155:do_switch$12$rdmux[0][5][28]$b$239, Y=$memory$flatten\u_r2r_dac_digital.$auto$proc_rom.cc:155:do_switch$12$rdmux[0][4][14]$a$148
      New ports: A={ 1'0 $memory$flatten\u_r2r_dac_digital.$auto$proc_rom.cc:155:do_switch$12$rdmux[0][5][28]$a$238 [3:0] }, B=$memory$flatten\u_r2r_dac_digital.$auto$proc_rom.cc:155:do_switch$12$rdmux[0][5][28]$b$239 [4:0], Y=$memory$flatten\u_r2r_dac_digital.$auto$proc_rom.cc:155:do_switch$12$rdmux[0][4][14]$a$148 [4:0]
      New connections: $memory$flatten\u_r2r_dac_digital.$auto$proc_rom.cc:155:do_switch$12$rdmux[0][4][14]$a$148 [7:5] = 3'001
    Consolidated identical input bits for $mux cell $memory$flatten\u_r2r_dac_digital.$auto$proc_rom.cc:155:do_switch$12$rdmux[0][5][27]$234:
      Old ports: A=$memory$flatten\u_r2r_dac_digital.$auto$proc_rom.cc:155:do_switch$12$rdmux[0][5][27]$a$235, B=$memory$flatten\u_r2r_dac_digital.$auto$proc_rom.cc:155:do_switch$12$rdmux[0][5][27]$b$236, Y=$memory$flatten\u_r2r_dac_digital.$auto$proc_rom.cc:155:do_switch$12$rdmux[0][4][13]$b$146
      New ports: A={ 2'01 $memory$flatten\u_r2r_dac_digital.$auto$proc_rom.cc:155:do_switch$12$rdmux[0][5][27]$a$235 [3:1] }, B={ $memory$flatten\u_r2r_dac_digital.$auto$proc_rom.cc:155:do_switch$12$rdmux[0][5][27]$b$236 [5] $memory$flatten\u_r2r_dac_digital.$auto$proc_rom.cc:155:do_switch$12$rdmux[0][5][27]$b$236 [2] $memory$flatten\u_r2r_dac_digital.$auto$proc_rom.cc:155:do_switch$12$rdmux[0][5][27]$b$236 [2] $memory$flatten\u_r2r_dac_digital.$auto$proc_rom.cc:155:do_switch$12$rdmux[0][5][27]$b$236 [2:1] }, Y=$memory$flatten\u_r2r_dac_digital.$auto$proc_rom.cc:155:do_switch$12$rdmux[0][4][13]$b$146 [5:1]
      New connections: { $memory$flatten\u_r2r_dac_digital.$auto$proc_rom.cc:155:do_switch$12$rdmux[0][4][13]$b$146 [7:6] $memory$flatten\u_r2r_dac_digital.$auto$proc_rom.cc:155:do_switch$12$rdmux[0][4][13]$b$146 [0] } = 3'001
    Consolidated identical input bits for $mux cell $memory$flatten\u_r2r_dac_digital.$auto$proc_rom.cc:155:do_switch$12$rdmux[0][5][26]$231:
      Old ports: A=$memory$flatten\u_r2r_dac_digital.$auto$proc_rom.cc:155:do_switch$12$rdmux[0][5][26]$a$232, B=$memory$flatten\u_r2r_dac_digital.$auto$proc_rom.cc:155:do_switch$12$rdmux[0][5][26]$b$233, Y=$memory$flatten\u_r2r_dac_digital.$auto$proc_rom.cc:155:do_switch$12$rdmux[0][4][13]$a$145
      New ports: A={ 2'01 $memory$flatten\u_r2r_dac_digital.$auto$proc_rom.cc:155:do_switch$12$rdmux[0][5][26]$a$232 [2:0] }, B=$memory$flatten\u_r2r_dac_digital.$auto$proc_rom.cc:155:do_switch$12$rdmux[0][5][26]$b$233 [4:0], Y=$memory$flatten\u_r2r_dac_digital.$auto$proc_rom.cc:155:do_switch$12$rdmux[0][4][13]$a$145 [4:0]
      New connections: $memory$flatten\u_r2r_dac_digital.$auto$proc_rom.cc:155:do_switch$12$rdmux[0][4][13]$a$145 [7:5] = 3'000
    Consolidated identical input bits for $mux cell $memory$flatten\u_r2r_dac_digital.$auto$proc_rom.cc:155:do_switch$12$rdmux[0][5][25]$228:
      Old ports: A=$memory$flatten\u_r2r_dac_digital.$auto$proc_rom.cc:155:do_switch$12$rdmux[0][5][25]$a$229, B=$memory$flatten\u_r2r_dac_digital.$auto$proc_rom.cc:155:do_switch$12$rdmux[0][5][25]$b$230, Y=$memory$flatten\u_r2r_dac_digital.$auto$proc_rom.cc:155:do_switch$12$rdmux[0][4][12]$b$143
      New ports: A={ 1'0 $memory$flatten\u_r2r_dac_digital.$auto$proc_rom.cc:155:do_switch$12$rdmux[0][5][25]$a$229 [2:0] }, B=$memory$flatten\u_r2r_dac_digital.$auto$proc_rom.cc:155:do_switch$12$rdmux[0][5][25]$b$230 [3:0], Y=$memory$flatten\u_r2r_dac_digital.$auto$proc_rom.cc:155:do_switch$12$rdmux[0][4][12]$b$143 [3:0]
      New connections: $memory$flatten\u_r2r_dac_digital.$auto$proc_rom.cc:155:do_switch$12$rdmux[0][4][12]$b$143 [7:4] = 4'0000
    Consolidated identical input bits for $mux cell $memory$flatten\u_r2r_dac_digital.$auto$proc_rom.cc:155:do_switch$12$rdmux[0][5][24]$225:
      Old ports: A=8'00000000, B=$memory$flatten\u_r2r_dac_digital.$auto$proc_rom.cc:155:do_switch$12$rdmux[0][5][24]$b$227, Y=$memory$flatten\u_r2r_dac_digital.$auto$proc_rom.cc:155:do_switch$12$rdmux[0][4][12]$a$142
      New ports: A=2'00, B=$memory$flatten\u_r2r_dac_digital.$auto$proc_rom.cc:155:do_switch$12$rdmux[0][5][24]$b$227 [1:0], Y=$memory$flatten\u_r2r_dac_digital.$auto$proc_rom.cc:155:do_switch$12$rdmux[0][4][12]$a$142 [1:0]
      New connections: $memory$flatten\u_r2r_dac_digital.$auto$proc_rom.cc:155:do_switch$12$rdmux[0][4][12]$a$142 [7:2] = 6'000000
    Consolidated identical input bits for $mux cell $memory$flatten\u_r2r_dac_digital.$auto$proc_rom.cc:155:do_switch$12$rdmux[0][5][23]$222:
      Old ports: A=$memory$flatten\u_r2r_dac_digital.$auto$proc_rom.cc:155:do_switch$12$rdmux[0][5][23]$a$223, B=$memory$flatten\u_r2r_dac_digital.$auto$proc_rom.cc:155:do_switch$12$rdmux[0][5][23]$b$224, Y=$memory$flatten\u_r2r_dac_digital.$auto$proc_rom.cc:155:do_switch$12$rdmux[0][4][11]$b$140
      New ports: A=$memory$flatten\u_r2r_dac_digital.$auto$proc_rom.cc:155:do_switch$12$rdmux[0][5][23]$a$223 [1:0], B={ 1'0 $memory$flatten\u_r2r_dac_digital.$auto$proc_rom.cc:155:do_switch$12$rdmux[0][5][23]$b$224 [0] }, Y=$memory$flatten\u_r2r_dac_digital.$auto$proc_rom.cc:155:do_switch$12$rdmux[0][4][11]$b$140 [1:0]
      New connections: $memory$flatten\u_r2r_dac_digital.$auto$proc_rom.cc:155:do_switch$12$rdmux[0][4][11]$b$140 [7:2] = 6'000000
    Consolidated identical input bits for $mux cell $memory$flatten\u_r2r_dac_digital.$auto$proc_rom.cc:155:do_switch$12$rdmux[0][5][22]$219:
      Old ports: A=$memory$flatten\u_r2r_dac_digital.$auto$proc_rom.cc:155:do_switch$12$rdmux[0][5][22]$a$220, B=$memory$flatten\u_r2r_dac_digital.$auto$proc_rom.cc:155:do_switch$12$rdmux[0][5][22]$b$221, Y=$memory$flatten\u_r2r_dac_digital.$auto$proc_rom.cc:155:do_switch$12$rdmux[0][4][11]$a$139
      New ports: A=$memory$flatten\u_r2r_dac_digital.$auto$proc_rom.cc:155:do_switch$12$rdmux[0][5][22]$a$220 [3:0], B={ 1'0 $memory$flatten\u_r2r_dac_digital.$auto$proc_rom.cc:155:do_switch$12$rdmux[0][5][22]$b$221 [2:0] }, Y=$memory$flatten\u_r2r_dac_digital.$auto$proc_rom.cc:155:do_switch$12$rdmux[0][4][11]$a$139 [3:0]
      New connections: $memory$flatten\u_r2r_dac_digital.$auto$proc_rom.cc:155:do_switch$12$rdmux[0][4][11]$a$139 [7:4] = 4'0000
    Consolidated identical input bits for $mux cell $memory$flatten\u_r2r_dac_digital.$auto$proc_rom.cc:155:do_switch$12$rdmux[0][5][21]$216:
      Old ports: A=$memory$flatten\u_r2r_dac_digital.$auto$proc_rom.cc:155:do_switch$12$rdmux[0][5][21]$a$217, B=$memory$flatten\u_r2r_dac_digital.$auto$proc_rom.cc:155:do_switch$12$rdmux[0][5][21]$b$218, Y=$memory$flatten\u_r2r_dac_digital.$auto$proc_rom.cc:155:do_switch$12$rdmux[0][4][10]$b$137
      New ports: A={ 2'10 $memory$flatten\u_r2r_dac_digital.$auto$proc_rom.cc:155:do_switch$12$rdmux[0][5][21]$a$217 [2:0] }, B={ 2'01 $memory$flatten\u_r2r_dac_digital.$auto$proc_rom.cc:155:do_switch$12$rdmux[0][5][21]$b$218 [2:0] }, Y=$memory$flatten\u_r2r_dac_digital.$auto$proc_rom.cc:155:do_switch$12$rdmux[0][4][10]$b$137 [4:0]
      New connections: $memory$flatten\u_r2r_dac_digital.$auto$proc_rom.cc:155:do_switch$12$rdmux[0][4][10]$b$137 [7:5] = 3'000
    Consolidated identical input bits for $mux cell $memory$flatten\u_r2r_dac_digital.$auto$proc_rom.cc:155:do_switch$12$rdmux[0][5][20]$213:
      Old ports: A=$memory$flatten\u_r2r_dac_digital.$auto$proc_rom.cc:155:do_switch$12$rdmux[0][5][20]$a$214, B=$memory$flatten\u_r2r_dac_digital.$auto$proc_rom.cc:155:do_switch$12$rdmux[0][5][20]$b$215, Y=$memory$flatten\u_r2r_dac_digital.$auto$proc_rom.cc:155:do_switch$12$rdmux[0][4][10]$a$136
      New ports: A={ $memory$flatten\u_r2r_dac_digital.$auto$proc_rom.cc:155:do_switch$12$rdmux[0][5][20]$a$214 [5] $memory$flatten\u_r2r_dac_digital.$auto$proc_rom.cc:155:do_switch$12$rdmux[0][5][20]$a$214 [3] $memory$flatten\u_r2r_dac_digital.$auto$proc_rom.cc:155:do_switch$12$rdmux[0][5][20]$a$214 [3:1] }, B={ 2'01 $memory$flatten\u_r2r_dac_digital.$auto$proc_rom.cc:155:do_switch$12$rdmux[0][5][20]$b$215 [3:1] }, Y=$memory$flatten\u_r2r_dac_digital.$auto$proc_rom.cc:155:do_switch$12$rdmux[0][4][10]$a$136 [5:1]
      New connections: { $memory$flatten\u_r2r_dac_digital.$auto$proc_rom.cc:155:do_switch$12$rdmux[0][4][10]$a$136 [7:6] $memory$flatten\u_r2r_dac_digital.$auto$proc_rom.cc:155:do_switch$12$rdmux[0][4][10]$a$136 [0] } = 3'001
    Consolidated identical input bits for $mux cell $memory$flatten\u_r2r_dac_digital.$auto$proc_rom.cc:155:do_switch$12$rdmux[0][5][19]$210:
      Old ports: A=$memory$flatten\u_r2r_dac_digital.$auto$proc_rom.cc:155:do_switch$12$rdmux[0][5][19]$a$211, B=$memory$flatten\u_r2r_dac_digital.$auto$proc_rom.cc:155:do_switch$12$rdmux[0][5][19]$b$212, Y=$memory$flatten\u_r2r_dac_digital.$auto$proc_rom.cc:155:do_switch$12$rdmux[0][4][9]$b$134
      New ports: A={ 1'1 $memory$flatten\u_r2r_dac_digital.$auto$proc_rom.cc:155:do_switch$12$rdmux[0][5][19]$a$211 [3:0] }, B={ 2'01 $memory$flatten\u_r2r_dac_digital.$auto$proc_rom.cc:155:do_switch$12$rdmux[0][5][19]$b$212 [2:0] }, Y=$memory$flatten\u_r2r_dac_digital.$auto$proc_rom.cc:155:do_switch$12$rdmux[0][4][9]$b$134 [4:0]
      New connections: $memory$flatten\u_r2r_dac_digital.$auto$proc_rom.cc:155:do_switch$12$rdmux[0][4][9]$b$134 [7:5] = 3'001
    Consolidated identical input bits for $mux cell $memory$flatten\u_r2r_dac_digital.$auto$proc_rom.cc:155:do_switch$12$rdmux[0][5][18]$207:
      Old ports: A=$memory$flatten\u_r2r_dac_digital.$auto$proc_rom.cc:155:do_switch$12$rdmux[0][5][18]$a$208, B=$memory$flatten\u_r2r_dac_digital.$auto$proc_rom.cc:155:do_switch$12$rdmux[0][5][18]$b$209, Y=$memory$flatten\u_r2r_dac_digital.$auto$proc_rom.cc:155:do_switch$12$rdmux[0][4][9]$a$133
      New ports: A={ 2'10 $memory$flatten\u_r2r_dac_digital.$auto$proc_rom.cc:155:do_switch$12$rdmux[0][5][18]$a$208 [3:0] }, B={ $memory$flatten\u_r2r_dac_digital.$auto$proc_rom.cc:155:do_switch$12$rdmux[0][5][18]$b$209 [6] $memory$flatten\u_r2r_dac_digital.$auto$proc_rom.cc:155:do_switch$12$rdmux[0][5][18]$b$209 [3] $memory$flatten\u_r2r_dac_digital.$auto$proc_rom.cc:155:do_switch$12$rdmux[0][5][18]$b$209 [3:0] }, Y={ $memory$flatten\u_r2r_dac_digital.$auto$proc_rom.cc:155:do_switch$12$rdmux[0][4][9]$a$133 [6] $memory$flatten\u_r2r_dac_digital.$auto$proc_rom.cc:155:do_switch$12$rdmux[0][4][9]$a$133 [4:0] }
      New connections: { $memory$flatten\u_r2r_dac_digital.$auto$proc_rom.cc:155:do_switch$12$rdmux[0][4][9]$a$133 [7] $memory$flatten\u_r2r_dac_digital.$auto$proc_rom.cc:155:do_switch$12$rdmux[0][4][9]$a$133 [5] } = { 1'0 $memory$flatten\u_r2r_dac_digital.$auto$proc_rom.cc:155:do_switch$12$rdmux[0][4][9]$a$133 [4] }
    Consolidated identical input bits for $mux cell $memory$flatten\u_r2r_dac_digital.$auto$proc_rom.cc:155:do_switch$12$rdmux[0][5][17]$204:
      Old ports: A=$memory$flatten\u_r2r_dac_digital.$auto$proc_rom.cc:155:do_switch$12$rdmux[0][5][17]$a$205, B=$memory$flatten\u_r2r_dac_digital.$auto$proc_rom.cc:155:do_switch$12$rdmux[0][5][17]$b$206, Y=$memory$flatten\u_r2r_dac_digital.$auto$proc_rom.cc:155:do_switch$12$rdmux[0][4][8]$b$131
      New ports: A={ $memory$flatten\u_r2r_dac_digital.$auto$proc_rom.cc:155:do_switch$12$rdmux[0][5][17]$a$205 [5] $memory$flatten\u_r2r_dac_digital.$auto$proc_rom.cc:155:do_switch$12$rdmux[0][5][17]$a$205 [3] $memory$flatten\u_r2r_dac_digital.$auto$proc_rom.cc:155:do_switch$12$rdmux[0][5][17]$a$205 [3:0] }, B={ 2'01 $memory$flatten\u_r2r_dac_digital.$auto$proc_rom.cc:155:do_switch$12$rdmux[0][5][17]$b$206 [3] $memory$flatten\u_r2r_dac_digital.$auto$proc_rom.cc:155:do_switch$12$rdmux[0][5][17]$b$206 [0] $memory$flatten\u_r2r_dac_digital.$auto$proc_rom.cc:155:do_switch$12$rdmux[0][5][17]$b$206 [1:0] }, Y=$memory$flatten\u_r2r_dac_digital.$auto$proc_rom.cc:155:do_switch$12$rdmux[0][4][8]$b$131 [5:0]
      New connections: $memory$flatten\u_r2r_dac_digital.$auto$proc_rom.cc:155:do_switch$12$rdmux[0][4][8]$b$131 [7:6] = 2'01
    Consolidated identical input bits for $mux cell $memory$flatten\u_r2r_dac_digital.$auto$proc_rom.cc:155:do_switch$12$rdmux[0][5][16]$201:
      Old ports: A=$memory$flatten\u_r2r_dac_digital.$auto$proc_rom.cc:155:do_switch$12$rdmux[0][5][16]$a$202, B=$memory$flatten\u_r2r_dac_digital.$auto$proc_rom.cc:155:do_switch$12$rdmux[0][5][16]$b$203, Y=$memory$flatten\u_r2r_dac_digital.$auto$proc_rom.cc:155:do_switch$12$rdmux[0][4][8]$a$130
      New ports: A={ $memory$flatten\u_r2r_dac_digital.$auto$proc_rom.cc:155:do_switch$12$rdmux[0][5][16]$a$202 [7] $memory$flatten\u_r2r_dac_digital.$auto$proc_rom.cc:155:do_switch$12$rdmux[0][5][16]$a$202 [4] $memory$flatten\u_r2r_dac_digital.$auto$proc_rom.cc:155:do_switch$12$rdmux[0][5][16]$a$202 [4:0] }, B={ 2'01 $memory$flatten\u_r2r_dac_digital.$auto$proc_rom.cc:155:do_switch$12$rdmux[0][5][16]$b$203 [4:0] }, Y={ $memory$flatten\u_r2r_dac_digital.$auto$proc_rom.cc:155:do_switch$12$rdmux[0][4][8]$a$130 [7] $memory$flatten\u_r2r_dac_digital.$auto$proc_rom.cc:155:do_switch$12$rdmux[0][4][8]$a$130 [5:0] }
      New connections: $memory$flatten\u_r2r_dac_digital.$auto$proc_rom.cc:155:do_switch$12$rdmux[0][4][8]$a$130 [6] = $memory$flatten\u_r2r_dac_digital.$auto$proc_rom.cc:155:do_switch$12$rdmux[0][4][8]$a$130 [5]
    Consolidated identical input bits for $mux cell $memory$flatten\u_r2r_dac_digital.$auto$proc_rom.cc:155:do_switch$12$rdmux[0][5][15]$198:
      Old ports: A=$memory$flatten\u_r2r_dac_digital.$auto$proc_rom.cc:155:do_switch$12$rdmux[0][5][15]$a$199, B=$memory$flatten\u_r2r_dac_digital.$auto$proc_rom.cc:155:do_switch$12$rdmux[0][5][15]$b$200, Y=$memory$flatten\u_r2r_dac_digital.$auto$proc_rom.cc:155:do_switch$12$rdmux[0][4][7]$b$128
      New ports: A={ $memory$flatten\u_r2r_dac_digital.$auto$proc_rom.cc:155:do_switch$12$rdmux[0][5][15]$a$199 [4:3] $memory$flatten\u_r2r_dac_digital.$auto$proc_rom.cc:155:do_switch$12$rdmux[0][5][15]$a$199 [0] $memory$flatten\u_r2r_dac_digital.$auto$proc_rom.cc:155:do_switch$12$rdmux[0][5][15]$a$199 [1:0] }, B={ 1'0 $memory$flatten\u_r2r_dac_digital.$auto$proc_rom.cc:155:do_switch$12$rdmux[0][5][15]$b$200 [3:0] }, Y=$memory$flatten\u_r2r_dac_digital.$auto$proc_rom.cc:155:do_switch$12$rdmux[0][4][7]$b$128 [4:0]
      New connections: $memory$flatten\u_r2r_dac_digital.$auto$proc_rom.cc:155:do_switch$12$rdmux[0][4][7]$b$128 [7:5] = 3'100
    Consolidated identical input bits for $mux cell $memory$flatten\u_r2r_dac_digital.$auto$proc_rom.cc:155:do_switch$12$rdmux[0][5][14]$195:
      Old ports: A=$memory$flatten\u_r2r_dac_digital.$auto$proc_rom.cc:155:do_switch$12$rdmux[0][5][14]$a$196, B=$memory$flatten\u_r2r_dac_digital.$auto$proc_rom.cc:155:do_switch$12$rdmux[0][5][14]$b$197, Y=$memory$flatten\u_r2r_dac_digital.$auto$proc_rom.cc:155:do_switch$12$rdmux[0][4][7]$a$127
      New ports: A={ 1'1 $memory$flatten\u_r2r_dac_digital.$auto$proc_rom.cc:155:do_switch$12$rdmux[0][5][14]$a$196 [4:3] $memory$flatten\u_r2r_dac_digital.$auto$proc_rom.cc:155:do_switch$12$rdmux[0][5][14]$a$196 [0] $memory$flatten\u_r2r_dac_digital.$auto$proc_rom.cc:155:do_switch$12$rdmux[0][5][14]$a$196 [1:0] }, B={ $memory$flatten\u_r2r_dac_digital.$auto$proc_rom.cc:155:do_switch$12$rdmux[0][5][14]$b$197 [5] $memory$flatten\u_r2r_dac_digital.$auto$proc_rom.cc:155:do_switch$12$rdmux[0][5][14]$b$197 [3] $memory$flatten\u_r2r_dac_digital.$auto$proc_rom.cc:155:do_switch$12$rdmux[0][5][14]$b$197 [3:0] }, Y=$memory$flatten\u_r2r_dac_digital.$auto$proc_rom.cc:155:do_switch$12$rdmux[0][4][7]$a$127 [5:0]
      New connections: $memory$flatten\u_r2r_dac_digital.$auto$proc_rom.cc:155:do_switch$12$rdmux[0][4][7]$a$127 [7:6] = 2'10
    Consolidated identical input bits for $mux cell $memory$flatten\u_r2r_dac_digital.$auto$proc_rom.cc:155:do_switch$12$rdmux[0][5][13]$192:
      Old ports: A=$memory$flatten\u_r2r_dac_digital.$auto$proc_rom.cc:155:do_switch$12$rdmux[0][5][13]$a$193, B=$memory$flatten\u_r2r_dac_digital.$auto$proc_rom.cc:155:do_switch$12$rdmux[0][5][13]$b$194, Y=$memory$flatten\u_r2r_dac_digital.$auto$proc_rom.cc:155:do_switch$12$rdmux[0][4][6]$b$125
      New ports: A={ $memory$flatten\u_r2r_dac_digital.$auto$proc_rom.cc:155:do_switch$12$rdmux[0][5][13]$a$193 [6] $memory$flatten\u_r2r_dac_digital.$auto$proc_rom.cc:155:do_switch$12$rdmux[0][5][13]$a$193 [3] $memory$flatten\u_r2r_dac_digital.$auto$proc_rom.cc:155:do_switch$12$rdmux[0][5][13]$a$193 [3:0] }, B={ 2'01 $memory$flatten\u_r2r_dac_digital.$auto$proc_rom.cc:155:do_switch$12$rdmux[0][5][13]$b$194 [3:0] }, Y={ $memory$flatten\u_r2r_dac_digital.$auto$proc_rom.cc:155:do_switch$12$rdmux[0][4][6]$b$125 [6] $memory$flatten\u_r2r_dac_digital.$auto$proc_rom.cc:155:do_switch$12$rdmux[0][4][6]$b$125 [4:0] }
      New connections: { $memory$flatten\u_r2r_dac_digital.$auto$proc_rom.cc:155:do_switch$12$rdmux[0][4][6]$b$125 [7] $memory$flatten\u_r2r_dac_digital.$auto$proc_rom.cc:155:do_switch$12$rdmux[0][4][6]$b$125 [5] } = { 1'1 $memory$flatten\u_r2r_dac_digital.$auto$proc_rom.cc:155:do_switch$12$rdmux[0][4][6]$b$125 [4] }
    Consolidated identical input bits for $mux cell $memory$flatten\u_r2r_dac_digital.$auto$proc_rom.cc:155:do_switch$12$rdmux[0][5][12]$189:
      Old ports: A=$memory$flatten\u_r2r_dac_digital.$auto$proc_rom.cc:155:do_switch$12$rdmux[0][5][12]$a$190, B=$memory$flatten\u_r2r_dac_digital.$auto$proc_rom.cc:155:do_switch$12$rdmux[0][5][12]$b$191, Y=$memory$flatten\u_r2r_dac_digital.$auto$proc_rom.cc:155:do_switch$12$rdmux[0][4][6]$a$124
      New ports: A={ 1'1 $memory$flatten\u_r2r_dac_digital.$auto$proc_rom.cc:155:do_switch$12$rdmux[0][5][12]$a$190 [3:0] }, B=$memory$flatten\u_r2r_dac_digital.$auto$proc_rom.cc:155:do_switch$12$rdmux[0][5][12]$b$191 [4:0], Y=$memory$flatten\u_r2r_dac_digital.$auto$proc_rom.cc:155:do_switch$12$rdmux[0][4][6]$a$124 [4:0]
      New connections: $memory$flatten\u_r2r_dac_digital.$auto$proc_rom.cc:155:do_switch$12$rdmux[0][4][6]$a$124 [7:5] = 3'110
    Consolidated identical input bits for $mux cell $memory$flatten\u_r2r_dac_digital.$auto$proc_rom.cc:155:do_switch$12$rdmux[0][5][11]$186:
      Old ports: A=$memory$flatten\u_r2r_dac_digital.$auto$proc_rom.cc:155:do_switch$12$rdmux[0][5][11]$a$187, B=$memory$flatten\u_r2r_dac_digital.$auto$proc_rom.cc:155:do_switch$12$rdmux[0][5][11]$b$188, Y=$memory$flatten\u_r2r_dac_digital.$auto$proc_rom.cc:155:do_switch$12$rdmux[0][4][5]$b$122
      New ports: A={ 2'10 $memory$flatten\u_r2r_dac_digital.$auto$proc_rom.cc:155:do_switch$12$rdmux[0][5][11]$a$187 [3:1] }, B={ $memory$flatten\u_r2r_dac_digital.$auto$proc_rom.cc:155:do_switch$12$rdmux[0][5][11]$b$188 [5] $memory$flatten\u_r2r_dac_digital.$auto$proc_rom.cc:155:do_switch$12$rdmux[0][5][11]$b$188 [2] $memory$flatten\u_r2r_dac_digital.$auto$proc_rom.cc:155:do_switch$12$rdmux[0][5][11]$b$188 [2] $memory$flatten\u_r2r_dac_digital.$auto$proc_rom.cc:155:do_switch$12$rdmux[0][5][11]$b$188 [2:1] }, Y=$memory$flatten\u_r2r_dac_digital.$auto$proc_rom.cc:155:do_switch$12$rdmux[0][4][5]$b$122 [5:1]
      New connections: { $memory$flatten\u_r2r_dac_digital.$auto$proc_rom.cc:155:do_switch$12$rdmux[0][4][5]$b$122 [7:6] $memory$flatten\u_r2r_dac_digital.$auto$proc_rom.cc:155:do_switch$12$rdmux[0][4][5]$b$122 [0] } = 3'110
    Consolidated identical input bits for $mux cell $memory$flatten\u_r2r_dac_digital.$auto$proc_rom.cc:155:do_switch$12$rdmux[0][5][10]$183:
      Old ports: A=$memory$flatten\u_r2r_dac_digital.$auto$proc_rom.cc:155:do_switch$12$rdmux[0][5][10]$a$184, B=$memory$flatten\u_r2r_dac_digital.$auto$proc_rom.cc:155:do_switch$12$rdmux[0][5][10]$b$185, Y=$memory$flatten\u_r2r_dac_digital.$auto$proc_rom.cc:155:do_switch$12$rdmux[0][4][5]$a$121
      New ports: A={ 2'10 $memory$flatten\u_r2r_dac_digital.$auto$proc_rom.cc:155:do_switch$12$rdmux[0][5][10]$a$184 [2:0] }, B=$memory$flatten\u_r2r_dac_digital.$auto$proc_rom.cc:155:do_switch$12$rdmux[0][5][10]$b$185 [4:0], Y=$memory$flatten\u_r2r_dac_digital.$auto$proc_rom.cc:155:do_switch$12$rdmux[0][4][5]$a$121 [4:0]
      New connections: $memory$flatten\u_r2r_dac_digital.$auto$proc_rom.cc:155:do_switch$12$rdmux[0][4][5]$a$121 [7:5] = 3'111
    Consolidated identical input bits for $mux cell $memory$flatten\u_r2r_dac_digital.$auto$proc_rom.cc:155:do_switch$12$rdmux[0][5][9]$180:
      Old ports: A=$memory$flatten\u_r2r_dac_digital.$auto$proc_rom.cc:155:do_switch$12$rdmux[0][5][9]$a$181, B=$memory$flatten\u_r2r_dac_digital.$auto$proc_rom.cc:155:do_switch$12$rdmux[0][5][9]$b$182, Y=$memory$flatten\u_r2r_dac_digital.$auto$proc_rom.cc:155:do_switch$12$rdmux[0][4][4]$b$119
      New ports: A={ 1'1 $memory$flatten\u_r2r_dac_digital.$auto$proc_rom.cc:155:do_switch$12$rdmux[0][5][9]$a$181 [2:0] }, B=$memory$flatten\u_r2r_dac_digital.$auto$proc_rom.cc:155:do_switch$12$rdmux[0][5][9]$b$182 [3:0], Y=$memory$flatten\u_r2r_dac_digital.$auto$proc_rom.cc:155:do_switch$12$rdmux[0][4][4]$b$119 [3:0]
      New connections: $memory$flatten\u_r2r_dac_digital.$auto$proc_rom.cc:155:do_switch$12$rdmux[0][4][4]$b$119 [7:4] = 4'1111
    Consolidated identical input bits for $mux cell $memory$flatten\u_r2r_dac_digital.$auto$proc_rom.cc:155:do_switch$12$rdmux[0][5][8]$177:
      Old ports: A=8'11111111, B=$memory$flatten\u_r2r_dac_digital.$auto$proc_rom.cc:155:do_switch$12$rdmux[0][5][8]$b$179, Y=$memory$flatten\u_r2r_dac_digital.$auto$proc_rom.cc:155:do_switch$12$rdmux[0][4][4]$a$118
      New ports: A=2'11, B=$memory$flatten\u_r2r_dac_digital.$auto$proc_rom.cc:155:do_switch$12$rdmux[0][5][8]$b$179 [1:0], Y=$memory$flatten\u_r2r_dac_digital.$auto$proc_rom.cc:155:do_switch$12$rdmux[0][4][4]$a$118 [1:0]
      New connections: $memory$flatten\u_r2r_dac_digital.$auto$proc_rom.cc:155:do_switch$12$rdmux[0][4][4]$a$118 [7:2] = 6'111111
    Consolidated identical input bits for $mux cell $memory$flatten\u_r2r_dac_digital.$auto$proc_rom.cc:155:do_switch$12$rdmux[0][5][7]$174:
      Old ports: A=$memory$flatten\u_r2r_dac_digital.$auto$proc_rom.cc:155:do_switch$12$rdmux[0][5][7]$a$175, B=$memory$flatten\u_r2r_dac_digital.$auto$proc_rom.cc:155:do_switch$12$rdmux[0][5][7]$b$176, Y=$memory$flatten\u_r2r_dac_digital.$auto$proc_rom.cc:155:do_switch$12$rdmux[0][4][3]$b$116
      New ports: A=$memory$flatten\u_r2r_dac_digital.$auto$proc_rom.cc:155:do_switch$12$rdmux[0][5][7]$a$175 [1:0], B={ 1'1 $memory$flatten\u_r2r_dac_digital.$auto$proc_rom.cc:155:do_switch$12$rdmux[0][5][7]$b$176 [0] }, Y=$memory$flatten\u_r2r_dac_digital.$auto$proc_rom.cc:155:do_switch$12$rdmux[0][4][3]$b$116 [1:0]
      New connections: $memory$flatten\u_r2r_dac_digital.$auto$proc_rom.cc:155:do_switch$12$rdmux[0][4][3]$b$116 [7:2] = 6'111111
    Consolidated identical input bits for $mux cell $memory$flatten\u_r2r_dac_digital.$auto$proc_rom.cc:155:do_switch$12$rdmux[0][5][6]$171:
      Old ports: A=$memory$flatten\u_r2r_dac_digital.$auto$proc_rom.cc:155:do_switch$12$rdmux[0][5][6]$a$172, B=$memory$flatten\u_r2r_dac_digital.$auto$proc_rom.cc:155:do_switch$12$rdmux[0][5][6]$b$173, Y=$memory$flatten\u_r2r_dac_digital.$auto$proc_rom.cc:155:do_switch$12$rdmux[0][4][3]$a$115
      New ports: A=$memory$flatten\u_r2r_dac_digital.$auto$proc_rom.cc:155:do_switch$12$rdmux[0][5][6]$a$172 [3:0], B={ 1'1 $memory$flatten\u_r2r_dac_digital.$auto$proc_rom.cc:155:do_switch$12$rdmux[0][5][6]$b$173 [2:0] }, Y=$memory$flatten\u_r2r_dac_digital.$auto$proc_rom.cc:155:do_switch$12$rdmux[0][4][3]$a$115 [3:0]
      New connections: $memory$flatten\u_r2r_dac_digital.$auto$proc_rom.cc:155:do_switch$12$rdmux[0][4][3]$a$115 [7:4] = 4'1111
    Consolidated identical input bits for $mux cell $memory$flatten\u_r2r_dac_digital.$auto$proc_rom.cc:155:do_switch$12$rdmux[0][5][5]$168:
      Old ports: A=$memory$flatten\u_r2r_dac_digital.$auto$proc_rom.cc:155:do_switch$12$rdmux[0][5][5]$a$169, B=$memory$flatten\u_r2r_dac_digital.$auto$proc_rom.cc:155:do_switch$12$rdmux[0][5][5]$b$170, Y=$memory$flatten\u_r2r_dac_digital.$auto$proc_rom.cc:155:do_switch$12$rdmux[0][4][2]$b$113
      New ports: A={ 2'01 $memory$flatten\u_r2r_dac_digital.$auto$proc_rom.cc:155:do_switch$12$rdmux[0][5][5]$a$169 [2:0] }, B={ 2'10 $memory$flatten\u_r2r_dac_digital.$auto$proc_rom.cc:155:do_switch$12$rdmux[0][5][5]$b$170 [2:0] }, Y=$memory$flatten\u_r2r_dac_digital.$auto$proc_rom.cc:155:do_switch$12$rdmux[0][4][2]$b$113 [4:0]
      New connections: $memory$flatten\u_r2r_dac_digital.$auto$proc_rom.cc:155:do_switch$12$rdmux[0][4][2]$b$113 [7:5] = 3'111
    Consolidated identical input bits for $mux cell $memory$flatten\u_r2r_dac_digital.$auto$proc_rom.cc:155:do_switch$12$rdmux[0][5][4]$165:
      Old ports: A=$memory$flatten\u_r2r_dac_digital.$auto$proc_rom.cc:155:do_switch$12$rdmux[0][5][4]$a$166, B=$memory$flatten\u_r2r_dac_digital.$auto$proc_rom.cc:155:do_switch$12$rdmux[0][5][4]$b$167, Y=$memory$flatten\u_r2r_dac_digital.$auto$proc_rom.cc:155:do_switch$12$rdmux[0][4][2]$a$112
      New ports: A={ $memory$flatten\u_r2r_dac_digital.$auto$proc_rom.cc:155:do_switch$12$rdmux[0][5][4]$a$166 [5] $memory$flatten\u_r2r_dac_digital.$auto$proc_rom.cc:155:do_switch$12$rdmux[0][5][4]$a$166 [3] $memory$flatten\u_r2r_dac_digital.$auto$proc_rom.cc:155:do_switch$12$rdmux[0][5][4]$a$166 [3:1] }, B={ 2'10 $memory$flatten\u_r2r_dac_digital.$auto$proc_rom.cc:155:do_switch$12$rdmux[0][5][4]$b$167 [3:1] }, Y=$memory$flatten\u_r2r_dac_digital.$auto$proc_rom.cc:155:do_switch$12$rdmux[0][4][2]$a$112 [5:1]
      New connections: { $memory$flatten\u_r2r_dac_digital.$auto$proc_rom.cc:155:do_switch$12$rdmux[0][4][2]$a$112 [7:6] $memory$flatten\u_r2r_dac_digital.$auto$proc_rom.cc:155:do_switch$12$rdmux[0][4][2]$a$112 [0] } = 3'110
    Consolidated identical input bits for $mux cell $memory$flatten\u_r2r_dac_digital.$auto$proc_rom.cc:155:do_switch$12$rdmux[0][5][3]$162:
      Old ports: A=$memory$flatten\u_r2r_dac_digital.$auto$proc_rom.cc:155:do_switch$12$rdmux[0][5][3]$a$163, B=$memory$flatten\u_r2r_dac_digital.$auto$proc_rom.cc:155:do_switch$12$rdmux[0][5][3]$b$164, Y=$memory$flatten\u_r2r_dac_digital.$auto$proc_rom.cc:155:do_switch$12$rdmux[0][4][1]$b$110
      New ports: A={ 1'0 $memory$flatten\u_r2r_dac_digital.$auto$proc_rom.cc:155:do_switch$12$rdmux[0][5][3]$a$163 [3:0] }, B={ 2'10 $memory$flatten\u_r2r_dac_digital.$auto$proc_rom.cc:155:do_switch$12$rdmux[0][5][3]$b$164 [2:0] }, Y=$memory$flatten\u_r2r_dac_digital.$auto$proc_rom.cc:155:do_switch$12$rdmux[0][4][1]$b$110 [4:0]
      New connections: $memory$flatten\u_r2r_dac_digital.$auto$proc_rom.cc:155:do_switch$12$rdmux[0][4][1]$b$110 [7:5] = 3'110
    Consolidated identical input bits for $mux cell $memory$flatten\u_r2r_dac_digital.$auto$proc_rom.cc:155:do_switch$12$rdmux[0][5][2]$159:
      Old ports: A=$memory$flatten\u_r2r_dac_digital.$auto$proc_rom.cc:155:do_switch$12$rdmux[0][5][2]$a$160, B=$memory$flatten\u_r2r_dac_digital.$auto$proc_rom.cc:155:do_switch$12$rdmux[0][5][2]$b$161, Y=$memory$flatten\u_r2r_dac_digital.$auto$proc_rom.cc:155:do_switch$12$rdmux[0][4][1]$a$109
      New ports: A={ 2'01 $memory$flatten\u_r2r_dac_digital.$auto$proc_rom.cc:155:do_switch$12$rdmux[0][5][2]$a$160 [3:0] }, B={ $memory$flatten\u_r2r_dac_digital.$auto$proc_rom.cc:155:do_switch$12$rdmux[0][5][2]$b$161 [6] $memory$flatten\u_r2r_dac_digital.$auto$proc_rom.cc:155:do_switch$12$rdmux[0][5][2]$b$161 [3] $memory$flatten\u_r2r_dac_digital.$auto$proc_rom.cc:155:do_switch$12$rdmux[0][5][2]$b$161 [3:0] }, Y={ $memory$flatten\u_r2r_dac_digital.$auto$proc_rom.cc:155:do_switch$12$rdmux[0][4][1]$a$109 [6] $memory$flatten\u_r2r_dac_digital.$auto$proc_rom.cc:155:do_switch$12$rdmux[0][4][1]$a$109 [4:0] }
      New connections: { $memory$flatten\u_r2r_dac_digital.$auto$proc_rom.cc:155:do_switch$12$rdmux[0][4][1]$a$109 [7] $memory$flatten\u_r2r_dac_digital.$auto$proc_rom.cc:155:do_switch$12$rdmux[0][4][1]$a$109 [5] } = { 1'1 $memory$flatten\u_r2r_dac_digital.$auto$proc_rom.cc:155:do_switch$12$rdmux[0][4][1]$a$109 [4] }
    Consolidated identical input bits for $mux cell $memory$flatten\u_r2r_dac_digital.$auto$proc_rom.cc:155:do_switch$12$rdmux[0][5][1]$156:
      Old ports: A=$memory$flatten\u_r2r_dac_digital.$auto$proc_rom.cc:155:do_switch$12$rdmux[0][5][1]$a$157, B=$memory$flatten\u_r2r_dac_digital.$auto$proc_rom.cc:155:do_switch$12$rdmux[0][5][1]$b$158, Y=$memory$flatten\u_r2r_dac_digital.$auto$proc_rom.cc:155:do_switch$12$rdmux[0][4][0]$b$107
      New ports: A={ $memory$flatten\u_r2r_dac_digital.$auto$proc_rom.cc:155:do_switch$12$rdmux[0][5][1]$a$157 [5] $memory$flatten\u_r2r_dac_digital.$auto$proc_rom.cc:155:do_switch$12$rdmux[0][5][1]$a$157 [3] $memory$flatten\u_r2r_dac_digital.$auto$proc_rom.cc:155:do_switch$12$rdmux[0][5][1]$a$157 [3:0] }, B={ 2'10 $memory$flatten\u_r2r_dac_digital.$auto$proc_rom.cc:155:do_switch$12$rdmux[0][5][1]$b$158 [3] $memory$flatten\u_r2r_dac_digital.$auto$proc_rom.cc:155:do_switch$12$rdmux[0][5][1]$b$158 [0] $memory$flatten\u_r2r_dac_digital.$auto$proc_rom.cc:155:do_switch$12$rdmux[0][5][1]$b$158 [1:0] }, Y=$memory$flatten\u_r2r_dac_digital.$auto$proc_rom.cc:155:do_switch$12$rdmux[0][4][0]$b$107 [5:0]
      New connections: $memory$flatten\u_r2r_dac_digital.$auto$proc_rom.cc:155:do_switch$12$rdmux[0][4][0]$b$107 [7:6] = 2'10
    Consolidated identical input bits for $mux cell $memory$flatten\u_r2r_dac_digital.$auto$proc_rom.cc:155:do_switch$12$rdmux[0][5][0]$153:
      Old ports: A=$memory$flatten\u_r2r_dac_digital.$auto$proc_rom.cc:155:do_switch$12$rdmux[0][5][0]$a$154, B=$memory$flatten\u_r2r_dac_digital.$auto$proc_rom.cc:155:do_switch$12$rdmux[0][5][0]$b$155, Y=$memory$flatten\u_r2r_dac_digital.$auto$proc_rom.cc:155:do_switch$12$rdmux[0][4][0]$a$106
      New ports: A={ 1'0 $memory$flatten\u_r2r_dac_digital.$auto$proc_rom.cc:155:do_switch$12$rdmux[0][5][0]$a$154 [3:0] }, B=$memory$flatten\u_r2r_dac_digital.$auto$proc_rom.cc:155:do_switch$12$rdmux[0][5][0]$b$155 [4:0], Y=$memory$flatten\u_r2r_dac_digital.$auto$proc_rom.cc:155:do_switch$12$rdmux[0][4][0]$a$106 [4:0]
      New connections: $memory$flatten\u_r2r_dac_digital.$auto$proc_rom.cc:155:do_switch$12$rdmux[0][4][0]$a$106 [7:5] = 3'100
  Optimizing cells in module \tt_um_r2r_dac_digital.
    Consolidated identical input bits for $mux cell $memory$flatten\u_r2r_dac_digital.$auto$proc_rom.cc:155:do_switch$12$rdmux[0][4][15]$150:
      Old ports: A=$memory$flatten\u_r2r_dac_digital.$auto$proc_rom.cc:155:do_switch$12$rdmux[0][4][15]$a$151, B=$memory$flatten\u_r2r_dac_digital.$auto$proc_rom.cc:155:do_switch$12$rdmux[0][4][15]$b$152, Y=$memory$flatten\u_r2r_dac_digital.$auto$proc_rom.cc:155:do_switch$12$rdmux[0][3][7]$b$104
      New ports: A=$memory$flatten\u_r2r_dac_digital.$auto$proc_rom.cc:155:do_switch$12$rdmux[0][4][15]$a$151 [5:0], B={ 1'1 $memory$flatten\u_r2r_dac_digital.$auto$proc_rom.cc:155:do_switch$12$rdmux[0][4][15]$b$152 [4:0] }, Y=$memory$flatten\u_r2r_dac_digital.$auto$proc_rom.cc:155:do_switch$12$rdmux[0][3][7]$b$104 [5:0]
      New connections: $memory$flatten\u_r2r_dac_digital.$auto$proc_rom.cc:155:do_switch$12$rdmux[0][3][7]$b$104 [7:6] = 2'01
    Consolidated identical input bits for $mux cell $memory$flatten\u_r2r_dac_digital.$auto$proc_rom.cc:155:do_switch$12$rdmux[0][4][14]$147:
      Old ports: A=$memory$flatten\u_r2r_dac_digital.$auto$proc_rom.cc:155:do_switch$12$rdmux[0][4][14]$a$148, B=$memory$flatten\u_r2r_dac_digital.$auto$proc_rom.cc:155:do_switch$12$rdmux[0][4][14]$b$149, Y=$memory$flatten\u_r2r_dac_digital.$auto$proc_rom.cc:155:do_switch$12$rdmux[0][3][7]$a$103
      New ports: A={ 2'01 $memory$flatten\u_r2r_dac_digital.$auto$proc_rom.cc:155:do_switch$12$rdmux[0][4][14]$a$148 [4:0] }, B={ $memory$flatten\u_r2r_dac_digital.$auto$proc_rom.cc:155:do_switch$12$rdmux[0][4][14]$b$149 [6] $memory$flatten\u_r2r_dac_digital.$auto$proc_rom.cc:155:do_switch$12$rdmux[0][4][14]$b$149 [4] $memory$flatten\u_r2r_dac_digital.$auto$proc_rom.cc:155:do_switch$12$rdmux[0][4][14]$b$149 [4:0] }, Y=$memory$flatten\u_r2r_dac_digital.$auto$proc_rom.cc:155:do_switch$12$rdmux[0][3][7]$a$103 [6:0]
      New connections: $memory$flatten\u_r2r_dac_digital.$auto$proc_rom.cc:155:do_switch$12$rdmux[0][3][7]$a$103 [7] = 1'0
    Consolidated identical input bits for $mux cell $memory$flatten\u_r2r_dac_digital.$auto$proc_rom.cc:155:do_switch$12$rdmux[0][4][13]$144:
      Old ports: A=$memory$flatten\u_r2r_dac_digital.$auto$proc_rom.cc:155:do_switch$12$rdmux[0][4][13]$a$145, B=$memory$flatten\u_r2r_dac_digital.$auto$proc_rom.cc:155:do_switch$12$rdmux[0][4][13]$b$146, Y=$memory$flatten\u_r2r_dac_digital.$auto$proc_rom.cc:155:do_switch$12$rdmux[0][3][6]$b$101
      New ports: A={ 1'0 $memory$flatten\u_r2r_dac_digital.$auto$proc_rom.cc:155:do_switch$12$rdmux[0][4][13]$a$145 [4:0] }, B={ $memory$flatten\u_r2r_dac_digital.$auto$proc_rom.cc:155:do_switch$12$rdmux[0][4][13]$b$146 [5:1] 1'1 }, Y=$memory$flatten\u_r2r_dac_digital.$auto$proc_rom.cc:155:do_switch$12$rdmux[0][3][6]$b$101 [5:0]
      New connections: $memory$flatten\u_r2r_dac_digital.$auto$proc_rom.cc:155:do_switch$12$rdmux[0][3][6]$b$101 [7:6] = 2'00
    Consolidated identical input bits for $mux cell $memory$flatten\u_r2r_dac_digital.$auto$proc_rom.cc:155:do_switch$12$rdmux[0][4][12]$141:
      Old ports: A=$memory$flatten\u_r2r_dac_digital.$auto$proc_rom.cc:155:do_switch$12$rdmux[0][4][12]$a$142, B=$memory$flatten\u_r2r_dac_digital.$auto$proc_rom.cc:155:do_switch$12$rdmux[0][4][12]$b$143, Y=$memory$flatten\u_r2r_dac_digital.$auto$proc_rom.cc:155:do_switch$12$rdmux[0][3][6]$a$100
      New ports: A={ 2'00 $memory$flatten\u_r2r_dac_digital.$auto$proc_rom.cc:155:do_switch$12$rdmux[0][4][12]$a$142 [1:0] }, B=$memory$flatten\u_r2r_dac_digital.$auto$proc_rom.cc:155:do_switch$12$rdmux[0][4][12]$b$143 [3:0], Y=$memory$flatten\u_r2r_dac_digital.$auto$proc_rom.cc:155:do_switch$12$rdmux[0][3][6]$a$100 [3:0]
      New connections: $memory$flatten\u_r2r_dac_digital.$auto$proc_rom.cc:155:do_switch$12$rdmux[0][3][6]$a$100 [7:4] = 4'0000
    Consolidated identical input bits for $mux cell $memory$flatten\u_r2r_dac_digital.$auto$proc_rom.cc:155:do_switch$12$rdmux[0][4][11]$138:
      Old ports: A=$memory$flatten\u_r2r_dac_digital.$auto$proc_rom.cc:155:do_switch$12$rdmux[0][4][11]$a$139, B=$memory$flatten\u_r2r_dac_digital.$auto$proc_rom.cc:155:do_switch$12$rdmux[0][4][11]$b$140, Y=$memory$flatten\u_r2r_dac_digital.$auto$proc_rom.cc:155:do_switch$12$rdmux[0][3][5]$b$98
      New ports: A=$memory$flatten\u_r2r_dac_digital.$auto$proc_rom.cc:155:do_switch$12$rdmux[0][4][11]$a$139 [3:0], B={ 2'00 $memory$flatten\u_r2r_dac_digital.$auto$proc_rom.cc:155:do_switch$12$rdmux[0][4][11]$b$140 [1:0] }, Y=$memory$flatten\u_r2r_dac_digital.$auto$proc_rom.cc:155:do_switch$12$rdmux[0][3][5]$b$98 [3:0]
      New connections: $memory$flatten\u_r2r_dac_digital.$auto$proc_rom.cc:155:do_switch$12$rdmux[0][3][5]$b$98 [7:4] = 4'0000
    Consolidated identical input bits for $mux cell $memory$flatten\u_r2r_dac_digital.$auto$proc_rom.cc:155:do_switch$12$rdmux[0][4][10]$135:
      Old ports: A=$memory$flatten\u_r2r_dac_digital.$auto$proc_rom.cc:155:do_switch$12$rdmux[0][4][10]$a$136, B=$memory$flatten\u_r2r_dac_digital.$auto$proc_rom.cc:155:do_switch$12$rdmux[0][4][10]$b$137, Y=$memory$flatten\u_r2r_dac_digital.$auto$proc_rom.cc:155:do_switch$12$rdmux[0][3][5]$a$97
      New ports: A={ $memory$flatten\u_r2r_dac_digital.$auto$proc_rom.cc:155:do_switch$12$rdmux[0][4][10]$a$136 [5:1] 1'1 }, B={ 1'0 $memory$flatten\u_r2r_dac_digital.$auto$proc_rom.cc:155:do_switch$12$rdmux[0][4][10]$b$137 [4:0] }, Y=$memory$flatten\u_r2r_dac_digital.$auto$proc_rom.cc:155:do_switch$12$rdmux[0][3][5]$a$97 [5:0]
      New connections: $memory$flatten\u_r2r_dac_digital.$auto$proc_rom.cc:155:do_switch$12$rdmux[0][3][5]$a$97 [7:6] = 2'00
    Consolidated identical input bits for $mux cell $memory$flatten\u_r2r_dac_digital.$auto$proc_rom.cc:155:do_switch$12$rdmux[0][4][9]$132:
      Old ports: A=$memory$flatten\u_r2r_dac_digital.$auto$proc_rom.cc:155:do_switch$12$rdmux[0][4][9]$a$133, B=$memory$flatten\u_r2r_dac_digital.$auto$proc_rom.cc:155:do_switch$12$rdmux[0][4][9]$b$134, Y=$memory$flatten\u_r2r_dac_digital.$auto$proc_rom.cc:155:do_switch$12$rdmux[0][3][4]$b$95
      New ports: A={ $memory$flatten\u_r2r_dac_digital.$auto$proc_rom.cc:155:do_switch$12$rdmux[0][4][9]$a$133 [6] $memory$flatten\u_r2r_dac_digital.$auto$proc_rom.cc:155:do_switch$12$rdmux[0][4][9]$a$133 [4] $memory$flatten\u_r2r_dac_digital.$auto$proc_rom.cc:155:do_switch$12$rdmux[0][4][9]$a$133 [4:0] }, B={ 2'01 $memory$flatten\u_r2r_dac_digital.$auto$proc_rom.cc:155:do_switch$12$rdmux[0][4][9]$b$134 [4:0] }, Y=$memory$flatten\u_r2r_dac_digital.$auto$proc_rom.cc:155:do_switch$12$rdmux[0][3][4]$b$95 [6:0]
      New connections: $memory$flatten\u_r2r_dac_digital.$auto$proc_rom.cc:155:do_switch$12$rdmux[0][3][4]$b$95 [7] = 1'0
    Consolidated identical input bits for $mux cell $memory$flatten\u_r2r_dac_digital.$auto$proc_rom.cc:155:do_switch$12$rdmux[0][4][7]$126:
      Old ports: A=$memory$flatten\u_r2r_dac_digital.$auto$proc_rom.cc:155:do_switch$12$rdmux[0][4][7]$a$127, B=$memory$flatten\u_r2r_dac_digital.$auto$proc_rom.cc:155:do_switch$12$rdmux[0][4][7]$b$128, Y=$memory$flatten\u_r2r_dac_digital.$auto$proc_rom.cc:155:do_switch$12$rdmux[0][3][3]$b$92
      New ports: A=$memory$flatten\u_r2r_dac_digital.$auto$proc_rom.cc:155:do_switch$12$rdmux[0][4][7]$a$127 [5:0], B={ 1'0 $memory$flatten\u_r2r_dac_digital.$auto$proc_rom.cc:155:do_switch$12$rdmux[0][4][7]$b$128 [4:0] }, Y=$memory$flatten\u_r2r_dac_digital.$auto$proc_rom.cc:155:do_switch$12$rdmux[0][3][3]$b$92 [5:0]
      New connections: $memory$flatten\u_r2r_dac_digital.$auto$proc_rom.cc:155:do_switch$12$rdmux[0][3][3]$b$92 [7:6] = 2'10
    Consolidated identical input bits for $mux cell $memory$flatten\u_r2r_dac_digital.$auto$proc_rom.cc:155:do_switch$12$rdmux[0][4][6]$123:
      Old ports: A=$memory$flatten\u_r2r_dac_digital.$auto$proc_rom.cc:155:do_switch$12$rdmux[0][4][6]$a$124, B=$memory$flatten\u_r2r_dac_digital.$auto$proc_rom.cc:155:do_switch$12$rdmux[0][4][6]$b$125, Y=$memory$flatten\u_r2r_dac_digital.$auto$proc_rom.cc:155:do_switch$12$rdmux[0][3][3]$a$91
      New ports: A={ 2'10 $memory$flatten\u_r2r_dac_digital.$auto$proc_rom.cc:155:do_switch$12$rdmux[0][4][6]$a$124 [4:0] }, B={ $memory$flatten\u_r2r_dac_digital.$auto$proc_rom.cc:155:do_switch$12$rdmux[0][4][6]$b$125 [6] $memory$flatten\u_r2r_dac_digital.$auto$proc_rom.cc:155:do_switch$12$rdmux[0][4][6]$b$125 [4] $memory$flatten\u_r2r_dac_digital.$auto$proc_rom.cc:155:do_switch$12$rdmux[0][4][6]$b$125 [4:0] }, Y=$memory$flatten\u_r2r_dac_digital.$auto$proc_rom.cc:155:do_switch$12$rdmux[0][3][3]$a$91 [6:0]
      New connections: $memory$flatten\u_r2r_dac_digital.$auto$proc_rom.cc:155:do_switch$12$rdmux[0][3][3]$a$91 [7] = 1'1
    Consolidated identical input bits for $mux cell $memory$flatten\u_r2r_dac_digital.$auto$proc_rom.cc:155:do_switch$12$rdmux[0][4][5]$120:
      Old ports: A=$memory$flatten\u_r2r_dac_digital.$auto$proc_rom.cc:155:do_switch$12$rdmux[0][4][5]$a$121, B=$memory$flatten\u_r2r_dac_digital.$auto$proc_rom.cc:155:do_switch$12$rdmux[0][4][5]$b$122, Y=$memory$flatten\u_r2r_dac_digital.$auto$proc_rom.cc:155:do_switch$12$rdmux[0][3][2]$b$89
      New ports: A={ 1'1 $memory$flatten\u_r2r_dac_digital.$auto$proc_rom.cc:155:do_switch$12$rdmux[0][4][5]$a$121 [4:0] }, B={ $memory$flatten\u_r2r_dac_digital.$auto$proc_rom.cc:155:do_switch$12$rdmux[0][4][5]$b$122 [5:1] 1'0 }, Y=$memory$flatten\u_r2r_dac_digital.$auto$proc_rom.cc:155:do_switch$12$rdmux[0][3][2]$b$89 [5:0]
      New connections: $memory$flatten\u_r2r_dac_digital.$auto$proc_rom.cc:155:do_switch$12$rdmux[0][3][2]$b$89 [7:6] = 2'11
    Consolidated identical input bits for $mux cell $memory$flatten\u_r2r_dac_digital.$auto$proc_rom.cc:155:do_switch$12$rdmux[0][4][4]$117:
      Old ports: A=$memory$flatten\u_r2r_dac_digital.$auto$proc_rom.cc:155:do_switch$12$rdmux[0][4][4]$a$118, B=$memory$flatten\u_r2r_dac_digital.$auto$proc_rom.cc:155:do_switch$12$rdmux[0][4][4]$b$119, Y=$memory$flatten\u_r2r_dac_digital.$auto$proc_rom.cc:155:do_switch$12$rdmux[0][3][2]$a$88
      New ports: A={ 2'11 $memory$flatten\u_r2r_dac_digital.$auto$proc_rom.cc:155:do_switch$12$rdmux[0][4][4]$a$118 [1:0] }, B=$memory$flatten\u_r2r_dac_digital.$auto$proc_rom.cc:155:do_switch$12$rdmux[0][4][4]$b$119 [3:0], Y=$memory$flatten\u_r2r_dac_digital.$auto$proc_rom.cc:155:do_switch$12$rdmux[0][3][2]$a$88 [3:0]
      New connections: $memory$flatten\u_r2r_dac_digital.$auto$proc_rom.cc:155:do_switch$12$rdmux[0][3][2]$a$88 [7:4] = 4'1111
    Consolidated identical input bits for $mux cell $memory$flatten\u_r2r_dac_digital.$auto$proc_rom.cc:155:do_switch$12$rdmux[0][4][3]$114:
      Old ports: A=$memory$flatten\u_r2r_dac_digital.$auto$proc_rom.cc:155:do_switch$12$rdmux[0][4][3]$a$115, B=$memory$flatten\u_r2r_dac_digital.$auto$proc_rom.cc:155:do_switch$12$rdmux[0][4][3]$b$116, Y=$memory$flatten\u_r2r_dac_digital.$auto$proc_rom.cc:155:do_switch$12$rdmux[0][3][1]$b$86
      New ports: A=$memory$flatten\u_r2r_dac_digital.$auto$proc_rom.cc:155:do_switch$12$rdmux[0][4][3]$a$115 [3:0], B={ 2'11 $memory$flatten\u_r2r_dac_digital.$auto$proc_rom.cc:155:do_switch$12$rdmux[0][4][3]$b$116 [1:0] }, Y=$memory$flatten\u_r2r_dac_digital.$auto$proc_rom.cc:155:do_switch$12$rdmux[0][3][1]$b$86 [3:0]
      New connections: $memory$flatten\u_r2r_dac_digital.$auto$proc_rom.cc:155:do_switch$12$rdmux[0][3][1]$b$86 [7:4] = 4'1111
    Consolidated identical input bits for $mux cell $memory$flatten\u_r2r_dac_digital.$auto$proc_rom.cc:155:do_switch$12$rdmux[0][4][2]$111:
      Old ports: A=$memory$flatten\u_r2r_dac_digital.$auto$proc_rom.cc:155:do_switch$12$rdmux[0][4][2]$a$112, B=$memory$flatten\u_r2r_dac_digital.$auto$proc_rom.cc:155:do_switch$12$rdmux[0][4][2]$b$113, Y=$memory$flatten\u_r2r_dac_digital.$auto$proc_rom.cc:155:do_switch$12$rdmux[0][3][1]$a$85
      New ports: A={ $memory$flatten\u_r2r_dac_digital.$auto$proc_rom.cc:155:do_switch$12$rdmux[0][4][2]$a$112 [5:1] 1'0 }, B={ 1'1 $memory$flatten\u_r2r_dac_digital.$auto$proc_rom.cc:155:do_switch$12$rdmux[0][4][2]$b$113 [4:0] }, Y=$memory$flatten\u_r2r_dac_digital.$auto$proc_rom.cc:155:do_switch$12$rdmux[0][3][1]$a$85 [5:0]
      New connections: $memory$flatten\u_r2r_dac_digital.$auto$proc_rom.cc:155:do_switch$12$rdmux[0][3][1]$a$85 [7:6] = 2'11
    Consolidated identical input bits for $mux cell $memory$flatten\u_r2r_dac_digital.$auto$proc_rom.cc:155:do_switch$12$rdmux[0][4][1]$108:
      Old ports: A=$memory$flatten\u_r2r_dac_digital.$auto$proc_rom.cc:155:do_switch$12$rdmux[0][4][1]$a$109, B=$memory$flatten\u_r2r_dac_digital.$auto$proc_rom.cc:155:do_switch$12$rdmux[0][4][1]$b$110, Y=$memory$flatten\u_r2r_dac_digital.$auto$proc_rom.cc:155:do_switch$12$rdmux[0][3][0]$b$83
      New ports: A={ $memory$flatten\u_r2r_dac_digital.$auto$proc_rom.cc:155:do_switch$12$rdmux[0][4][1]$a$109 [6] $memory$flatten\u_r2r_dac_digital.$auto$proc_rom.cc:155:do_switch$12$rdmux[0][4][1]$a$109 [4] $memory$flatten\u_r2r_dac_digital.$auto$proc_rom.cc:155:do_switch$12$rdmux[0][4][1]$a$109 [4:0] }, B={ 2'10 $memory$flatten\u_r2r_dac_digital.$auto$proc_rom.cc:155:do_switch$12$rdmux[0][4][1]$b$110 [4:0] }, Y=$memory$flatten\u_r2r_dac_digital.$auto$proc_rom.cc:155:do_switch$12$rdmux[0][3][0]$b$83 [6:0]
      New connections: $memory$flatten\u_r2r_dac_digital.$auto$proc_rom.cc:155:do_switch$12$rdmux[0][3][0]$b$83 [7] = 1'1
    Consolidated identical input bits for $mux cell $memory$flatten\u_r2r_dac_digital.$auto$proc_rom.cc:155:do_switch$12$rdmux[0][4][0]$105:
      Old ports: A=$memory$flatten\u_r2r_dac_digital.$auto$proc_rom.cc:155:do_switch$12$rdmux[0][4][0]$a$106, B=$memory$flatten\u_r2r_dac_digital.$auto$proc_rom.cc:155:do_switch$12$rdmux[0][4][0]$b$107, Y=$memory$flatten\u_r2r_dac_digital.$auto$proc_rom.cc:155:do_switch$12$rdmux[0][3][0]$a$82
      New ports: A={ 1'0 $memory$flatten\u_r2r_dac_digital.$auto$proc_rom.cc:155:do_switch$12$rdmux[0][4][0]$a$106 [4:0] }, B=$memory$flatten\u_r2r_dac_digital.$auto$proc_rom.cc:155:do_switch$12$rdmux[0][4][0]$b$107 [5:0], Y=$memory$flatten\u_r2r_dac_digital.$auto$proc_rom.cc:155:do_switch$12$rdmux[0][3][0]$a$82 [5:0]
      New connections: $memory$flatten\u_r2r_dac_digital.$auto$proc_rom.cc:155:do_switch$12$rdmux[0][3][0]$a$82 [7:6] = 2'10
  Optimizing cells in module \tt_um_r2r_dac_digital.
    Consolidated identical input bits for $mux cell $memory$flatten\u_r2r_dac_digital.$auto$proc_rom.cc:155:do_switch$12$rdmux[0][3][7]$102:
      Old ports: A=$memory$flatten\u_r2r_dac_digital.$auto$proc_rom.cc:155:do_switch$12$rdmux[0][3][7]$a$103, B=$memory$flatten\u_r2r_dac_digital.$auto$proc_rom.cc:155:do_switch$12$rdmux[0][3][7]$b$104, Y=$memory$flatten\u_r2r_dac_digital.$auto$proc_rom.cc:155:do_switch$12$rdmux[0][2][3]$b$80
      New ports: A=$memory$flatten\u_r2r_dac_digital.$auto$proc_rom.cc:155:do_switch$12$rdmux[0][3][7]$a$103 [6:0], B={ 1'1 $memory$flatten\u_r2r_dac_digital.$auto$proc_rom.cc:155:do_switch$12$rdmux[0][3][7]$b$104 [5:0] }, Y=$memory$flatten\u_r2r_dac_digital.$auto$proc_rom.cc:155:do_switch$12$rdmux[0][2][3]$b$80 [6:0]
      New connections: $memory$flatten\u_r2r_dac_digital.$auto$proc_rom.cc:155:do_switch$12$rdmux[0][2][3]$b$80 [7] = 1'0
    Consolidated identical input bits for $mux cell $memory$flatten\u_r2r_dac_digital.$auto$proc_rom.cc:155:do_switch$12$rdmux[0][3][6]$99:
      Old ports: A=$memory$flatten\u_r2r_dac_digital.$auto$proc_rom.cc:155:do_switch$12$rdmux[0][3][6]$a$100, B=$memory$flatten\u_r2r_dac_digital.$auto$proc_rom.cc:155:do_switch$12$rdmux[0][3][6]$b$101, Y=$memory$flatten\u_r2r_dac_digital.$auto$proc_rom.cc:155:do_switch$12$rdmux[0][2][3]$a$79
      New ports: A={ 2'00 $memory$flatten\u_r2r_dac_digital.$auto$proc_rom.cc:155:do_switch$12$rdmux[0][3][6]$a$100 [3:0] }, B=$memory$flatten\u_r2r_dac_digital.$auto$proc_rom.cc:155:do_switch$12$rdmux[0][3][6]$b$101 [5:0], Y=$memory$flatten\u_r2r_dac_digital.$auto$proc_rom.cc:155:do_switch$12$rdmux[0][2][3]$a$79 [5:0]
      New connections: $memory$flatten\u_r2r_dac_digital.$auto$proc_rom.cc:155:do_switch$12$rdmux[0][2][3]$a$79 [7:6] = 2'00
    Consolidated identical input bits for $mux cell $memory$flatten\u_r2r_dac_digital.$auto$proc_rom.cc:155:do_switch$12$rdmux[0][3][5]$96:
      Old ports: A=$memory$flatten\u_r2r_dac_digital.$auto$proc_rom.cc:155:do_switch$12$rdmux[0][3][5]$a$97, B=$memory$flatten\u_r2r_dac_digital.$auto$proc_rom.cc:155:do_switch$12$rdmux[0][3][5]$b$98, Y=$memory$flatten\u_r2r_dac_digital.$auto$proc_rom.cc:155:do_switch$12$rdmux[0][2][2]$b$77
      New ports: A=$memory$flatten\u_r2r_dac_digital.$auto$proc_rom.cc:155:do_switch$12$rdmux[0][3][5]$a$97 [5:0], B={ 2'00 $memory$flatten\u_r2r_dac_digital.$auto$proc_rom.cc:155:do_switch$12$rdmux[0][3][5]$b$98 [3:0] }, Y=$memory$flatten\u_r2r_dac_digital.$auto$proc_rom.cc:155:do_switch$12$rdmux[0][2][2]$b$77 [5:0]
      New connections: $memory$flatten\u_r2r_dac_digital.$auto$proc_rom.cc:155:do_switch$12$rdmux[0][2][2]$b$77 [7:6] = 2'00
    Consolidated identical input bits for $mux cell $memory$flatten\u_r2r_dac_digital.$auto$proc_rom.cc:155:do_switch$12$rdmux[0][3][3]$90:
      Old ports: A=$memory$flatten\u_r2r_dac_digital.$auto$proc_rom.cc:155:do_switch$12$rdmux[0][3][3]$a$91, B=$memory$flatten\u_r2r_dac_digital.$auto$proc_rom.cc:155:do_switch$12$rdmux[0][3][3]$b$92, Y=$memory$flatten\u_r2r_dac_digital.$auto$proc_rom.cc:155:do_switch$12$rdmux[0][2][1]$b$74
      New ports: A=$memory$flatten\u_r2r_dac_digital.$auto$proc_rom.cc:155:do_switch$12$rdmux[0][3][3]$a$91 [6:0], B={ 1'0 $memory$flatten\u_r2r_dac_digital.$auto$proc_rom.cc:155:do_switch$12$rdmux[0][3][3]$b$92 [5:0] }, Y=$memory$flatten\u_r2r_dac_digital.$auto$proc_rom.cc:155:do_switch$12$rdmux[0][2][1]$b$74 [6:0]
      New connections: $memory$flatten\u_r2r_dac_digital.$auto$proc_rom.cc:155:do_switch$12$rdmux[0][2][1]$b$74 [7] = 1'1
    Consolidated identical input bits for $mux cell $memory$flatten\u_r2r_dac_digital.$auto$proc_rom.cc:155:do_switch$12$rdmux[0][3][2]$87:
      Old ports: A=$memory$flatten\u_r2r_dac_digital.$auto$proc_rom.cc:155:do_switch$12$rdmux[0][3][2]$a$88, B=$memory$flatten\u_r2r_dac_digital.$auto$proc_rom.cc:155:do_switch$12$rdmux[0][3][2]$b$89, Y=$memory$flatten\u_r2r_dac_digital.$auto$proc_rom.cc:155:do_switch$12$rdmux[0][2][1]$a$73
      New ports: A={ 2'11 $memory$flatten\u_r2r_dac_digital.$auto$proc_rom.cc:155:do_switch$12$rdmux[0][3][2]$a$88 [3:0] }, B=$memory$flatten\u_r2r_dac_digital.$auto$proc_rom.cc:155:do_switch$12$rdmux[0][3][2]$b$89 [5:0], Y=$memory$flatten\u_r2r_dac_digital.$auto$proc_rom.cc:155:do_switch$12$rdmux[0][2][1]$a$73 [5:0]
      New connections: $memory$flatten\u_r2r_dac_digital.$auto$proc_rom.cc:155:do_switch$12$rdmux[0][2][1]$a$73 [7:6] = 2'11
    Consolidated identical input bits for $mux cell $memory$flatten\u_r2r_dac_digital.$auto$proc_rom.cc:155:do_switch$12$rdmux[0][3][1]$84:
      Old ports: A=$memory$flatten\u_r2r_dac_digital.$auto$proc_rom.cc:155:do_switch$12$rdmux[0][3][1]$a$85, B=$memory$flatten\u_r2r_dac_digital.$auto$proc_rom.cc:155:do_switch$12$rdmux[0][3][1]$b$86, Y=$memory$flatten\u_r2r_dac_digital.$auto$proc_rom.cc:155:do_switch$12$rdmux[0][2][0]$b$71
      New ports: A=$memory$flatten\u_r2r_dac_digital.$auto$proc_rom.cc:155:do_switch$12$rdmux[0][3][1]$a$85 [5:0], B={ 2'11 $memory$flatten\u_r2r_dac_digital.$auto$proc_rom.cc:155:do_switch$12$rdmux[0][3][1]$b$86 [3:0] }, Y=$memory$flatten\u_r2r_dac_digital.$auto$proc_rom.cc:155:do_switch$12$rdmux[0][2][0]$b$71 [5:0]
      New connections: $memory$flatten\u_r2r_dac_digital.$auto$proc_rom.cc:155:do_switch$12$rdmux[0][2][0]$b$71 [7:6] = 2'11
    Consolidated identical input bits for $mux cell $memory$flatten\u_r2r_dac_digital.$auto$proc_rom.cc:155:do_switch$12$rdmux[0][3][0]$81:
      Old ports: A=$memory$flatten\u_r2r_dac_digital.$auto$proc_rom.cc:155:do_switch$12$rdmux[0][3][0]$a$82, B=$memory$flatten\u_r2r_dac_digital.$auto$proc_rom.cc:155:do_switch$12$rdmux[0][3][0]$b$83, Y=$memory$flatten\u_r2r_dac_digital.$auto$proc_rom.cc:155:do_switch$12$rdmux[0][2][0]$a$70
      New ports: A={ 1'0 $memory$flatten\u_r2r_dac_digital.$auto$proc_rom.cc:155:do_switch$12$rdmux[0][3][0]$a$82 [5:0] }, B=$memory$flatten\u_r2r_dac_digital.$auto$proc_rom.cc:155:do_switch$12$rdmux[0][3][0]$b$83 [6:0], Y=$memory$flatten\u_r2r_dac_digital.$auto$proc_rom.cc:155:do_switch$12$rdmux[0][2][0]$a$70 [6:0]
      New connections: $memory$flatten\u_r2r_dac_digital.$auto$proc_rom.cc:155:do_switch$12$rdmux[0][2][0]$a$70 [7] = 1'1
  Optimizing cells in module \tt_um_r2r_dac_digital.
    Consolidated identical input bits for $mux cell $memory$flatten\u_r2r_dac_digital.$auto$proc_rom.cc:155:do_switch$12$rdmux[0][2][3]$78:
      Old ports: A=$memory$flatten\u_r2r_dac_digital.$auto$proc_rom.cc:155:do_switch$12$rdmux[0][2][3]$a$79, B=$memory$flatten\u_r2r_dac_digital.$auto$proc_rom.cc:155:do_switch$12$rdmux[0][2][3]$b$80, Y=$memory$flatten\u_r2r_dac_digital.$auto$proc_rom.cc:155:do_switch$12$rdmux[0][1][1]$b$68
      New ports: A={ 1'0 $memory$flatten\u_r2r_dac_digital.$auto$proc_rom.cc:155:do_switch$12$rdmux[0][2][3]$a$79 [5:0] }, B=$memory$flatten\u_r2r_dac_digital.$auto$proc_rom.cc:155:do_switch$12$rdmux[0][2][3]$b$80 [6:0], Y=$memory$flatten\u_r2r_dac_digital.$auto$proc_rom.cc:155:do_switch$12$rdmux[0][1][1]$b$68 [6:0]
      New connections: $memory$flatten\u_r2r_dac_digital.$auto$proc_rom.cc:155:do_switch$12$rdmux[0][1][1]$b$68 [7] = 1'0
    Consolidated identical input bits for $mux cell $memory$flatten\u_r2r_dac_digital.$auto$proc_rom.cc:155:do_switch$12$rdmux[0][2][1]$72:
      Old ports: A=$memory$flatten\u_r2r_dac_digital.$auto$proc_rom.cc:155:do_switch$12$rdmux[0][2][1]$a$73, B=$memory$flatten\u_r2r_dac_digital.$auto$proc_rom.cc:155:do_switch$12$rdmux[0][2][1]$b$74, Y=$memory$flatten\u_r2r_dac_digital.$auto$proc_rom.cc:155:do_switch$12$rdmux[0][1][0]$b$65
      New ports: A={ 1'1 $memory$flatten\u_r2r_dac_digital.$auto$proc_rom.cc:155:do_switch$12$rdmux[0][2][1]$a$73 [5:0] }, B=$memory$flatten\u_r2r_dac_digital.$auto$proc_rom.cc:155:do_switch$12$rdmux[0][2][1]$b$74 [6:0], Y=$memory$flatten\u_r2r_dac_digital.$auto$proc_rom.cc:155:do_switch$12$rdmux[0][1][0]$b$65 [6:0]
      New connections: $memory$flatten\u_r2r_dac_digital.$auto$proc_rom.cc:155:do_switch$12$rdmux[0][1][0]$b$65 [7] = 1'1
    Consolidated identical input bits for $mux cell $memory$flatten\u_r2r_dac_digital.$auto$proc_rom.cc:155:do_switch$12$rdmux[0][2][0]$69:
      Old ports: A=$memory$flatten\u_r2r_dac_digital.$auto$proc_rom.cc:155:do_switch$12$rdmux[0][2][0]$a$70, B=$memory$flatten\u_r2r_dac_digital.$auto$proc_rom.cc:155:do_switch$12$rdmux[0][2][0]$b$71, Y=$memory$flatten\u_r2r_dac_digital.$auto$proc_rom.cc:155:do_switch$12$rdmux[0][1][0]$a$64
      New ports: A=$memory$flatten\u_r2r_dac_digital.$auto$proc_rom.cc:155:do_switch$12$rdmux[0][2][0]$a$70 [6:0], B={ 1'1 $memory$flatten\u_r2r_dac_digital.$auto$proc_rom.cc:155:do_switch$12$rdmux[0][2][0]$b$71 [5:0] }, Y=$memory$flatten\u_r2r_dac_digital.$auto$proc_rom.cc:155:do_switch$12$rdmux[0][1][0]$a$64 [6:0]
      New connections: $memory$flatten\u_r2r_dac_digital.$auto$proc_rom.cc:155:do_switch$12$rdmux[0][1][0]$a$64 [7] = 1'1
  Optimizing cells in module \tt_um_r2r_dac_digital.
    Consolidated identical input bits for $mux cell $memory$flatten\u_r2r_dac_digital.$auto$proc_rom.cc:155:do_switch$12$rdmux[0][1][0]$63:
      Old ports: A=$memory$flatten\u_r2r_dac_digital.$auto$proc_rom.cc:155:do_switch$12$rdmux[0][1][0]$a$64, B=$memory$flatten\u_r2r_dac_digital.$auto$proc_rom.cc:155:do_switch$12$rdmux[0][1][0]$b$65, Y=$memory$flatten\u_r2r_dac_digital.$auto$proc_rom.cc:155:do_switch$12$rdmux[0][0][0]$a$61
      New ports: A=$memory$flatten\u_r2r_dac_digital.$auto$proc_rom.cc:155:do_switch$12$rdmux[0][1][0]$a$64 [6:0], B=$memory$flatten\u_r2r_dac_digital.$auto$proc_rom.cc:155:do_switch$12$rdmux[0][1][0]$b$65 [6:0], Y=$memory$flatten\u_r2r_dac_digital.$auto$proc_rom.cc:155:do_switch$12$rdmux[0][0][0]$a$61 [6:0]
      New connections: $memory$flatten\u_r2r_dac_digital.$auto$proc_rom.cc:155:do_switch$12$rdmux[0][0][0]$a$61 [7] = 1'1
  Optimizing cells in module \tt_um_r2r_dac_digital.
Performed a total of 234 changes.

83. Executing OPT_MERGE pass (detect identical cells).
Finding identical cells in module `\tt_um_r2r_dac_digital'.
Computing hashes of 257 cells of `\tt_um_r2r_dac_digital'.
Finding duplicate cells in `\tt_um_r2r_dac_digital'.
Computing hashes of 147 cells of `\tt_um_r2r_dac_digital'.
Finding duplicate cells in `\tt_um_r2r_dac_digital'.
Computing hashes of 140 cells of `\tt_um_r2r_dac_digital'.
Finding duplicate cells in `\tt_um_r2r_dac_digital'.
<suppressed ~351 debug messages>
Removed a total of 117 cells.

84. Executing OPT_SHARE pass.

85. Executing OPT_DFF pass (perform DFF optimizations).

86. Executing OPT_CLEAN pass (remove unused cells and wires).
Finding unused cells or wires in module \tt_um_r2r_dac_digital..
Removed 0 unused cells and 389 unused wires.
<suppressed ~1 debug messages>

87. Executing OPT_EXPR pass (perform const folding).
Optimizing module tt_um_r2r_dac_digital.
<suppressed ~3 debug messages>

88. Rerunning OPT passes. (Maybe there is more to do…)

89. Executing OPT_MUXTREE pass (detect dead branches in mux trees).
Running muxtree optimizer on module \tt_um_r2r_dac_digital..
  Creating internal representation of mux trees.
  Evaluating internal representation of mux trees.
  Analyzing evaluation results.
Removed 0 multiplexer ports.
<suppressed ~220 debug messages>

90. Executing OPT_REDUCE pass (consolidate $*mux and $reduce_* inputs).
  Optimizing cells in module \tt_um_r2r_dac_digital.
    Consolidated identical input bits for $mux cell $memory$flatten\u_r2r_dac_digital.$auto$proc_rom.cc:155:do_switch$12$rdmux[0][6][55]$414:
      Old ports: A={ 2'01 $memory$flatten\u_r2r_dac_digital.$auto$proc_rom.cc:155:do_switch$12$rdmux[0][6][0]$a$250 [0] }, B={ 2'10 $memory$flatten\u_r2r_dac_digital.$auto$proc_rom.cc:155:do_switch$12$rdmux[0][6][0]$a$250 [0] }, Y=$memory$flatten\u_r2r_dac_digital.$auto$proc_rom.cc:155:do_switch$12$rdmux[0][5][25]$a$229 [2:0]
      New ports: A=2'01, B=2'10, Y=$memory$flatten\u_r2r_dac_digital.$auto$proc_rom.cc:155:do_switch$12$rdmux[0][5][25]$a$229 [2:1]
      New connections: $memory$flatten\u_r2r_dac_digital.$auto$proc_rom.cc:155:do_switch$12$rdmux[0][5][25]$a$229 [0] = $auto$rtlil.cc:3386:Mux$59 [0]
    Consolidated identical input bits for $mux cell $memory$flatten\u_r2r_dac_digital.$auto$proc_rom.cc:155:do_switch$12$rdmux[0][6][63]$438:
      Old ports: A={ 1'0 $memory$flatten\u_r2r_dac_digital.$auto$proc_rom.cc:155:do_switch$12$rdmux[0][6][10]$b$281 [1] 1'1 $memory$flatten\u_r2r_dac_digital.$auto$proc_rom.cc:155:do_switch$12$rdmux[0][6][10]$b$281 [0] }, B={ 1'1 $memory$flatten\u_r2r_dac_digital.$auto$proc_rom.cc:155:do_switch$12$rdmux[0][6][10]$b$281 [1] 1'0 $memory$flatten\u_r2r_dac_digital.$auto$proc_rom.cc:155:do_switch$12$rdmux[0][6][10]$b$281 [0] }, Y=$memory$flatten\u_r2r_dac_digital.$auto$proc_rom.cc:155:do_switch$12$rdmux[0][5][29]$b$242 [3:0]
      New ports: A=2'01, B=2'10, Y={ $memory$flatten\u_r2r_dac_digital.$auto$proc_rom.cc:155:do_switch$12$rdmux[0][5][29]$b$242 [3] $memory$flatten\u_r2r_dac_digital.$auto$proc_rom.cc:155:do_switch$12$rdmux[0][5][29]$b$242 [1] }
      New connections: { $memory$flatten\u_r2r_dac_digital.$auto$proc_rom.cc:155:do_switch$12$rdmux[0][5][29]$b$242 [2] $memory$flatten\u_r2r_dac_digital.$auto$proc_rom.cc:155:do_switch$12$rdmux[0][5][29]$b$242 [0] } = $memory$flatten\u_r2r_dac_digital.$auto$proc_rom.cc:155:do_switch$12$rdmux[0][6][10]$b$281 [1:0]
    Consolidated identical input bits for $mux cell $memory$flatten\u_r2r_dac_digital.$auto$proc_rom.cc:155:do_switch$12$rdmux[0][6][53]$408:
      Old ports: A={ $memory$flatten\u_r2r_dac_digital.$auto$proc_rom.cc:155:do_switch$12$rdmux[0][6][10]$b$281 [1:0] $memory$flatten\u_r2r_dac_digital.$auto$proc_rom.cc:155:do_switch$12$rdmux[0][6][10]$b$281 [0] $memory$flatten\u_r2r_dac_digital.$auto$proc_rom.cc:155:do_switch$12$rdmux[0][6][10]$b$281 [0] 1'1 }, B={ 2'10 $memory$flatten\u_r2r_dac_digital.$auto$proc_rom.cc:155:do_switch$12$rdmux[0][6][10]$b$281 [1:0] 1'0 }, Y=$memory$flatten\u_r2r_dac_digital.$auto$proc_rom.cc:155:do_switch$12$rdmux[0][5][26]$b$233 [4:0]
      New ports: A={ $memory$flatten\u_r2r_dac_digital.$auto$proc_rom.cc:155:do_switch$12$rdmux[0][6][10]$b$281 [1:0] $memory$flatten\u_r2r_dac_digital.$auto$proc_rom.cc:155:do_switch$12$rdmux[0][6][10]$b$281 [0] 1'1 }, B={ 2'10 $memory$flatten\u_r2r_dac_digital.$auto$proc_rom.cc:155:do_switch$12$rdmux[0][6][10]$b$281 [1] 1'0 }, Y={ $memory$flatten\u_r2r_dac_digital.$auto$proc_rom.cc:155:do_switch$12$rdmux[0][5][26]$b$233 [4:2] $memory$flatten\u_r2r_dac_digital.$auto$proc_rom.cc:155:do_switch$12$rdmux[0][5][26]$b$233 [0] }
      New connections: $memory$flatten\u_r2r_dac_digital.$auto$proc_rom.cc:155:do_switch$12$rdmux[0][5][26]$b$233 [1] = $memory$flatten\u_r2r_dac_digital.$auto$proc_rom.cc:155:do_switch$12$rdmux[0][6][10]$b$281 [0]
    Consolidated identical input bits for $mux cell $memory$flatten\u_r2r_dac_digital.$auto$proc_rom.cc:155:do_switch$12$rdmux[0][6][62]$435:
      Old ports: A={ 1'0 $memory$flatten\u_r2r_dac_digital.$auto$proc_rom.cc:155:do_switch$12$rdmux[0][6][10]$b$281 [1] 1'1 $memory$flatten\u_r2r_dac_digital.$auto$proc_rom.cc:155:do_switch$12$rdmux[0][6][10]$b$281 [0] }, B={ $memory$flatten\u_r2r_dac_digital.$auto$proc_rom.cc:155:do_switch$12$rdmux[0][6][10]$b$281 [1:0] 1'0 $memory$flatten\u_r2r_dac_digital.$auto$proc_rom.cc:155:do_switch$12$rdmux[0][6][10]$b$281 [0] }, Y={ $memory$flatten\u_r2r_dac_digital.$auto$proc_rom.cc:155:do_switch$12$rdmux[0][5][31]$a$247 [4:3] $memory$flatten\u_r2r_dac_digital.$auto$proc_rom.cc:155:do_switch$12$rdmux[0][5][31]$a$247 [1:0] }
      New ports: A={ 1'0 $memory$flatten\u_r2r_dac_digital.$auto$proc_rom.cc:155:do_switch$12$rdmux[0][6][10]$b$281 [1] 1'1 }, B={ $memory$flatten\u_r2r_dac_digital.$auto$proc_rom.cc:155:do_switch$12$rdmux[0][6][10]$b$281 [1:0] 1'0 }, Y={ $memory$flatten\u_r2r_dac_digital.$auto$proc_rom.cc:155:do_switch$12$rdmux[0][5][31]$a$247 [4:3] $memory$flatten\u_r2r_dac_digital.$auto$proc_rom.cc:155:do_switch$12$rdmux[0][5][31]$a$247 [1] }
      New connections: $memory$flatten\u_r2r_dac_digital.$auto$proc_rom.cc:155:do_switch$12$rdmux[0][5][31]$a$247 [0] = $memory$flatten\u_r2r_dac_digital.$auto$proc_rom.cc:155:do_switch$12$rdmux[0][6][10]$b$281 [0]
    Consolidated identical input bits for $mux cell $memory$flatten\u_r2r_dac_digital.$auto$proc_rom.cc:155:do_switch$12$rdmux[0][6][41]$372:
      Old ports: A={ 1'1 $memory$flatten\u_r2r_dac_digital.$auto$proc_rom.cc:155:do_switch$12$rdmux[0][6][0]$b$251 [1:0] }, B={ $memory$flatten\u_r2r_dac_digital.$auto$proc_rom.cc:155:do_switch$12$rdmux[0][6][0]$b$251 [1:0] $memory$flatten\u_r2r_dac_digital.$auto$proc_rom.cc:155:do_switch$12$rdmux[0][6][0]$b$251 [0] }, Y=$memory$flatten\u_r2r_dac_digital.$auto$proc_rom.cc:155:do_switch$12$rdmux[0][5][20]$b$215 [3:1]
      New ports: A={ 1'1 $memory$flatten\u_r2r_dac_digital.$auto$proc_rom.cc:155:do_switch$12$rdmux[0][6][0]$b$251 [1] }, B=$memory$flatten\u_r2r_dac_digital.$auto$proc_rom.cc:155:do_switch$12$rdmux[0][6][0]$b$251 [1:0], Y=$memory$flatten\u_r2r_dac_digital.$auto$proc_rom.cc:155:do_switch$12$rdmux[0][5][20]$b$215 [3:2]
      New connections: $memory$flatten\u_r2r_dac_digital.$auto$proc_rom.cc:155:do_switch$12$rdmux[0][5][20]$b$215 [1] = $memory$flatten\u_r2r_dac_digital.$auto$proc_rom.cc:155:do_switch$12$rdmux[0][6][0]$b$251 [0]
    Consolidated identical input bits for $mux cell $memory$flatten\u_r2r_dac_digital.$auto$proc_rom.cc:155:do_switch$12$rdmux[0][6][40]$369:
      Old ports: A={ 2'10 $memory$flatten\u_r2r_dac_digital.$auto$proc_rom.cc:155:do_switch$12$rdmux[0][6][0]$b$251 [1:0] }, B={ $memory$flatten\u_r2r_dac_digital.$auto$proc_rom.cc:155:do_switch$12$rdmux[0][6][0]$b$251 [1:0] $memory$flatten\u_r2r_dac_digital.$auto$proc_rom.cc:155:do_switch$12$rdmux[0][6][0]$b$251 [0] $memory$flatten\u_r2r_dac_digital.$auto$proc_rom.cc:155:do_switch$12$rdmux[0][6][0]$b$251 [0] }, Y={ $memory$flatten\u_r2r_dac_digital.$auto$proc_rom.cc:155:do_switch$12$rdmux[0][5][20]$a$214 [5] $memory$flatten\u_r2r_dac_digital.$auto$proc_rom.cc:155:do_switch$12$rdmux[0][5][20]$a$214 [3:1] }
      New ports: A={ 2'10 $memory$flatten\u_r2r_dac_digital.$auto$proc_rom.cc:155:do_switch$12$rdmux[0][6][0]$b$251 [1] }, B={ $memory$flatten\u_r2r_dac_digital.$auto$proc_rom.cc:155:do_switch$12$rdmux[0][6][0]$b$251 [1:0] $memory$flatten\u_r2r_dac_digital.$auto$proc_rom.cc:155:do_switch$12$rdmux[0][6][0]$b$251 [0] }, Y={ $memory$flatten\u_r2r_dac_digital.$auto$proc_rom.cc:155:do_switch$12$rdmux[0][5][20]$a$214 [5] $memory$flatten\u_r2r_dac_digital.$auto$proc_rom.cc:155:do_switch$12$rdmux[0][5][20]$a$214 [3:2] }
      New connections: $memory$flatten\u_r2r_dac_digital.$auto$proc_rom.cc:155:do_switch$12$rdmux[0][5][20]$a$214 [1] = $memory$flatten\u_r2r_dac_digital.$auto$proc_rom.cc:155:do_switch$12$rdmux[0][6][0]$b$251 [0]
    Consolidated identical input bits for $mux cell $memory$flatten\u_r2r_dac_digital.$auto$proc_rom.cc:155:do_switch$12$rdmux[0][6][39]$366:
      Old ports: A={ 1'1 $memory$flatten\u_r2r_dac_digital.$auto$proc_rom.cc:155:do_switch$12$rdmux[0][6][18]$a$304 [0] $memory$flatten\u_r2r_dac_digital.$auto$proc_rom.cc:155:do_switch$12$rdmux[0][6][18]$a$304 [0] }, B={ 1'0 $memory$flatten\u_r2r_dac_digital.$auto$proc_rom.cc:155:do_switch$12$rdmux[0][6][18]$a$304 [0] 1'0 }, Y=$memory$flatten\u_r2r_dac_digital.$auto$proc_rom.cc:155:do_switch$12$rdmux[0][5][19]$b$212 [2:0]
      New ports: A={ 1'1 $memory$flatten\u_r2r_dac_digital.$auto$proc_rom.cc:155:do_switch$12$rdmux[0][6][18]$a$304 [0] }, B=2'00, Y={ $memory$flatten\u_r2r_dac_digital.$auto$proc_rom.cc:155:do_switch$12$rdmux[0][5][19]$b$212 [2] $memory$flatten\u_r2r_dac_digital.$auto$proc_rom.cc:155:do_switch$12$rdmux[0][5][19]$b$212 [0] }
      New connections: $memory$flatten\u_r2r_dac_digital.$auto$proc_rom.cc:155:do_switch$12$rdmux[0][5][19]$b$212 [1] = $memory$flatten\u_r2r_dac_digital.$auto$proc_rom.cc:155:do_switch$12$rdmux[0][6][18]$a$304 [0]
    Consolidated identical input bits for $mux cell $memory$flatten\u_r2r_dac_digital.$auto$proc_rom.cc:155:do_switch$12$rdmux[0][6][31]$342:
      Old ports: A={ 1'1 $memory$flatten\u_r2r_dac_digital.$auto$proc_rom.cc:155:do_switch$12$rdmux[0][6][0]$b$251 [1] 1'0 $memory$flatten\u_r2r_dac_digital.$auto$proc_rom.cc:155:do_switch$12$rdmux[0][6][0]$b$251 [0] }, B={ 1'0 $memory$flatten\u_r2r_dac_digital.$auto$proc_rom.cc:155:do_switch$12$rdmux[0][6][0]$b$251 [1] 1'1 $memory$flatten\u_r2r_dac_digital.$auto$proc_rom.cc:155:do_switch$12$rdmux[0][6][0]$b$251 [0] }, Y=$memory$flatten\u_r2r_dac_digital.$auto$proc_rom.cc:155:do_switch$12$rdmux[0][5][13]$b$194 [3:0]
      New ports: A=2'10, B=2'01, Y={ $memory$flatten\u_r2r_dac_digital.$auto$proc_rom.cc:155:do_switch$12$rdmux[0][5][13]$b$194 [3] $memory$flatten\u_r2r_dac_digital.$auto$proc_rom.cc:155:do_switch$12$rdmux[0][5][13]$b$194 [1] }
      New connections: { $memory$flatten\u_r2r_dac_digital.$auto$proc_rom.cc:155:do_switch$12$rdmux[0][5][13]$b$194 [2] $memory$flatten\u_r2r_dac_digital.$auto$proc_rom.cc:155:do_switch$12$rdmux[0][5][13]$b$194 [0] } = $memory$flatten\u_r2r_dac_digital.$auto$proc_rom.cc:155:do_switch$12$rdmux[0][6][0]$b$251 [1:0]
    Consolidated identical input bits for $mux cell $memory$flatten\u_r2r_dac_digital.$auto$proc_rom.cc:155:do_switch$12$rdmux[0][6][30]$339:
      Old ports: A={ 1'1 $memory$flatten\u_r2r_dac_digital.$auto$proc_rom.cc:155:do_switch$12$rdmux[0][6][0]$b$251 [1] 1'0 $memory$flatten\u_r2r_dac_digital.$auto$proc_rom.cc:155:do_switch$12$rdmux[0][6][0]$b$251 [0] }, B={ $memory$flatten\u_r2r_dac_digital.$auto$proc_rom.cc:155:do_switch$12$rdmux[0][6][0]$b$251 [1:0] 1'1 $memory$flatten\u_r2r_dac_digital.$auto$proc_rom.cc:155:do_switch$12$rdmux[0][6][0]$b$251 [0] }, Y={ $memory$flatten\u_r2r_dac_digital.$auto$proc_rom.cc:155:do_switch$12$rdmux[0][5][15]$a$199 [4:3] $memory$flatten\u_r2r_dac_digital.$auto$proc_rom.cc:155:do_switch$12$rdmux[0][5][15]$a$199 [1:0] }
      New ports: A={ 1'1 $memory$flatten\u_r2r_dac_digital.$auto$proc_rom.cc:155:do_switch$12$rdmux[0][6][0]$b$251 [1] 1'0 }, B={ $memory$flatten\u_r2r_dac_digital.$auto$proc_rom.cc:155:do_switch$12$rdmux[0][6][0]$b$251 [1:0] 1'1 }, Y={ $memory$flatten\u_r2r_dac_digital.$auto$proc_rom.cc:155:do_switch$12$rdmux[0][5][15]$a$199 [4:3] $memory$flatten\u_r2r_dac_digital.$auto$proc_rom.cc:155:do_switch$12$rdmux[0][5][15]$a$199 [1] }
      New connections: $memory$flatten\u_r2r_dac_digital.$auto$proc_rom.cc:155:do_switch$12$rdmux[0][5][15]$a$199 [0] = $memory$flatten\u_r2r_dac_digital.$auto$proc_rom.cc:155:do_switch$12$rdmux[0][6][0]$b$251 [0]
    Consolidated identical input bits for $mux cell $memory$flatten\u_r2r_dac_digital.$auto$proc_rom.cc:155:do_switch$12$rdmux[0][6][28]$333:
      Old ports: A={ $memory$flatten\u_r2r_dac_digital.$auto$proc_rom.cc:155:do_switch$12$rdmux[0][6][0]$b$251 [1:0] 1'0 $memory$flatten\u_r2r_dac_digital.$auto$proc_rom.cc:155:do_switch$12$rdmux[0][6][0]$b$251 [0] }, B={ 1'0 $memory$flatten\u_r2r_dac_digital.$auto$proc_rom.cc:155:do_switch$12$rdmux[0][6][0]$b$251 [1] 1'1 $memory$flatten\u_r2r_dac_digital.$auto$proc_rom.cc:155:do_switch$12$rdmux[0][6][0]$b$251 [0] }, Y={ $memory$flatten\u_r2r_dac_digital.$auto$proc_rom.cc:155:do_switch$12$rdmux[0][5][14]$a$196 [4:3] $memory$flatten\u_r2r_dac_digital.$auto$proc_rom.cc:155:do_switch$12$rdmux[0][5][14]$a$196 [1:0] }
      New ports: A={ $memory$flatten\u_r2r_dac_digital.$auto$proc_rom.cc:155:do_switch$12$rdmux[0][6][0]$b$251 [1:0] 1'0 }, B={ 1'0 $memory$flatten\u_r2r_dac_digital.$auto$proc_rom.cc:155:do_switch$12$rdmux[0][6][0]$b$251 [1] 1'1 }, Y={ $memory$flatten\u_r2r_dac_digital.$auto$proc_rom.cc:155:do_switch$12$rdmux[0][5][14]$a$196 [4:3] $memory$flatten\u_r2r_dac_digital.$auto$proc_rom.cc:155:do_switch$12$rdmux[0][5][14]$a$196 [1] }
      New connections: $memory$flatten\u_r2r_dac_digital.$auto$proc_rom.cc:155:do_switch$12$rdmux[0][5][14]$a$196 [0] = $memory$flatten\u_r2r_dac_digital.$auto$proc_rom.cc:155:do_switch$12$rdmux[0][6][0]$b$251 [0]
    Consolidated identical input bits for $mux cell $memory$flatten\u_r2r_dac_digital.$auto$proc_rom.cc:155:do_switch$12$rdmux[0][6][23]$318:
      Old ports: A={ 2'10 $memory$flatten\u_r2r_dac_digital.$auto$proc_rom.cc:155:do_switch$12$rdmux[0][6][18]$a$304 [0] }, B={ 2'01 $memory$flatten\u_r2r_dac_digital.$auto$proc_rom.cc:155:do_switch$12$rdmux[0][6][18]$a$304 [0] }, Y=$memory$flatten\u_r2r_dac_digital.$auto$proc_rom.cc:155:do_switch$12$rdmux[0][5][11]$a$187 [3:1]
      New ports: A=2'10, B=2'01, Y=$memory$flatten\u_r2r_dac_digital.$auto$proc_rom.cc:155:do_switch$12$rdmux[0][5][11]$a$187 [3:2]
      New connections: $memory$flatten\u_r2r_dac_digital.$auto$proc_rom.cc:155:do_switch$12$rdmux[0][5][11]$a$187 [1] = $memory$flatten\u_r2r_dac_digital.$auto$proc_rom.cc:155:do_switch$12$rdmux[0][6][18]$a$304 [0]
    Consolidated identical input bits for $mux cell $memory$flatten\u_r2r_dac_digital.$auto$proc_rom.cc:155:do_switch$12$rdmux[0][6][60]$429:
      Old ports: A={ $memory$flatten\u_r2r_dac_digital.$auto$proc_rom.cc:155:do_switch$12$rdmux[0][6][10]$b$281 [1:0] 1'1 $memory$flatten\u_r2r_dac_digital.$auto$proc_rom.cc:155:do_switch$12$rdmux[0][6][10]$b$281 [0] }, B={ 1'1 $memory$flatten\u_r2r_dac_digital.$auto$proc_rom.cc:155:do_switch$12$rdmux[0][6][10]$b$281 [1] 1'0 $memory$flatten\u_r2r_dac_digital.$auto$proc_rom.cc:155:do_switch$12$rdmux[0][6][10]$b$281 [0] }, Y={ $memory$flatten\u_r2r_dac_digital.$auto$proc_rom.cc:155:do_switch$12$rdmux[0][5][30]$a$244 [4:3] $memory$flatten\u_r2r_dac_digital.$auto$proc_rom.cc:155:do_switch$12$rdmux[0][5][30]$a$244 [1:0] }
      New ports: A={ $memory$flatten\u_r2r_dac_digital.$auto$proc_rom.cc:155:do_switch$12$rdmux[0][6][10]$b$281 [1:0] 1'1 }, B={ 1'1 $memory$flatten\u_r2r_dac_digital.$auto$proc_rom.cc:155:do_switch$12$rdmux[0][6][10]$b$281 [1] 1'0 }, Y={ $memory$flatten\u_r2r_dac_digital.$auto$proc_rom.cc:155:do_switch$12$rdmux[0][5][30]$a$244 [4:3] $memory$flatten\u_r2r_dac_digital.$auto$proc_rom.cc:155:do_switch$12$rdmux[0][5][30]$a$244 [1] }
      New connections: $memory$flatten\u_r2r_dac_digital.$auto$proc_rom.cc:155:do_switch$12$rdmux[0][5][30]$a$244 [0] = $memory$flatten\u_r2r_dac_digital.$auto$proc_rom.cc:155:do_switch$12$rdmux[0][6][10]$b$281 [0]
    Consolidated identical input bits for $mux cell $memory$flatten\u_r2r_dac_digital.$auto$proc_rom.cc:155:do_switch$12$rdmux[0][6][21]$312:
      Old ports: A={ $memory$flatten\u_r2r_dac_digital.$auto$proc_rom.cc:155:do_switch$12$rdmux[0][6][0]$b$251 [1:0] $memory$flatten\u_r2r_dac_digital.$auto$proc_rom.cc:155:do_switch$12$rdmux[0][6][0]$b$251 [0] $memory$flatten\u_r2r_dac_digital.$auto$proc_rom.cc:155:do_switch$12$rdmux[0][6][0]$b$251 [0] 1'0 }, B={ 2'01 $memory$flatten\u_r2r_dac_digital.$auto$proc_rom.cc:155:do_switch$12$rdmux[0][6][0]$b$251 [1:0] 1'1 }, Y=$memory$flatten\u_r2r_dac_digital.$auto$proc_rom.cc:155:do_switch$12$rdmux[0][5][10]$b$185 [4:0]
      New ports: A={ $memory$flatten\u_r2r_dac_digital.$auto$proc_rom.cc:155:do_switch$12$rdmux[0][6][0]$b$251 [1:0] $memory$flatten\u_r2r_dac_digital.$auto$proc_rom.cc:155:do_switch$12$rdmux[0][6][0]$b$251 [0] 1'0 }, B={ 2'01 $memory$flatten\u_r2r_dac_digital.$auto$proc_rom.cc:155:do_switch$12$rdmux[0][6][0]$b$251 [1] 1'1 }, Y={ $memory$flatten\u_r2r_dac_digital.$auto$proc_rom.cc:155:do_switch$12$rdmux[0][5][10]$b$185 [4:2] $memory$flatten\u_r2r_dac_digital.$auto$proc_rom.cc:155:do_switch$12$rdmux[0][5][10]$b$185 [0] }
      New connections: $memory$flatten\u_r2r_dac_digital.$auto$proc_rom.cc:155:do_switch$12$rdmux[0][5][10]$b$185 [1] = $memory$flatten\u_r2r_dac_digital.$auto$proc_rom.cc:155:do_switch$12$rdmux[0][6][0]$b$251 [0]
    Consolidated identical input bits for $mux cell $memory$flatten\u_r2r_dac_digital.$auto$proc_rom.cc:155:do_switch$12$rdmux[0][6][9]$276:
      Old ports: A={ 1'0 $memory$flatten\u_r2r_dac_digital.$auto$proc_rom.cc:155:do_switch$12$rdmux[0][6][10]$b$281 [1:0] }, B={ $memory$flatten\u_r2r_dac_digital.$auto$proc_rom.cc:155:do_switch$12$rdmux[0][6][10]$b$281 [1:0] $memory$flatten\u_r2r_dac_digital.$auto$proc_rom.cc:155:do_switch$12$rdmux[0][6][10]$b$281 [0] }, Y=$memory$flatten\u_r2r_dac_digital.$auto$proc_rom.cc:155:do_switch$12$rdmux[0][5][4]$b$167 [3:1]
      New ports: A={ 1'0 $memory$flatten\u_r2r_dac_digital.$auto$proc_rom.cc:155:do_switch$12$rdmux[0][6][10]$b$281 [1] }, B=$memory$flatten\u_r2r_dac_digital.$auto$proc_rom.cc:155:do_switch$12$rdmux[0][6][10]$b$281 [1:0], Y=$memory$flatten\u_r2r_dac_digital.$auto$proc_rom.cc:155:do_switch$12$rdmux[0][5][4]$b$167 [3:2]
      New connections: $memory$flatten\u_r2r_dac_digital.$auto$proc_rom.cc:155:do_switch$12$rdmux[0][5][4]$b$167 [1] = $memory$flatten\u_r2r_dac_digital.$auto$proc_rom.cc:155:do_switch$12$rdmux[0][6][10]$b$281 [0]
    Consolidated identical input bits for $mux cell $memory$flatten\u_r2r_dac_digital.$auto$proc_rom.cc:155:do_switch$12$rdmux[0][6][8]$273:
      Old ports: A={ 2'01 $memory$flatten\u_r2r_dac_digital.$auto$proc_rom.cc:155:do_switch$12$rdmux[0][6][10]$b$281 [1:0] }, B={ $memory$flatten\u_r2r_dac_digital.$auto$proc_rom.cc:155:do_switch$12$rdmux[0][6][10]$b$281 [1:0] $memory$flatten\u_r2r_dac_digital.$auto$proc_rom.cc:155:do_switch$12$rdmux[0][6][10]$b$281 [0] $memory$flatten\u_r2r_dac_digital.$auto$proc_rom.cc:155:do_switch$12$rdmux[0][6][10]$b$281 [0] }, Y={ $memory$flatten\u_r2r_dac_digital.$auto$proc_rom.cc:155:do_switch$12$rdmux[0][5][4]$a$166 [5] $memory$flatten\u_r2r_dac_digital.$auto$proc_rom.cc:155:do_switch$12$rdmux[0][5][4]$a$166 [3:1] }
      New ports: A={ 2'01 $memory$flatten\u_r2r_dac_digital.$auto$proc_rom.cc:155:do_switch$12$rdmux[0][6][10]$b$281 [1] }, B={ $memory$flatten\u_r2r_dac_digital.$auto$proc_rom.cc:155:do_switch$12$rdmux[0][6][10]$b$281 [1:0] $memory$flatten\u_r2r_dac_digital.$auto$proc_rom.cc:155:do_switch$12$rdmux[0][6][10]$b$281 [0] }, Y={ $memory$flatten\u_r2r_dac_digital.$auto$proc_rom.cc:155:do_switch$12$rdmux[0][5][4]$a$166 [5] $memory$flatten\u_r2r_dac_digital.$auto$proc_rom.cc:155:do_switch$12$rdmux[0][5][4]$a$166 [3:2] }
      New connections: $memory$flatten\u_r2r_dac_digital.$auto$proc_rom.cc:155:do_switch$12$rdmux[0][5][4]$a$166 [1] = $memory$flatten\u_r2r_dac_digital.$auto$proc_rom.cc:155:do_switch$12$rdmux[0][6][10]$b$281 [0]
    Consolidated identical input bits for $mux cell $memory$flatten\u_r2r_dac_digital.$auto$proc_rom.cc:155:do_switch$12$rdmux[0][6][7]$270:
      Old ports: A={ 1'0 $memory$flatten\u_r2r_dac_digital.$auto$proc_rom.cc:155:do_switch$12$rdmux[0][6][0]$a$250 [0] $memory$flatten\u_r2r_dac_digital.$auto$proc_rom.cc:155:do_switch$12$rdmux[0][6][0]$a$250 [0] }, B={ 1'1 $memory$flatten\u_r2r_dac_digital.$auto$proc_rom.cc:155:do_switch$12$rdmux[0][6][0]$a$250 [0] 1'1 }, Y=$memory$flatten\u_r2r_dac_digital.$auto$proc_rom.cc:155:do_switch$12$rdmux[0][5][3]$b$164 [2:0]
      New ports: A={ 1'0 $auto$rtlil.cc:3386:Mux$59 [0] }, B=2'11, Y={ $memory$flatten\u_r2r_dac_digital.$auto$proc_rom.cc:155:do_switch$12$rdmux[0][5][3]$b$164 [2] $memory$flatten\u_r2r_dac_digital.$auto$proc_rom.cc:155:do_switch$12$rdmux[0][5][3]$b$164 [0] }
      New connections: $memory$flatten\u_r2r_dac_digital.$auto$proc_rom.cc:155:do_switch$12$rdmux[0][5][3]$b$164 [1] = $auto$rtlil.cc:3386:Mux$59 [0]
    Consolidated identical input bits for $mux cell $memory$flatten\u_r2r_dac_digital.$auto$proc_rom.cc:155:do_switch$12$rdmux[0][5][27]$234:
      Old ports: A={ 2'01 $memory$flatten\u_r2r_dac_digital.$auto$proc_rom.cc:155:do_switch$12$rdmux[0][5][25]$a$229 [2:0] }, B={ $memory$flatten\u_r2r_dac_digital.$auto$proc_rom.cc:155:do_switch$12$rdmux[0][5][25]$a$229 [2:1] $memory$flatten\u_r2r_dac_digital.$auto$proc_rom.cc:155:do_switch$12$rdmux[0][5][25]$a$229 [1] $memory$flatten\u_r2r_dac_digital.$auto$proc_rom.cc:155:do_switch$12$rdmux[0][5][25]$a$229 [1:0] }, Y=$memory$flatten\u_r2r_dac_digital.$auto$proc_rom.cc:155:do_switch$12$rdmux[0][4][13]$b$146 [5:1]
      New ports: A={ 2'01 $memory$flatten\u_r2r_dac_digital.$auto$proc_rom.cc:155:do_switch$12$rdmux[0][5][25]$a$229 [2] }, B={ $memory$flatten\u_r2r_dac_digital.$auto$proc_rom.cc:155:do_switch$12$rdmux[0][5][25]$a$229 [2:1] $memory$flatten\u_r2r_dac_digital.$auto$proc_rom.cc:155:do_switch$12$rdmux[0][5][25]$a$229 [1] }, Y=$memory$flatten\u_r2r_dac_digital.$auto$proc_rom.cc:155:do_switch$12$rdmux[0][4][13]$b$146 [5:3]
      New connections: $memory$flatten\u_r2r_dac_digital.$auto$proc_rom.cc:155:do_switch$12$rdmux[0][4][13]$b$146 [2:1] = $memory$flatten\u_r2r_dac_digital.$auto$proc_rom.cc:155:do_switch$12$rdmux[0][5][25]$a$229 [1:0]
    Consolidated identical input bits for $mux cell $memory$flatten\u_r2r_dac_digital.$auto$proc_rom.cc:155:do_switch$12$rdmux[0][5][11]$186:
      Old ports: A={ 2'10 $memory$flatten\u_r2r_dac_digital.$auto$proc_rom.cc:155:do_switch$12$rdmux[0][5][11]$a$187 [3:1] }, B={ $memory$flatten\u_r2r_dac_digital.$auto$proc_rom.cc:155:do_switch$12$rdmux[0][5][11]$a$187 [3:2] $memory$flatten\u_r2r_dac_digital.$auto$proc_rom.cc:155:do_switch$12$rdmux[0][5][11]$a$187 [2] $memory$flatten\u_r2r_dac_digital.$auto$proc_rom.cc:155:do_switch$12$rdmux[0][5][11]$a$187 [2:1] }, Y=$memory$flatten\u_r2r_dac_digital.$auto$proc_rom.cc:155:do_switch$12$rdmux[0][4][5]$b$122 [5:1]
      New ports: A={ 2'10 $memory$flatten\u_r2r_dac_digital.$auto$proc_rom.cc:155:do_switch$12$rdmux[0][5][11]$a$187 [3] }, B={ $memory$flatten\u_r2r_dac_digital.$auto$proc_rom.cc:155:do_switch$12$rdmux[0][5][11]$a$187 [3:2] $memory$flatten\u_r2r_dac_digital.$auto$proc_rom.cc:155:do_switch$12$rdmux[0][5][11]$a$187 [2] }, Y=$memory$flatten\u_r2r_dac_digital.$auto$proc_rom.cc:155:do_switch$12$rdmux[0][4][5]$b$122 [5:3]
      New connections: $memory$flatten\u_r2r_dac_digital.$auto$proc_rom.cc:155:do_switch$12$rdmux[0][4][5]$b$122 [2:1] = $memory$flatten\u_r2r_dac_digital.$auto$proc_rom.cc:155:do_switch$12$rdmux[0][5][11]$a$187 [2:1]
  Optimizing cells in module \tt_um_r2r_dac_digital.
    Consolidated identical input bits for $mux cell $memory$flatten\u_r2r_dac_digital.$auto$proc_rom.cc:155:do_switch$12$rdmux[0][5][31]$246:
      Old ports: A={ $memory$flatten\u_r2r_dac_digital.$auto$proc_rom.cc:155:do_switch$12$rdmux[0][5][31]$a$247 [4:3] $memory$flatten\u_r2r_dac_digital.$auto$proc_rom.cc:155:do_switch$12$rdmux[0][5][31]$a$247 [0] $memory$flatten\u_r2r_dac_digital.$auto$proc_rom.cc:155:do_switch$12$rdmux[0][5][31]$a$247 [1:0] }, B={ 1'1 $memory$flatten\u_r2r_dac_digital.$auto$proc_rom.cc:155:do_switch$12$rdmux[0][5][29]$b$242 [3:0] }, Y=$memory$flatten\u_r2r_dac_digital.$auto$proc_rom.cc:155:do_switch$12$rdmux[0][4][15]$b$152 [4:0]
      New ports: A={ $memory$flatten\u_r2r_dac_digital.$auto$proc_rom.cc:155:do_switch$12$rdmux[0][5][31]$a$247 [4:3] $memory$flatten\u_r2r_dac_digital.$auto$proc_rom.cc:155:do_switch$12$rdmux[0][6][10]$b$281 [0] $memory$flatten\u_r2r_dac_digital.$auto$proc_rom.cc:155:do_switch$12$rdmux[0][5][31]$a$247 [1] }, B={ 1'1 $memory$flatten\u_r2r_dac_digital.$auto$proc_rom.cc:155:do_switch$12$rdmux[0][5][29]$b$242 [3] $memory$flatten\u_r2r_dac_digital.$auto$proc_rom.cc:155:do_switch$12$rdmux[0][6][10]$b$281 [1] $memory$flatten\u_r2r_dac_digital.$auto$proc_rom.cc:155:do_switch$12$rdmux[0][5][29]$b$242 [1] }, Y=$memory$flatten\u_r2r_dac_digital.$auto$proc_rom.cc:155:do_switch$12$rdmux[0][4][15]$b$152 [4:1]
      New connections: $memory$flatten\u_r2r_dac_digital.$auto$proc_rom.cc:155:do_switch$12$rdmux[0][4][15]$b$152 [0] = $memory$flatten\u_r2r_dac_digital.$auto$proc_rom.cc:155:do_switch$12$rdmux[0][6][10]$b$281 [0]
    Consolidated identical input bits for $mux cell $memory$flatten\u_r2r_dac_digital.$auto$proc_rom.cc:155:do_switch$12$rdmux[0][5][20]$213:
      Old ports: A={ $memory$flatten\u_r2r_dac_digital.$auto$proc_rom.cc:155:do_switch$12$rdmux[0][5][20]$a$214 [5] $memory$flatten\u_r2r_dac_digital.$auto$proc_rom.cc:155:do_switch$12$rdmux[0][5][20]$a$214 [3] $memory$flatten\u_r2r_dac_digital.$auto$proc_rom.cc:155:do_switch$12$rdmux[0][5][20]$a$214 [3:1] }, B={ 2'01 $memory$flatten\u_r2r_dac_digital.$auto$proc_rom.cc:155:do_switch$12$rdmux[0][5][20]$b$215 [3:1] }, Y=$memory$flatten\u_r2r_dac_digital.$auto$proc_rom.cc:155:do_switch$12$rdmux[0][4][10]$a$136 [5:1]
      New ports: A={ $memory$flatten\u_r2r_dac_digital.$auto$proc_rom.cc:155:do_switch$12$rdmux[0][5][20]$a$214 [5] $memory$flatten\u_r2r_dac_digital.$auto$proc_rom.cc:155:do_switch$12$rdmux[0][5][20]$a$214 [3] $memory$flatten\u_r2r_dac_digital.$auto$proc_rom.cc:155:do_switch$12$rdmux[0][5][20]$a$214 [3:2] }, B={ 2'01 $memory$flatten\u_r2r_dac_digital.$auto$proc_rom.cc:155:do_switch$12$rdmux[0][5][20]$b$215 [3:2] }, Y=$memory$flatten\u_r2r_dac_digital.$auto$proc_rom.cc:155:do_switch$12$rdmux[0][4][10]$a$136 [5:2]
      New connections: $memory$flatten\u_r2r_dac_digital.$auto$proc_rom.cc:155:do_switch$12$rdmux[0][4][10]$a$136 [1] = $memory$flatten\u_r2r_dac_digital.$auto$proc_rom.cc:155:do_switch$12$rdmux[0][6][0]$b$251 [0]
    Consolidated identical input bits for $mux cell $memory$flatten\u_r2r_dac_digital.$auto$proc_rom.cc:155:do_switch$12$rdmux[0][5][15]$198:
      Old ports: A={ $memory$flatten\u_r2r_dac_digital.$auto$proc_rom.cc:155:do_switch$12$rdmux[0][5][15]$a$199 [4:3] $memory$flatten\u_r2r_dac_digital.$auto$proc_rom.cc:155:do_switch$12$rdmux[0][5][15]$a$199 [0] $memory$flatten\u_r2r_dac_digital.$auto$proc_rom.cc:155:do_switch$12$rdmux[0][5][15]$a$199 [1:0] }, B={ 1'0 $memory$flatten\u_r2r_dac_digital.$auto$proc_rom.cc:155:do_switch$12$rdmux[0][5][13]$b$194 [3:0] }, Y=$memory$flatten\u_r2r_dac_digital.$auto$proc_rom.cc:155:do_switch$12$rdmux[0][4][7]$b$128 [4:0]
      New ports: A={ $memory$flatten\u_r2r_dac_digital.$auto$proc_rom.cc:155:do_switch$12$rdmux[0][5][15]$a$199 [4:3] $memory$flatten\u_r2r_dac_digital.$auto$proc_rom.cc:155:do_switch$12$rdmux[0][6][0]$b$251 [0] $memory$flatten\u_r2r_dac_digital.$auto$proc_rom.cc:155:do_switch$12$rdmux[0][5][15]$a$199 [1] }, B={ 1'0 $memory$flatten\u_r2r_dac_digital.$auto$proc_rom.cc:155:do_switch$12$rdmux[0][5][13]$b$194 [3] $memory$flatten\u_r2r_dac_digital.$auto$proc_rom.cc:155:do_switch$12$rdmux[0][6][0]$b$251 [1] $memory$flatten\u_r2r_dac_digital.$auto$proc_rom.cc:155:do_switch$12$rdmux[0][5][13]$b$194 [1] }, Y=$memory$flatten\u_r2r_dac_digital.$auto$proc_rom.cc:155:do_switch$12$rdmux[0][4][7]$b$128 [4:1]
      New connections: $memory$flatten\u_r2r_dac_digital.$auto$proc_rom.cc:155:do_switch$12$rdmux[0][4][7]$b$128 [0] = $memory$flatten\u_r2r_dac_digital.$auto$proc_rom.cc:155:do_switch$12$rdmux[0][6][0]$b$251 [0]
    Consolidated identical input bits for $mux cell $memory$flatten\u_r2r_dac_digital.$auto$proc_rom.cc:155:do_switch$12$rdmux[0][5][4]$165:
      Old ports: A={ $memory$flatten\u_r2r_dac_digital.$auto$proc_rom.cc:155:do_switch$12$rdmux[0][5][4]$a$166 [5] $memory$flatten\u_r2r_dac_digital.$auto$proc_rom.cc:155:do_switch$12$rdmux[0][5][4]$a$166 [3] $memory$flatten\u_r2r_dac_digital.$auto$proc_rom.cc:155:do_switch$12$rdmux[0][5][4]$a$166 [3:1] }, B={ 2'10 $memory$flatten\u_r2r_dac_digital.$auto$proc_rom.cc:155:do_switch$12$rdmux[0][5][4]$b$167 [3:1] }, Y=$memory$flatten\u_r2r_dac_digital.$auto$proc_rom.cc:155:do_switch$12$rdmux[0][4][2]$a$112 [5:1]
      New ports: A={ $memory$flatten\u_r2r_dac_digital.$auto$proc_rom.cc:155:do_switch$12$rdmux[0][5][4]$a$166 [5] $memory$flatten\u_r2r_dac_digital.$auto$proc_rom.cc:155:do_switch$12$rdmux[0][5][4]$a$166 [3] $memory$flatten\u_r2r_dac_digital.$auto$proc_rom.cc:155:do_switch$12$rdmux[0][5][4]$a$166 [3:2] }, B={ 2'10 $memory$flatten\u_r2r_dac_digital.$auto$proc_rom.cc:155:do_switch$12$rdmux[0][5][4]$b$167 [3:2] }, Y=$memory$flatten\u_r2r_dac_digital.$auto$proc_rom.cc:155:do_switch$12$rdmux[0][4][2]$a$112 [5:2]
      New connections: $memory$flatten\u_r2r_dac_digital.$auto$proc_rom.cc:155:do_switch$12$rdmux[0][4][2]$a$112 [1] = $memory$flatten\u_r2r_dac_digital.$auto$proc_rom.cc:155:do_switch$12$rdmux[0][6][10]$b$281 [0]
  Optimizing cells in module \tt_um_r2r_dac_digital.
Performed a total of 22 changes.

91. Executing OPT_MERGE pass (detect identical cells).
Finding identical cells in module `\tt_um_r2r_dac_digital'.
Computing hashes of 139 cells of `\tt_um_r2r_dac_digital'.
Finding duplicate cells in `\tt_um_r2r_dac_digital'.
Computing hashes of 135 cells of `\tt_um_r2r_dac_digital'.
Finding duplicate cells in `\tt_um_r2r_dac_digital'.
<suppressed ~12 debug messages>
Removed a total of 4 cells.

92. Executing OPT_SHARE pass.

93. Executing OPT_DFF pass (perform DFF optimizations).
Adding SRST signal on $$flatten\u_r2r_dac_digital.$auto$proc_rom.cc:155:do_switch$12$rdreg[0] ($dff) from module tt_um_r2r_dac_digital (D = $memory$flatten\u_r2r_dac_digital.$auto$proc_rom.cc:155:do_switch$12$rdmux[0][0][0]$b$62 [7], Q = \u_r2r_dac_digital.sine_val [7], rval = 1'1).

94. Executing OPT_CLEAN pass (remove unused cells and wires).
Finding unused cells or wires in module \tt_um_r2r_dac_digital..
Removed 0 unused cells and 6 unused wires.
<suppressed ~1 debug messages>

95. Executing OPT_EXPR pass (perform const folding).
Optimizing module tt_um_r2r_dac_digital.

96. Rerunning OPT passes. (Maybe there is more to do…)

97. Executing OPT_MUXTREE pass (detect dead branches in mux trees).
Running muxtree optimizer on module \tt_um_r2r_dac_digital..
  Creating internal representation of mux trees.
  Evaluating internal representation of mux trees.
  Analyzing evaluation results.
Removed 0 multiplexer ports.
<suppressed ~193 debug messages>

98. Executing OPT_REDUCE pass (consolidate $*mux and $reduce_* inputs).
  Optimizing cells in module \tt_um_r2r_dac_digital.
Performed a total of 0 changes.

99. Executing OPT_MERGE pass (detect identical cells).
Finding identical cells in module `\tt_um_r2r_dac_digital'.
Computing hashes of 136 cells of `\tt_um_r2r_dac_digital'.
Finding duplicate cells in `\tt_um_r2r_dac_digital'.
Removed a total of 0 cells.

100. Executing OPT_SHARE pass.

101. Executing OPT_DFF pass (perform DFF optimizations).

102. Executing OPT_CLEAN pass (remove unused cells and wires).
Finding unused cells or wires in module \tt_um_r2r_dac_digital..

103. Executing OPT_EXPR pass (perform const folding).
Optimizing module tt_um_r2r_dac_digital.

104. Executing TECHMAP pass (map to technology primitives).

104.1. Executing Verilog-2005 frontend: /home/ihsan/.cc/toolchains/iic-osic-tools-2026.09/foss/tools/yosys/bin/../share/yosys/techmap.v
Parsing Verilog input from `/home/ihsan/.cc/toolchains/iic-osic-tools-2026.09/foss/tools/yosys/bin/../share/yosys/techmap.v' to AST representation.
Generating RTLIL representation for module `\_90_simplemap_bool_ops'.
Generating RTLIL representation for module `\_90_simplemap_reduce_ops'.
Generating RTLIL representation for module `\_90_simplemap_logic_ops'.
Generating RTLIL representation for module `\_90_simplemap_compare_ops'.
Generating RTLIL representation for module `\_90_simplemap_various'.
Generating RTLIL representation for module `\_90_simplemap_registers'.
Generating RTLIL representation for module `\_90_shift_ops_shr_shl_sshl_sshr'.
Generating RTLIL representation for module `\_90_shift_shiftx'.
Generating RTLIL representation for module `\_90_fa'.
Generating RTLIL representation for module `\_90_lcu_brent_kung'.
Generating RTLIL representation for module `\_90_alu'.
Generating RTLIL representation for module `\_90_macc'.
Generating RTLIL representation for module `\_90_alumacc'.
Generating RTLIL representation for module `$__div_mod_u'.
Generating RTLIL representation for module `$__div_mod_trunc'.
Generating RTLIL representation for module `\_90_div'.
Generating RTLIL representation for module `\_90_mod'.
Generating RTLIL representation for module `$__div_mod_floor'.
Generating RTLIL representation for module `\_90_divfloor'.
Generating RTLIL representation for module `\_90_modfloor'.
Generating RTLIL representation for module `\_90_pow'.
Generating RTLIL representation for module `\_90_demux'.
Generating RTLIL representation for module `\_90_lut'.
Generating RTLIL representation for module `$connect'.
Generating RTLIL representation for module `$input_port'.
Successfully finished Verilog frontend.

104.2. Continuing TECHMAP pass.
Using extmapper simplemap for cells of type $dff.
Using extmapper simplemap for cells of type $sdff.
Using extmapper simplemap for cells of type $mux.
Using template $paramod$c3cd1564c35d873179656addd6052d7ea8b6d991\_90_alu for cells of type $alu.
Using extmapper simplemap for cells of type $sdffe.
Using extmapper simplemap for cells of type $eq.
Using extmapper simplemap for cells of type $pmux.
Using extmapper simplemap for cells of type $logic_not.
Using extmapper simplemap for cells of type $or.
Using extmapper simplemap for cells of type $not.
Using extmapper simplemap for cells of type $pos.
Using template $paramod\_90_fa\WIDTH=32'00000000000000000000000000001000 for cells of type $fa.
Using template $paramod\_90_lcu_brent_kung\WIDTH=32'00000000000000000000000000001000 for cells of type $lcu.
Using extmapper simplemap for cells of type $xor.
Using extmapper simplemap for cells of type $and.
No more expansions possible.
<suppressed ~411 debug messages>

105. Executing OPT_EXPR pass (perform const folding).
Optimizing module tt_um_r2r_dac_digital.
<suppressed ~175 debug messages>

106. Executing OPT_MERGE pass (detect identical cells).
Finding identical cells in module `\tt_um_r2r_dac_digital'.
Computing hashes of 689 cells of `\tt_um_r2r_dac_digital'.
Finding duplicate cells in `\tt_um_r2r_dac_digital'.
Computing hashes of 535 cells of `\tt_um_r2r_dac_digital'.
Finding duplicate cells in `\tt_um_r2r_dac_digital'.
Computing hashes of 484 cells of `\tt_um_r2r_dac_digital'.
Finding duplicate cells in `\tt_um_r2r_dac_digital'.
Computing hashes of 463 cells of `\tt_um_r2r_dac_digital'.
Finding duplicate cells in `\tt_um_r2r_dac_digital'.
Computing hashes of 461 cells of `\tt_um_r2r_dac_digital'.
Finding duplicate cells in `\tt_um_r2r_dac_digital'.
<suppressed ~684 debug messages>
Removed a total of 228 cells.

107. Executing OPT_DFF pass (perform DFF optimizations).

108. Executing OPT_CLEAN pass (remove unused cells and wires).
Finding unused cells or wires in module \tt_um_r2r_dac_digital..
Removed 14 unused cells and 169 unused wires.
<suppressed ~15 debug messages>

109. Executing OPT_EXPR pass (perform const folding).
Optimizing module tt_um_r2r_dac_digital.
<suppressed ~6 debug messages>

110. Executing OPT_MERGE pass (detect identical cells).
Finding identical cells in module `\tt_um_r2r_dac_digital'.
Computing hashes of 441 cells of `\tt_um_r2r_dac_digital'.
Finding duplicate cells in `\tt_um_r2r_dac_digital'.
Computing hashes of 440 cells of `\tt_um_r2r_dac_digital'.
Finding duplicate cells in `\tt_um_r2r_dac_digital'.
<suppressed ~3 debug messages>
Removed a total of 1 cells.

111. Executing OPT_DFF pass (perform DFF optimizations).

112. Executing OPT_CLEAN pass (remove unused cells and wires).
Finding unused cells or wires in module \tt_um_r2r_dac_digital..
Removed 0 unused cells and 2 unused wires.
<suppressed ~1 debug messages>

113. Executing ABC pass (technology mapping using ABC).

113.1. Extracting gate netlist of module `\tt_um_r2r_dac_digital' to `<abc-temp-dir>/input.blif'..

113.1.1. Executed ABC.
Extracted 398 gates and 444 wires to a netlist network with 44 inputs and 35 outputs.
Running ABC script: <abc-temp-dir>/abc.script
ABC: UC Berkeley, ABC 1.01 (compiled Sep 22 2026 15:09:22)
ABC: abc 01> empty
ABC: abc 01> source <abc-temp-dir>/abc.script
ABC: + read_blif <abc-temp-dir>/input.blif 
ABC: + read_library <abc-temp-dir>/stdcells.genlib 
ABC: + strash 
ABC: + &get -n 
ABC: + &fraig -x 
ABC: + &put 
ABC: + scorr 
ABC: Warning: The network is combinational (run "fraig" or "fraig_sweep").
ABC: + dc2 
ABC: + dretime 
ABC: + strash 
ABC: + &get -n 
ABC: + &dch -f 
ABC: + &nf 
ABC: + &put 
ABC: + write_blif <abc-temp-dir>/output.blif 
ABC: 
ABC: YOSYS_ABC_DONE 

113.1.2. Re-integrating ABC results.
ABC RESULTS:               AND cells:       87
ABC RESULTS:            ANDNOT cells:       30
ABC RESULTS:               MUX cells:       25
ABC RESULTS:              NAND cells:      160
ABC RESULTS:               NOR cells:       14
ABC RESULTS:               NOT cells:        3
ABC RESULTS:                OR cells:       25
ABC RESULTS:             ORNOT cells:       18
ABC RESULTS:              XNOR cells:        3
ABC RESULTS:               XOR cells:       14
ABC RESULTS:        internal signals:      365
ABC RESULTS:           input signals:       44
ABC RESULTS:          output signals:       35
Removing temp directory.
Removing global temp directory.

114. Executing OPT pass (performing simple optimizations).

114.1. Executing OPT_EXPR pass (perform const folding).
Optimizing module tt_um_r2r_dac_digital.
<suppressed ~1 debug messages>

114.2. Executing OPT_MERGE pass (detect identical cells).
Finding identical cells in module `\tt_um_r2r_dac_digital'.
Computing hashes of 421 cells of `\tt_um_r2r_dac_digital'.
Finding duplicate cells in `\tt_um_r2r_dac_digital'.
Removed a total of 0 cells.

114.3. Executing OPT_DFF pass (perform DFF optimizations).

114.4. Executing OPT_CLEAN pass (remove unused cells and wires).
Finding unused cells or wires in module \tt_um_r2r_dac_digital..
Removed 0 unused cells and 206 unused wires.
<suppressed ~1 debug messages>

114.5. Finished fast OPT passes.

115. Executing HIERARCHY pass (managing design hierarchy).

115.1. Analyzing design hierarchy..
Top module:  \tt_um_r2r_dac_digital

115.2. Analyzing design hierarchy..
Top module:  \tt_um_r2r_dac_digital
Removed 0 unused modules.

116. Executing CHECK pass (checking for obvious problems).
Checking module tt_um_r2r_dac_digital...
Found and reported 0 problems.

117. Printing statistics.

=== tt_um_r2r_dac_digital ===

        +----------Local Count, excluding submodules.
        | 
      392 wires
      541 wire bits
       32 public wires
      146 public wire bits
        9 ports
       51 port bits
      421 cells
       30   $_ANDNOT_
       87   $_AND_
        7   $_DFF_P_
       25   $_MUX_
      160   $_NAND_
       14   $_NOR_
        3   $_NOT_
       18   $_ORNOT_
       25   $_OR_
       16   $_SDFFE_PN0P_
       16   $_SDFF_PN0_
        1   $_SDFF_PN1_
        3   $_XNOR_
       14   $_XOR_
        1   $scopeinfo
        1   r2r_dac_analog

118. Executing OPT pass (performing simple optimizations).

118.1. Executing OPT_EXPR pass (perform const folding).
Optimizing module tt_um_r2r_dac_digital.

118.2. Executing OPT_MERGE pass (detect identical cells).
Finding identical cells in module `\tt_um_r2r_dac_digital'.
Computing hashes of 421 cells of `\tt_um_r2r_dac_digital'.
Finding duplicate cells in `\tt_um_r2r_dac_digital'.
Removed a total of 0 cells.

118.3. Executing OPT_MUXTREE pass (detect dead branches in mux trees).
Running muxtree optimizer on module \tt_um_r2r_dac_digital..
  Creating internal representation of mux trees.
  No muxes found in this module.
Removed 0 multiplexer ports.

118.4. Executing OPT_REDUCE pass (consolidate $*mux and $reduce_* inputs).
  Optimizing cells in module \tt_um_r2r_dac_digital.
Performed a total of 0 changes.

118.5. Executing OPT_MERGE pass (detect identical cells).
Finding identical cells in module `\tt_um_r2r_dac_digital'.
Computing hashes of 421 cells of `\tt_um_r2r_dac_digital'.
Finding duplicate cells in `\tt_um_r2r_dac_digital'.
Removed a total of 0 cells.

118.6. Executing OPT_DFF pass (perform DFF optimizations).

118.7. Executing OPT_CLEAN pass (remove unused cells and wires).
Finding unused cells or wires in module \tt_um_r2r_dac_digital..

118.8. Executing OPT_EXPR pass (perform const folding).
Optimizing module tt_um_r2r_dac_digital.

118.9. Finished fast OPT passes. (There is nothing left to do.)

119. Executing OPT_CLEAN pass (remove unused cells and wires).
Finding unused cells or wires in module \tt_um_r2r_dac_digital..
Removed 1 unused cells and 18 unused wires.
<suppressed ~19 debug messages>
{
   "creator": "Yosys 0.69 (git sha1 9f75ca1f9, Release, GNU /usr/bin/c++ 13.3.0)",
   "invocation": "stat -json -liberty /home/ihsan/.cc/worktrees/ece298a/r2r-dac/blocks/r2r_dac/top/harden/runs/run/tmp/e944aeb99d96499982f4d901f71b8986.lib -liberty /home/ihsan/.cc/worktrees/ece298a/r2r-dac/blocks/r2r_dac/top/harden/runs/run/tmp/af235ebfe2fc41a89269ef2deb54bf92.lib ",
   "modules": {
      "\\tt_um_r2r_dac_digital": {
         "num_wires":         374,
         "num_wire_bits":     479,
         "num_pub_wires":     14,
         "num_pub_wire_bits": 84,
         "num_ports":         9,
         "num_port_bits":     51,
         "num_memories":      0,
         "num_memory_bits":   0,
         "num_processes":     0,
         "num_cells":         420,
         "num_submodules":       0,
         "num_cells_by_type": {
            "$_ANDNOT_": 30,
            "$_AND_": 87,
            "$_DFF_P_": 7,
            "$_MUX_": 25,
            "$_NAND_": 160,
            "$_NOR_": 14,
            "$_NOT_": 3,
            "$_ORNOT_": 18,
            "$_OR_": 25,
            "$_SDFFE_PN0P_": 16,
            "$_SDFF_PN0_": 16,
            "$_SDFF_PN1_": 1,
            "$_XNOR_": 3,
            "$_XOR_": 14,
            "r2r_dac_analog": 1
         }
      }
   },
      "design": {
         "num_wires":         374,
         "num_wire_bits":     479,
         "num_pub_wires":     14,
         "num_pub_wire_bits": 84,
         "num_ports":         9,
         "num_port_bits":     51,
         "num_memories":      0,
         "num_memory_bits":   0,
         "num_processes":     0,
         "num_cells":         420,
         "num_submodules":       0,
         "num_cells_by_type": {
            "$_ANDNOT_": 30,
            "$_AND_": 87,
            "$_DFF_P_": 7,
            "$_MUX_": 25,
            "$_NAND_": 160,
            "$_NOR_": 14,
            "$_NOT_": 3,
            "$_ORNOT_": 18,
            "$_OR_": 25,
            "$_SDFFE_PN0P_": 16,
            "$_SDFF_PN0_": 16,
            "$_SDFF_PN1_": 1,
            "$_XNOR_": 3,
            "$_XOR_": 14,
            "r2r_dac_analog": 1
         }
      }
}

120. Printing statistics.

=== tt_um_r2r_dac_digital ===

        +----------Local Count, excluding submodules.
        | 
      374 wires
      479 wire bits
       14 public wires
       84 public wire bits
        9 ports
       51 port bits
      420 cells
       30   $_ANDNOT_
       87   $_AND_
        7   $_DFF_P_
       25   $_MUX_
      160   $_NAND_
       14   $_NOR_
        3   $_NOT_
       18   $_ORNOT_
       25   $_OR_
       16   $_SDFFE_PN0P_
       16   $_SDFF_PN0_
        1   $_SDFF_PN1_
        3   $_XNOR_
       14   $_XOR_
        1   r2r_dac_analog

   Area for cell type $_ANDNOT_ is unknown!
   Area for cell type $_AND_ is unknown!
   Area for cell type $_DFF_P_ is unknown!
   Area for cell type $_MUX_ is unknown!
   Area for cell type $_NAND_ is unknown!
   Area for cell type $_NOR_ is unknown!
   Area for cell type $_NOT_ is unknown!
   Area for cell type $_ORNOT_ is unknown!
   Area for cell type $_OR_ is unknown!
   Area for cell type $_SDFFE_PN0P_ is unknown!
   Area for cell type $_SDFF_PN0_ is unknown!
   Area for cell type $_SDFF_PN1_ is unknown!
   Area for cell type $_XNOR_ is unknown!
   Area for cell type $_XOR_ is unknown!
   Area for cell type \r2r_dac_analog is unknown!

121. Executing DFFLIBMAP pass (mapping DFF/DLATCH cells to sequential cells from liberty file).
  cell gf180mcu_fd_sc_mcu7t5v0__dffnq_1 (noninv, pins=3, area=65.86) is a direct match for cell type $_DFF_N_.
  cell gf180mcu_fd_sc_mcu7t5v0__dffq_1 (noninv, pins=3, area=63.66) is a direct match for cell type $_DFF_P_.
  cell gf180mcu_fd_sc_mcu7t5v0__dffnrnq_1 (noninv, pins=4, area=74.64) is a direct match for cell type $_DFF_NN0_.
  cell gf180mcu_fd_sc_mcu7t5v0__dffnsnq_1 (noninv, pins=4, area=79.03) is a direct match for cell type $_DFF_NN1_.
  cell gf180mcu_fd_sc_mcu7t5v0__dffrnq_1 (noninv, pins=4, area=74.64) is a direct match for cell type $_DFF_PN0_.
  cell gf180mcu_fd_sc_mcu7t5v0__dffsnq_1 (noninv, pins=4, area=79.03) is a direct match for cell type $_DFF_PN1_.
  cell gf180mcu_fd_sc_mcu7t5v0__dffnrsnq_1 (noninv, pins=5, area=94.39) is a direct match for cell type $_DFFSR_NNN_.
  cell gf180mcu_fd_sc_mcu7t5v0__dffrsnq_1 (noninv, pins=5, area=85.61) is a direct match for cell type $_DFFSR_PNN_.
  cell gf180mcu_fd_sc_mcu7t5v0__latq_1 (noninv, pins=3, area=43.90) is a direct match for cell type $_DLATCH_P_.
  cell gf180mcu_fd_sc_mcu7t5v0__latrnq_1 (noninv, pins=4, area=48.29) is a direct match for cell type $_DLATCH_PN0_.
  cell gf180mcu_fd_sc_mcu7t5v0__latsnq_1 (noninv, pins=4, area=46.10) is a direct match for cell type $_DLATCH_PN1_.
  cell gf180mcu_fd_sc_mcu7t5v0__latrsnq_1 (noninv, pins=5, area=52.68) is a direct match for cell type $_DLATCHSR_PNN_.
  final dff/dlatch cell mappings:
    \gf180mcu_fd_sc_mcu7t5v0__dffnq_1 _DFF_N_ (.CLKN( C), .D( D), .Q( Q));
    \gf180mcu_fd_sc_mcu7t5v0__dffq_1 _DFF_P_ (.CLK( C), .D( D), .Q( Q));
    \gf180mcu_fd_sc_mcu7t5v0__dffnrnq_1 _DFF_NN0_ (.CLKN( C), .D( D), .Q( Q), .RN( R));
    \gf180mcu_fd_sc_mcu7t5v0__dffnsnq_1 _DFF_NN1_ (.CLKN( C), .D( D), .Q( Q), .SETN( R));
    unmapped dff/dlatch cell: $_DFF_NP0_
    unmapped dff/dlatch cell: $_DFF_NP1_
    \gf180mcu_fd_sc_mcu7t5v0__dffrnq_1 _DFF_PN0_ (.CLK( C), .D( D), .Q( Q), .RN( R));
    \gf180mcu_fd_sc_mcu7t5v0__dffsnq_1 _DFF_PN1_ (.CLK( C), .D( D), .Q( Q), .SETN( R));
    unmapped dff/dlatch cell: $_DFF_PP0_
    unmapped dff/dlatch cell: $_DFF_PP1_
    unmapped dff/dlatch cell: $_DFFE_NN_
    unmapped dff/dlatch cell: $_DFFE_NP_
    unmapped dff/dlatch cell: $_DFFE_PN_
    unmapped dff/dlatch cell: $_DFFE_PP_
    \gf180mcu_fd_sc_mcu7t5v0__dffnrsnq_1 _DFFSR_NNN_ (.CLKN( C), .D( D), .Q( Q), .RN( R), .SETN( S));
    unmapped dff/dlatch cell: $_DFFSR_NNP_
    unmapped dff/dlatch cell: $_DFFSR_NPN_
    unmapped dff/dlatch cell: $_DFFSR_NPP_
    \gf180mcu_fd_sc_mcu7t5v0__dffrsnq_1 _DFFSR_PNN_ (.CLK( C), .D( D), .Q( Q), .RN( R), .SETN( S));
    unmapped dff/dlatch cell: $_DFFSR_PNP_
    unmapped dff/dlatch cell: $_DFFSR_PPN_
    unmapped dff/dlatch cell: $_DFFSR_PPP_
    unmapped dff/dlatch cell: $_DLATCH_N_
    \gf180mcu_fd_sc_mcu7t5v0__latq_1 _DLATCH_P_ (.D( D), .E( E), .Q( Q));
    unmapped dff/dlatch cell: $_DLATCH_NN0_
    unmapped dff/dlatch cell: $_DLATCH_NN1_
    unmapped dff/dlatch cell: $_DLATCH_NP0_
    unmapped dff/dlatch cell: $_DLATCH_NP1_
    \gf180mcu_fd_sc_mcu7t5v0__latrnq_1 _DLATCH_PN0_ (.D( D), .E( E), .Q( Q), .RN( R));
    \gf180mcu_fd_sc_mcu7t5v0__latsnq_1 _DLATCH_PN1_ (.D( D), .E( E), .Q( Q), .SETN( R));
    unmapped dff/dlatch cell: $_DLATCH_PP0_
    unmapped dff/dlatch cell: $_DLATCH_PP1_
    unmapped dff/dlatch cell: $_DLATCHSR_NNN_
    unmapped dff/dlatch cell: $_DLATCHSR_NNP_
    unmapped dff/dlatch cell: $_DLATCHSR_NPN_
    unmapped dff/dlatch cell: $_DLATCHSR_NPP_
    \gf180mcu_fd_sc_mcu7t5v0__latrsnq_1 _DLATCHSR_PNN_ (.D( D), .E( E), .Q( Q), .RN( R), .SETN( S));
    unmapped dff/dlatch cell: $_DLATCHSR_PNP_
    unmapped dff/dlatch cell: $_DLATCHSR_PPN_
    unmapped dff/dlatch cell: $_DLATCHSR_PPP_

121.1. Executing DFFLEGALIZE pass (convert FFs and LATCHes to types supported by the target).
Mapping DFF/DLATCH cells in module `\tt_um_r2r_dac_digital':
  mapped 40 $_DFF_P_ cells to \gf180mcu_fd_sc_mcu7t5v0__dffq_1 cells.
{
   "creator": "Yosys 0.69 (git sha1 9f75ca1f9, Release, GNU /usr/bin/c++ 13.3.0)",
   "invocation": "stat -json -liberty /home/ihsan/.cc/worktrees/ece298a/r2r-dac/blocks/r2r_dac/top/harden/runs/run/tmp/e944aeb99d96499982f4d901f71b8986.lib -liberty /home/ihsan/.cc/worktrees/ece298a/r2r-dac/blocks/r2r_dac/top/harden/runs/run/tmp/af235ebfe2fc41a89269ef2deb54bf92.lib ",
   "modules": {
      "\\tt_um_r2r_dac_digital": {
         "num_wires":         423,
         "num_wire_bits":     528,
         "num_pub_wires":     14,
         "num_pub_wire_bits": 84,
         "num_ports":         9,
         "num_port_bits":     51,
         "num_memories":      0,
         "num_memory_bits":   0,
         "num_processes":     0,
         "num_cells":         469,
         "num_submodules":       0,
         "area":              2546.432000,
         "sequential_area":    2546.432000,
         "num_cells_by_type": {
            "$_ANDNOT_": 30,
            "$_AND_": 87,
            "$_MUX_": 74,
            "$_NAND_": 160,
            "$_NOR_": 14,
            "$_NOT_": 3,
            "$_ORNOT_": 18,
            "$_OR_": 25,
            "$_XNOR_": 3,
            "$_XOR_": 14,
            "gf180mcu_fd_sc_mcu7t5v0__dffq_1": 40,
            "r2r_dac_analog": 1
         }
      }
   },
      "design": {
         "num_wires":         423,
         "num_wire_bits":     528,
         "num_pub_wires":     14,
         "num_pub_wire_bits": 84,
         "num_ports":         9,
         "num_port_bits":     51,
         "num_memories":      0,
         "num_memory_bits":   0,
         "num_processes":     0,
         "num_cells":         469,
         "num_submodules":       0,
         "area":              2546.432000,
         "sequential_area":    2546.432000,
         "num_cells_by_type": {
            "$_ANDNOT_": 30,
            "$_AND_": 87,
            "$_MUX_": 74,
            "$_NAND_": 160,
            "$_NOR_": 14,
            "$_NOT_": 3,
            "$_ORNOT_": 18,
            "$_OR_": 25,
            "$_XNOR_": 3,
            "$_XOR_": 14,
            "gf180mcu_fd_sc_mcu7t5v0__dffq_1": 40,
            "r2r_dac_analog": 1
         }
      }
}

122. Printing statistics.

=== tt_um_r2r_dac_digital ===

        +----------Local Count, excluding submodules.
        |        +-Local Area, excluding submodules.
        |        | 
      423        - wires
      528        - wire bits
       14        - public wires
       84        - public wire bits
        9        - ports
       51        - port bits
      469 2.55E+03 cells
       30        -   $_ANDNOT_
       87        -   $_AND_
       74        -   $_MUX_
      160        -   $_NAND_
       14        -   $_NOR_
        3        -   $_NOT_
       18        -   $_ORNOT_
       25        -   $_OR_
        3        -   $_XNOR_
       14        -   $_XOR_
       40 2.55E+03   gf180mcu_fd_sc_mcu7t5v0__dffq_1
        1        -   r2r_dac_analog

   Area for cell type $_ANDNOT_ is unknown!
   Area for cell type $_AND_ is unknown!
   Area for cell type $_MUX_ is unknown!
   Area for cell type $_NAND_ is unknown!
   Area for cell type $_NOR_ is unknown!
   Area for cell type $_NOT_ is unknown!
   Area for cell type $_ORNOT_ is unknown!
   Area for cell type $_OR_ is unknown!
   Area for cell type $_XNOR_ is unknown!
   Area for cell type $_XOR_ is unknown!
   Area for cell type \r2r_dac_analog is unknown!

   Chip area for module '\tt_um_r2r_dac_digital': 2546.432000
     of which used for sequential elements: 2546.432000 (100.00%)

[INFO] Using generated ABC strategy script '/home/ihsan/.cc/worktrees/ece298a/r2r-dac/blocks/r2r_dac/top/harden/runs/run/06-yosys-synthesis/AREA_0.abc'…

123. Executing ABC pass (technology mapping using ABC).

123.1. Extracting gate netlist of module `\tt_um_r2r_dac_digital' to `/home/ihsan/.cc/tmp/yosys-abc-XHr80I/input.blif'..

123.1.1. Executed ABC.
Extracted 428 gates and 474 wires to a netlist network with 44 inputs and 40 outputs.
Running ABC script: /home/ihsan/.cc/tmp/yosys-abc-XHr80I/abc.script
ABC: UC Berkeley, ABC 1.01 (compiled Sep 22 2026 15:09:22)
ABC: abc 01> empty
ABC: abc 01> source /home/ihsan/.cc/tmp/yosys-abc-XHr80I/abc.script
ABC: + read_blif /home/ihsan/.cc/tmp/yosys-abc-XHr80I/input.blif 
ABC: + read_scl /home/ihsan/.cc/tmp/yosys-liberty-scl-cache-1000/yosys_merged_06abe3bf.scl 
ABC: Warning: Detected 6 multi-output cells (for example, "gf180mcu_fd_sc_mcu7t5v0__addf_1").
ABC: + read_constr -v /home/ihsan/.cc/worktrees/ece298a/r2r-dac/blocks/r2r_dac/top/harden/runs/run/06-yosys-synthesis/synthesis.abc.sdc 
ABC: Setting driving cell to be "gf180mcu_fd_sc_mcu7t5v0__inv_1/ZN".
ABC: Setting output load to be 72.910004.
ABC: + source /home/ihsan/.cc/worktrees/ece298a/r2r-dac/blocks/r2r_dac/top/harden/runs/run/06-yosys-synthesis/AREA_0.abc 
ABC: Error: The network is combinational.
ABC: Cannot find the default PI driving cell (gf180mcu_fd_sc_mcu7t5v0__inv_1/ZN) in the library.
ABC: WireLoad = "none"  Gates =    309 (  8.1 %)   Cap = 19.2 ff (  1.0 %)   Area =     5143.35 ( 98.4 %)   Delay = 14774.15 ps  ( 12.6 %)               
ABC: Path  0 --      28 : 0    2 pi                                A =   0.00  Df =   0.0   -0.0 ps  S =   0.0 ps  Cin =  0.0 ff  Cout =   6.9 ff  Cmax =   0.0 ff  G =    0  
ABC: Path  1 --     101 : 4    7 gf180mcu_fd_sc_mcu7t5v0__and4_1   A =  24.15  Df =1073.5 -358.3 ps  S = 828.3 ps  Cin =  2.9 ff  Cout =  29.0 ff  Cmax = 359.1 ff  G =  994  
ABC: Path  2 --     103 : 4    1 gf180mcu_fd_sc_mcu7t5v0__and4_1   A =  24.15  Df =1790.6 -460.1 ps  S = 281.5 ps  Cin =  2.9 ff  Cout =   4.6 ff  Cmax = 359.1 ff  G =  159  
ABC: Path  3 --     105 : 3   12 gf180mcu_fd_sc_mcu7t5v0__aoi21_1  A =  17.56  Df =3095.1 -471.7 ps  S =2978.6 ps  Cin =  4.4 ff  Cout =  60.1 ff  Cmax = 181.5 ff  G = 1353  
ABC: Path  4 --     134 : 3    2 gf180mcu_fd_sc_mcu7t5v0__oai21_1  A =  17.56  Df =3340.1  -28.7 ps  S = 712.9 ps  Cin =  4.7 ff  Cout =   7.0 ff  Cmax = 181.9 ff  G =  147  
ABC: Path  5 --     135 : 3   23 gf180mcu_fd_sc_mcu7t5v0__nand3_1  A =  15.37  Df =5486.8 -298.0 ps  S =3338.9 ps  Cin =  4.2 ff  Cout = 104.9 ff  Cmax = 278.1 ff  G = 2500  
ABC: Path  6 --     136 : 1   23 gf180mcu_fd_sc_mcu7t5v0__clkinv_1 A =   8.78  Df =8467.0  -81.8 ps  S =4060.8 ps  Cin =  4.1 ff  Cout = 167.1 ff  Cmax = 349.5 ff  G = 4051  
ABC: Path  7 --     219 : 4    1 gf180mcu_fd_sc_mcu7t5v0__nor4_1   A =  21.95  Df =9733.6-1098.7 ps  S =1117.9 ps  Cin =  3.7 ff  Cout =   4.0 ff  Cmax =  91.0 ff  G =  107  
ABC: Path  8 --     228 : 3    1 gf180mcu_fd_sc_mcu7t5v0__nor3_1   A =  17.56  Df =10067.7 -878.0 ps  S = 835.9 ps  Cin =  4.0 ff  Cout =   3.9 ff  Cmax = 122.2 ff  G =   98  
ABC: Path  9 --     229 : 4    1 gf180mcu_fd_sc_mcu7t5v0__aoi211_1 A =  21.95  Df =10792.1-1232.5 ps  S = 837.4 ps  Cin =  4.2 ff  Cout =   4.4 ff  Cmax = 120.6 ff  G =  105  
ABC: Path 10 --     233 : 5    2 gf180mcu_fd_sc_mcu7t5v0__oai32_1  A =  26.34  Df =11260.8  -39.3 ps  S =1450.5 ps  Cin =  4.6 ff  Cout =   9.1 ff  Cmax = 114.5 ff  G =  196  
ABC: Path 11 --     246 : 4    1 gf180mcu_fd_sc_mcu7t5v0__oai31_1  A =  24.15  Df =14774.2-2005.8 ps  S =5864.4 ps  Cin =  4.4 ff  Cout =  72.9 ff  Cmax = 107.3 ff  G = 1649  
ABC: Start-point = pi27 (\u_r2r_dac_digital.presc [3]).  End-point = po1 ($$flatten\u_r2r_dac_digital.$auto$proc_rom.cc:155:do_switch$12$rdreg[0]$d [1]).
ABC: netlist                       : i/o =   44/   40  lat =    0  nd =   309  edge =    880  area =5143.46  delay =12.00  lev = 12
ABC: + write_blif /home/ihsan/.cc/tmp/yosys-abc-XHr80I/output.blif 
ABC:                                                                                
ABC: YOSYS_ABC_DONE 

123.1.2. Re-integrating ABC results.
ABC RESULTS:   gf180mcu_fd_sc_mcu7t5v0__and2_1 cells:        4
ABC RESULTS:   gf180mcu_fd_sc_mcu7t5v0__and4_1 cells:        4
ABC RESULTS:   gf180mcu_fd_sc_mcu7t5v0__aoi211_1 cells:       14
ABC RESULTS:   gf180mcu_fd_sc_mcu7t5v0__aoi21_1 cells:       50
ABC RESULTS:   gf180mcu_fd_sc_mcu7t5v0__aoi221_1 cells:        4
ABC RESULTS:   gf180mcu_fd_sc_mcu7t5v0__aoi22_1 cells:       23
ABC RESULTS:   gf180mcu_fd_sc_mcu7t5v0__clkinv_1 cells:       25
ABC RESULTS:   gf180mcu_fd_sc_mcu7t5v0__mux2_2 cells:        1
ABC RESULTS:   gf180mcu_fd_sc_mcu7t5v0__nand2_1 cells:       49
ABC RESULTS:   gf180mcu_fd_sc_mcu7t5v0__nand3_1 cells:       17
ABC RESULTS:   gf180mcu_fd_sc_mcu7t5v0__nand4_1 cells:        6
ABC RESULTS:   gf180mcu_fd_sc_mcu7t5v0__nor2_1 cells:       31
ABC RESULTS:   gf180mcu_fd_sc_mcu7t5v0__nor3_1 cells:        7
ABC RESULTS:   gf180mcu_fd_sc_mcu7t5v0__nor4_1 cells:        5
ABC RESULTS:   gf180mcu_fd_sc_mcu7t5v0__oai211_1 cells:       11
ABC RESULTS:   gf180mcu_fd_sc_mcu7t5v0__oai21_1 cells:       30
ABC RESULTS:   gf180mcu_fd_sc_mcu7t5v0__oai221_1 cells:        2
ABC RESULTS:   gf180mcu_fd_sc_mcu7t5v0__oai22_1 cells:        2
ABC RESULTS:   gf180mcu_fd_sc_mcu7t5v0__oai31_1 cells:       11
ABC RESULTS:   gf180mcu_fd_sc_mcu7t5v0__oai32_1 cells:        4
ABC RESULTS:   gf180mcu_fd_sc_mcu7t5v0__or2_1 cells:        5
ABC RESULTS:   gf180mcu_fd_sc_mcu7t5v0__xor2_1 cells:        4
ABC RESULTS:        internal signals:      390
ABC RESULTS:           input signals:       44
ABC RESULTS:          output signals:       40
Removing temp directory.
Removing global temp directory.

124. Executing SETUNDEF pass (replace undef values with defined constants).

125. Executing HILOMAP pass (mapping to constant drivers).

126. Executing SPLITNETS pass (splitting up multi-bit signals).

127. Executing OPT_CLEAN pass (remove unused cells and wires).
Finding unused cells or wires in module \tt_um_r2r_dac_digital..
Removed 0 unused cells and 505 unused wires.
<suppressed ~2 debug messages>

128. Executing INSBUF pass (insert buffer cells for connected wires).

129. Executing CHECK pass (checking for obvious problems).
Checking module tt_um_r2r_dac_digital...
Found and reported 0 problems.
{
   "creator": "Yosys 0.69 (git sha1 9f75ca1f9, Release, GNU /usr/bin/c++ 13.3.0)",
   "invocation": "stat -json -liberty /home/ihsan/.cc/worktrees/ece298a/r2r-dac/blocks/r2r_dac/top/harden/runs/run/tmp/e944aeb99d96499982f4d901f71b8986.lib -liberty /home/ihsan/.cc/worktrees/ece298a/r2r-dac/blocks/r2r_dac/top/harden/runs/run/tmp/af235ebfe2fc41a89269ef2deb54bf92.lib ",
   "modules": {
      "\\tt_um_r2r_dac_digital": {
         "num_wires":         350,
         "num_wire_bits":     392,
         "num_pub_wires":     41,
         "num_pub_wire_bits": 83,
         "num_ports":         9,
         "num_port_bits":     51,
         "num_memories":      0,
         "num_memory_bits":   0,
         "num_processes":     0,
         "num_cells":         366,
         "num_submodules":       0,
         "area":              7830.278400,
         "sequential_area":    2546.432000,
         "num_cells_by_type": {
            "gf180mcu_fd_sc_mcu7t5v0__and2_1": 4,
            "gf180mcu_fd_sc_mcu7t5v0__and4_1": 4,
            "gf180mcu_fd_sc_mcu7t5v0__aoi211_1": 14,
            "gf180mcu_fd_sc_mcu7t5v0__aoi21_1": 50,
            "gf180mcu_fd_sc_mcu7t5v0__aoi221_1": 4,
            "gf180mcu_fd_sc_mcu7t5v0__aoi22_1": 23,
            "gf180mcu_fd_sc_mcu7t5v0__clkinv_1": 25,
            "gf180mcu_fd_sc_mcu7t5v0__dffq_1": 40,
            "gf180mcu_fd_sc_mcu7t5v0__mux2_2": 1,
            "gf180mcu_fd_sc_mcu7t5v0__nand2_1": 49,
            "gf180mcu_fd_sc_mcu7t5v0__nand3_1": 17,
            "gf180mcu_fd_sc_mcu7t5v0__nand4_1": 6,
            "gf180mcu_fd_sc_mcu7t5v0__nor2_1": 31,
            "gf180mcu_fd_sc_mcu7t5v0__nor3_1": 7,
            "gf180mcu_fd_sc_mcu7t5v0__nor4_1": 5,
            "gf180mcu_fd_sc_mcu7t5v0__oai211_1": 11,
            "gf180mcu_fd_sc_mcu7t5v0__oai21_1": 30,
            "gf180mcu_fd_sc_mcu7t5v0__oai221_1": 2,
            "gf180mcu_fd_sc_mcu7t5v0__oai22_1": 2,
            "gf180mcu_fd_sc_mcu7t5v0__oai31_1": 11,
            "gf180mcu_fd_sc_mcu7t5v0__oai32_1": 4,
            "gf180mcu_fd_sc_mcu7t5v0__or2_1": 5,
            "gf180mcu_fd_sc_mcu7t5v0__tiel": 16,
            "gf180mcu_fd_sc_mcu7t5v0__xor2_1": 4,
            "r2r_dac_analog": 1
         }
      }
   },
      "design": {
         "num_wires":         350,
         "num_wire_bits":     392,
         "num_pub_wires":     41,
         "num_pub_wire_bits": 83,
         "num_ports":         9,
         "num_port_bits":     51,
         "num_memories":      0,
         "num_memory_bits":   0,
         "num_processes":     0,
         "num_cells":         366,
         "num_submodules":       0,
         "area":              7830.278400,
         "sequential_area":    2546.432000,
         "num_cells_by_type": {
            "gf180mcu_fd_sc_mcu7t5v0__and2_1": 4,
            "gf180mcu_fd_sc_mcu7t5v0__and4_1": 4,
            "gf180mcu_fd_sc_mcu7t5v0__aoi211_1": 14,
            "gf180mcu_fd_sc_mcu7t5v0__aoi21_1": 50,
            "gf180mcu_fd_sc_mcu7t5v0__aoi221_1": 4,
            "gf180mcu_fd_sc_mcu7t5v0__aoi22_1": 23,
            "gf180mcu_fd_sc_mcu7t5v0__clkinv_1": 25,
            "gf180mcu_fd_sc_mcu7t5v0__dffq_1": 40,
            "gf180mcu_fd_sc_mcu7t5v0__mux2_2": 1,
            "gf180mcu_fd_sc_mcu7t5v0__nand2_1": 49,
            "gf180mcu_fd_sc_mcu7t5v0__nand3_1": 17,
            "gf180mcu_fd_sc_mcu7t5v0__nand4_1": 6,
            "gf180mcu_fd_sc_mcu7t5v0__nor2_1": 31,
            "gf180mcu_fd_sc_mcu7t5v0__nor3_1": 7,
            "gf180mcu_fd_sc_mcu7t5v0__nor4_1": 5,
            "gf180mcu_fd_sc_mcu7t5v0__oai211_1": 11,
            "gf180mcu_fd_sc_mcu7t5v0__oai21_1": 30,
            "gf180mcu_fd_sc_mcu7t5v0__oai221_1": 2,
            "gf180mcu_fd_sc_mcu7t5v0__oai22_1": 2,
            "gf180mcu_fd_sc_mcu7t5v0__oai31_1": 11,
            "gf180mcu_fd_sc_mcu7t5v0__oai32_1": 4,
            "gf180mcu_fd_sc_mcu7t5v0__or2_1": 5,
            "gf180mcu_fd_sc_mcu7t5v0__tiel": 16,
            "gf180mcu_fd_sc_mcu7t5v0__xor2_1": 4,
            "r2r_dac_analog": 1
         }
      }
}

130. Printing statistics.

=== tt_um_r2r_dac_digital ===

        +----------Local Count, excluding submodules.
        |        +-Local Area, excluding submodules.
        |        | 
      350        - wires
      392        - wire bits
       41        - public wires
       83        - public wire bits
        9        - ports
       51        - port bits
      366 7.83E+03 cells
        4   70.246   gf180mcu_fd_sc_mcu7t5v0__and2_1
        4   96.589   gf180mcu_fd_sc_mcu7t5v0__and4_1
       14  307.328   gf180mcu_fd_sc_mcu7t5v0__aoi211_1
       50   878.08   gf180mcu_fd_sc_mcu7t5v0__aoi21_1
        4   96.589   gf180mcu_fd_sc_mcu7t5v0__aoi221_1
       23  454.406   gf180mcu_fd_sc_mcu7t5v0__aoi22_1
       25   219.52   gf180mcu_fd_sc_mcu7t5v0__clkinv_1
       40 2.55E+03   gf180mcu_fd_sc_mcu7t5v0__dffq_1
        1   32.928   gf180mcu_fd_sc_mcu7t5v0__mux2_2
       49  537.824   gf180mcu_fd_sc_mcu7t5v0__nand2_1
       17  261.229   gf180mcu_fd_sc_mcu7t5v0__nand3_1
        6  118.541   gf180mcu_fd_sc_mcu7t5v0__nand4_1
       31  408.307   gf180mcu_fd_sc_mcu7t5v0__nor2_1
        7  122.931   gf180mcu_fd_sc_mcu7t5v0__nor3_1
        5   109.76   gf180mcu_fd_sc_mcu7t5v0__nor4_1
       11  241.472   gf180mcu_fd_sc_mcu7t5v0__oai211_1
       30  526.848   gf180mcu_fd_sc_mcu7t5v0__oai21_1
        2   52.685   gf180mcu_fd_sc_mcu7t5v0__oai221_1
        2   43.904   gf180mcu_fd_sc_mcu7t5v0__oai22_1
       11  265.619   gf180mcu_fd_sc_mcu7t5v0__oai31_1
        4   105.37   gf180mcu_fd_sc_mcu7t5v0__oai32_1
        5   87.808   gf180mcu_fd_sc_mcu7t5v0__or2_1
       16  140.493   gf180mcu_fd_sc_mcu7t5v0__tiel
        4   105.37   gf180mcu_fd_sc_mcu7t5v0__xor2_1
        1        -   r2r_dac_analog

   Area for cell type \r2r_dac_analog is unknown!

   Chip area for module '\tt_um_r2r_dac_digital': 7830.278400
     of which used for sequential elements: 2546.432000 (32.52%)

131. Executing Verilog backend.
Dumping module `\tt_um_r2r_dac_digital'.

132. Executing JSON backend.
