
===========================================================================
report_checks -path_delay max (Setup)
============================================================================
======================= nom_tt_025C_3v30 Corner ===================================

Startpoint: uio_in[2] (input port clocked by clk)
Endpoint: _618_ (rising edge-triggered flip-flop clocked by clk)
Path Group: clk
Path Type: max

Fanout         Cap        Slew       Delay        Time   Description
---------------------------------------------------------------------------------------------
                      0.150000    0.000000    0.000000   clock clk (rise edge)
                                  0.000000    0.000000   clock network delay (ideal)
                                  4.000000    4.000000 ^ input external delay
     2    0.008784    0.280500    0.127152    4.127151 ^ uio_in[2] (in)
                                                         uio_in[2] (net)
                      0.280500    0.000000    4.127151 ^ _320_/I (gf180mcu_fd_sc_mcu7t5v0__clkinv_1)
     1    0.003919    0.170679    0.164089    4.291241 v _320_/ZN (gf180mcu_fd_sc_mcu7t5v0__clkinv_1)
                                                         _305_ (net)
                      0.170679    0.000000    4.291241 v _329_/B (gf180mcu_fd_sc_mcu7t5v0__aoi21_1)
    12    0.060098    2.978632    1.923639    6.214880 ^ _329_/ZN (gf180mcu_fd_sc_mcu7t5v0__aoi21_1)
                                                         _045_ (net)
                      2.978632    0.000000    6.214880 ^ _358_/A1 (gf180mcu_fd_sc_mcu7t5v0__oai21_1)
     2    0.007005    0.712907    0.257271    6.472150 v _358_/ZN (gf180mcu_fd_sc_mcu7t5v0__oai21_1)
                                                         _070_ (net)
                      0.712907    0.000000    6.472150 v _359_/A3 (gf180mcu_fd_sc_mcu7t5v0__nand3_1)
    23    0.104929    3.338883    2.254059    8.726210 ^ _359_/ZN (gf180mcu_fd_sc_mcu7t5v0__nand3_1)
                                                         _071_ (net)
                      3.338883    0.000000    8.726210 ^ _360_/I (gf180mcu_fd_sc_mcu7t5v0__clkinv_1)
    23    0.096506    2.429390    2.111195   10.837404 v _360_/ZN (gf180mcu_fd_sc_mcu7t5v0__clkinv_1)
                                                         _029_ (net)
                      2.429390    0.000000   10.837404 v _397_/A1 (gf180mcu_fd_sc_mcu7t5v0__or2_1)
     2    0.009277    0.324055    1.401327   12.238731 v _397_/Z (gf180mcu_fd_sc_mcu7t5v0__or2_1)
                                                         _105_ (net)
                      0.324055    0.000000   12.238731 v _402_/B (gf180mcu_fd_sc_mcu7t5v0__oai31_1)
     1    0.002928    0.948299    0.364624   12.603355 ^ _402_/ZN (gf180mcu_fd_sc_mcu7t5v0__oai31_1)
                                                         _110_ (net)
                      0.948299    0.000000   12.603355 ^ _406_/A3 (gf180mcu_fd_sc_mcu7t5v0__and4_1)
     1    0.004844    0.292028    0.777511   13.380867 ^ _406_/Z (gf180mcu_fd_sc_mcu7t5v0__and4_1)
                                                         _114_ (net)
                      0.292028    0.000000   13.380867 ^ _418_/B1 (gf180mcu_fd_sc_mcu7t5v0__oai32_1)
     2    0.009710    0.494896    0.314257   13.695124 v _418_/ZN (gf180mcu_fd_sc_mcu7t5v0__oai32_1)
                                                         _126_ (net)
                      0.494896    0.000000   13.695124 v _430_/A1 (gf180mcu_fd_sc_mcu7t5v0__oai21_1)
     1    0.004661    0.520885    0.414309   14.109432 ^ _430_/ZN (gf180mcu_fd_sc_mcu7t5v0__oai21_1)
                                                         _138_ (net)
                      0.520885    0.000000   14.109432 ^ _432_/B (gf180mcu_fd_sc_mcu7t5v0__oai21_1)
     1    0.002361    0.371586    0.244163   14.353595 v _432_/ZN (gf180mcu_fd_sc_mcu7t5v0__oai21_1)
                                                         _000_ (net)
                      0.371586    0.000000   14.353595 v _618_/D (gf180mcu_fd_sc_mcu7t5v0__dffq_1)
                                             14.353595   data arrival time

                      0.150000   20.000000   20.000000   clock clk (rise edge)
                                  0.000000   20.000000   clock network delay (ideal)
                                 -0.250000   19.750002   clock uncertainty
                                  0.000000   19.750002   clock reconvergence pessimism
                                             19.750002 ^ _618_/CLK (gf180mcu_fd_sc_mcu7t5v0__dffq_1)
                                 -0.442208   19.307793   library setup time
                                             19.307793   data required time
---------------------------------------------------------------------------------------------
                                             19.307793   data required time
                                            -14.353595   data arrival time
---------------------------------------------------------------------------------------------
                                              4.954198   slack (MET)


Startpoint: uio_in[2] (input port clocked by clk)
Endpoint: _621_ (rising edge-triggered flip-flop clocked by clk)
Path Group: clk
Path Type: max

Fanout         Cap        Slew       Delay        Time   Description
---------------------------------------------------------------------------------------------
                      0.150000    0.000000    0.000000   clock clk (rise edge)
                                  0.000000    0.000000   clock network delay (ideal)
                                  4.000000    4.000000 ^ input external delay
     2    0.008784    0.280500    0.127152    4.127151 ^ uio_in[2] (in)
                                                         uio_in[2] (net)
                      0.280500    0.000000    4.127151 ^ _320_/I (gf180mcu_fd_sc_mcu7t5v0__clkinv_1)
     1    0.003919    0.170679    0.164089    4.291241 v _320_/ZN (gf180mcu_fd_sc_mcu7t5v0__clkinv_1)
                                                         _305_ (net)
                      0.170679    0.000000    4.291241 v _329_/B (gf180mcu_fd_sc_mcu7t5v0__aoi21_1)
    12    0.060098    2.978632    1.923639    6.214880 ^ _329_/ZN (gf180mcu_fd_sc_mcu7t5v0__aoi21_1)
                                                         _045_ (net)
                      2.978632    0.000000    6.214880 ^ _358_/A1 (gf180mcu_fd_sc_mcu7t5v0__oai21_1)
     2    0.007005    0.712907    0.257271    6.472150 v _358_/ZN (gf180mcu_fd_sc_mcu7t5v0__oai21_1)
                                                         _070_ (net)
                      0.712907    0.000000    6.472150 v _359_/A3 (gf180mcu_fd_sc_mcu7t5v0__nand3_1)
    23    0.104929    3.338883    2.254059    8.726210 ^ _359_/ZN (gf180mcu_fd_sc_mcu7t5v0__nand3_1)
                                                         _071_ (net)
                      3.338883    0.000000    8.726210 ^ _360_/I (gf180mcu_fd_sc_mcu7t5v0__clkinv_1)
    23    0.096506    2.429390    2.111195   10.837404 v _360_/ZN (gf180mcu_fd_sc_mcu7t5v0__clkinv_1)
                                                         _029_ (net)
                      2.429390    0.000000   10.837404 v _487_/A1 (gf180mcu_fd_sc_mcu7t5v0__nand2_1)
     3    0.013240    0.802428    0.911207   11.748611 ^ _487_/ZN (gf180mcu_fd_sc_mcu7t5v0__nand2_1)
                                                         _192_ (net)
                      0.802428    0.000000   11.748611 ^ _488_/B (gf180mcu_fd_sc_mcu7t5v0__oai211_1)
     2    0.008290    0.936409    0.497685   12.246297 v _488_/ZN (gf180mcu_fd_sc_mcu7t5v0__oai211_1)
                                                         _193_ (net)
                      0.936409    0.000000   12.246297 v _489_/B (gf180mcu_fd_sc_mcu7t5v0__aoi21_1)
     1    0.004855    0.557545    0.582770   12.829067 ^ _489_/ZN (gf180mcu_fd_sc_mcu7t5v0__aoi21_1)
                                                         _194_ (net)
                      0.557545    0.000000   12.829067 ^ _493_/A1 (gf180mcu_fd_sc_mcu7t5v0__oai21_1)
     2    0.007341    0.433546    0.263251   13.092318 v _493_/ZN (gf180mcu_fd_sc_mcu7t5v0__oai21_1)
                                                         _198_ (net)
                      0.433546    0.000000   13.092318 v _498_/A1 (gf180mcu_fd_sc_mcu7t5v0__and2_1)
     1    0.004762    0.164995    0.469576   13.561894 v _498_/Z (gf180mcu_fd_sc_mcu7t5v0__and2_1)
                                                         _203_ (net)
                      0.164995    0.000000   13.561894 v _513_/A1 (gf180mcu_fd_sc_mcu7t5v0__oai32_1)
     1    0.002361    0.994757    0.638004   14.199899 ^ _513_/ZN (gf180mcu_fd_sc_mcu7t5v0__oai32_1)
                                                         _003_ (net)
                      0.994757    0.000000   14.199899 ^ _621_/D (gf180mcu_fd_sc_mcu7t5v0__dffq_1)
                                             14.199899   data arrival time

                      0.150000   20.000000   20.000000   clock clk (rise edge)
                                  0.000000   20.000000   clock network delay (ideal)
                                 -0.250000   19.750002   clock uncertainty
                                  0.000000   19.750002   clock reconvergence pessimism
                                             19.750002 ^ _621_/CLK (gf180mcu_fd_sc_mcu7t5v0__dffq_1)
                                 -0.440279   19.309723   library setup time
                                             19.309723   data required time
---------------------------------------------------------------------------------------------
                                             19.309723   data required time
                                            -14.199899   data arrival time
---------------------------------------------------------------------------------------------
                                              5.109824   slack (MET)


Startpoint: uio_in[2] (input port clocked by clk)
Endpoint: _619_ (rising edge-triggered flip-flop clocked by clk)
Path Group: clk
Path Type: max

Fanout         Cap        Slew       Delay        Time   Description
---------------------------------------------------------------------------------------------
                      0.150000    0.000000    0.000000   clock clk (rise edge)
                                  0.000000    0.000000   clock network delay (ideal)
                                  4.000000    4.000000 ^ input external delay
     2    0.008784    0.280500    0.127152    4.127151 ^ uio_in[2] (in)
                                                         uio_in[2] (net)
                      0.280500    0.000000    4.127151 ^ _320_/I (gf180mcu_fd_sc_mcu7t5v0__clkinv_1)
     1    0.003919    0.170679    0.164089    4.291241 v _320_/ZN (gf180mcu_fd_sc_mcu7t5v0__clkinv_1)
                                                         _305_ (net)
                      0.170679    0.000000    4.291241 v _329_/B (gf180mcu_fd_sc_mcu7t5v0__aoi21_1)
    12    0.060098    2.978632    1.923639    6.214880 ^ _329_/ZN (gf180mcu_fd_sc_mcu7t5v0__aoi21_1)
                                                         _045_ (net)
                      2.978632    0.000000    6.214880 ^ _358_/A1 (gf180mcu_fd_sc_mcu7t5v0__oai21_1)
     2    0.007005    0.712907    0.257271    6.472150 v _358_/ZN (gf180mcu_fd_sc_mcu7t5v0__oai21_1)
                                                         _070_ (net)
                      0.712907    0.000000    6.472150 v _359_/A3 (gf180mcu_fd_sc_mcu7t5v0__nand3_1)
    23    0.104929    3.338883    2.254059    8.726210 ^ _359_/ZN (gf180mcu_fd_sc_mcu7t5v0__nand3_1)
                                                         _071_ (net)
                      3.338883    0.000000    8.726210 ^ _360_/I (gf180mcu_fd_sc_mcu7t5v0__clkinv_1)
    23    0.096506    2.429390    2.111195   10.837404 v _360_/ZN (gf180mcu_fd_sc_mcu7t5v0__clkinv_1)
                                                         _029_ (net)
                      2.429390    0.000000   10.837404 v _443_/A1 (gf180mcu_fd_sc_mcu7t5v0__nor4_1)
     1    0.004009    0.977516    1.122173   11.959577 ^ _443_/ZN (gf180mcu_fd_sc_mcu7t5v0__nor4_1)
                                                         _150_ (net)
                      0.977516    0.000000   11.959577 ^ _452_/A3 (gf180mcu_fd_sc_mcu7t5v0__nor3_1)
     1    0.003931    0.584828    0.339552   12.299129 v _452_/ZN (gf180mcu_fd_sc_mcu7t5v0__nor3_1)
                                                         _159_ (net)
                      0.584828    0.000000   12.299129 v _453_/B (gf180mcu_fd_sc_mcu7t5v0__aoi211_1)
     1    0.004391    0.862791    0.711218   13.010347 ^ _453_/ZN (gf180mcu_fd_sc_mcu7t5v0__aoi211_1)
                                                         _160_ (net)
                      0.862791    0.000000   13.010347 ^ _457_/A3 (gf180mcu_fd_sc_mcu7t5v0__oai32_1)
     2    0.009071    0.470336    0.452515   13.462862 v _457_/ZN (gf180mcu_fd_sc_mcu7t5v0__oai32_1)
                                                         _164_ (net)
                      0.470336    0.000000   13.462862 v _467_/A1 (gf180mcu_fd_sc_mcu7t5v0__oai21_1)
     1    0.004554    0.518455    0.403684   13.866547 ^ _467_/ZN (gf180mcu_fd_sc_mcu7t5v0__oai21_1)
                                                         _174_ (net)
                      0.518455    0.000000   13.866547 ^ _470_/B (gf180mcu_fd_sc_mcu7t5v0__oai31_1)
     1    0.002361    0.456666    0.278565   14.145111 v _470_/ZN (gf180mcu_fd_sc_mcu7t5v0__oai31_1)
                                                         _001_ (net)
                      0.456666    0.000000   14.145111 v _619_/D (gf180mcu_fd_sc_mcu7t5v0__dffq_1)
                                             14.145111   data arrival time

                      0.150000   20.000000   20.000000   clock clk (rise edge)
                                  0.000000   20.000000   clock network delay (ideal)
                                 -0.250000   19.750002   clock uncertainty
                                  0.000000   19.750002   clock reconvergence pessimism
                                             19.750002 ^ _619_/CLK (gf180mcu_fd_sc_mcu7t5v0__dffq_1)
                                 -0.471002   19.278999   library setup time
                                             19.278999   data required time
---------------------------------------------------------------------------------------------
                                             19.278999   data required time
                                            -14.145111   data arrival time
---------------------------------------------------------------------------------------------
                                              5.133887   slack (MET)


Startpoint: uio_in[2] (input port clocked by clk)
Endpoint: _620_ (rising edge-triggered flip-flop clocked by clk)
Path Group: clk
Path Type: max

Fanout         Cap        Slew       Delay        Time   Description
---------------------------------------------------------------------------------------------
                      0.150000    0.000000    0.000000   clock clk (rise edge)
                                  0.000000    0.000000   clock network delay (ideal)
                                  4.000000    4.000000 ^ input external delay
     2    0.008784    0.280500    0.127152    4.127151 ^ uio_in[2] (in)
                                                         uio_in[2] (net)
                      0.280500    0.000000    4.127151 ^ _320_/I (gf180mcu_fd_sc_mcu7t5v0__clkinv_1)
     1    0.003919    0.170679    0.164089    4.291241 v _320_/ZN (gf180mcu_fd_sc_mcu7t5v0__clkinv_1)
                                                         _305_ (net)
                      0.170679    0.000000    4.291241 v _329_/B (gf180mcu_fd_sc_mcu7t5v0__aoi21_1)
    12    0.060098    2.978632    1.923639    6.214880 ^ _329_/ZN (gf180mcu_fd_sc_mcu7t5v0__aoi21_1)
                                                         _045_ (net)
                      2.978632    0.000000    6.214880 ^ _358_/A1 (gf180mcu_fd_sc_mcu7t5v0__oai21_1)
     2    0.007005    0.712907    0.257271    6.472150 v _358_/ZN (gf180mcu_fd_sc_mcu7t5v0__oai21_1)
                                                         _070_ (net)
                      0.712907    0.000000    6.472150 v _359_/A3 (gf180mcu_fd_sc_mcu7t5v0__nand3_1)
    23    0.104929    3.338883    2.254059    8.726210 ^ _359_/ZN (gf180mcu_fd_sc_mcu7t5v0__nand3_1)
                                                         _071_ (net)
                      3.338883    0.000000    8.726210 ^ _360_/I (gf180mcu_fd_sc_mcu7t5v0__clkinv_1)
    23    0.096506    2.429390    2.111195   10.837404 v _360_/ZN (gf180mcu_fd_sc_mcu7t5v0__clkinv_1)
                                                         _029_ (net)
                      2.429390    0.000000   10.837404 v _474_/B (gf180mcu_fd_sc_mcu7t5v0__oai31_1)
     1    0.004645    0.898235    0.965199   11.802603 ^ _474_/ZN (gf180mcu_fd_sc_mcu7t5v0__oai31_1)
                                                         _180_ (net)
                      0.898235    0.000000   11.802603 ^ _475_/A2 (gf180mcu_fd_sc_mcu7t5v0__aoi21_1)
     1    0.004461    0.529621    0.197347   11.999949 v _475_/ZN (gf180mcu_fd_sc_mcu7t5v0__aoi21_1)
                                                         _181_ (net)
                      0.529621    0.000000   11.999949 v _479_/A2 (gf180mcu_fd_sc_mcu7t5v0__oai32_1)
     1    0.004611    1.298764    0.879213   12.879163 ^ _479_/ZN (gf180mcu_fd_sc_mcu7t5v0__oai32_1)
                                                         _185_ (net)
                      1.298764    0.000000   12.879163 ^ _480_/B1 (gf180mcu_fd_sc_mcu7t5v0__aoi22_1)
     2    0.009134    0.620730    0.489483   13.368646 v _480_/ZN (gf180mcu_fd_sc_mcu7t5v0__aoi22_1)
                                                         _186_ (net)
                      0.620730    0.000000   13.368646 v _483_/B (gf180mcu_fd_sc_mcu7t5v0__oai21_1)
     1    0.004757    0.505953    0.458247   13.826893 ^ _483_/ZN (gf180mcu_fd_sc_mcu7t5v0__oai21_1)
                                                         _189_ (net)
                      0.505953    0.000000   13.826893 ^ _486_/A2 (gf180mcu_fd_sc_mcu7t5v0__aoi22_1)
     1    0.002361    0.392415    0.167498   13.994390 v _486_/ZN (gf180mcu_fd_sc_mcu7t5v0__aoi22_1)
                                                         _002_ (net)
                      0.392415    0.000000   13.994390 v _620_/D (gf180mcu_fd_sc_mcu7t5v0__dffq_1)
                                             13.994390   data arrival time

                      0.150000   20.000000   20.000000   clock clk (rise edge)
                                  0.000000   20.000000   clock network delay (ideal)
                                 -0.250000   19.750002   clock uncertainty
                                  0.000000   19.750002   clock reconvergence pessimism
                                             19.750002 ^ _620_/CLK (gf180mcu_fd_sc_mcu7t5v0__dffq_1)
                                 -0.449257   19.300745   library setup time
                                             19.300745   data required time
---------------------------------------------------------------------------------------------
                                             19.300745   data required time
                                            -13.994390   data arrival time
---------------------------------------------------------------------------------------------
                                              5.306354   slack (MET)


Startpoint: uio_in[2] (input port clocked by clk)
Endpoint: _622_ (rising edge-triggered flip-flop clocked by clk)
Path Group: clk
Path Type: max

Fanout         Cap        Slew       Delay        Time   Description
---------------------------------------------------------------------------------------------
                      0.150000    0.000000    0.000000   clock clk (rise edge)
                                  0.000000    0.000000   clock network delay (ideal)
                                  4.000000    4.000000 ^ input external delay
     2    0.008784    0.280500    0.127152    4.127151 ^ uio_in[2] (in)
                                                         uio_in[2] (net)
                      0.280500    0.000000    4.127151 ^ _320_/I (gf180mcu_fd_sc_mcu7t5v0__clkinv_1)
     1    0.003919    0.170679    0.164089    4.291241 v _320_/ZN (gf180mcu_fd_sc_mcu7t5v0__clkinv_1)
                                                         _305_ (net)
                      0.170679    0.000000    4.291241 v _329_/B (gf180mcu_fd_sc_mcu7t5v0__aoi21_1)
    12    0.060098    2.978632    1.923639    6.214880 ^ _329_/ZN (gf180mcu_fd_sc_mcu7t5v0__aoi21_1)
                                                         _045_ (net)
                      2.978632    0.000000    6.214880 ^ _358_/A1 (gf180mcu_fd_sc_mcu7t5v0__oai21_1)
     2    0.007005    0.712907    0.257271    6.472150 v _358_/ZN (gf180mcu_fd_sc_mcu7t5v0__oai21_1)
                                                         _070_ (net)
                      0.712907    0.000000    6.472150 v _359_/A3 (gf180mcu_fd_sc_mcu7t5v0__nand3_1)
    23    0.104929    3.338883    2.254059    8.726210 ^ _359_/ZN (gf180mcu_fd_sc_mcu7t5v0__nand3_1)
                                                         _071_ (net)
                      3.338883    0.000000    8.726210 ^ _360_/I (gf180mcu_fd_sc_mcu7t5v0__clkinv_1)
    23    0.096506    2.429390    2.111195   10.837404 v _360_/ZN (gf180mcu_fd_sc_mcu7t5v0__clkinv_1)
                                                         _029_ (net)
                      2.429390    0.000000   10.837404 v _516_/C (gf180mcu_fd_sc_mcu7t5v0__aoi211_1)
     1    0.003919    0.948887    0.971080   11.808484 ^ _516_/ZN (gf180mcu_fd_sc_mcu7t5v0__aoi211_1)
                                                         _220_ (net)
                      0.948887    0.000000   11.808484 ^ _517_/B (gf180mcu_fd_sc_mcu7t5v0__aoi21_1)
     2    0.009330    0.696896    0.450723   12.259208 v _517_/ZN (gf180mcu_fd_sc_mcu7t5v0__aoi21_1)
                                                         _221_ (net)
                      0.696896    0.000000   12.259208 v _518_/B1 (gf180mcu_fd_sc_mcu7t5v0__aoi22_1)
     1    0.003931    0.731502    0.547720   12.806928 ^ _518_/ZN (gf180mcu_fd_sc_mcu7t5v0__aoi22_1)
                                                         _222_ (net)
                      0.731502    0.000000   12.806928 ^ _520_/B (gf180mcu_fd_sc_mcu7t5v0__aoi211_1)
     2    0.009071    0.589431    0.459399   13.266326 v _520_/ZN (gf180mcu_fd_sc_mcu7t5v0__aoi211_1)
                                                         _224_ (net)
                      0.589431    0.000000   13.266326 v _528_/A1 (gf180mcu_fd_sc_mcu7t5v0__oai21_1)
     1    0.004554    0.518455    0.440544   13.706870 ^ _528_/ZN (gf180mcu_fd_sc_mcu7t5v0__oai21_1)
                                                         _232_ (net)
                      0.518455    0.000000   13.706870 ^ _531_/B (gf180mcu_fd_sc_mcu7t5v0__oai31_1)
     1    0.002361    0.399463    0.278565   13.985435 v _531_/ZN (gf180mcu_fd_sc_mcu7t5v0__oai31_1)
                                                         _004_ (net)
                      0.399463    0.000000   13.985435 v _622_/D (gf180mcu_fd_sc_mcu7t5v0__dffq_1)
                                             13.985435   data arrival time

                      0.150000   20.000000   20.000000   clock clk (rise edge)
                                  0.000000   20.000000   clock network delay (ideal)
                                 -0.250000   19.750002   clock uncertainty
                                  0.000000   19.750002   clock reconvergence pessimism
                                             19.750002 ^ _622_/CLK (gf180mcu_fd_sc_mcu7t5v0__dffq_1)
                                 -0.451642   19.298359   library setup time
                                             19.298359   data required time
---------------------------------------------------------------------------------------------
                                             19.298359   data required time
                                            -13.985435   data arrival time
---------------------------------------------------------------------------------------------
                                              5.312924   slack (MET)


Startpoint: uio_in[2] (input port clocked by clk)
Endpoint: _623_ (rising edge-triggered flip-flop clocked by clk)
Path Group: clk
Path Type: max

Fanout         Cap        Slew       Delay        Time   Description
---------------------------------------------------------------------------------------------
                      0.150000    0.000000    0.000000   clock clk (rise edge)
                                  0.000000    0.000000   clock network delay (ideal)
                                  4.000000    4.000000 ^ input external delay
     2    0.008784    0.280500    0.127152    4.127151 ^ uio_in[2] (in)
                                                         uio_in[2] (net)
                      0.280500    0.000000    4.127151 ^ _320_/I (gf180mcu_fd_sc_mcu7t5v0__clkinv_1)
     1    0.003919    0.170679    0.164089    4.291241 v _320_/ZN (gf180mcu_fd_sc_mcu7t5v0__clkinv_1)
                                                         _305_ (net)
                      0.170679    0.000000    4.291241 v _329_/B (gf180mcu_fd_sc_mcu7t5v0__aoi21_1)
    12    0.060098    2.978632    1.923639    6.214880 ^ _329_/ZN (gf180mcu_fd_sc_mcu7t5v0__aoi21_1)
                                                         _045_ (net)
                      2.978632    0.000000    6.214880 ^ _358_/A1 (gf180mcu_fd_sc_mcu7t5v0__oai21_1)
     2    0.007005    0.712907    0.257271    6.472150 v _358_/ZN (gf180mcu_fd_sc_mcu7t5v0__oai21_1)
                                                         _070_ (net)
                      0.712907    0.000000    6.472150 v _359_/A3 (gf180mcu_fd_sc_mcu7t5v0__nand3_1)
    23    0.104929    3.338883    2.254059    8.726210 ^ _359_/ZN (gf180mcu_fd_sc_mcu7t5v0__nand3_1)
                                                         _071_ (net)
                      3.338883    0.000000    8.726210 ^ _360_/I (gf180mcu_fd_sc_mcu7t5v0__clkinv_1)
    23    0.096506    2.429390    2.111195   10.837404 v _360_/ZN (gf180mcu_fd_sc_mcu7t5v0__clkinv_1)
                                                         _029_ (net)
                      2.429390    0.000000   10.837404 v _413_/B (gf180mcu_fd_sc_mcu7t5v0__aoi21_1)
     2    0.008576    0.900155    0.953747   11.791151 ^ _413_/ZN (gf180mcu_fd_sc_mcu7t5v0__aoi21_1)
                                                         _121_ (net)
                      0.900155    0.000000   11.791151 ^ _532_/B (gf180mcu_fd_sc_mcu7t5v0__aoi211_1)
     1    0.004009    0.812396    0.392345   12.183496 v _532_/ZN (gf180mcu_fd_sc_mcu7t5v0__aoi211_1)
                                                         _235_ (net)
                      0.812396    0.000000   12.183496 v _533_/A3 (gf180mcu_fd_sc_mcu7t5v0__nor3_1)
     1    0.004855    0.676606    0.614907   12.798404 ^ _533_/ZN (gf180mcu_fd_sc_mcu7t5v0__nor3_1)
                                                         _236_ (net)
                      0.676606    0.000000   12.798404 ^ _540_/A1 (gf180mcu_fd_sc_mcu7t5v0__oai21_1)
     1    0.004554    0.362076    0.225495   13.023899 v _540_/ZN (gf180mcu_fd_sc_mcu7t5v0__oai21_1)
                                                         _243_ (net)
                      0.362076    0.000000   13.023899 v _542_/B (gf180mcu_fd_sc_mcu7t5v0__oai31_1)
     1    0.002361    0.703473    0.368919   13.392817 ^ _542_/ZN (gf180mcu_fd_sc_mcu7t5v0__oai31_1)
                                                         _005_ (net)
                      0.703473    0.000000   13.392817 ^ _623_/D (gf180mcu_fd_sc_mcu7t5v0__dffq_1)
                                             13.392817   data arrival time

                      0.150000   20.000000   20.000000   clock clk (rise edge)
                                  0.000000   20.000000   clock network delay (ideal)
                                 -0.250000   19.750002   clock uncertainty
                                  0.000000   19.750002   clock reconvergence pessimism
                                             19.750002 ^ _623_/CLK (gf180mcu_fd_sc_mcu7t5v0__dffq_1)
                                 -0.431196   19.318806   library setup time
                                             19.318806   data required time
---------------------------------------------------------------------------------------------
                                             19.318806   data required time
                                            -13.392817   data arrival time
---------------------------------------------------------------------------------------------
                                              5.925987   slack (MET)


Startpoint: uio_in[2] (input port clocked by clk)
Endpoint: _624_ (rising edge-triggered flip-flop clocked by clk)
Path Group: clk
Path Type: max

Fanout         Cap        Slew       Delay        Time   Description
---------------------------------------------------------------------------------------------
                      0.150000    0.000000    0.000000   clock clk (rise edge)
                                  0.000000    0.000000   clock network delay (ideal)
                                  4.000000    4.000000 ^ input external delay
     2    0.008784    0.280500    0.127152    4.127151 ^ uio_in[2] (in)
                                                         uio_in[2] (net)
                      0.280500    0.000000    4.127151 ^ _320_/I (gf180mcu_fd_sc_mcu7t5v0__clkinv_1)
     1    0.003919    0.170679    0.164089    4.291241 v _320_/ZN (gf180mcu_fd_sc_mcu7t5v0__clkinv_1)
                                                         _305_ (net)
                      0.170679    0.000000    4.291241 v _329_/B (gf180mcu_fd_sc_mcu7t5v0__aoi21_1)
    12    0.060098    2.978632    1.923639    6.214880 ^ _329_/ZN (gf180mcu_fd_sc_mcu7t5v0__aoi21_1)
                                                         _045_ (net)
                      2.978632    0.000000    6.214880 ^ _355_/A2 (gf180mcu_fd_sc_mcu7t5v0__oai31_1)
     1    0.004190    0.746846    0.267878    6.482757 v _355_/ZN (gf180mcu_fd_sc_mcu7t5v0__oai31_1)
                                                         _068_ (net)
                      0.746846    0.000000    6.482757 v _356_/A3 (gf180mcu_fd_sc_mcu7t5v0__nand3_1)
    18    0.079194    2.577790    1.813607    8.296364 ^ _356_/ZN (gf180mcu_fd_sc_mcu7t5v0__nand3_1)
                                                         _069_ (net)
                      2.577790    0.000000    8.296364 ^ _357_/I (gf180mcu_fd_sc_mcu7t5v0__clkinv_1)
    23    0.095536    2.208443    1.925898   10.222261 v _357_/ZN (gf180mcu_fd_sc_mcu7t5v0__clkinv_1)
                                                         _030_ (net)
                      2.208443    0.000000   10.222261 v _515_/A1 (gf180mcu_fd_sc_mcu7t5v0__oai21_1)
     2    0.008911    0.856871    1.005729   11.227990 ^ _515_/ZN (gf180mcu_fd_sc_mcu7t5v0__oai21_1)
                                                         _219_ (net)
                      0.856871    0.000000   11.227990 ^ _537_/A2 (gf180mcu_fd_sc_mcu7t5v0__nor2_1)
     2    0.008530    0.391212    0.334074   11.562064 v _537_/ZN (gf180mcu_fd_sc_mcu7t5v0__nor2_1)
                                                         _240_ (net)
                      0.391212    0.000000   11.562064 v _543_/B (gf180mcu_fd_sc_mcu7t5v0__aoi21_1)
     1    0.009907    0.743705    0.618456   12.180521 ^ _543_/ZN (gf180mcu_fd_sc_mcu7t5v0__aoi21_1)
                                                         _245_ (net)
                      0.743705    0.000000   12.180521 ^ _545_/S (gf180mcu_fd_sc_mcu7t5v0__mux2_2)
     1    0.002361    0.162445    0.620222   12.800743 v _545_/Z (gf180mcu_fd_sc_mcu7t5v0__mux2_2)
                                                         _006_ (net)
                      0.162445    0.000000   12.800743 v _624_/D (gf180mcu_fd_sc_mcu7t5v0__dffq_1)
                                             12.800743   data arrival time

                      0.150000   20.000000   20.000000   clock clk (rise edge)
                                  0.000000   20.000000   clock network delay (ideal)
                                 -0.250000   19.750002   clock uncertainty
                                  0.000000   19.750002   clock reconvergence pessimism
                                             19.750002 ^ _624_/CLK (gf180mcu_fd_sc_mcu7t5v0__dffq_1)
                                 -0.387216   19.362783   library setup time
                                             19.362783   data required time
---------------------------------------------------------------------------------------------
                                             19.362783   data required time
                                            -12.800743   data arrival time
---------------------------------------------------------------------------------------------
                                              6.562041   slack (MET)


Startpoint: uio_in[2] (input port clocked by clk)
Endpoint: _645_ (rising edge-triggered flip-flop clocked by clk)
Path Group: clk
Path Type: max

Fanout         Cap        Slew       Delay        Time   Description
---------------------------------------------------------------------------------------------
                      0.150000    0.000000    0.000000   clock clk (rise edge)
                                  0.000000    0.000000   clock network delay (ideal)
                                  4.000000    4.000000 ^ input external delay
     2    0.008784    0.280500    0.127152    4.127151 ^ uio_in[2] (in)
                                                         uio_in[2] (net)
                      0.280500    0.000000    4.127151 ^ _320_/I (gf180mcu_fd_sc_mcu7t5v0__clkinv_1)
     1    0.003919    0.170679    0.164089    4.291241 v _320_/ZN (gf180mcu_fd_sc_mcu7t5v0__clkinv_1)
                                                         _305_ (net)
                      0.170679    0.000000    4.291241 v _329_/B (gf180mcu_fd_sc_mcu7t5v0__aoi21_1)
    12    0.060098    2.978632    1.923639    6.214880 ^ _329_/ZN (gf180mcu_fd_sc_mcu7t5v0__aoi21_1)
                                                         _045_ (net)
                      2.978632    0.000000    6.214880 ^ _358_/A1 (gf180mcu_fd_sc_mcu7t5v0__oai21_1)
     2    0.007005    0.712907    0.257271    6.472150 v _358_/ZN (gf180mcu_fd_sc_mcu7t5v0__oai21_1)
                                                         _070_ (net)
                      0.712907    0.000000    6.472150 v _359_/A3 (gf180mcu_fd_sc_mcu7t5v0__nand3_1)
    23    0.104929    3.338883    2.254059    8.726210 ^ _359_/ZN (gf180mcu_fd_sc_mcu7t5v0__nand3_1)
                                                         _071_ (net)
                      3.338883    0.000000    8.726210 ^ _360_/I (gf180mcu_fd_sc_mcu7t5v0__clkinv_1)
    23    0.096506    2.429390    2.111195   10.837404 v _360_/ZN (gf180mcu_fd_sc_mcu7t5v0__clkinv_1)
                                                         _029_ (net)
                      2.429390    0.000000   10.837404 v _645_/D (gf180mcu_fd_sc_mcu7t5v0__dffq_1)
                                             10.837404   data arrival time

                      0.150000   20.000000   20.000000   clock clk (rise edge)
                                  0.000000   20.000000   clock network delay (ideal)
                                 -0.250000   19.750002   clock uncertainty
                                  0.000000   19.750002   clock reconvergence pessimism
                                             19.750002 ^ _645_/CLK (gf180mcu_fd_sc_mcu7t5v0__dffq_1)
                                 -1.127844   18.622156   library setup time
                                             18.622156   data required time
---------------------------------------------------------------------------------------------
                                             18.622156   data required time
                                            -10.837404   data arrival time
---------------------------------------------------------------------------------------------
                                              7.784753   slack (MET)


Startpoint: uio_in[2] (input port clocked by clk)
Endpoint: _646_ (rising edge-triggered flip-flop clocked by clk)
Path Group: clk
Path Type: max

Fanout         Cap        Slew       Delay        Time   Description
---------------------------------------------------------------------------------------------
                      0.150000    0.000000    0.000000   clock clk (rise edge)
                                  0.000000    0.000000   clock network delay (ideal)
                                  4.000000    4.000000 ^ input external delay
     2    0.008784    0.280500    0.127152    4.127151 ^ uio_in[2] (in)
                                                         uio_in[2] (net)
                      0.280500    0.000000    4.127151 ^ _320_/I (gf180mcu_fd_sc_mcu7t5v0__clkinv_1)
     1    0.003919    0.170679    0.164089    4.291241 v _320_/ZN (gf180mcu_fd_sc_mcu7t5v0__clkinv_1)
                                                         _305_ (net)
                      0.170679    0.000000    4.291241 v _329_/B (gf180mcu_fd_sc_mcu7t5v0__aoi21_1)
    12    0.060098    2.978632    1.923639    6.214880 ^ _329_/ZN (gf180mcu_fd_sc_mcu7t5v0__aoi21_1)
                                                         _045_ (net)
                      2.978632    0.000000    6.214880 ^ _355_/A2 (gf180mcu_fd_sc_mcu7t5v0__oai31_1)
     1    0.004190    0.746846    0.267878    6.482757 v _355_/ZN (gf180mcu_fd_sc_mcu7t5v0__oai31_1)
                                                         _068_ (net)
                      0.746846    0.000000    6.482757 v _356_/A3 (gf180mcu_fd_sc_mcu7t5v0__nand3_1)
    18    0.079194    2.577790    1.813607    8.296364 ^ _356_/ZN (gf180mcu_fd_sc_mcu7t5v0__nand3_1)
                                                         _069_ (net)
                      2.577790    0.000000    8.296364 ^ _357_/I (gf180mcu_fd_sc_mcu7t5v0__clkinv_1)
    23    0.095536    2.208443    1.925898   10.222261 v _357_/ZN (gf180mcu_fd_sc_mcu7t5v0__clkinv_1)
                                                         _030_ (net)
                      2.208443    0.000000   10.222261 v _646_/D (gf180mcu_fd_sc_mcu7t5v0__dffq_1)
                                             10.222261   data arrival time

                      0.150000   20.000000   20.000000   clock clk (rise edge)
                                  0.000000   20.000000   clock network delay (ideal)
                                 -0.250000   19.750002   clock uncertainty
                                  0.000000   19.750002   clock reconvergence pessimism
                                             19.750002 ^ _646_/CLK (gf180mcu_fd_sc_mcu7t5v0__dffq_1)
                                 -1.059214   18.690786   library setup time
                                             18.690786   data required time
---------------------------------------------------------------------------------------------
                                             18.690786   data required time
                                            -10.222261   data arrival time
---------------------------------------------------------------------------------------------
                                              8.468525   slack (MET)


Startpoint: rst_n (input port clocked by clk)
Endpoint: _644_ (rising edge-triggered flip-flop clocked by clk)
Path Group: clk
Path Type: max

Fanout         Cap        Slew       Delay        Time   Description
---------------------------------------------------------------------------------------------
                      0.150000    0.000000    0.000000   clock clk (rise edge)
                                  0.000000    0.000000   clock network delay (ideal)
                                  4.000000    4.000000 ^ input external delay
    19    0.083844    2.060600    1.188567    5.188567 ^ rst_n (in)
                                                         rst_n (net)
                      2.060600    0.000000    5.188567 ^ _323_/I (gf180mcu_fd_sc_mcu7t5v0__clkinv_1)
    26    0.103126    2.218610    1.897664    7.086231 v _323_/ZN (gf180mcu_fd_sc_mcu7t5v0__clkinv_1)
                                                         _308_ (net)
                      2.218610    0.000000    7.086231 v _384_/B (gf180mcu_fd_sc_mcu7t5v0__aoi21_1)
     2    0.008883    0.884242    0.928319    8.014550 ^ _384_/ZN (gf180mcu_fd_sc_mcu7t5v0__aoi21_1)
                                                         _093_ (net)
                      0.884242    0.000000    8.014550 ^ _386_/A2 (gf180mcu_fd_sc_mcu7t5v0__nand2_1)
    16    0.073510    1.569438    1.115709    9.130260 v _386_/ZN (gf180mcu_fd_sc_mcu7t5v0__nand2_1)
                                                         _095_ (net)
                      1.569438    0.000000    9.130260 v _387_/I (gf180mcu_fd_sc_mcu7t5v0__clkinv_1)
    11    0.046738    1.289837    1.231706   10.361966 ^ _387_/ZN (gf180mcu_fd_sc_mcu7t5v0__clkinv_1)
                                                         _028_ (net)
                      1.289837    0.000000   10.361966 ^ _644_/D (gf180mcu_fd_sc_mcu7t5v0__dffq_1)
                                             10.361966   data arrival time

                      0.150000   20.000000   20.000000   clock clk (rise edge)
                                  0.000000   20.000000   clock network delay (ideal)
                                 -0.250000   19.750002   clock uncertainty
                                  0.000000   19.750002   clock reconvergence pessimism
                                             19.750002 ^ _644_/CLK (gf180mcu_fd_sc_mcu7t5v0__dffq_1)
                                 -0.449479   19.300522   library setup time
                                             19.300522   data required time
---------------------------------------------------------------------------------------------
                                             19.300522   data required time
                                            -10.361966   data arrival time
---------------------------------------------------------------------------------------------
                                              8.938557   slack (MET)


Startpoint: uio_in[2] (input port clocked by clk)
Endpoint: _625_ (rising edge-triggered flip-flop clocked by clk)
Path Group: clk
Path Type: max

Fanout         Cap        Slew       Delay        Time   Description
---------------------------------------------------------------------------------------------
                      0.150000    0.000000    0.000000   clock clk (rise edge)
                                  0.000000    0.000000   clock network delay (ideal)
                                  4.000000    4.000000 ^ input external delay
     2    0.008784    0.280500    0.127152    4.127151 ^ uio_in[2] (in)
                                                         uio_in[2] (net)
                      0.280500    0.000000    4.127151 ^ _320_/I (gf180mcu_fd_sc_mcu7t5v0__clkinv_1)
     1    0.003919    0.170679    0.164089    4.291241 v _320_/ZN (gf180mcu_fd_sc_mcu7t5v0__clkinv_1)
                                                         _305_ (net)
                      0.170679    0.000000    4.291241 v _329_/B (gf180mcu_fd_sc_mcu7t5v0__aoi21_1)
    12    0.060098    2.978632    1.923639    6.214880 ^ _329_/ZN (gf180mcu_fd_sc_mcu7t5v0__aoi21_1)
                                                         _045_ (net)
                      2.978632    0.000000    6.214880 ^ _358_/A1 (gf180mcu_fd_sc_mcu7t5v0__oai21_1)
     2    0.007005    0.712907    0.257271    6.472150 v _358_/ZN (gf180mcu_fd_sc_mcu7t5v0__oai21_1)
                                                         _070_ (net)
                      0.712907    0.000000    6.472150 v _359_/A3 (gf180mcu_fd_sc_mcu7t5v0__nand3_1)
    23    0.104929    3.338883    2.254059    8.726210 ^ _359_/ZN (gf180mcu_fd_sc_mcu7t5v0__nand3_1)
                                                         _071_ (net)
                      3.338883    0.000000    8.726210 ^ _425_/A2 (gf180mcu_fd_sc_mcu7t5v0__nand3_1)
     2    0.008552    0.839604    0.401754    9.127963 v _425_/ZN (gf180mcu_fd_sc_mcu7t5v0__nand3_1)
                                                         _133_ (net)
                      0.839604    0.000000    9.127963 v _426_/I (gf180mcu_fd_sc_mcu7t5v0__clkinv_1)
     2    0.009368    0.409738    0.420912    9.548876 ^ _426_/ZN (gf180mcu_fd_sc_mcu7t5v0__clkinv_1)
                                                         _134_ (net)
                      0.409738    0.000000    9.548876 ^ _544_/A2 (gf180mcu_fd_sc_mcu7t5v0__aoi21_1)
     2    0.008527    0.560250    0.246424    9.795300 v _544_/ZN (gf180mcu_fd_sc_mcu7t5v0__aoi21_1)
                                                         _246_ (net)
                      0.560250    0.000000    9.795300 v _550_/B (gf180mcu_fd_sc_mcu7t5v0__aoi21_1)
     1    0.002361    0.455913    0.443438   10.238738 ^ _550_/ZN (gf180mcu_fd_sc_mcu7t5v0__aoi21_1)
                                                         _009_ (net)
                      0.455913    0.000000   10.238738 ^ _625_/D (gf180mcu_fd_sc_mcu7t5v0__dffq_1)
                                             10.238738   data arrival time

                      0.150000   20.000000   20.000000   clock clk (rise edge)
                                  0.000000   20.000000   clock network delay (ideal)
                                 -0.250000   19.750002   clock uncertainty
                                  0.000000   19.750002   clock reconvergence pessimism
                                             19.750002 ^ _625_/CLK (gf180mcu_fd_sc_mcu7t5v0__dffq_1)
                                 -0.405669   19.344334   library setup time
                                             19.344334   data required time
---------------------------------------------------------------------------------------------
                                             19.344334   data required time
                                            -10.238738   data arrival time
---------------------------------------------------------------------------------------------
                                              9.105595   slack (MET)


Startpoint: uio_in[2] (input port clocked by clk)
Endpoint: _649_ (rising edge-triggered flip-flop clocked by clk)
Path Group: clk
Path Type: max

Fanout         Cap        Slew       Delay        Time   Description
---------------------------------------------------------------------------------------------
                      0.150000    0.000000    0.000000   clock clk (rise edge)
                                  0.000000    0.000000   clock network delay (ideal)
                                  4.000000    4.000000 ^ input external delay
     2    0.008784    0.280500    0.127152    4.127151 ^ uio_in[2] (in)
                                                         uio_in[2] (net)
                      0.280500    0.000000    4.127151 ^ _320_/I (gf180mcu_fd_sc_mcu7t5v0__clkinv_1)
     1    0.003919    0.170679    0.164089    4.291241 v _320_/ZN (gf180mcu_fd_sc_mcu7t5v0__clkinv_1)
                                                         _305_ (net)
                      0.170679    0.000000    4.291241 v _329_/B (gf180mcu_fd_sc_mcu7t5v0__aoi21_1)
    12    0.060098    2.978632    1.923639    6.214880 ^ _329_/ZN (gf180mcu_fd_sc_mcu7t5v0__aoi21_1)
                                                         _045_ (net)
                      2.978632    0.000000    6.214880 ^ _339_/A3 (gf180mcu_fd_sc_mcu7t5v0__nor4_1)
     2    0.008600    0.987177    0.624547    6.839426 v _339_/ZN (gf180mcu_fd_sc_mcu7t5v0__nor4_1)
                                                         _055_ (net)
                      0.987177    0.000000    6.839426 v _342_/A3 (gf180mcu_fd_sc_mcu7t5v0__nand3_1)
     3    0.011229    0.654561    0.696354    7.535780 ^ _342_/ZN (gf180mcu_fd_sc_mcu7t5v0__nand3_1)
                                                         _058_ (net)
                      0.654561    0.000000    7.535780 ^ _344_/A2 (gf180mcu_fd_sc_mcu7t5v0__or2_1)
     1    0.004190    0.197204    0.428770    7.964550 ^ _344_/Z (gf180mcu_fd_sc_mcu7t5v0__or2_1)
                                                         _060_ (net)
                      0.197204    0.000000    7.964550 ^ _345_/A3 (gf180mcu_fd_sc_mcu7t5v0__nand3_1)
     7    0.031547    1.287785    0.701541    8.666091 v _345_/ZN (gf180mcu_fd_sc_mcu7t5v0__nand3_1)
                                                         _061_ (net)
                      1.287785    0.000000    8.666091 v _346_/I (gf180mcu_fd_sc_mcu7t5v0__clkinv_1)
    10    0.042203    1.144107    1.077132    9.743223 ^ _346_/ZN (gf180mcu_fd_sc_mcu7t5v0__clkinv_1)
                                                         _033_ (net)
                      1.144107    0.000000    9.743223 ^ _649_/D (gf180mcu_fd_sc_mcu7t5v0__dffq_1)
                                              9.743223   data arrival time

                      0.150000   20.000000   20.000000   clock clk (rise edge)
                                  0.000000   20.000000   clock network delay (ideal)
                                 -0.250000   19.750002   clock uncertainty
                                  0.000000   19.750002   clock reconvergence pessimism
                                             19.750002 ^ _649_/CLK (gf180mcu_fd_sc_mcu7t5v0__dffq_1)
                                 -0.444936   19.305067   library setup time
                                             19.305067   data required time
---------------------------------------------------------------------------------------------
                                             19.305067   data required time
                                             -9.743223   data arrival time
---------------------------------------------------------------------------------------------
                                              9.561843   slack (MET)


Startpoint: uio_in[2] (input port clocked by clk)
Endpoint: _647_ (rising edge-triggered flip-flop clocked by clk)
Path Group: clk
Path Type: max

Fanout         Cap        Slew       Delay        Time   Description
---------------------------------------------------------------------------------------------
                      0.150000    0.000000    0.000000   clock clk (rise edge)
                                  0.000000    0.000000   clock network delay (ideal)
                                  4.000000    4.000000 ^ input external delay
     2    0.008784    0.280500    0.127152    4.127151 ^ uio_in[2] (in)
                                                         uio_in[2] (net)
                      0.280500    0.000000    4.127151 ^ _320_/I (gf180mcu_fd_sc_mcu7t5v0__clkinv_1)
     1    0.003919    0.170679    0.164089    4.291241 v _320_/ZN (gf180mcu_fd_sc_mcu7t5v0__clkinv_1)
                                                         _305_ (net)
                      0.170679    0.000000    4.291241 v _329_/B (gf180mcu_fd_sc_mcu7t5v0__aoi21_1)
    12    0.060098    2.978632    1.923639    6.214880 ^ _329_/ZN (gf180mcu_fd_sc_mcu7t5v0__aoi21_1)
                                                         _045_ (net)
                      2.978632    0.000000    6.214880 ^ _339_/A3 (gf180mcu_fd_sc_mcu7t5v0__nor4_1)
     2    0.008600    0.987177    0.624547    6.839426 v _339_/ZN (gf180mcu_fd_sc_mcu7t5v0__nor4_1)
                                                         _055_ (net)
                      0.987177    0.000000    6.839426 v _341_/A2 (gf180mcu_fd_sc_mcu7t5v0__nand2_1)
     1    0.004088    0.375074    0.447954    7.287380 ^ _341_/ZN (gf180mcu_fd_sc_mcu7t5v0__nand2_1)
                                                         _057_ (net)
                      0.375074    0.000000    7.287380 ^ _348_/A2 (gf180mcu_fd_sc_mcu7t5v0__nand3_1)
     9    0.037974    1.442049    0.825811    8.113192 v _348_/ZN (gf180mcu_fd_sc_mcu7t5v0__nand3_1)
                                                         _063_ (net)
                      1.442049    0.000000    8.113192 v _349_/I (gf180mcu_fd_sc_mcu7t5v0__clkinv_1)
    12    0.049318    1.311963    1.230689    9.343881 ^ _349_/ZN (gf180mcu_fd_sc_mcu7t5v0__clkinv_1)
                                                         _031_ (net)
                      1.311963    0.000000    9.343881 ^ _647_/D (gf180mcu_fd_sc_mcu7t5v0__dffq_1)
                                              9.343881   data arrival time

                      0.150000   20.000000   20.000000   clock clk (rise edge)
                                  0.000000   20.000000   clock network delay (ideal)
                                 -0.250000   19.750002   clock uncertainty
                                  0.000000   19.750002   clock reconvergence pessimism
                                             19.750002 ^ _647_/CLK (gf180mcu_fd_sc_mcu7t5v0__dffq_1)
                                 -0.449666   19.300335   library setup time
                                             19.300335   data required time
---------------------------------------------------------------------------------------------
                                             19.300335   data required time
                                             -9.343881   data arrival time
---------------------------------------------------------------------------------------------
                                              9.956453   slack (MET)


Startpoint: uio_in[2] (input port clocked by clk)
Endpoint: _648_ (rising edge-triggered flip-flop clocked by clk)
Path Group: clk
Path Type: max

Fanout         Cap        Slew       Delay        Time   Description
---------------------------------------------------------------------------------------------
                      0.150000    0.000000    0.000000   clock clk (rise edge)
                                  0.000000    0.000000   clock network delay (ideal)
                                  4.000000    4.000000 ^ input external delay
     2    0.008784    0.280500    0.127152    4.127151 ^ uio_in[2] (in)
                                                         uio_in[2] (net)
                      0.280500    0.000000    4.127151 ^ _320_/I (gf180mcu_fd_sc_mcu7t5v0__clkinv_1)
     1    0.003919    0.170679    0.164089    4.291241 v _320_/ZN (gf180mcu_fd_sc_mcu7t5v0__clkinv_1)
                                                         _305_ (net)
                      0.170679    0.000000    4.291241 v _329_/B (gf180mcu_fd_sc_mcu7t5v0__aoi21_1)
    12    0.060098    2.978632    1.923639    6.214880 ^ _329_/ZN (gf180mcu_fd_sc_mcu7t5v0__aoi21_1)
                                                         _045_ (net)
                      2.978632    0.000000    6.214880 ^ _339_/A3 (gf180mcu_fd_sc_mcu7t5v0__nor4_1)
     2    0.008600    0.987177    0.624547    6.839426 v _339_/ZN (gf180mcu_fd_sc_mcu7t5v0__nor4_1)
                                                         _055_ (net)
                      0.987177    0.000000    6.839426 v _342_/A3 (gf180mcu_fd_sc_mcu7t5v0__nand3_1)
     3    0.011229    0.654561    0.696354    7.535780 ^ _342_/ZN (gf180mcu_fd_sc_mcu7t5v0__nand3_1)
                                                         _058_ (net)
                      0.654561    0.000000    7.535780 ^ _351_/A2 (gf180mcu_fd_sc_mcu7t5v0__nand3_1)
     6    0.025895    1.152124    0.660771    8.196551 v _351_/ZN (gf180mcu_fd_sc_mcu7t5v0__nand3_1)
                                                         _065_ (net)
                      1.152124    0.000000    8.196551 v _352_/I (gf180mcu_fd_sc_mcu7t5v0__clkinv_1)
     8    0.032109    0.924064    0.885472    9.082024 ^ _352_/ZN (gf180mcu_fd_sc_mcu7t5v0__clkinv_1)
                                                         _032_ (net)
                      0.924064    0.000000    9.082024 ^ _648_/D (gf180mcu_fd_sc_mcu7t5v0__dffq_1)
                                              9.082024   data arrival time

                      0.150000   20.000000   20.000000   clock clk (rise edge)
                                  0.000000   20.000000   clock network delay (ideal)
                                 -0.250000   19.750002   clock uncertainty
                                  0.000000   19.750002   clock reconvergence pessimism
                                             19.750002 ^ _648_/CLK (gf180mcu_fd_sc_mcu7t5v0__dffq_1)
                                 -0.438075   19.311926   library setup time
                                             19.311926   data required time
---------------------------------------------------------------------------------------------
                                             19.311926   data required time
                                             -9.082024   data arrival time
---------------------------------------------------------------------------------------------
                                             10.229903   slack (MET)


Startpoint: rst_n (input port clocked by clk)
Endpoint: _653_ (rising edge-triggered flip-flop clocked by clk)
Path Group: clk
Path Type: max

Fanout         Cap        Slew       Delay        Time   Description
---------------------------------------------------------------------------------------------
                      0.150000    0.000000    0.000000   clock clk (rise edge)
                                  0.000000    0.000000   clock network delay (ideal)
                                  4.000000    4.000000 ^ input external delay
    19    0.083844    2.060600    1.188567    5.188567 ^ rst_n (in)
                                                         rst_n (net)
                      2.060600    0.000000    5.188567 ^ _323_/I (gf180mcu_fd_sc_mcu7t5v0__clkinv_1)
    26    0.103126    2.218610    1.897664    7.086231 v _323_/ZN (gf180mcu_fd_sc_mcu7t5v0__clkinv_1)
                                                         _308_ (net)
                      2.218610    0.000000    7.086231 v _611_/A1 (gf180mcu_fd_sc_mcu7t5v0__nor2_1)
     1    0.002753    0.553871    0.717647    7.803878 ^ _611_/ZN (gf180mcu_fd_sc_mcu7t5v0__nor2_1)
                                                         _290_ (net)
                      0.553871    0.000000    7.803878 ^ _612_/A2 (gf180mcu_fd_sc_mcu7t5v0__and2_1)
     1    0.002361    0.172173    0.418951    8.222829 ^ _612_/Z (gf180mcu_fd_sc_mcu7t5v0__and2_1)
                                                         _037_ (net)
                      0.172173    0.000000    8.222829 ^ _653_/D (gf180mcu_fd_sc_mcu7t5v0__dffq_1)
                                              8.222829   data arrival time

                      0.150000   20.000000   20.000000   clock clk (rise edge)
                                  0.000000   20.000000   clock network delay (ideal)
                                 -0.250000   19.750002   clock uncertainty
                                  0.000000   19.750002   clock reconvergence pessimism
                                             19.750002 ^ _653_/CLK (gf180mcu_fd_sc_mcu7t5v0__dffq_1)
                                 -0.363081   19.386919   library setup time
                                             19.386919   data required time
---------------------------------------------------------------------------------------------
                                             19.386919   data required time
                                             -8.222829   data arrival time
---------------------------------------------------------------------------------------------
                                             11.164090   slack (MET)


Startpoint: rst_n (input port clocked by clk)
Endpoint: _626_ (rising edge-triggered flip-flop clocked by clk)
Path Group: clk
Path Type: max

Fanout         Cap        Slew       Delay        Time   Description
---------------------------------------------------------------------------------------------
                      0.150000    0.000000    0.000000   clock clk (rise edge)
                                  0.000000    0.000000   clock network delay (ideal)
                                  4.000000    4.000000 ^ input external delay
    19    0.083844    2.060600    1.188567    5.188567 ^ rst_n (in)
                                                         rst_n (net)
                      2.060600    0.000000    5.188567 ^ _323_/I (gf180mcu_fd_sc_mcu7t5v0__clkinv_1)
    26    0.103126    2.218610    1.897664    7.086231 v _323_/ZN (gf180mcu_fd_sc_mcu7t5v0__clkinv_1)
                                                         _308_ (net)
                      2.218610    0.000000    7.086231 v _559_/B (gf180mcu_fd_sc_mcu7t5v0__aoi21_1)
     1    0.002361    0.623113    0.712210    7.798441 ^ _559_/ZN (gf180mcu_fd_sc_mcu7t5v0__aoi21_1)
                                                         _010_ (net)
                      0.623113    0.000000    7.798441 ^ _626_/D (gf180mcu_fd_sc_mcu7t5v0__dffq_1)
                                              7.798441   data arrival time

                      0.150000   20.000000   20.000000   clock clk (rise edge)
                                  0.000000   20.000000   clock network delay (ideal)
                                 -0.250000   19.750002   clock uncertainty
                                  0.000000   19.750002   clock reconvergence pessimism
                                             19.750002 ^ _626_/CLK (gf180mcu_fd_sc_mcu7t5v0__dffq_1)
                                 -0.423931   19.326071   library setup time
                                             19.326071   data required time
---------------------------------------------------------------------------------------------
                                             19.326071   data required time
                                             -7.798441   data arrival time
---------------------------------------------------------------------------------------------
                                             11.527629   slack (MET)


Startpoint: rst_n (input port clocked by clk)
Endpoint: _627_ (rising edge-triggered flip-flop clocked by clk)
Path Group: clk
Path Type: max

Fanout         Cap        Slew       Delay        Time   Description
---------------------------------------------------------------------------------------------
                      0.150000    0.000000    0.000000   clock clk (rise edge)
                                  0.000000    0.000000   clock network delay (ideal)
                                  4.000000    4.000000 ^ input external delay
    19    0.083844    2.060600    1.188567    5.188567 ^ rst_n (in)
                                                         rst_n (net)
                      2.060600    0.000000    5.188567 ^ _323_/I (gf180mcu_fd_sc_mcu7t5v0__clkinv_1)
    26    0.103126    2.218610    1.897664    7.086231 v _323_/ZN (gf180mcu_fd_sc_mcu7t5v0__clkinv_1)
                                                         _308_ (net)
                      2.218610    0.000000    7.086231 v _563_/B (gf180mcu_fd_sc_mcu7t5v0__aoi21_1)
     1    0.002361    0.623113    0.712210    7.798441 ^ _563_/ZN (gf180mcu_fd_sc_mcu7t5v0__aoi21_1)
                                                         _011_ (net)
                      0.623113    0.000000    7.798441 ^ _627_/D (gf180mcu_fd_sc_mcu7t5v0__dffq_1)
                                              7.798441   data arrival time

                      0.150000   20.000000   20.000000   clock clk (rise edge)
                                  0.000000   20.000000   clock network delay (ideal)
                                 -0.250000   19.750002   clock uncertainty
                                  0.000000   19.750002   clock reconvergence pessimism
                                             19.750002 ^ _627_/CLK (gf180mcu_fd_sc_mcu7t5v0__dffq_1)
                                 -0.423931   19.326071   library setup time
                                             19.326071   data required time
---------------------------------------------------------------------------------------------
                                             19.326071   data required time
                                             -7.798441   data arrival time
---------------------------------------------------------------------------------------------
                                             11.527629   slack (MET)


Startpoint: rst_n (input port clocked by clk)
Endpoint: _628_ (rising edge-triggered flip-flop clocked by clk)
Path Group: clk
Path Type: max

Fanout         Cap        Slew       Delay        Time   Description
---------------------------------------------------------------------------------------------
                      0.150000    0.000000    0.000000   clock clk (rise edge)
                                  0.000000    0.000000   clock network delay (ideal)
                                  4.000000    4.000000 ^ input external delay
    19    0.083844    2.060600    1.188567    5.188567 ^ rst_n (in)
                                                         rst_n (net)
                      2.060600    0.000000    5.188567 ^ _323_/I (gf180mcu_fd_sc_mcu7t5v0__clkinv_1)
    26    0.103126    2.218610    1.897664    7.086231 v _323_/ZN (gf180mcu_fd_sc_mcu7t5v0__clkinv_1)
                                                         _308_ (net)
                      2.218610    0.000000    7.086231 v _567_/B (gf180mcu_fd_sc_mcu7t5v0__aoi21_1)
     1    0.002361    0.623113    0.712210    7.798441 ^ _567_/ZN (gf180mcu_fd_sc_mcu7t5v0__aoi21_1)
                                                         _012_ (net)
                      0.623113    0.000000    7.798441 ^ _628_/D (gf180mcu_fd_sc_mcu7t5v0__dffq_1)
                                              7.798441   data arrival time

                      0.150000   20.000000   20.000000   clock clk (rise edge)
                                  0.000000   20.000000   clock network delay (ideal)
                                 -0.250000   19.750002   clock uncertainty
                                  0.000000   19.750002   clock reconvergence pessimism
                                             19.750002 ^ _628_/CLK (gf180mcu_fd_sc_mcu7t5v0__dffq_1)
                                 -0.423931   19.326071   library setup time
                                             19.326071   data required time
---------------------------------------------------------------------------------------------
                                             19.326071   data required time
                                             -7.798441   data arrival time
---------------------------------------------------------------------------------------------
                                             11.527629   slack (MET)


Startpoint: rst_n (input port clocked by clk)
Endpoint: _629_ (rising edge-triggered flip-flop clocked by clk)
Path Group: clk
Path Type: max

Fanout         Cap        Slew       Delay        Time   Description
---------------------------------------------------------------------------------------------
                      0.150000    0.000000    0.000000   clock clk (rise edge)
                                  0.000000    0.000000   clock network delay (ideal)
                                  4.000000    4.000000 ^ input external delay
    19    0.083844    2.060600    1.188567    5.188567 ^ rst_n (in)
                                                         rst_n (net)
                      2.060600    0.000000    5.188567 ^ _323_/I (gf180mcu_fd_sc_mcu7t5v0__clkinv_1)
    26    0.103126    2.218610    1.897664    7.086231 v _323_/ZN (gf180mcu_fd_sc_mcu7t5v0__clkinv_1)
                                                         _308_ (net)
                      2.218610    0.000000    7.086231 v _571_/B (gf180mcu_fd_sc_mcu7t5v0__aoi21_1)
     1    0.002361    0.623113    0.712210    7.798441 ^ _571_/ZN (gf180mcu_fd_sc_mcu7t5v0__aoi21_1)
                                                         _013_ (net)
                      0.623113    0.000000    7.798441 ^ _629_/D (gf180mcu_fd_sc_mcu7t5v0__dffq_1)
                                              7.798441   data arrival time

                      0.150000   20.000000   20.000000   clock clk (rise edge)
                                  0.000000   20.000000   clock network delay (ideal)
                                 -0.250000   19.750002   clock uncertainty
                                  0.000000   19.750002   clock reconvergence pessimism
                                             19.750002 ^ _629_/CLK (gf180mcu_fd_sc_mcu7t5v0__dffq_1)
                                 -0.423931   19.326071   library setup time
                                             19.326071   data required time
---------------------------------------------------------------------------------------------
                                             19.326071   data required time
                                             -7.798441   data arrival time
---------------------------------------------------------------------------------------------
                                             11.527629   slack (MET)


Startpoint: rst_n (input port clocked by clk)
Endpoint: _630_ (rising edge-triggered flip-flop clocked by clk)
Path Group: clk
Path Type: max

Fanout         Cap        Slew       Delay        Time   Description
---------------------------------------------------------------------------------------------
                      0.150000    0.000000    0.000000   clock clk (rise edge)
                                  0.000000    0.000000   clock network delay (ideal)
                                  4.000000    4.000000 ^ input external delay
    19    0.083844    2.060600    1.188567    5.188567 ^ rst_n (in)
                                                         rst_n (net)
                      2.060600    0.000000    5.188567 ^ _323_/I (gf180mcu_fd_sc_mcu7t5v0__clkinv_1)
    26    0.103126    2.218610    1.897664    7.086231 v _323_/ZN (gf180mcu_fd_sc_mcu7t5v0__clkinv_1)
                                                         _308_ (net)
                      2.218610    0.000000    7.086231 v _575_/B (gf180mcu_fd_sc_mcu7t5v0__aoi21_1)
     1    0.002361    0.623113    0.712210    7.798441 ^ _575_/ZN (gf180mcu_fd_sc_mcu7t5v0__aoi21_1)
                                                         _014_ (net)
                      0.623113    0.000000    7.798441 ^ _630_/D (gf180mcu_fd_sc_mcu7t5v0__dffq_1)
                                              7.798441   data arrival time

                      0.150000   20.000000   20.000000   clock clk (rise edge)
                                  0.000000   20.000000   clock network delay (ideal)
                                 -0.250000   19.750002   clock uncertainty
                                  0.000000   19.750002   clock reconvergence pessimism
                                             19.750002 ^ _630_/CLK (gf180mcu_fd_sc_mcu7t5v0__dffq_1)
                                 -0.423931   19.326071   library setup time
                                             19.326071   data required time
---------------------------------------------------------------------------------------------
                                             19.326071   data required time
                                             -7.798441   data arrival time
---------------------------------------------------------------------------------------------
                                             11.527629   slack (MET)


Startpoint: rst_n (input port clocked by clk)
Endpoint: _631_ (rising edge-triggered flip-flop clocked by clk)
Path Group: clk
Path Type: max

Fanout         Cap        Slew       Delay        Time   Description
---------------------------------------------------------------------------------------------
                      0.150000    0.000000    0.000000   clock clk (rise edge)
                                  0.000000    0.000000   clock network delay (ideal)
                                  4.000000    4.000000 ^ input external delay
    19    0.083844    2.060600    1.188567    5.188567 ^ rst_n (in)
                                                         rst_n (net)
                      2.060600    0.000000    5.188567 ^ _323_/I (gf180mcu_fd_sc_mcu7t5v0__clkinv_1)
    26    0.103126    2.218610    1.897664    7.086231 v _323_/ZN (gf180mcu_fd_sc_mcu7t5v0__clkinv_1)
                                                         _308_ (net)
                      2.218610    0.000000    7.086231 v _579_/B (gf180mcu_fd_sc_mcu7t5v0__aoi21_1)
     1    0.002361    0.623113    0.712210    7.798441 ^ _579_/ZN (gf180mcu_fd_sc_mcu7t5v0__aoi21_1)
                                                         _015_ (net)
                      0.623113    0.000000    7.798441 ^ _631_/D (gf180mcu_fd_sc_mcu7t5v0__dffq_1)
                                              7.798441   data arrival time

                      0.150000   20.000000   20.000000   clock clk (rise edge)
                                  0.000000   20.000000   clock network delay (ideal)
                                 -0.250000   19.750002   clock uncertainty
                                  0.000000   19.750002   clock reconvergence pessimism
                                             19.750002 ^ _631_/CLK (gf180mcu_fd_sc_mcu7t5v0__dffq_1)
                                 -0.423931   19.326071   library setup time
                                             19.326071   data required time
---------------------------------------------------------------------------------------------
                                             19.326071   data required time
                                             -7.798441   data arrival time
---------------------------------------------------------------------------------------------
                                             11.527629   slack (MET)


Startpoint: rst_n (input port clocked by clk)
Endpoint: _632_ (rising edge-triggered flip-flop clocked by clk)
Path Group: clk
Path Type: max

Fanout         Cap        Slew       Delay        Time   Description
---------------------------------------------------------------------------------------------
                      0.150000    0.000000    0.000000   clock clk (rise edge)
                                  0.000000    0.000000   clock network delay (ideal)
                                  4.000000    4.000000 ^ input external delay
    19    0.083844    2.060600    1.188567    5.188567 ^ rst_n (in)
                                                         rst_n (net)
                      2.060600    0.000000    5.188567 ^ _323_/I (gf180mcu_fd_sc_mcu7t5v0__clkinv_1)
    26    0.103126    2.218610    1.897664    7.086231 v _323_/ZN (gf180mcu_fd_sc_mcu7t5v0__clkinv_1)
                                                         _308_ (net)
                      2.218610    0.000000    7.086231 v _583_/B (gf180mcu_fd_sc_mcu7t5v0__aoi21_1)
     1    0.002361    0.623113    0.712210    7.798441 ^ _583_/ZN (gf180mcu_fd_sc_mcu7t5v0__aoi21_1)
                                                         _016_ (net)
                      0.623113    0.000000    7.798441 ^ _632_/D (gf180mcu_fd_sc_mcu7t5v0__dffq_1)
                                              7.798441   data arrival time

                      0.150000   20.000000   20.000000   clock clk (rise edge)
                                  0.000000   20.000000   clock network delay (ideal)
                                 -0.250000   19.750002   clock uncertainty
                                  0.000000   19.750002   clock reconvergence pessimism
                                             19.750002 ^ _632_/CLK (gf180mcu_fd_sc_mcu7t5v0__dffq_1)
                                 -0.423931   19.326071   library setup time
                                             19.326071   data required time
---------------------------------------------------------------------------------------------
                                             19.326071   data required time
                                             -7.798441   data arrival time
---------------------------------------------------------------------------------------------
                                             11.527629   slack (MET)


Startpoint: rst_n (input port clocked by clk)
Endpoint: _633_ (rising edge-triggered flip-flop clocked by clk)
Path Group: clk
Path Type: max

Fanout         Cap        Slew       Delay        Time   Description
---------------------------------------------------------------------------------------------
                      0.150000    0.000000    0.000000   clock clk (rise edge)
                                  0.000000    0.000000   clock network delay (ideal)
                                  4.000000    4.000000 ^ input external delay
    19    0.083844    2.060600    1.188567    5.188567 ^ rst_n (in)
                                                         rst_n (net)
                      2.060600    0.000000    5.188567 ^ _323_/I (gf180mcu_fd_sc_mcu7t5v0__clkinv_1)
    26    0.103126    2.218610    1.897664    7.086231 v _323_/ZN (gf180mcu_fd_sc_mcu7t5v0__clkinv_1)
                                                         _308_ (net)
                      2.218610    0.000000    7.086231 v _587_/B (gf180mcu_fd_sc_mcu7t5v0__aoi21_1)
     1    0.002361    0.623113    0.712210    7.798441 ^ _587_/ZN (gf180mcu_fd_sc_mcu7t5v0__aoi21_1)
                                                         _017_ (net)
                      0.623113    0.000000    7.798441 ^ _633_/D (gf180mcu_fd_sc_mcu7t5v0__dffq_1)
                                              7.798441   data arrival time

                      0.150000   20.000000   20.000000   clock clk (rise edge)
                                  0.000000   20.000000   clock network delay (ideal)
                                 -0.250000   19.750002   clock uncertainty
                                  0.000000   19.750002   clock reconvergence pessimism
                                             19.750002 ^ _633_/CLK (gf180mcu_fd_sc_mcu7t5v0__dffq_1)
                                 -0.423931   19.326071   library setup time
                                             19.326071   data required time
---------------------------------------------------------------------------------------------
                                             19.326071   data required time
                                             -7.798441   data arrival time
---------------------------------------------------------------------------------------------
                                             11.527629   slack (MET)


Startpoint: rst_n (input port clocked by clk)
Endpoint: _634_ (rising edge-triggered flip-flop clocked by clk)
Path Group: clk
Path Type: max

Fanout         Cap        Slew       Delay        Time   Description
---------------------------------------------------------------------------------------------
                      0.150000    0.000000    0.000000   clock clk (rise edge)
                                  0.000000    0.000000   clock network delay (ideal)
                                  4.000000    4.000000 ^ input external delay
    19    0.083844    2.060600    1.188567    5.188567 ^ rst_n (in)
                                                         rst_n (net)
                      2.060600    0.000000    5.188567 ^ _323_/I (gf180mcu_fd_sc_mcu7t5v0__clkinv_1)
    26    0.103126    2.218610    1.897664    7.086231 v _323_/ZN (gf180mcu_fd_sc_mcu7t5v0__clkinv_1)
                                                         _308_ (net)
                      2.218610    0.000000    7.086231 v _589_/B (gf180mcu_fd_sc_mcu7t5v0__aoi21_1)
     1    0.002361    0.623113    0.712210    7.798441 ^ _589_/ZN (gf180mcu_fd_sc_mcu7t5v0__aoi21_1)
                                                         _018_ (net)
                      0.623113    0.000000    7.798441 ^ _634_/D (gf180mcu_fd_sc_mcu7t5v0__dffq_1)
                                              7.798441   data arrival time

                      0.150000   20.000000   20.000000   clock clk (rise edge)
                                  0.000000   20.000000   clock network delay (ideal)
                                 -0.250000   19.750002   clock uncertainty
                                  0.000000   19.750002   clock reconvergence pessimism
                                             19.750002 ^ _634_/CLK (gf180mcu_fd_sc_mcu7t5v0__dffq_1)
                                 -0.423931   19.326071   library setup time
                                             19.326071   data required time
---------------------------------------------------------------------------------------------
                                             19.326071   data required time
                                             -7.798441   data arrival time
---------------------------------------------------------------------------------------------
                                             11.527629   slack (MET)


Startpoint: rst_n (input port clocked by clk)
Endpoint: _635_ (rising edge-triggered flip-flop clocked by clk)
Path Group: clk
Path Type: max

Fanout         Cap        Slew       Delay        Time   Description
---------------------------------------------------------------------------------------------
                      0.150000    0.000000    0.000000   clock clk (rise edge)
                                  0.000000    0.000000   clock network delay (ideal)
                                  4.000000    4.000000 ^ input external delay
    19    0.083844    2.060600    1.188567    5.188567 ^ rst_n (in)
                                                         rst_n (net)
                      2.060600    0.000000    5.188567 ^ _323_/I (gf180mcu_fd_sc_mcu7t5v0__clkinv_1)
    26    0.103126    2.218610    1.897664    7.086231 v _323_/ZN (gf180mcu_fd_sc_mcu7t5v0__clkinv_1)
                                                         _308_ (net)
                      2.218610    0.000000    7.086231 v _591_/B (gf180mcu_fd_sc_mcu7t5v0__aoi21_1)
     1    0.002361    0.623113    0.712210    7.798441 ^ _591_/ZN (gf180mcu_fd_sc_mcu7t5v0__aoi21_1)
                                                         _019_ (net)
                      0.623113    0.000000    7.798441 ^ _635_/D (gf180mcu_fd_sc_mcu7t5v0__dffq_1)
                                              7.798441   data arrival time

                      0.150000   20.000000   20.000000   clock clk (rise edge)
                                  0.000000   20.000000   clock network delay (ideal)
                                 -0.250000   19.750002   clock uncertainty
                                  0.000000   19.750002   clock reconvergence pessimism
                                             19.750002 ^ _635_/CLK (gf180mcu_fd_sc_mcu7t5v0__dffq_1)
                                 -0.423931   19.326071   library setup time
                                             19.326071   data required time
---------------------------------------------------------------------------------------------
                                             19.326071   data required time
                                             -7.798441   data arrival time
---------------------------------------------------------------------------------------------
                                             11.527629   slack (MET)


Startpoint: rst_n (input port clocked by clk)
Endpoint: _636_ (rising edge-triggered flip-flop clocked by clk)
Path Group: clk
Path Type: max

Fanout         Cap        Slew       Delay        Time   Description
---------------------------------------------------------------------------------------------
                      0.150000    0.000000    0.000000   clock clk (rise edge)
                                  0.000000    0.000000   clock network delay (ideal)
                                  4.000000    4.000000 ^ input external delay
    19    0.083844    2.060600    1.188567    5.188567 ^ rst_n (in)
                                                         rst_n (net)
                      2.060600    0.000000    5.188567 ^ _323_/I (gf180mcu_fd_sc_mcu7t5v0__clkinv_1)
    26    0.103126    2.218610    1.897664    7.086231 v _323_/ZN (gf180mcu_fd_sc_mcu7t5v0__clkinv_1)
                                                         _308_ (net)
                      2.218610    0.000000    7.086231 v _593_/B (gf180mcu_fd_sc_mcu7t5v0__aoi21_1)
     1    0.002361    0.623113    0.712210    7.798441 ^ _593_/ZN (gf180mcu_fd_sc_mcu7t5v0__aoi21_1)
                                                         _020_ (net)
                      0.623113    0.000000    7.798441 ^ _636_/D (gf180mcu_fd_sc_mcu7t5v0__dffq_1)
                                              7.798441   data arrival time

                      0.150000   20.000000   20.000000   clock clk (rise edge)
                                  0.000000   20.000000   clock network delay (ideal)
                                 -0.250000   19.750002   clock uncertainty
                                  0.000000   19.750002   clock reconvergence pessimism
                                             19.750002 ^ _636_/CLK (gf180mcu_fd_sc_mcu7t5v0__dffq_1)
                                 -0.423931   19.326071   library setup time
                                             19.326071   data required time
---------------------------------------------------------------------------------------------
                                             19.326071   data required time
                                             -7.798441   data arrival time
---------------------------------------------------------------------------------------------
                                             11.527629   slack (MET)


Startpoint: rst_n (input port clocked by clk)
Endpoint: _637_ (rising edge-triggered flip-flop clocked by clk)
Path Group: clk
Path Type: max

Fanout         Cap        Slew       Delay        Time   Description
---------------------------------------------------------------------------------------------
                      0.150000    0.000000    0.000000   clock clk (rise edge)
                                  0.000000    0.000000   clock network delay (ideal)
                                  4.000000    4.000000 ^ input external delay
    19    0.083844    2.060600    1.188567    5.188567 ^ rst_n (in)
                                                         rst_n (net)
                      2.060600    0.000000    5.188567 ^ _323_/I (gf180mcu_fd_sc_mcu7t5v0__clkinv_1)
    26    0.103126    2.218610    1.897664    7.086231 v _323_/ZN (gf180mcu_fd_sc_mcu7t5v0__clkinv_1)
                                                         _308_ (net)
                      2.218610    0.000000    7.086231 v _595_/B (gf180mcu_fd_sc_mcu7t5v0__aoi21_1)
     1    0.002361    0.623113    0.712210    7.798441 ^ _595_/ZN (gf180mcu_fd_sc_mcu7t5v0__aoi21_1)
                                                         _021_ (net)
                      0.623113    0.000000    7.798441 ^ _637_/D (gf180mcu_fd_sc_mcu7t5v0__dffq_1)
                                              7.798441   data arrival time

                      0.150000   20.000000   20.000000   clock clk (rise edge)
                                  0.000000   20.000000   clock network delay (ideal)
                                 -0.250000   19.750002   clock uncertainty
                                  0.000000   19.750002   clock reconvergence pessimism
                                             19.750002 ^ _637_/CLK (gf180mcu_fd_sc_mcu7t5v0__dffq_1)
                                 -0.423931   19.326071   library setup time
                                             19.326071   data required time
---------------------------------------------------------------------------------------------
                                             19.326071   data required time
                                             -7.798441   data arrival time
---------------------------------------------------------------------------------------------
                                             11.527629   slack (MET)


Startpoint: rst_n (input port clocked by clk)
Endpoint: _638_ (rising edge-triggered flip-flop clocked by clk)
Path Group: clk
Path Type: max

Fanout         Cap        Slew       Delay        Time   Description
---------------------------------------------------------------------------------------------
                      0.150000    0.000000    0.000000   clock clk (rise edge)
                                  0.000000    0.000000   clock network delay (ideal)
                                  4.000000    4.000000 ^ input external delay
    19    0.083844    2.060600    1.188567    5.188567 ^ rst_n (in)
                                                         rst_n (net)
                      2.060600    0.000000    5.188567 ^ _323_/I (gf180mcu_fd_sc_mcu7t5v0__clkinv_1)
    26    0.103126    2.218610    1.897664    7.086231 v _323_/ZN (gf180mcu_fd_sc_mcu7t5v0__clkinv_1)
                                                         _308_ (net)
                      2.218610    0.000000    7.086231 v _597_/B (gf180mcu_fd_sc_mcu7t5v0__aoi21_1)
     1    0.002361    0.623113    0.712210    7.798441 ^ _597_/ZN (gf180mcu_fd_sc_mcu7t5v0__aoi21_1)
                                                         _022_ (net)
                      0.623113    0.000000    7.798441 ^ _638_/D (gf180mcu_fd_sc_mcu7t5v0__dffq_1)
                                              7.798441   data arrival time

                      0.150000   20.000000   20.000000   clock clk (rise edge)
                                  0.000000   20.000000   clock network delay (ideal)
                                 -0.250000   19.750002   clock uncertainty
                                  0.000000   19.750002   clock reconvergence pessimism
                                             19.750002 ^ _638_/CLK (gf180mcu_fd_sc_mcu7t5v0__dffq_1)
                                 -0.423931   19.326071   library setup time
                                             19.326071   data required time
---------------------------------------------------------------------------------------------
                                             19.326071   data required time
                                             -7.798441   data arrival time
---------------------------------------------------------------------------------------------
                                             11.527629   slack (MET)


Startpoint: rst_n (input port clocked by clk)
Endpoint: _639_ (rising edge-triggered flip-flop clocked by clk)
Path Group: clk
Path Type: max

Fanout         Cap        Slew       Delay        Time   Description
---------------------------------------------------------------------------------------------
                      0.150000    0.000000    0.000000   clock clk (rise edge)
                                  0.000000    0.000000   clock network delay (ideal)
                                  4.000000    4.000000 ^ input external delay
    19    0.083844    2.060600    1.188567    5.188567 ^ rst_n (in)
                                                         rst_n (net)
                      2.060600    0.000000    5.188567 ^ _323_/I (gf180mcu_fd_sc_mcu7t5v0__clkinv_1)
    26    0.103126    2.218610    1.897664    7.086231 v _323_/ZN (gf180mcu_fd_sc_mcu7t5v0__clkinv_1)
                                                         _308_ (net)
                      2.218610    0.000000    7.086231 v _599_/B (gf180mcu_fd_sc_mcu7t5v0__aoi21_1)
     1    0.002361    0.623113    0.712210    7.798441 ^ _599_/ZN (gf180mcu_fd_sc_mcu7t5v0__aoi21_1)
                                                         _023_ (net)
                      0.623113    0.000000    7.798441 ^ _639_/D (gf180mcu_fd_sc_mcu7t5v0__dffq_1)
                                              7.798441   data arrival time

                      0.150000   20.000000   20.000000   clock clk (rise edge)
                                  0.000000   20.000000   clock network delay (ideal)
                                 -0.250000   19.750002   clock uncertainty
                                  0.000000   19.750002   clock reconvergence pessimism
                                             19.750002 ^ _639_/CLK (gf180mcu_fd_sc_mcu7t5v0__dffq_1)
                                 -0.423931   19.326071   library setup time
                                             19.326071   data required time
---------------------------------------------------------------------------------------------
                                             19.326071   data required time
                                             -7.798441   data arrival time
---------------------------------------------------------------------------------------------
                                             11.527629   slack (MET)


Startpoint: rst_n (input port clocked by clk)
Endpoint: _640_ (rising edge-triggered flip-flop clocked by clk)
Path Group: clk
Path Type: max

Fanout         Cap        Slew       Delay        Time   Description
---------------------------------------------------------------------------------------------
                      0.150000    0.000000    0.000000   clock clk (rise edge)
                                  0.000000    0.000000   clock network delay (ideal)
                                  4.000000    4.000000 ^ input external delay
    19    0.083844    2.060600    1.188567    5.188567 ^ rst_n (in)
                                                         rst_n (net)
                      2.060600    0.000000    5.188567 ^ _323_/I (gf180mcu_fd_sc_mcu7t5v0__clkinv_1)
    26    0.103126    2.218610    1.897664    7.086231 v _323_/ZN (gf180mcu_fd_sc_mcu7t5v0__clkinv_1)
                                                         _308_ (net)
                      2.218610    0.000000    7.086231 v _601_/B (gf180mcu_fd_sc_mcu7t5v0__aoi21_1)
     1    0.002361    0.623113    0.712210    7.798441 ^ _601_/ZN (gf180mcu_fd_sc_mcu7t5v0__aoi21_1)
                                                         _024_ (net)
                      0.623113    0.000000    7.798441 ^ _640_/D (gf180mcu_fd_sc_mcu7t5v0__dffq_1)
                                              7.798441   data arrival time

                      0.150000   20.000000   20.000000   clock clk (rise edge)
                                  0.000000   20.000000   clock network delay (ideal)
                                 -0.250000   19.750002   clock uncertainty
                                  0.000000   19.750002   clock reconvergence pessimism
                                             19.750002 ^ _640_/CLK (gf180mcu_fd_sc_mcu7t5v0__dffq_1)
                                 -0.423931   19.326071   library setup time
                                             19.326071   data required time
---------------------------------------------------------------------------------------------
                                             19.326071   data required time
                                             -7.798441   data arrival time
---------------------------------------------------------------------------------------------
                                             11.527629   slack (MET)


Startpoint: rst_n (input port clocked by clk)
Endpoint: _641_ (rising edge-triggered flip-flop clocked by clk)
Path Group: clk
Path Type: max

Fanout         Cap        Slew       Delay        Time   Description
---------------------------------------------------------------------------------------------
                      0.150000    0.000000    0.000000   clock clk (rise edge)
                                  0.000000    0.000000   clock network delay (ideal)
                                  4.000000    4.000000 ^ input external delay
    19    0.083844    2.060600    1.188567    5.188567 ^ rst_n (in)
                                                         rst_n (net)
                      2.060600    0.000000    5.188567 ^ _323_/I (gf180mcu_fd_sc_mcu7t5v0__clkinv_1)
    26    0.103126    2.218610    1.897664    7.086231 v _323_/ZN (gf180mcu_fd_sc_mcu7t5v0__clkinv_1)
                                                         _308_ (net)
                      2.218610    0.000000    7.086231 v _603_/B (gf180mcu_fd_sc_mcu7t5v0__aoi21_1)
     1    0.002361    0.623113    0.712210    7.798441 ^ _603_/ZN (gf180mcu_fd_sc_mcu7t5v0__aoi21_1)
                                                         _025_ (net)
                      0.623113    0.000000    7.798441 ^ _641_/D (gf180mcu_fd_sc_mcu7t5v0__dffq_1)
                                              7.798441   data arrival time

                      0.150000   20.000000   20.000000   clock clk (rise edge)
                                  0.000000   20.000000   clock network delay (ideal)
                                 -0.250000   19.750002   clock uncertainty
                                  0.000000   19.750002   clock reconvergence pessimism
                                             19.750002 ^ _641_/CLK (gf180mcu_fd_sc_mcu7t5v0__dffq_1)
                                 -0.423931   19.326071   library setup time
                                             19.326071   data required time
---------------------------------------------------------------------------------------------
                                             19.326071   data required time
                                             -7.798441   data arrival time
---------------------------------------------------------------------------------------------
                                             11.527629   slack (MET)


Startpoint: uio_in[2] (input port clocked by clk)
Endpoint: _642_ (rising edge-triggered flip-flop clocked by clk)
Path Group: clk
Path Type: max

Fanout         Cap        Slew       Delay        Time   Description
---------------------------------------------------------------------------------------------
                      0.150000    0.000000    0.000000   clock clk (rise edge)
                                  0.000000    0.000000   clock network delay (ideal)
                                  4.000000    4.000000 ^ input external delay
     2    0.008784    0.280500    0.127152    4.127151 ^ uio_in[2] (in)
                                                         uio_in[2] (net)
                      0.280500    0.000000    4.127151 ^ _320_/I (gf180mcu_fd_sc_mcu7t5v0__clkinv_1)
     1    0.003919    0.170679    0.164089    4.291241 v _320_/ZN (gf180mcu_fd_sc_mcu7t5v0__clkinv_1)
                                                         _305_ (net)
                      0.170679    0.000000    4.291241 v _329_/B (gf180mcu_fd_sc_mcu7t5v0__aoi21_1)
    12    0.060098    2.978632    1.923639    6.214880 ^ _329_/ZN (gf180mcu_fd_sc_mcu7t5v0__aoi21_1)
                                                         _045_ (net)
                      2.978632    0.000000    6.214880 ^ _369_/A2 (gf180mcu_fd_sc_mcu7t5v0__xor2_1)
     5    0.020885    1.270543    0.936803    7.151682 ^ _369_/Z (gf180mcu_fd_sc_mcu7t5v0__xor2_1)
                                                         _079_ (net)
                      1.270543    0.000000    7.151682 ^ _371_/A2 (gf180mcu_fd_sc_mcu7t5v0__nand2_1)
     4    0.017112    0.769905    0.417360    7.569043 v _371_/ZN (gf180mcu_fd_sc_mcu7t5v0__nand2_1)
                                                         _081_ (net)
                      0.769905    0.000000    7.569043 v _372_/I (gf180mcu_fd_sc_mcu7t5v0__clkinv_1)
     1    0.002361    0.243073    0.258744    7.827786 ^ _372_/ZN (gf180mcu_fd_sc_mcu7t5v0__clkinv_1)
                                                         _026_ (net)
                      0.243073    0.000000    7.827786 ^ _642_/D (gf180mcu_fd_sc_mcu7t5v0__dffq_1)
                                              7.827786   data arrival time

                      0.150000   20.000000   20.000000   clock clk (rise edge)
                                  0.000000   20.000000   clock network delay (ideal)
                                 -0.250000   19.750002   clock uncertainty
                                  0.000000   19.750002   clock reconvergence pessimism
                                             19.750002 ^ _642_/CLK (gf180mcu_fd_sc_mcu7t5v0__dffq_1)
                                 -0.377979   19.372023   library setup time
                                             19.372023   data required time
---------------------------------------------------------------------------------------------
                                             19.372023   data required time
                                             -7.827786   data arrival time
---------------------------------------------------------------------------------------------
                                             11.544236   slack (MET)


Startpoint: rst_n (input port clocked by clk)
Endpoint: _650_ (rising edge-triggered flip-flop clocked by clk)
Path Group: clk
Path Type: max

Fanout         Cap        Slew       Delay        Time   Description
---------------------------------------------------------------------------------------------
                      0.150000    0.000000    0.000000   clock clk (rise edge)
                                  0.000000    0.000000   clock network delay (ideal)
                                  4.000000    4.000000 ^ input external delay
    19    0.083844    2.060600    1.188567    5.188567 ^ rst_n (in)
                                                         rst_n (net)
                      2.060600    0.000000    5.188567 ^ _323_/I (gf180mcu_fd_sc_mcu7t5v0__clkinv_1)
    26    0.103126    2.218610    1.897664    7.086231 v _323_/ZN (gf180mcu_fd_sc_mcu7t5v0__clkinv_1)
                                                         _308_ (net)
                      2.218610    0.000000    7.086231 v _604_/A2 (gf180mcu_fd_sc_mcu7t5v0__nor2_1)
     1    0.002361    0.540204    0.591176    7.677407 ^ _604_/ZN (gf180mcu_fd_sc_mcu7t5v0__nor2_1)
                                                         _034_ (net)
                      0.540204    0.000000    7.677407 ^ _650_/D (gf180mcu_fd_sc_mcu7t5v0__dffq_1)
                                              7.677407   data arrival time

                      0.150000   20.000000   20.000000   clock clk (rise edge)
                                  0.000000   20.000000   clock network delay (ideal)
                                 -0.250000   19.750002   clock uncertainty
                                  0.000000   19.750002   clock reconvergence pessimism
                                             19.750002 ^ _650_/CLK (gf180mcu_fd_sc_mcu7t5v0__dffq_1)
                                 -0.414875   19.335127   library setup time
                                             19.335127   data required time
---------------------------------------------------------------------------------------------
                                             19.335127   data required time
                                             -7.677407   data arrival time
---------------------------------------------------------------------------------------------
                                             11.657719   slack (MET)


Startpoint: uio_in[2] (input port clocked by clk)
Endpoint: _643_ (rising edge-triggered flip-flop clocked by clk)
Path Group: clk
Path Type: max

Fanout         Cap        Slew       Delay        Time   Description
---------------------------------------------------------------------------------------------
                      0.150000    0.000000    0.000000   clock clk (rise edge)
                                  0.000000    0.000000   clock network delay (ideal)
                                  4.000000    4.000000 ^ input external delay
     2    0.008784    0.280500    0.127152    4.127151 ^ uio_in[2] (in)
                                                         uio_in[2] (net)
                      0.280500    0.000000    4.127151 ^ _320_/I (gf180mcu_fd_sc_mcu7t5v0__clkinv_1)
     1    0.003919    0.170679    0.164089    4.291241 v _320_/ZN (gf180mcu_fd_sc_mcu7t5v0__clkinv_1)
                                                         _305_ (net)
                      0.170679    0.000000    4.291241 v _329_/B (gf180mcu_fd_sc_mcu7t5v0__aoi21_1)
    12    0.060098    2.978632    1.923639    6.214880 ^ _329_/ZN (gf180mcu_fd_sc_mcu7t5v0__aoi21_1)
                                                         _045_ (net)
                      2.978632    0.000000    6.214880 ^ _366_/A1 (gf180mcu_fd_sc_mcu7t5v0__oai21_1)
     5    0.022296    1.069977    0.656681    6.871560 v _366_/ZN (gf180mcu_fd_sc_mcu7t5v0__oai21_1)
                                                         _077_ (net)
                      1.069977    0.000000    6.871560 v _367_/A2 (gf180mcu_fd_sc_mcu7t5v0__nor2_1)
     4    0.014774    0.888172    0.776594    7.648153 ^ _367_/ZN (gf180mcu_fd_sc_mcu7t5v0__nor2_1)
                                                         _027_ (net)
                      0.888172    0.000000    7.648153 ^ _643_/D (gf180mcu_fd_sc_mcu7t5v0__dffq_1)
                                              7.648153   data arrival time

                      0.150000   20.000000   20.000000   clock clk (rise edge)
                                  0.000000   20.000000   clock network delay (ideal)
                                 -0.250000   19.750002   clock uncertainty
                                  0.000000   19.750002   clock reconvergence pessimism
                                             19.750002 ^ _643_/CLK (gf180mcu_fd_sc_mcu7t5v0__dffq_1)
                                 -0.436955   19.313046   library setup time
                                             19.313046   data required time
---------------------------------------------------------------------------------------------
                                             19.313046   data required time
                                             -7.648153   data arrival time
---------------------------------------------------------------------------------------------
                                             11.664892   slack (MET)


Startpoint: rst_n (input port clocked by clk)
Endpoint: _657_ (rising edge-triggered flip-flop clocked by clk)
Path Group: clk
Path Type: max

Fanout         Cap        Slew       Delay        Time   Description
---------------------------------------------------------------------------------------------
                      0.150000    0.000000    0.000000   clock clk (rise edge)
                                  0.000000    0.000000   clock network delay (ideal)
                                  4.000000    4.000000 ^ input external delay
    19    0.083844    2.060600    1.188567    5.188567 ^ rst_n (in)
                                                         rst_n (net)
                      2.060600    0.000000    5.188567 ^ _548_/B (gf180mcu_fd_sc_mcu7t5v0__oai21_1)
     1    0.003919    0.507609    0.285368    5.473935 v _548_/ZN (gf180mcu_fd_sc_mcu7t5v0__oai21_1)
                                                         _248_ (net)
                      0.507609    0.000000    5.473935 v _549_/B (gf180mcu_fd_sc_mcu7t5v0__aoi21_1)
     1    0.002361    0.450626    0.433257    5.907192 ^ _549_/ZN (gf180mcu_fd_sc_mcu7t5v0__aoi21_1)
                                                         _008_ (net)
                      0.450626    0.000000    5.907192 ^ _657_/D (gf180mcu_fd_sc_mcu7t5v0__dffq_1)
                                              5.907192   data arrival time

                      0.150000   20.000000   20.000000   clock clk (rise edge)
                                  0.000000   20.000000   clock network delay (ideal)
                                 -0.250000   19.750002   clock uncertainty
                                  0.000000   19.750002   clock reconvergence pessimism
                                             19.750002 ^ _657_/CLK (gf180mcu_fd_sc_mcu7t5v0__dffq_1)
                                 -0.405091   19.344910   library setup time
                                             19.344910   data required time
---------------------------------------------------------------------------------------------
                                             19.344910   data required time
                                             -5.907192   data arrival time
---------------------------------------------------------------------------------------------
                                             13.437718   slack (MET)


Startpoint: rst_n (input port clocked by clk)
Endpoint: _651_ (rising edge-triggered flip-flop clocked by clk)
Path Group: clk
Path Type: max

Fanout         Cap        Slew       Delay        Time   Description
---------------------------------------------------------------------------------------------
                      0.150000    0.000000    0.000000   clock clk (rise edge)
                                  0.000000    0.000000   clock network delay (ideal)
                                  4.000000    4.000000 ^ input external delay
    19    0.083844    2.060600    1.188567    5.188567 ^ rst_n (in)
                                                         rst_n (net)
                      2.060600    0.000000    5.188567 ^ _605_/B (gf180mcu_fd_sc_mcu7t5v0__oai21_1)
     1    0.003919    0.507609    0.285368    5.473935 v _605_/ZN (gf180mcu_fd_sc_mcu7t5v0__oai21_1)
                                                         _286_ (net)
                      0.507609    0.000000    5.473935 v _606_/B (gf180mcu_fd_sc_mcu7t5v0__aoi21_1)
     1    0.002361    0.405647    0.433257    5.907192 ^ _606_/ZN (gf180mcu_fd_sc_mcu7t5v0__aoi21_1)
                                                         _035_ (net)
                      0.405647    0.000000    5.907192 ^ _651_/D (gf180mcu_fd_sc_mcu7t5v0__dffq_1)
                                              5.907192   data arrival time

                      0.150000   20.000000   20.000000   clock clk (rise edge)
                                  0.000000   20.000000   clock network delay (ideal)
                                 -0.250000   19.750002   clock uncertainty
                                  0.000000   19.750002   clock reconvergence pessimism
                                             19.750002 ^ _651_/CLK (gf180mcu_fd_sc_mcu7t5v0__dffq_1)
                                 -0.400179   19.349823   library setup time
                                             19.349823   data required time
---------------------------------------------------------------------------------------------
                                             19.349823   data required time
                                             -5.907192   data arrival time
---------------------------------------------------------------------------------------------
                                             13.442632   slack (MET)


Startpoint: rst_n (input port clocked by clk)
Endpoint: _654_ (rising edge-triggered flip-flop clocked by clk)
Path Group: clk
Path Type: max

Fanout         Cap        Slew       Delay        Time   Description
---------------------------------------------------------------------------------------------
                      0.150000    0.000000    0.000000   clock clk (rise edge)
                                  0.000000    0.000000   clock network delay (ideal)
                                  4.000000    4.000000 ^ input external delay
    19    0.083844    2.060600    1.188567    5.188567 ^ rst_n (in)
                                                         rst_n (net)
                      2.060600    0.000000    5.188567 ^ _613_/B (gf180mcu_fd_sc_mcu7t5v0__oai21_1)
     1    0.003919    0.507609    0.285368    5.473935 v _613_/ZN (gf180mcu_fd_sc_mcu7t5v0__oai21_1)
                                                         _291_ (net)
                      0.507609    0.000000    5.473935 v _614_/B (gf180mcu_fd_sc_mcu7t5v0__aoi21_1)
     1    0.002361    0.405647    0.433257    5.907192 ^ _614_/ZN (gf180mcu_fd_sc_mcu7t5v0__aoi21_1)
                                                         _038_ (net)
                      0.405647    0.000000    5.907192 ^ _654_/D (gf180mcu_fd_sc_mcu7t5v0__dffq_1)
                                              5.907192   data arrival time

                      0.150000   20.000000   20.000000   clock clk (rise edge)
                                  0.000000   20.000000   clock network delay (ideal)
                                 -0.250000   19.750002   clock uncertainty
                                  0.000000   19.750002   clock reconvergence pessimism
                                             19.750002 ^ _654_/CLK (gf180mcu_fd_sc_mcu7t5v0__dffq_1)
                                 -0.400179   19.349823   library setup time
                                             19.349823   data required time
---------------------------------------------------------------------------------------------
                                             19.349823   data required time
                                             -5.907192   data arrival time
---------------------------------------------------------------------------------------------
                                             13.442632   slack (MET)


Startpoint: rst_n (input port clocked by clk)
Endpoint: _656_ (rising edge-triggered flip-flop clocked by clk)
Path Group: clk
Path Type: max

Fanout         Cap        Slew       Delay        Time   Description
---------------------------------------------------------------------------------------------
                      0.150000    0.000000    0.000000   clock clk (rise edge)
                                  0.000000    0.000000   clock network delay (ideal)
                                  4.000000    4.000000 ^ input external delay
    19    0.083844    2.060600    1.188567    5.188567 ^ rst_n (in)
                                                         rst_n (net)
                      2.060600    0.000000    5.188567 ^ _546_/A1 (gf180mcu_fd_sc_mcu7t5v0__nand2_1)
     1    0.003919    0.465633    0.205134    5.393701 v _546_/ZN (gf180mcu_fd_sc_mcu7t5v0__nand2_1)
                                                         _247_ (net)
                      0.465633    0.000000    5.393701 v _547_/B (gf180mcu_fd_sc_mcu7t5v0__aoi21_1)
     1    0.002361    0.401062    0.425139    5.818840 ^ _547_/ZN (gf180mcu_fd_sc_mcu7t5v0__aoi21_1)
                                                         _007_ (net)
                      0.401062    0.000000    5.818840 ^ _656_/D (gf180mcu_fd_sc_mcu7t5v0__dffq_1)
                                              5.818840   data arrival time

                      0.150000   20.000000   20.000000   clock clk (rise edge)
                                  0.000000   20.000000   clock network delay (ideal)
                                 -0.250000   19.750002   clock uncertainty
                                  0.000000   19.750002   clock reconvergence pessimism
                                             19.750002 ^ _656_/CLK (gf180mcu_fd_sc_mcu7t5v0__dffq_1)
                                 -0.399678   19.350323   library setup time
                                             19.350323   data required time
---------------------------------------------------------------------------------------------
                                             19.350323   data required time
                                             -5.818840   data arrival time
---------------------------------------------------------------------------------------------
                                             13.531482   slack (MET)


Startpoint: rst_n (input port clocked by clk)
Endpoint: _652_ (rising edge-triggered flip-flop clocked by clk)
Path Group: clk
Path Type: max

Fanout         Cap        Slew       Delay        Time   Description
---------------------------------------------------------------------------------------------
                      0.150000    0.000000    0.000000   clock clk (rise edge)
                                  0.000000    0.000000   clock network delay (ideal)
                                  4.000000    4.000000 ^ input external delay
    19    0.083844    2.060600    1.188567    5.188567 ^ rst_n (in)
                                                         rst_n (net)
                      2.060600    0.000000    5.188567 ^ _608_/A1 (gf180mcu_fd_sc_mcu7t5v0__nand2_1)
     1    0.004154    0.471627    0.211545    5.400113 v _608_/ZN (gf180mcu_fd_sc_mcu7t5v0__nand2_1)
                                                         _288_ (net)
                      0.471627    0.000000    5.400113 v _609_/A2 (gf180mcu_fd_sc_mcu7t5v0__nor2_1)
     1    0.002361    0.309529    0.310777    5.710890 ^ _609_/ZN (gf180mcu_fd_sc_mcu7t5v0__nor2_1)
                                                         _036_ (net)
                      0.309529    0.000000    5.710890 ^ _652_/D (gf180mcu_fd_sc_mcu7t5v0__dffq_1)
                                              5.710890   data arrival time

                      0.150000   20.000000   20.000000   clock clk (rise edge)
                                  0.000000   20.000000   clock network delay (ideal)
                                 -0.250000   19.750002   clock uncertainty
                                  0.000000   19.750002   clock reconvergence pessimism
                                             19.750002 ^ _652_/CLK (gf180mcu_fd_sc_mcu7t5v0__dffq_1)
                                 -0.389680   19.360321   library setup time
                                             19.360321   data required time
---------------------------------------------------------------------------------------------
                                             19.360321   data required time
                                             -5.710890   data arrival time
---------------------------------------------------------------------------------------------
                                             13.649432   slack (MET)


Startpoint: rst_n (input port clocked by clk)
Endpoint: _655_ (rising edge-triggered flip-flop clocked by clk)
Path Group: clk
Path Type: max

Fanout         Cap        Slew       Delay        Time   Description
---------------------------------------------------------------------------------------------
                      0.150000    0.000000    0.000000   clock clk (rise edge)
                                  0.000000    0.000000   clock network delay (ideal)
                                  4.000000    4.000000 ^ input external delay
    19    0.083844    2.060600    1.188567    5.188567 ^ rst_n (in)
                                                         rst_n (net)
                      2.060600    0.000000    5.188567 ^ _616_/A1 (gf180mcu_fd_sc_mcu7t5v0__nand2_1)
     1    0.004154    0.471627    0.211545    5.400113 v _616_/ZN (gf180mcu_fd_sc_mcu7t5v0__nand2_1)
                                                         _293_ (net)
                      0.471627    0.000000    5.400113 v _617_/A2 (gf180mcu_fd_sc_mcu7t5v0__nor2_1)
     1    0.002361    0.309529    0.310777    5.710890 ^ _617_/ZN (gf180mcu_fd_sc_mcu7t5v0__nor2_1)
                                                         _039_ (net)
                      0.309529    0.000000    5.710890 ^ _655_/D (gf180mcu_fd_sc_mcu7t5v0__dffq_1)
                                              5.710890   data arrival time

                      0.150000   20.000000   20.000000   clock clk (rise edge)
                                  0.000000   20.000000   clock network delay (ideal)
                                 -0.250000   19.750002   clock uncertainty
                                  0.000000   19.750002   clock reconvergence pessimism
                                             19.750002 ^ _655_/CLK (gf180mcu_fd_sc_mcu7t5v0__dffq_1)
                                 -0.389680   19.360321   library setup time
                                             19.360321   data required time
---------------------------------------------------------------------------------------------
                                             19.360321   data required time
                                             -5.710890   data arrival time
---------------------------------------------------------------------------------------------
                                             13.649432   slack (MET)


Startpoint: _626_ (rising edge-triggered flip-flop clocked by clk)
Endpoint: uo_out[0] (output port clocked by clk)
Path Group: clk
Path Type: max

Fanout         Cap        Slew       Delay        Time   Description
---------------------------------------------------------------------------------------------
                      0.150000    0.000000    0.000000   clock clk (rise edge)
                                  0.000000    0.000000   clock network delay (ideal)
                      0.150000    0.000000    0.000000 ^ _626_/CLK (gf180mcu_fd_sc_mcu7t5v0__dffq_1)
     2    0.072910    1.802715    2.084910    2.084910 ^ _626_/Q (gf180mcu_fd_sc_mcu7t5v0__dffq_1)
                                                         uo_out[0] (net)
                      1.802715    0.000000    2.084910 ^ uo_out[0] (out)
                                              2.084910   data arrival time

                      0.150000   20.000000   20.000000   clock clk (rise edge)
                                  0.000000   20.000000   clock network delay (ideal)
                                 -0.250000   19.750002   clock uncertainty
                                  0.000000   19.750002   clock reconvergence pessimism
                                 -4.000000   15.750001   output external delay
                                             15.750001   data required time
---------------------------------------------------------------------------------------------
                                             15.750001   data required time
                                             -2.084910   data arrival time
---------------------------------------------------------------------------------------------
                                             13.665091   slack (MET)


Startpoint: _627_ (rising edge-triggered flip-flop clocked by clk)
Endpoint: uo_out[1] (output port clocked by clk)
Path Group: clk
Path Type: max

Fanout         Cap        Slew       Delay        Time   Description
---------------------------------------------------------------------------------------------
                      0.150000    0.000000    0.000000   clock clk (rise edge)
                                  0.000000    0.000000   clock network delay (ideal)
                      0.150000    0.000000    0.000000 ^ _627_/CLK (gf180mcu_fd_sc_mcu7t5v0__dffq_1)
     2    0.072910    1.802715    2.084910    2.084910 ^ _627_/Q (gf180mcu_fd_sc_mcu7t5v0__dffq_1)
                                                         uo_out[1] (net)
                      1.802715    0.000000    2.084910 ^ uo_out[1] (out)
                                              2.084910   data arrival time

                      0.150000   20.000000   20.000000   clock clk (rise edge)
                                  0.000000   20.000000   clock network delay (ideal)
                                 -0.250000   19.750002   clock uncertainty
                                  0.000000   19.750002   clock reconvergence pessimism
                                 -4.000000   15.750001   output external delay
                                             15.750001   data required time
---------------------------------------------------------------------------------------------
                                             15.750001   data required time
                                             -2.084910   data arrival time
---------------------------------------------------------------------------------------------
                                             13.665091   slack (MET)


Startpoint: _628_ (rising edge-triggered flip-flop clocked by clk)
Endpoint: uo_out[2] (output port clocked by clk)
Path Group: clk
Path Type: max

Fanout         Cap        Slew       Delay        Time   Description
---------------------------------------------------------------------------------------------
                      0.150000    0.000000    0.000000   clock clk (rise edge)
                                  0.000000    0.000000   clock network delay (ideal)
                      0.150000    0.000000    0.000000 ^ _628_/CLK (gf180mcu_fd_sc_mcu7t5v0__dffq_1)
     2    0.072910    1.802715    2.084910    2.084910 ^ _628_/Q (gf180mcu_fd_sc_mcu7t5v0__dffq_1)
                                                         uo_out[2] (net)
                      1.802715    0.000000    2.084910 ^ uo_out[2] (out)
                                              2.084910   data arrival time

                      0.150000   20.000000   20.000000   clock clk (rise edge)
                                  0.000000   20.000000   clock network delay (ideal)
                                 -0.250000   19.750002   clock uncertainty
                                  0.000000   19.750002   clock reconvergence pessimism
                                 -4.000000   15.750001   output external delay
                                             15.750001   data required time
---------------------------------------------------------------------------------------------
                                             15.750001   data required time
                                             -2.084910   data arrival time
---------------------------------------------------------------------------------------------
                                             13.665091   slack (MET)


Startpoint: _629_ (rising edge-triggered flip-flop clocked by clk)
Endpoint: uo_out[3] (output port clocked by clk)
Path Group: clk
Path Type: max

Fanout         Cap        Slew       Delay        Time   Description
---------------------------------------------------------------------------------------------
                      0.150000    0.000000    0.000000   clock clk (rise edge)
                                  0.000000    0.000000   clock network delay (ideal)
                      0.150000    0.000000    0.000000 ^ _629_/CLK (gf180mcu_fd_sc_mcu7t5v0__dffq_1)
     2    0.072910    1.802715    2.084910    2.084910 ^ _629_/Q (gf180mcu_fd_sc_mcu7t5v0__dffq_1)
                                                         uo_out[3] (net)
                      1.802715    0.000000    2.084910 ^ uo_out[3] (out)
                                              2.084910   data arrival time

                      0.150000   20.000000   20.000000   clock clk (rise edge)
                                  0.000000   20.000000   clock network delay (ideal)
                                 -0.250000   19.750002   clock uncertainty
                                  0.000000   19.750002   clock reconvergence pessimism
                                 -4.000000   15.750001   output external delay
                                             15.750001   data required time
---------------------------------------------------------------------------------------------
                                             15.750001   data required time
                                             -2.084910   data arrival time
---------------------------------------------------------------------------------------------
                                             13.665091   slack (MET)


Startpoint: _630_ (rising edge-triggered flip-flop clocked by clk)
Endpoint: uo_out[4] (output port clocked by clk)
Path Group: clk
Path Type: max

Fanout         Cap        Slew       Delay        Time   Description
---------------------------------------------------------------------------------------------
                      0.150000    0.000000    0.000000   clock clk (rise edge)
                                  0.000000    0.000000   clock network delay (ideal)
                      0.150000    0.000000    0.000000 ^ _630_/CLK (gf180mcu_fd_sc_mcu7t5v0__dffq_1)
     2    0.072910    1.802715    2.084910    2.084910 ^ _630_/Q (gf180mcu_fd_sc_mcu7t5v0__dffq_1)
                                                         uo_out[4] (net)
                      1.802715    0.000000    2.084910 ^ uo_out[4] (out)
                                              2.084910   data arrival time

                      0.150000   20.000000   20.000000   clock clk (rise edge)
                                  0.000000   20.000000   clock network delay (ideal)
                                 -0.250000   19.750002   clock uncertainty
                                  0.000000   19.750002   clock reconvergence pessimism
                                 -4.000000   15.750001   output external delay
                                             15.750001   data required time
---------------------------------------------------------------------------------------------
                                             15.750001   data required time
                                             -2.084910   data arrival time
---------------------------------------------------------------------------------------------
                                             13.665091   slack (MET)


Startpoint: _631_ (rising edge-triggered flip-flop clocked by clk)
Endpoint: uo_out[5] (output port clocked by clk)
Path Group: clk
Path Type: max

Fanout         Cap        Slew       Delay        Time   Description
---------------------------------------------------------------------------------------------
                      0.150000    0.000000    0.000000   clock clk (rise edge)
                                  0.000000    0.000000   clock network delay (ideal)
                      0.150000    0.000000    0.000000 ^ _631_/CLK (gf180mcu_fd_sc_mcu7t5v0__dffq_1)
     2    0.072910    1.802715    2.084910    2.084910 ^ _631_/Q (gf180mcu_fd_sc_mcu7t5v0__dffq_1)
                                                         uo_out[5] (net)
                      1.802715    0.000000    2.084910 ^ uo_out[5] (out)
                                              2.084910   data arrival time

                      0.150000   20.000000   20.000000   clock clk (rise edge)
                                  0.000000   20.000000   clock network delay (ideal)
                                 -0.250000   19.750002   clock uncertainty
                                  0.000000   19.750002   clock reconvergence pessimism
                                 -4.000000   15.750001   output external delay
                                             15.750001   data required time
---------------------------------------------------------------------------------------------
                                             15.750001   data required time
                                             -2.084910   data arrival time
---------------------------------------------------------------------------------------------
                                             13.665091   slack (MET)


Startpoint: _632_ (rising edge-triggered flip-flop clocked by clk)
Endpoint: uo_out[6] (output port clocked by clk)
Path Group: clk
Path Type: max

Fanout         Cap        Slew       Delay        Time   Description
---------------------------------------------------------------------------------------------
                      0.150000    0.000000    0.000000   clock clk (rise edge)
                                  0.000000    0.000000   clock network delay (ideal)
                      0.150000    0.000000    0.000000 ^ _632_/CLK (gf180mcu_fd_sc_mcu7t5v0__dffq_1)
     2    0.072910    1.802715    2.084910    2.084910 ^ _632_/Q (gf180mcu_fd_sc_mcu7t5v0__dffq_1)
                                                         uo_out[6] (net)
                      1.802715    0.000000    2.084910 ^ uo_out[6] (out)
                                              2.084910   data arrival time

                      0.150000   20.000000   20.000000   clock clk (rise edge)
                                  0.000000   20.000000   clock network delay (ideal)
                                 -0.250000   19.750002   clock uncertainty
                                  0.000000   19.750002   clock reconvergence pessimism
                                 -4.000000   15.750001   output external delay
                                             15.750001   data required time
---------------------------------------------------------------------------------------------
                                             15.750001   data required time
                                             -2.084910   data arrival time
---------------------------------------------------------------------------------------------
                                             13.665091   slack (MET)


Startpoint: _633_ (rising edge-triggered flip-flop clocked by clk)
Endpoint: uo_out[7] (output port clocked by clk)
Path Group: clk
Path Type: max

Fanout         Cap        Slew       Delay        Time   Description
---------------------------------------------------------------------------------------------
                      0.150000    0.000000    0.000000   clock clk (rise edge)
                                  0.000000    0.000000   clock network delay (ideal)
                      0.150000    0.000000    0.000000 ^ _633_/CLK (gf180mcu_fd_sc_mcu7t5v0__dffq_1)
     2    0.072910    1.802715    2.084910    2.084910 ^ _633_/Q (gf180mcu_fd_sc_mcu7t5v0__dffq_1)
                                                         uo_out[7] (net)
                      1.802715    0.000000    2.084910 ^ uo_out[7] (out)
                                              2.084910   data arrival time

                      0.150000   20.000000   20.000000   clock clk (rise edge)
                                  0.000000   20.000000   clock network delay (ideal)
                                 -0.250000   19.750002   clock uncertainty
                                  0.000000   19.750002   clock reconvergence pessimism
                                 -4.000000   15.750001   output external delay
                                             15.750001   data required time
---------------------------------------------------------------------------------------------
                                             15.750001   data required time
                                             -2.084910   data arrival time
---------------------------------------------------------------------------------------------
                                             13.665091   slack (MET)



