Failed to load tclreadline.tcl
+ define_corners nom_tt_025C_3v30
Reading timing models for corner nom_tt_025C_3v30…
Reading cell library for the 'nom_tt_025C_3v30' corner at '/home/ihsan/.cc/toolchains/iic-osic-tools-2026.09/foss/pdks/gf180mcuD/libs.ref/gf180mcu_fd_sc_mcu7t5v0/lib/gf180mcu_fd_sc_mcu7t5v0__tt_025C_3v30.lib'…
Reading cell library for the 'nom_tt_025C_3v30' corner at '/home/ihsan/.cc/toolchains/iic-osic-tools-2026.09/foss/pdks/gf180mcuD/libs.ref/gf180mcu_fd_io/lib/gf180mcu_fd_io__tt_025C_3v30.lib.gz'…
Reading top-level netlist at '/home/ihsan/.cc/worktrees/ece298a/r2r-dac/blocks/r2r_dac/top/harden/runs/run/06-yosys-synthesis/tt_um_r2r_dac_digital.nl.v'…
Linking design 'tt_um_r2r_dac_digital' from netlist…
Warning: /home/ihsan/.cc/worktrees/ece298a/r2r-dac/blocks/r2r_dac/top/harden/runs/run/06-yosys-synthesis/tt_um_r2r_dac_digital.nl.v line 2418, module r2r_dac_analog not found. Creating black box for u_analog.
Reading design constraints file at '/home/ihsan/.cc/toolchains/iic-osic-tools-2026.09/usr/local/lib/python3.12/dist-packages/librelane/scripts/base.sdc'…
[INFO] Using clock clk…
[INFO] Setting output delay to: 4.0
[INFO] Setting input delay to: 4.0
[INFO] Setting load to: 0.07291
[INFO] Setting clock uncertainty to: 0.25
[INFO] Setting clock transition to: 0.15
[INFO] Setting timing derate to: 5.0%
%OL_CREATE_REPORT min.rpt

===========================================================================
report_checks -path_delay min (Hold)
============================================================================
======================= nom_tt_025C_3v30 Corner ===================================

Startpoint: _656_ (rising edge-triggered flip-flop clocked by clk)
Endpoint: _656_ (rising edge-triggered flip-flop clocked by clk)
Path Group: clk
Path Type: min

Fanout         Cap        Slew       Delay        Time   Description
---------------------------------------------------------------------------------------------
                      0.150000    0.000000    0.000000   clock clk (rise edge)
                                  0.000000    0.000000   clock network delay (ideal)
                      0.150000    0.000000    0.000000 ^ _656_/CLK (gf180mcu_fd_sc_mcu7t5v0__dffq_1)
     3    0.010927    0.224901    0.947070    0.947070 v _656_/Q (gf180mcu_fd_sc_mcu7t5v0__dffq_1)
                                                         u_r2r_dac_digital.presc[6] (net)
                      0.224901    0.000000    0.947070 v _318_/I (gf180mcu_fd_sc_mcu7t5v0__clkinv_1)
     1    0.004753    0.198501    0.168251    1.115321 ^ _318_/ZN (gf180mcu_fd_sc_mcu7t5v0__clkinv_1)
                                                         _303_ (net)
                      0.198501    0.000000    1.115321 ^ _547_/A1 (gf180mcu_fd_sc_mcu7t5v0__aoi21_1)
     1    0.002361    0.148790    0.126361    1.241682 v _547_/ZN (gf180mcu_fd_sc_mcu7t5v0__aoi21_1)
                                                         _007_ (net)
                      0.148790    0.000000    1.241682 v _656_/D (gf180mcu_fd_sc_mcu7t5v0__dffq_1)
                                              1.241682   data arrival time

                      0.150000    0.000000    0.000000   clock clk (rise edge)
                                  0.000000    0.000000   clock network delay (ideal)
                                  0.250000    0.250000   clock uncertainty
                                  0.000000    0.250000   clock reconvergence pessimism
                                              0.250000 ^ _656_/CLK (gf180mcu_fd_sc_mcu7t5v0__dffq_1)
                                  0.072185    0.322185   library hold time
                                              0.322185   data required time
---------------------------------------------------------------------------------------------
                                              0.322185   data required time
                                             -1.241682   data arrival time
---------------------------------------------------------------------------------------------
                                              0.919497   slack (MET)


Startpoint: _620_ (rising edge-triggered flip-flop clocked by clk)
Endpoint: _628_ (rising edge-triggered flip-flop clocked by clk)
Path Group: clk
Path Type: min

Fanout         Cap        Slew       Delay        Time   Description
---------------------------------------------------------------------------------------------
                      0.150000    0.000000    0.000000   clock clk (rise edge)
                                  0.000000    0.000000   clock network delay (ideal)
                      0.150000    0.000000    0.000000 ^ _620_/CLK (gf180mcu_fd_sc_mcu7t5v0__dffq_1)
     1    0.004838    0.154784    0.888079    0.888079 v _620_/Q (gf180mcu_fd_sc_mcu7t5v0__dffq_1)
                                                         u_r2r_dac_digital.sine_val[2] (net)
                      0.154784    0.000000    0.888079 v _566_/A1 (gf180mcu_fd_sc_mcu7t5v0__aoi22_1)
     1    0.004645    0.303700    0.219320    1.107399 ^ _566_/ZN (gf180mcu_fd_sc_mcu7t5v0__aoi22_1)
                                                         _262_ (net)
                      0.303700    0.000000    1.107399 ^ _567_/A2 (gf180mcu_fd_sc_mcu7t5v0__aoi21_1)
     1    0.002361    0.155081    0.139372    1.246771 v _567_/ZN (gf180mcu_fd_sc_mcu7t5v0__aoi21_1)
                                                         _012_ (net)
                      0.155081    0.000000    1.246771 v _628_/D (gf180mcu_fd_sc_mcu7t5v0__dffq_1)
                                              1.246771   data arrival time

                      0.150000    0.000000    0.000000   clock clk (rise edge)
                                  0.000000    0.000000   clock network delay (ideal)
                                  0.250000    0.250000   clock uncertainty
                                  0.000000    0.250000   clock reconvergence pessimism
                                              0.250000 ^ _628_/CLK (gf180mcu_fd_sc_mcu7t5v0__dffq_1)
                                  0.070845    0.320845   library hold time
                                              0.320845   data required time
---------------------------------------------------------------------------------------------
                                              0.320845   data required time
                                             -1.246771   data arrival time
---------------------------------------------------------------------------------------------
                                              0.925926   slack (MET)


Startpoint: _634_ (rising edge-triggered flip-flop clocked by clk)
Endpoint: _634_ (rising edge-triggered flip-flop clocked by clk)
Path Group: clk
Path Type: min

Fanout         Cap        Slew       Delay        Time   Description
---------------------------------------------------------------------------------------------
                      0.150000    0.000000    0.000000   clock clk (rise edge)
                                  0.000000    0.000000   clock network delay (ideal)
                      0.150000    0.000000    0.000000 ^ _634_/CLK (gf180mcu_fd_sc_mcu7t5v0__dffq_1)
     2    0.009173    0.204703    0.930077    0.930077 v _634_/Q (gf180mcu_fd_sc_mcu7t5v0__dffq_1)
                                                         u_r2r_dac_digital.code_reg[0] (net)
                      0.204703    0.000000    0.930077 v _588_/A1 (gf180mcu_fd_sc_mcu7t5v0__nand2_1)
     1    0.004645    0.221839    0.189126    1.119203 ^ _588_/ZN (gf180mcu_fd_sc_mcu7t5v0__nand2_1)
                                                         _278_ (net)
                      0.221839    0.000000    1.119203 ^ _589_/A2 (gf180mcu_fd_sc_mcu7t5v0__aoi21_1)
     1    0.002361    0.144761    0.132706    1.251909 v _589_/ZN (gf180mcu_fd_sc_mcu7t5v0__aoi21_1)
                                                         _018_ (net)
                      0.144761    0.000000    1.251909 v _634_/D (gf180mcu_fd_sc_mcu7t5v0__dffq_1)
                                              1.251909   data arrival time

                      0.150000    0.000000    0.000000   clock clk (rise edge)
                                  0.000000    0.000000   clock network delay (ideal)
                                  0.250000    0.250000   clock uncertainty
                                  0.000000    0.250000   clock reconvergence pessimism
                                              0.250000 ^ _634_/CLK (gf180mcu_fd_sc_mcu7t5v0__dffq_1)
                                  0.073043    0.323043   library hold time
                                              0.323043   data required time
---------------------------------------------------------------------------------------------
                                              0.323043   data required time
                                             -1.251909   data arrival time
---------------------------------------------------------------------------------------------
                                              0.928866   slack (MET)


Startpoint: _636_ (rising edge-triggered flip-flop clocked by clk)
Endpoint: _636_ (rising edge-triggered flip-flop clocked by clk)
Path Group: clk
Path Type: min

Fanout         Cap        Slew       Delay        Time   Description
---------------------------------------------------------------------------------------------
                      0.150000    0.000000    0.000000   clock clk (rise edge)
                                  0.000000    0.000000   clock network delay (ideal)
                      0.150000    0.000000    0.000000 ^ _636_/CLK (gf180mcu_fd_sc_mcu7t5v0__dffq_1)
     2    0.009173    0.204703    0.930077    0.930077 v _636_/Q (gf180mcu_fd_sc_mcu7t5v0__dffq_1)
                                                         u_r2r_dac_digital.code_reg[2] (net)
                      0.204703    0.000000    0.930077 v _592_/A1 (gf180mcu_fd_sc_mcu7t5v0__nand2_1)
     1    0.004645    0.221839    0.189126    1.119203 ^ _592_/ZN (gf180mcu_fd_sc_mcu7t5v0__nand2_1)
                                                         _280_ (net)
                      0.221839    0.000000    1.119203 ^ _593_/A2 (gf180mcu_fd_sc_mcu7t5v0__aoi21_1)
     1    0.002361    0.144761    0.132706    1.251909 v _593_/ZN (gf180mcu_fd_sc_mcu7t5v0__aoi21_1)
                                                         _020_ (net)
                      0.144761    0.000000    1.251909 v _636_/D (gf180mcu_fd_sc_mcu7t5v0__dffq_1)
                                              1.251909   data arrival time

                      0.150000    0.000000    0.000000   clock clk (rise edge)
                                  0.000000    0.000000   clock network delay (ideal)
                                  0.250000    0.250000   clock uncertainty
                                  0.000000    0.250000   clock reconvergence pessimism
                                              0.250000 ^ _636_/CLK (gf180mcu_fd_sc_mcu7t5v0__dffq_1)
                                  0.073043    0.323043   library hold time
                                              0.323043   data required time
---------------------------------------------------------------------------------------------
                                              0.323043   data required time
                                             -1.251909   data arrival time
---------------------------------------------------------------------------------------------
                                              0.928866   slack (MET)


Startpoint: _637_ (rising edge-triggered flip-flop clocked by clk)
Endpoint: _637_ (rising edge-triggered flip-flop clocked by clk)
Path Group: clk
Path Type: min

Fanout         Cap        Slew       Delay        Time   Description
---------------------------------------------------------------------------------------------
                      0.150000    0.000000    0.000000   clock clk (rise edge)
                                  0.000000    0.000000   clock network delay (ideal)
                      0.150000    0.000000    0.000000 ^ _637_/CLK (gf180mcu_fd_sc_mcu7t5v0__dffq_1)
     2    0.009173    0.204703    0.930077    0.930077 v _637_/Q (gf180mcu_fd_sc_mcu7t5v0__dffq_1)
                                                         u_r2r_dac_digital.code_reg[3] (net)
                      0.204703    0.000000    0.930077 v _594_/A1 (gf180mcu_fd_sc_mcu7t5v0__nand2_1)
     1    0.004645    0.221839    0.189126    1.119203 ^ _594_/ZN (gf180mcu_fd_sc_mcu7t5v0__nand2_1)
                                                         _281_ (net)
                      0.221839    0.000000    1.119203 ^ _595_/A2 (gf180mcu_fd_sc_mcu7t5v0__aoi21_1)
     1    0.002361    0.144761    0.132706    1.251909 v _595_/ZN (gf180mcu_fd_sc_mcu7t5v0__aoi21_1)
                                                         _021_ (net)
                      0.144761    0.000000    1.251909 v _637_/D (gf180mcu_fd_sc_mcu7t5v0__dffq_1)
                                              1.251909   data arrival time

                      0.150000    0.000000    0.000000   clock clk (rise edge)
                                  0.000000    0.000000   clock network delay (ideal)
                                  0.250000    0.250000   clock uncertainty
                                  0.000000    0.250000   clock reconvergence pessimism
                                              0.250000 ^ _637_/CLK (gf180mcu_fd_sc_mcu7t5v0__dffq_1)
                                  0.073043    0.323043   library hold time
                                              0.323043   data required time
---------------------------------------------------------------------------------------------
                                              0.323043   data required time
                                             -1.251909   data arrival time
---------------------------------------------------------------------------------------------
                                              0.928866   slack (MET)


Startpoint: _638_ (rising edge-triggered flip-flop clocked by clk)
Endpoint: _638_ (rising edge-triggered flip-flop clocked by clk)
Path Group: clk
Path Type: min

Fanout         Cap        Slew       Delay        Time   Description
---------------------------------------------------------------------------------------------
                      0.150000    0.000000    0.000000   clock clk (rise edge)
                                  0.000000    0.000000   clock network delay (ideal)
                      0.150000    0.000000    0.000000 ^ _638_/CLK (gf180mcu_fd_sc_mcu7t5v0__dffq_1)
     2    0.009173    0.204703    0.930077    0.930077 v _638_/Q (gf180mcu_fd_sc_mcu7t5v0__dffq_1)
                                                         u_r2r_dac_digital.code_reg[4] (net)
                      0.204703    0.000000    0.930077 v _596_/A1 (gf180mcu_fd_sc_mcu7t5v0__nand2_1)
     1    0.004645    0.221839    0.189126    1.119203 ^ _596_/ZN (gf180mcu_fd_sc_mcu7t5v0__nand2_1)
                                                         _282_ (net)
                      0.221839    0.000000    1.119203 ^ _597_/A2 (gf180mcu_fd_sc_mcu7t5v0__aoi21_1)
     1    0.002361    0.144761    0.132706    1.251909 v _597_/ZN (gf180mcu_fd_sc_mcu7t5v0__aoi21_1)
                                                         _022_ (net)
                      0.144761    0.000000    1.251909 v _638_/D (gf180mcu_fd_sc_mcu7t5v0__dffq_1)
                                              1.251909   data arrival time

                      0.150000    0.000000    0.000000   clock clk (rise edge)
                                  0.000000    0.000000   clock network delay (ideal)
                                  0.250000    0.250000   clock uncertainty
                                  0.000000    0.250000   clock reconvergence pessimism
                                              0.250000 ^ _638_/CLK (gf180mcu_fd_sc_mcu7t5v0__dffq_1)
                                  0.073043    0.323043   library hold time
                                              0.323043   data required time
---------------------------------------------------------------------------------------------
                                              0.323043   data required time
                                             -1.251909   data arrival time
---------------------------------------------------------------------------------------------
                                              0.928866   slack (MET)


Startpoint: _619_ (rising edge-triggered flip-flop clocked by clk)
Endpoint: _627_ (rising edge-triggered flip-flop clocked by clk)
Path Group: clk
Path Type: min

Fanout         Cap        Slew       Delay        Time   Description
---------------------------------------------------------------------------------------------
                      0.150000    0.000000    0.000000   clock clk (rise edge)
                                  0.000000    0.000000   clock network delay (ideal)
                      0.150000    0.000000    0.000000 ^ _619_/CLK (gf180mcu_fd_sc_mcu7t5v0__dffq_1)
     1    0.004838    0.154784    0.888079    0.888079 v _619_/Q (gf180mcu_fd_sc_mcu7t5v0__dffq_1)
                                                         u_r2r_dac_digital.sine_val[1] (net)
                      0.154784    0.000000    0.888079 v _561_/A1 (gf180mcu_fd_sc_mcu7t5v0__aoi22_1)
     1    0.004753    0.307343    0.221343    1.109422 ^ _561_/ZN (gf180mcu_fd_sc_mcu7t5v0__aoi22_1)
                                                         _258_ (net)
                      0.307343    0.000000    1.109422 ^ _563_/A1 (gf180mcu_fd_sc_mcu7t5v0__aoi21_1)
     1    0.002361    0.155333    0.141656    1.251078 v _563_/ZN (gf180mcu_fd_sc_mcu7t5v0__aoi21_1)
                                                         _011_ (net)
                      0.155333    0.000000    1.251078 v _627_/D (gf180mcu_fd_sc_mcu7t5v0__dffq_1)
                                              1.251078   data arrival time

                      0.150000    0.000000    0.000000   clock clk (rise edge)
                                  0.000000    0.000000   clock network delay (ideal)
                                  0.250000    0.250000   clock uncertainty
                                  0.000000    0.250000   clock reconvergence pessimism
                                              0.250000 ^ _627_/CLK (gf180mcu_fd_sc_mcu7t5v0__dffq_1)
                                  0.070792    0.320792   library hold time
                                              0.320792   data required time
---------------------------------------------------------------------------------------------
                                              0.320792   data required time
                                             -1.251078   data arrival time
---------------------------------------------------------------------------------------------
                                              0.930286   slack (MET)


Startpoint: _623_ (rising edge-triggered flip-flop clocked by clk)
Endpoint: _631_ (rising edge-triggered flip-flop clocked by clk)
Path Group: clk
Path Type: min

Fanout         Cap        Slew       Delay        Time   Description
---------------------------------------------------------------------------------------------
                      0.150000    0.000000    0.000000   clock clk (rise edge)
                                  0.000000    0.000000   clock network delay (ideal)
                      0.150000    0.000000    0.000000 ^ _623_/CLK (gf180mcu_fd_sc_mcu7t5v0__dffq_1)
     1    0.004838    0.154784    0.888079    0.888079 v _623_/Q (gf180mcu_fd_sc_mcu7t5v0__dffq_1)
                                                         u_r2r_dac_digital.sine_val[5] (net)
                      0.154784    0.000000    0.888079 v _577_/A1 (gf180mcu_fd_sc_mcu7t5v0__aoi22_1)
     1    0.004753    0.307343    0.221343    1.109422 ^ _577_/ZN (gf180mcu_fd_sc_mcu7t5v0__aoi22_1)
                                                         _270_ (net)
                      0.307343    0.000000    1.109422 ^ _579_/A1 (gf180mcu_fd_sc_mcu7t5v0__aoi21_1)
     1    0.002361    0.155333    0.141656    1.251078 v _579_/ZN (gf180mcu_fd_sc_mcu7t5v0__aoi21_1)
                                                         _015_ (net)
                      0.155333    0.000000    1.251078 v _631_/D (gf180mcu_fd_sc_mcu7t5v0__dffq_1)
                                              1.251078   data arrival time

                      0.150000    0.000000    0.000000   clock clk (rise edge)
                                  0.000000    0.000000   clock network delay (ideal)
                                  0.250000    0.250000   clock uncertainty
                                  0.000000    0.250000   clock reconvergence pessimism
                                              0.250000 ^ _631_/CLK (gf180mcu_fd_sc_mcu7t5v0__dffq_1)
                                  0.070792    0.320792   library hold time
                                              0.320792   data required time
---------------------------------------------------------------------------------------------
                                              0.320792   data required time
                                             -1.251078   data arrival time
---------------------------------------------------------------------------------------------
                                              0.930286   slack (MET)


Startpoint: _624_ (rising edge-triggered flip-flop clocked by clk)
Endpoint: _632_ (rising edge-triggered flip-flop clocked by clk)
Path Group: clk
Path Type: min

Fanout         Cap        Slew       Delay        Time   Description
---------------------------------------------------------------------------------------------
                      0.150000    0.000000    0.000000   clock clk (rise edge)
                                  0.000000    0.000000   clock network delay (ideal)
                      0.150000    0.000000    0.000000 ^ _624_/CLK (gf180mcu_fd_sc_mcu7t5v0__dffq_1)
     1    0.004838    0.154784    0.888079    0.888079 v _624_/Q (gf180mcu_fd_sc_mcu7t5v0__dffq_1)
                                                         u_r2r_dac_digital.sine_val[6] (net)
                      0.154784    0.000000    0.888079 v _581_/A1 (gf180mcu_fd_sc_mcu7t5v0__aoi22_1)
     1    0.004753    0.307343    0.221343    1.109422 ^ _581_/ZN (gf180mcu_fd_sc_mcu7t5v0__aoi22_1)
                                                         _273_ (net)
                      0.307343    0.000000    1.109422 ^ _583_/A1 (gf180mcu_fd_sc_mcu7t5v0__aoi21_1)
     1    0.002361    0.155333    0.141656    1.251078 v _583_/ZN (gf180mcu_fd_sc_mcu7t5v0__aoi21_1)
                                                         _016_ (net)
                      0.155333    0.000000    1.251078 v _632_/D (gf180mcu_fd_sc_mcu7t5v0__dffq_1)
                                              1.251078   data arrival time

                      0.150000    0.000000    0.000000   clock clk (rise edge)
                                  0.000000    0.000000   clock network delay (ideal)
                                  0.250000    0.250000   clock uncertainty
                                  0.000000    0.250000   clock reconvergence pessimism
                                              0.250000 ^ _632_/CLK (gf180mcu_fd_sc_mcu7t5v0__dffq_1)
                                  0.070792    0.320792   library hold time
                                              0.320792   data required time
---------------------------------------------------------------------------------------------
                                              0.320792   data required time
                                             -1.251078   data arrival time
---------------------------------------------------------------------------------------------
                                              0.930286   slack (MET)


Startpoint: _625_ (rising edge-triggered flip-flop clocked by clk)
Endpoint: _633_ (rising edge-triggered flip-flop clocked by clk)
Path Group: clk
Path Type: min

Fanout         Cap        Slew       Delay        Time   Description
---------------------------------------------------------------------------------------------
                      0.150000    0.000000    0.000000   clock clk (rise edge)
                                  0.000000    0.000000   clock network delay (ideal)
                      0.150000    0.000000    0.000000 ^ _625_/CLK (gf180mcu_fd_sc_mcu7t5v0__dffq_1)
     1    0.004838    0.154784    0.888079    0.888079 v _625_/Q (gf180mcu_fd_sc_mcu7t5v0__dffq_1)
                                                         u_r2r_dac_digital.sine_val[7] (net)
                      0.154784    0.000000    0.888079 v _585_/A1 (gf180mcu_fd_sc_mcu7t5v0__aoi22_1)
     1    0.004753    0.307343    0.221343    1.109422 ^ _585_/ZN (gf180mcu_fd_sc_mcu7t5v0__aoi22_1)
                                                         _276_ (net)
                      0.307343    0.000000    1.109422 ^ _587_/A1 (gf180mcu_fd_sc_mcu7t5v0__aoi21_1)
     1    0.002361    0.155333    0.141656    1.251078 v _587_/ZN (gf180mcu_fd_sc_mcu7t5v0__aoi21_1)
                                                         _017_ (net)
                      0.155333    0.000000    1.251078 v _633_/D (gf180mcu_fd_sc_mcu7t5v0__dffq_1)
                                              1.251078   data arrival time

                      0.150000    0.000000    0.000000   clock clk (rise edge)
                                  0.000000    0.000000   clock network delay (ideal)
                                  0.250000    0.250000   clock uncertainty
                                  0.000000    0.250000   clock reconvergence pessimism
                                              0.250000 ^ _633_/CLK (gf180mcu_fd_sc_mcu7t5v0__dffq_1)
                                  0.070792    0.320792   library hold time
                                              0.320792   data required time
---------------------------------------------------------------------------------------------
                                              0.320792   data required time
                                             -1.251078   data arrival time
---------------------------------------------------------------------------------------------
                                              0.930286   slack (MET)


Startpoint: _622_ (rising edge-triggered flip-flop clocked by clk)
Endpoint: _630_ (rising edge-triggered flip-flop clocked by clk)
Path Group: clk
Path Type: min

Fanout         Cap        Slew       Delay        Time   Description
---------------------------------------------------------------------------------------------
                      0.150000    0.000000    0.000000   clock clk (rise edge)
                                  0.000000    0.000000   clock network delay (ideal)
                      0.150000    0.000000    0.000000 ^ _622_/CLK (gf180mcu_fd_sc_mcu7t5v0__dffq_1)
     1    0.004838    0.154784    0.888079    0.888079 v _622_/Q (gf180mcu_fd_sc_mcu7t5v0__dffq_1)
                                                         u_r2r_dac_digital.sine_val[4] (net)
                      0.154784    0.000000    0.888079 v _573_/A1 (gf180mcu_fd_sc_mcu7t5v0__aoi22_1)
     1    0.004753    0.307343    0.221343    1.109422 ^ _573_/ZN (gf180mcu_fd_sc_mcu7t5v0__aoi22_1)
                                                         _267_ (net)
                      0.307343    0.000000    1.109422 ^ _575_/A1 (gf180mcu_fd_sc_mcu7t5v0__aoi21_1)
     1    0.002361    0.155515    0.141656    1.251078 v _575_/ZN (gf180mcu_fd_sc_mcu7t5v0__aoi21_1)
                                                         _014_ (net)
                      0.155515    0.000000    1.251078 v _630_/D (gf180mcu_fd_sc_mcu7t5v0__dffq_1)
                                              1.251078   data arrival time

                      0.150000    0.000000    0.000000   clock clk (rise edge)
                                  0.000000    0.000000   clock network delay (ideal)
                                  0.250000    0.250000   clock uncertainty
                                  0.000000    0.250000   clock reconvergence pessimism
                                              0.250000 ^ _630_/CLK (gf180mcu_fd_sc_mcu7t5v0__dffq_1)
                                  0.070753    0.320753   library hold time
                                              0.320753   data required time
---------------------------------------------------------------------------------------------
                                              0.320753   data required time
                                             -1.251078   data arrival time
---------------------------------------------------------------------------------------------
                                              0.930325   slack (MET)


Startpoint: _621_ (rising edge-triggered flip-flop clocked by clk)
Endpoint: _629_ (rising edge-triggered flip-flop clocked by clk)
Path Group: clk
Path Type: min

Fanout         Cap        Slew       Delay        Time   Description
---------------------------------------------------------------------------------------------
                      0.150000    0.000000    0.000000   clock clk (rise edge)
                                  0.000000    0.000000   clock network delay (ideal)
                      0.150000    0.000000    0.000000 ^ _621_/CLK (gf180mcu_fd_sc_mcu7t5v0__dffq_1)
     1    0.004838    0.154784    0.888079    0.888079 v _621_/Q (gf180mcu_fd_sc_mcu7t5v0__dffq_1)
                                                         u_r2r_dac_digital.sine_val[3] (net)
                      0.154784    0.000000    0.888079 v _569_/A1 (gf180mcu_fd_sc_mcu7t5v0__aoi22_1)
     1    0.004753    0.307343    0.221343    1.109422 ^ _569_/ZN (gf180mcu_fd_sc_mcu7t5v0__aoi22_1)
                                                         _264_ (net)
                      0.307343    0.000000    1.109422 ^ _571_/A1 (gf180mcu_fd_sc_mcu7t5v0__aoi21_1)
     1    0.002361    0.158450    0.141656    1.251078 v _571_/ZN (gf180mcu_fd_sc_mcu7t5v0__aoi21_1)
                                                         _013_ (net)
                      0.158450    0.000000    1.251078 v _629_/D (gf180mcu_fd_sc_mcu7t5v0__dffq_1)
                                              1.251078   data arrival time

                      0.150000    0.000000    0.000000   clock clk (rise edge)
                                  0.000000    0.000000   clock network delay (ideal)
                                  0.250000    0.250000   clock uncertainty
                                  0.000000    0.250000   clock reconvergence pessimism
                                              0.250000 ^ _629_/CLK (gf180mcu_fd_sc_mcu7t5v0__dffq_1)
                                  0.070128    0.320128   library hold time
                                              0.320128   data required time
---------------------------------------------------------------------------------------------
                                              0.320128   data required time
                                             -1.251078   data arrival time
---------------------------------------------------------------------------------------------
                                              0.930950   slack (MET)


Startpoint: _618_ (rising edge-triggered flip-flop clocked by clk)
Endpoint: _626_ (rising edge-triggered flip-flop clocked by clk)
Path Group: clk
Path Type: min

Fanout         Cap        Slew       Delay        Time   Description
---------------------------------------------------------------------------------------------
                      0.150000    0.000000    0.000000   clock clk (rise edge)
                                  0.000000    0.000000   clock network delay (ideal)
                      0.150000    0.000000    0.000000 ^ _618_/CLK (gf180mcu_fd_sc_mcu7t5v0__dffq_1)
     1    0.004838    0.154784    0.888079    0.888079 v _618_/Q (gf180mcu_fd_sc_mcu7t5v0__dffq_1)
                                                         u_r2r_dac_digital.sine_val[0] (net)
                      0.154784    0.000000    0.888079 v _557_/A1 (gf180mcu_fd_sc_mcu7t5v0__aoi22_1)
     1    0.004753    0.307343    0.221343    1.109422 ^ _557_/ZN (gf180mcu_fd_sc_mcu7t5v0__aoi22_1)
                                                         _255_ (net)
                      0.307343    0.000000    1.109422 ^ _559_/A1 (gf180mcu_fd_sc_mcu7t5v0__aoi21_1)
     1    0.002361    0.159603    0.141656    1.251078 v _559_/ZN (gf180mcu_fd_sc_mcu7t5v0__aoi21_1)
                                                         _010_ (net)
                      0.159603    0.000000    1.251078 v _626_/D (gf180mcu_fd_sc_mcu7t5v0__dffq_1)
                                              1.251078   data arrival time

                      0.150000    0.000000    0.000000   clock clk (rise edge)
                                  0.000000    0.000000   clock network delay (ideal)
                                  0.250000    0.250000   clock uncertainty
                                  0.000000    0.250000   clock reconvergence pessimism
                                              0.250000 ^ _626_/CLK (gf180mcu_fd_sc_mcu7t5v0__dffq_1)
                                  0.069882    0.319882   library hold time
                                              0.319882   data required time
---------------------------------------------------------------------------------------------
                                              0.319882   data required time
                                             -1.251078   data arrival time
---------------------------------------------------------------------------------------------
                                              0.931195   slack (MET)


Startpoint: _635_ (rising edge-triggered flip-flop clocked by clk)
Endpoint: _635_ (rising edge-triggered flip-flop clocked by clk)
Path Group: clk
Path Type: min

Fanout         Cap        Slew       Delay        Time   Description
---------------------------------------------------------------------------------------------
                      0.150000    0.000000    0.000000   clock clk (rise edge)
                                  0.000000    0.000000   clock network delay (ideal)
                      0.150000    0.000000    0.000000 ^ _635_/CLK (gf180mcu_fd_sc_mcu7t5v0__dffq_1)
     2    0.009538    0.208906    0.933613    0.933613 v _635_/Q (gf180mcu_fd_sc_mcu7t5v0__dffq_1)
                                                         u_r2r_dac_digital.code_reg[1] (net)
                      0.208906    0.000000    0.933613 v _590_/A1 (gf180mcu_fd_sc_mcu7t5v0__nand2_1)
     1    0.004645    0.222244    0.190364    1.123978 ^ _590_/ZN (gf180mcu_fd_sc_mcu7t5v0__nand2_1)
                                                         _279_ (net)
                      0.222244    0.000000    1.123978 ^ _591_/A2 (gf180mcu_fd_sc_mcu7t5v0__aoi21_1)
     1    0.002361    0.144810    0.132745    1.256723 v _591_/ZN (gf180mcu_fd_sc_mcu7t5v0__aoi21_1)
                                                         _019_ (net)
                      0.144810    0.000000    1.256723 v _635_/D (gf180mcu_fd_sc_mcu7t5v0__dffq_1)
                                              1.256723   data arrival time

                      0.150000    0.000000    0.000000   clock clk (rise edge)
                                  0.000000    0.000000   clock network delay (ideal)
                                  0.250000    0.250000   clock uncertainty
                                  0.000000    0.250000   clock reconvergence pessimism
                                              0.250000 ^ _635_/CLK (gf180mcu_fd_sc_mcu7t5v0__dffq_1)
                                  0.073033    0.323033   library hold time
                                              0.323033   data required time
---------------------------------------------------------------------------------------------
                                              0.323033   data required time
                                             -1.256723   data arrival time
---------------------------------------------------------------------------------------------
                                              0.933690   slack (MET)


Startpoint: _639_ (rising edge-triggered flip-flop clocked by clk)
Endpoint: _639_ (rising edge-triggered flip-flop clocked by clk)
Path Group: clk
Path Type: min

Fanout         Cap        Slew       Delay        Time   Description
---------------------------------------------------------------------------------------------
                      0.150000    0.000000    0.000000   clock clk (rise edge)
                                  0.000000    0.000000   clock network delay (ideal)
                      0.150000    0.000000    0.000000 ^ _639_/CLK (gf180mcu_fd_sc_mcu7t5v0__dffq_1)
     2    0.009538    0.208906    0.933613    0.933613 v _639_/Q (gf180mcu_fd_sc_mcu7t5v0__dffq_1)
                                                         u_r2r_dac_digital.code_reg[5] (net)
                      0.208906    0.000000    0.933613 v _598_/A1 (gf180mcu_fd_sc_mcu7t5v0__nand2_1)
     1    0.004645    0.222244    0.190364    1.123978 ^ _598_/ZN (gf180mcu_fd_sc_mcu7t5v0__nand2_1)
                                                         _283_ (net)
                      0.222244    0.000000    1.123978 ^ _599_/A2 (gf180mcu_fd_sc_mcu7t5v0__aoi21_1)
     1    0.002361    0.144810    0.132745    1.256723 v _599_/ZN (gf180mcu_fd_sc_mcu7t5v0__aoi21_1)
                                                         _023_ (net)
                      0.144810    0.000000    1.256723 v _639_/D (gf180mcu_fd_sc_mcu7t5v0__dffq_1)
                                              1.256723   data arrival time

                      0.150000    0.000000    0.000000   clock clk (rise edge)
                                  0.000000    0.000000   clock network delay (ideal)
                                  0.250000    0.250000   clock uncertainty
                                  0.000000    0.250000   clock reconvergence pessimism
                                              0.250000 ^ _639_/CLK (gf180mcu_fd_sc_mcu7t5v0__dffq_1)
                                  0.073033    0.323033   library hold time
                                              0.323033   data required time
---------------------------------------------------------------------------------------------
                                              0.323033   data required time
                                             -1.256723   data arrival time
---------------------------------------------------------------------------------------------
                                              0.933690   slack (MET)


Startpoint: _640_ (rising edge-triggered flip-flop clocked by clk)
Endpoint: _640_ (rising edge-triggered flip-flop clocked by clk)
Path Group: clk
Path Type: min

Fanout         Cap        Slew       Delay        Time   Description
---------------------------------------------------------------------------------------------
                      0.150000    0.000000    0.000000   clock clk (rise edge)
                                  0.000000    0.000000   clock network delay (ideal)
                      0.150000    0.000000    0.000000 ^ _640_/CLK (gf180mcu_fd_sc_mcu7t5v0__dffq_1)
     2    0.009538    0.208906    0.933613    0.933613 v _640_/Q (gf180mcu_fd_sc_mcu7t5v0__dffq_1)
                                                         u_r2r_dac_digital.code_reg[6] (net)
                      0.208906    0.000000    0.933613 v _600_/A1 (gf180mcu_fd_sc_mcu7t5v0__nand2_1)
     1    0.004645    0.222244    0.190364    1.123978 ^ _600_/ZN (gf180mcu_fd_sc_mcu7t5v0__nand2_1)
                                                         _284_ (net)
                      0.222244    0.000000    1.123978 ^ _601_/A2 (gf180mcu_fd_sc_mcu7t5v0__aoi21_1)
     1    0.002361    0.144810    0.132745    1.256723 v _601_/ZN (gf180mcu_fd_sc_mcu7t5v0__aoi21_1)
                                                         _024_ (net)
                      0.144810    0.000000    1.256723 v _640_/D (gf180mcu_fd_sc_mcu7t5v0__dffq_1)
                                              1.256723   data arrival time

                      0.150000    0.000000    0.000000   clock clk (rise edge)
                                  0.000000    0.000000   clock network delay (ideal)
                                  0.250000    0.250000   clock uncertainty
                                  0.000000    0.250000   clock reconvergence pessimism
                                              0.250000 ^ _640_/CLK (gf180mcu_fd_sc_mcu7t5v0__dffq_1)
                                  0.073033    0.323033   library hold time
                                              0.323033   data required time
---------------------------------------------------------------------------------------------
                                              0.323033   data required time
                                             -1.256723   data arrival time
---------------------------------------------------------------------------------------------
                                              0.933690   slack (MET)


Startpoint: _641_ (rising edge-triggered flip-flop clocked by clk)
Endpoint: _641_ (rising edge-triggered flip-flop clocked by clk)
Path Group: clk
Path Type: min

Fanout         Cap        Slew       Delay        Time   Description
---------------------------------------------------------------------------------------------
                      0.150000    0.000000    0.000000   clock clk (rise edge)
                                  0.000000    0.000000   clock network delay (ideal)
                      0.150000    0.000000    0.000000 ^ _641_/CLK (gf180mcu_fd_sc_mcu7t5v0__dffq_1)
     2    0.009538    0.208906    0.933613    0.933613 v _641_/Q (gf180mcu_fd_sc_mcu7t5v0__dffq_1)
                                                         u_r2r_dac_digital.code_reg[7] (net)
                      0.208906    0.000000    0.933613 v _602_/A1 (gf180mcu_fd_sc_mcu7t5v0__nand2_1)
     1    0.004645    0.222244    0.190364    1.123978 ^ _602_/ZN (gf180mcu_fd_sc_mcu7t5v0__nand2_1)
                                                         _285_ (net)
                      0.222244    0.000000    1.123978 ^ _603_/A2 (gf180mcu_fd_sc_mcu7t5v0__aoi21_1)
     1    0.002361    0.144810    0.132745    1.256723 v _603_/ZN (gf180mcu_fd_sc_mcu7t5v0__aoi21_1)
                                                         _025_ (net)
                      0.144810    0.000000    1.256723 v _641_/D (gf180mcu_fd_sc_mcu7t5v0__dffq_1)
                                              1.256723   data arrival time

                      0.150000    0.000000    0.000000   clock clk (rise edge)
                                  0.000000    0.000000   clock network delay (ideal)
                                  0.250000    0.250000   clock uncertainty
                                  0.000000    0.250000   clock reconvergence pessimism
                                              0.250000 ^ _641_/CLK (gf180mcu_fd_sc_mcu7t5v0__dffq_1)
                                  0.073033    0.323033   library hold time
                                              0.323033   data required time
---------------------------------------------------------------------------------------------
                                              0.323033   data required time
                                             -1.256723   data arrival time
---------------------------------------------------------------------------------------------
                                              0.933690   slack (MET)


Startpoint: _651_ (rising edge-triggered flip-flop clocked by clk)
Endpoint: _651_ (rising edge-triggered flip-flop clocked by clk)
Path Group: clk
Path Type: min

Fanout         Cap        Slew       Delay        Time   Description
---------------------------------------------------------------------------------------------
                      0.150000    0.000000    0.000000   clock clk (rise edge)
                                  0.000000    0.000000   clock network delay (ideal)
                      0.150000    0.000000    0.000000 ^ _651_/CLK (gf180mcu_fd_sc_mcu7t5v0__dffq_1)
     5    0.021600    0.343962    1.032616    1.032616 v _651_/Q (gf180mcu_fd_sc_mcu7t5v0__dffq_1)
                                                         u_r2r_dac_digital.presc[1] (net)
                      0.343962    0.000000    1.032616 v _606_/A1 (gf180mcu_fd_sc_mcu7t5v0__aoi21_1)
     1    0.002361    0.271512    0.258900    1.291517 ^ _606_/ZN (gf180mcu_fd_sc_mcu7t5v0__aoi21_1)
                                                         _035_ (net)
                      0.271512    0.000000    1.291517 ^ _651_/D (gf180mcu_fd_sc_mcu7t5v0__dffq_1)
                                              1.291517   data arrival time

                      0.150000    0.000000    0.000000   clock clk (rise edge)
                                  0.000000    0.000000   clock network delay (ideal)
                                  0.250000    0.250000   clock uncertainty
                                  0.000000    0.250000   clock reconvergence pessimism
                                              0.250000 ^ _651_/CLK (gf180mcu_fd_sc_mcu7t5v0__dffq_1)
                                  0.028665    0.278665   library hold time
                                              0.278665   data required time
---------------------------------------------------------------------------------------------
                                              0.278665   data required time
                                             -1.291517   data arrival time
---------------------------------------------------------------------------------------------
                                              1.012851   slack (MET)


Startpoint: _650_ (rising edge-triggered flip-flop clocked by clk)
Endpoint: _650_ (rising edge-triggered flip-flop clocked by clk)
Path Group: clk
Path Type: min

Fanout         Cap        Slew       Delay        Time   Description
---------------------------------------------------------------------------------------------
                      0.150000    0.000000    0.000000   clock clk (rise edge)
                                  0.000000    0.000000   clock network delay (ideal)
                      0.150000    0.000000    0.000000 ^ _650_/CLK (gf180mcu_fd_sc_mcu7t5v0__dffq_1)
     6    0.025497    0.387248    1.062984    1.062984 v _650_/Q (gf180mcu_fd_sc_mcu7t5v0__dffq_1)
                                                         u_r2r_dac_digital.presc[0] (net)
                      0.387248    0.000000    1.062984 v _604_/A1 (gf180mcu_fd_sc_mcu7t5v0__nor2_1)
     1    0.002361    0.296842    0.256316    1.319300 ^ _604_/ZN (gf180mcu_fd_sc_mcu7t5v0__nor2_1)
                                                         _034_ (net)
                      0.296842    0.000000    1.319300 ^ _650_/D (gf180mcu_fd_sc_mcu7t5v0__dffq_1)
                                              1.319300   data arrival time

                      0.150000    0.000000    0.000000   clock clk (rise edge)
                                  0.000000    0.000000   clock network delay (ideal)
                                  0.250000    0.250000   clock uncertainty
                                  0.000000    0.250000   clock reconvergence pessimism
                                              0.250000 ^ _650_/CLK (gf180mcu_fd_sc_mcu7t5v0__dffq_1)
                                  0.026453    0.276453   library hold time
                                              0.276453   data required time
---------------------------------------------------------------------------------------------
                                              0.276453   data required time
                                             -1.319300   data arrival time
---------------------------------------------------------------------------------------------
                                              1.042848   slack (MET)


Startpoint: _652_ (rising edge-triggered flip-flop clocked by clk)
Endpoint: _652_ (rising edge-triggered flip-flop clocked by clk)
Path Group: clk
Path Type: min

Fanout         Cap        Slew       Delay        Time   Description
---------------------------------------------------------------------------------------------
                      0.150000    0.000000    0.000000   clock clk (rise edge)
                                  0.000000    0.000000   clock network delay (ideal)
                      0.150000    0.000000    0.000000 ^ _652_/CLK (gf180mcu_fd_sc_mcu7t5v0__dffq_1)
     3    0.011037    0.226168    0.948136    0.948136 v _652_/Q (gf180mcu_fd_sc_mcu7t5v0__dffq_1)
                                                         u_r2r_dac_digital.presc[2] (net)
                      0.226168    0.000000    0.948136 v _607_/B (gf180mcu_fd_sc_mcu7t5v0__aoi21_1)
     1    0.004394    0.336346    0.286311    1.234447 ^ _607_/ZN (gf180mcu_fd_sc_mcu7t5v0__aoi21_1)
                                                         _287_ (net)
                      0.336346    0.000000    1.234447 ^ _609_/A1 (gf180mcu_fd_sc_mcu7t5v0__nor2_1)
     1    0.002361    0.152354    0.130286    1.364733 v _609_/ZN (gf180mcu_fd_sc_mcu7t5v0__nor2_1)
                                                         _036_ (net)
                      0.152354    0.000000    1.364733 v _652_/D (gf180mcu_fd_sc_mcu7t5v0__dffq_1)
                                              1.364733   data arrival time

                      0.150000    0.000000    0.000000   clock clk (rise edge)
                                  0.000000    0.000000   clock network delay (ideal)
                                  0.250000    0.250000   clock uncertainty
                                  0.000000    0.250000   clock reconvergence pessimism
                                              0.250000 ^ _652_/CLK (gf180mcu_fd_sc_mcu7t5v0__dffq_1)
                                  0.071426    0.321426   library hold time
                                              0.321426   data required time
---------------------------------------------------------------------------------------------
                                              0.321426   data required time
                                             -1.364733   data arrival time
---------------------------------------------------------------------------------------------
                                              1.043307   slack (MET)


Startpoint: _657_ (rising edge-triggered flip-flop clocked by clk)
Endpoint: _657_ (rising edge-triggered flip-flop clocked by clk)
Path Group: clk
Path Type: min

Fanout         Cap        Slew       Delay        Time   Description
---------------------------------------------------------------------------------------------
                      0.150000    0.000000    0.000000   clock clk (rise edge)
                                  0.000000    0.000000   clock network delay (ideal)
                      0.150000    0.000000    0.000000 ^ _657_/CLK (gf180mcu_fd_sc_mcu7t5v0__dffq_1)
     2    0.008876    0.201283    0.927200    0.927200 v _657_/Q (gf180mcu_fd_sc_mcu7t5v0__dffq_1)
                                                         u_r2r_dac_digital.presc[7] (net)
                      0.201283    0.000000    0.927200 v _319_/I (gf180mcu_fd_sc_mcu7t5v0__clkinv_1)
     3    0.014463    0.409063    0.288245    1.215445 ^ _319_/ZN (gf180mcu_fd_sc_mcu7t5v0__clkinv_1)
                                                         _304_ (net)
                      0.409063    0.000000    1.215445 ^ _549_/A1 (gf180mcu_fd_sc_mcu7t5v0__aoi21_1)
     1    0.002361    0.186389    0.146403    1.361847 v _549_/ZN (gf180mcu_fd_sc_mcu7t5v0__aoi21_1)
                                                         _008_ (net)
                      0.186389    0.000000    1.361847 v _657_/D (gf180mcu_fd_sc_mcu7t5v0__dffq_1)
                                              1.361847   data arrival time

                      0.150000    0.000000    0.000000   clock clk (rise edge)
                                  0.000000    0.000000   clock network delay (ideal)
                                  0.250000    0.250000   clock uncertainty
                                  0.000000    0.250000   clock reconvergence pessimism
                                              0.250000 ^ _657_/CLK (gf180mcu_fd_sc_mcu7t5v0__dffq_1)
                                  0.064177    0.314177   library hold time
                                              0.314177   data required time
---------------------------------------------------------------------------------------------
                                              0.314177   data required time
                                             -1.361847   data arrival time
---------------------------------------------------------------------------------------------
                                              1.047670   slack (MET)


Startpoint: _654_ (rising edge-triggered flip-flop clocked by clk)
Endpoint: _654_ (rising edge-triggered flip-flop clocked by clk)
Path Group: clk
Path Type: min

Fanout         Cap        Slew       Delay        Time   Description
---------------------------------------------------------------------------------------------
                      0.150000    0.000000    0.000000   clock clk (rise edge)
                                  0.000000    0.000000   clock network delay (ideal)
                      0.150000    0.000000    0.000000 ^ _654_/CLK (gf180mcu_fd_sc_mcu7t5v0__dffq_1)
     6    0.025603    0.388426    1.063810    1.063810 v _654_/Q (gf180mcu_fd_sc_mcu7t5v0__dffq_1)
                                                         u_r2r_dac_digital.presc[4] (net)
                      0.388426    0.000000    1.063810 v _614_/A1 (gf180mcu_fd_sc_mcu7t5v0__aoi21_1)
     1    0.002361    0.272255    0.270849    1.334659 ^ _614_/ZN (gf180mcu_fd_sc_mcu7t5v0__aoi21_1)
                                                         _038_ (net)
                      0.272255    0.000000    1.334659 ^ _654_/D (gf180mcu_fd_sc_mcu7t5v0__dffq_1)
                                              1.334659   data arrival time

                      0.150000    0.000000    0.000000   clock clk (rise edge)
                                  0.000000    0.000000   clock network delay (ideal)
                                  0.250000    0.250000   clock uncertainty
                                  0.000000    0.250000   clock reconvergence pessimism
                                              0.250000 ^ _654_/CLK (gf180mcu_fd_sc_mcu7t5v0__dffq_1)
                                  0.028569    0.278569   library hold time
                                              0.278569   data required time
---------------------------------------------------------------------------------------------
                                              0.278569   data required time
                                             -1.334659   data arrival time
---------------------------------------------------------------------------------------------
                                              1.056090   slack (MET)


Startpoint: _655_ (rising edge-triggered flip-flop clocked by clk)
Endpoint: _655_ (rising edge-triggered flip-flop clocked by clk)
Path Group: clk
Path Type: min

Fanout         Cap        Slew       Delay        Time   Description
---------------------------------------------------------------------------------------------
                      0.150000    0.000000    0.000000   clock clk (rise edge)
                                  0.000000    0.000000   clock network delay (ideal)
                      0.150000    0.000000    0.000000 ^ _655_/CLK (gf180mcu_fd_sc_mcu7t5v0__dffq_1)
     4    0.014927    0.269842    0.980616    0.980616 v _655_/Q (gf180mcu_fd_sc_mcu7t5v0__dffq_1)
                                                         u_r2r_dac_digital.presc[5] (net)
                      0.269842    0.000000    0.980616 v _615_/B (gf180mcu_fd_sc_mcu7t5v0__aoi21_1)
     1    0.004394    0.337389    0.296549    1.277165 ^ _615_/ZN (gf180mcu_fd_sc_mcu7t5v0__aoi21_1)
                                                         _292_ (net)
                      0.337389    0.000000    1.277165 ^ _617_/A1 (gf180mcu_fd_sc_mcu7t5v0__nor2_1)
     1    0.002361    0.152553    0.130335    1.407500 v _617_/ZN (gf180mcu_fd_sc_mcu7t5v0__nor2_1)
                                                         _039_ (net)
                      0.152553    0.000000    1.407500 v _655_/D (gf180mcu_fd_sc_mcu7t5v0__dffq_1)
                                              1.407500   data arrival time

                      0.150000    0.000000    0.000000   clock clk (rise edge)
                                  0.000000    0.000000   clock network delay (ideal)
                                  0.250000    0.250000   clock uncertainty
                                  0.000000    0.250000   clock reconvergence pessimism
                                              0.250000 ^ _655_/CLK (gf180mcu_fd_sc_mcu7t5v0__dffq_1)
                                  0.071384    0.321384   library hold time
                                              0.321384   data required time
---------------------------------------------------------------------------------------------
                                              0.321384   data required time
                                             -1.407500   data arrival time
---------------------------------------------------------------------------------------------
                                              1.086117   slack (MET)


Startpoint: _653_ (rising edge-triggered flip-flop clocked by clk)
Endpoint: _653_ (rising edge-triggered flip-flop clocked by clk)
Path Group: clk
Path Type: min

Fanout         Cap        Slew       Delay        Time   Description
---------------------------------------------------------------------------------------------
                      0.150000    0.000000    0.000000   clock clk (rise edge)
                                  0.000000    0.000000   clock network delay (ideal)
                      0.150000    0.000000    0.000000 ^ _653_/CLK (gf180mcu_fd_sc_mcu7t5v0__dffq_1)
     2    0.006938    0.178966    0.908424    0.908424 v _653_/Q (gf180mcu_fd_sc_mcu7t5v0__dffq_1)
                                                         u_r2r_dac_digital.presc[3] (net)
                      0.178966    0.000000    0.908424 v _317_/I (gf180mcu_fd_sc_mcu7t5v0__clkinv_1)
     1    0.004700    0.190710    0.154442    1.062865 ^ _317_/ZN (gf180mcu_fd_sc_mcu7t5v0__clkinv_1)
                                                         _302_ (net)
                      0.190710    0.000000    1.062865 ^ _610_/A1 (gf180mcu_fd_sc_mcu7t5v0__nand2_1)
     1    0.002759    0.149898    0.122079    1.184945 v _610_/ZN (gf180mcu_fd_sc_mcu7t5v0__nand2_1)
                                                         _289_ (net)
                      0.149898    0.000000    1.184945 v _612_/A1 (gf180mcu_fd_sc_mcu7t5v0__and2_1)
     1    0.002361    0.125541    0.313881    1.498825 v _612_/Z (gf180mcu_fd_sc_mcu7t5v0__and2_1)
                                                         _037_ (net)
                      0.125541    0.000000    1.498825 v _653_/D (gf180mcu_fd_sc_mcu7t5v0__dffq_1)
                                              1.498825   data arrival time

                      0.150000    0.000000    0.000000   clock clk (rise edge)
                                  0.000000    0.000000   clock network delay (ideal)
                                  0.250000    0.250000   clock uncertainty
                                  0.000000    0.250000   clock reconvergence pessimism
                                              0.250000 ^ _653_/CLK (gf180mcu_fd_sc_mcu7t5v0__dffq_1)
                                  0.077137    0.327137   library hold time
                                              0.327137   data required time
---------------------------------------------------------------------------------------------
                                              0.327137   data required time
                                             -1.498825   data arrival time
---------------------------------------------------------------------------------------------
                                              1.171688   slack (MET)


Startpoint: _649_ (rising edge-triggered flip-flop clocked by clk)
Endpoint: _620_ (rising edge-triggered flip-flop clocked by clk)
Path Group: clk
Path Type: min

Fanout         Cap        Slew       Delay        Time   Description
---------------------------------------------------------------------------------------------
                      0.150000    0.000000    0.000000   clock clk (rise edge)
                                  0.000000    0.000000   clock network delay (ideal)
                      0.150000    0.000000    0.000000 ^ _649_/CLK (gf180mcu_fd_sc_mcu7t5v0__dffq_1)
     2    0.008596    0.198058    0.924487    0.924487 v _649_/Q (gf180mcu_fd_sc_mcu7t5v0__dffq_1)
                                                         u_r2r_dac_digital.cnt[7] (net)
                      0.198058    0.000000    0.924487 v _309_/I (gf180mcu_fd_sc_mcu7t5v0__clkinv_1)
     2    0.007591    0.255592    0.197895    1.122382 ^ _309_/ZN (gf180mcu_fd_sc_mcu7t5v0__clkinv_1)
                                                         _294_ (net)
                      0.255592    0.000000    1.122382 ^ _343_/A1 (gf180mcu_fd_sc_mcu7t5v0__nand2_1)
     1    0.004088    0.185588    0.149481    1.271863 v _343_/ZN (gf180mcu_fd_sc_mcu7t5v0__nand2_1)
                                                         _059_ (net)
                      0.185588    0.000000    1.271863 v _345_/A2 (gf180mcu_fd_sc_mcu7t5v0__nand3_1)
     7    0.031547    1.114641    0.684701    1.956564 ^ _345_/ZN (gf180mcu_fd_sc_mcu7t5v0__nand3_1)
                                                         _061_ (net)
                      1.114641    0.000000    1.956564 ^ _486_/A1 (gf180mcu_fd_sc_mcu7t5v0__aoi22_1)
     1    0.002361    0.161542    0.158138    2.114702 v _486_/ZN (gf180mcu_fd_sc_mcu7t5v0__aoi22_1)
                                                         _002_ (net)
                      0.161542    0.000000    2.114702 v _620_/D (gf180mcu_fd_sc_mcu7t5v0__dffq_1)
                                              2.114702   data arrival time

                      0.150000    0.000000    0.000000   clock clk (rise edge)
                                  0.000000    0.000000   clock network delay (ideal)
                                  0.250000    0.250000   clock uncertainty
                                  0.000000    0.250000   clock reconvergence pessimism
                                              0.250000 ^ _620_/CLK (gf180mcu_fd_sc_mcu7t5v0__dffq_1)
                                  0.069469    0.319469   library hold time
                                              0.319469   data required time
---------------------------------------------------------------------------------------------
                                              0.319469   data required time
                                             -2.114702   data arrival time
---------------------------------------------------------------------------------------------
                                              1.795232   slack (MET)


Startpoint: _649_ (rising edge-triggered flip-flop clocked by clk)
Endpoint: _621_ (rising edge-triggered flip-flop clocked by clk)
Path Group: clk
Path Type: min

Fanout         Cap        Slew       Delay        Time   Description
---------------------------------------------------------------------------------------------
                      0.150000    0.000000    0.000000   clock clk (rise edge)
                                  0.000000    0.000000   clock network delay (ideal)
                      0.150000    0.000000    0.000000 ^ _649_/CLK (gf180mcu_fd_sc_mcu7t5v0__dffq_1)
     2    0.008596    0.198058    0.924487    0.924487 v _649_/Q (gf180mcu_fd_sc_mcu7t5v0__dffq_1)
                                                         u_r2r_dac_digital.cnt[7] (net)
                      0.198058    0.000000    0.924487 v _309_/I (gf180mcu_fd_sc_mcu7t5v0__clkinv_1)
     2    0.007591    0.255592    0.197895    1.122382 ^ _309_/ZN (gf180mcu_fd_sc_mcu7t5v0__clkinv_1)
                                                         _294_ (net)
                      0.255592    0.000000    1.122382 ^ _343_/A1 (gf180mcu_fd_sc_mcu7t5v0__nand2_1)
     1    0.004088    0.185588    0.149481    1.271863 v _343_/ZN (gf180mcu_fd_sc_mcu7t5v0__nand2_1)
                                                         _059_ (net)
                      0.185588    0.000000    1.271863 v _345_/A2 (gf180mcu_fd_sc_mcu7t5v0__nand3_1)
     7    0.031547    1.114641    0.684701    1.956564 ^ _345_/ZN (gf180mcu_fd_sc_mcu7t5v0__nand3_1)
                                                         _061_ (net)
                      1.114641    0.000000    1.956564 ^ _513_/B2 (gf180mcu_fd_sc_mcu7t5v0__oai32_1)
     1    0.002361    0.145011    0.172158    2.128722 v _513_/ZN (gf180mcu_fd_sc_mcu7t5v0__oai32_1)
                                                         _003_ (net)
                      0.145011    0.000000    2.128722 v _621_/D (gf180mcu_fd_sc_mcu7t5v0__dffq_1)
                                              2.128722   data arrival time

                      0.150000    0.000000    0.000000   clock clk (rise edge)
                                  0.000000    0.000000   clock network delay (ideal)
                                  0.250000    0.250000   clock uncertainty
                                  0.000000    0.250000   clock reconvergence pessimism
                                              0.250000 ^ _621_/CLK (gf180mcu_fd_sc_mcu7t5v0__dffq_1)
                                  0.072990    0.322990   library hold time
                                              0.322990   data required time
---------------------------------------------------------------------------------------------
                                              0.322990   data required time
                                             -2.128722   data arrival time
---------------------------------------------------------------------------------------------
                                              1.805732   slack (MET)


Startpoint: _643_ (rising edge-triggered flip-flop clocked by clk)
Endpoint: _643_ (rising edge-triggered flip-flop clocked by clk)
Path Group: clk
Path Type: min

Fanout         Cap        Slew       Delay        Time   Description
---------------------------------------------------------------------------------------------
                      0.150000    0.000000    0.000000   clock clk (rise edge)
                                  0.000000    0.000000   clock network delay (ideal)
                      0.150000    0.000000    0.000000 ^ _643_/CLK (gf180mcu_fd_sc_mcu7t5v0__dffq_1)
     5    0.021218    0.339719    1.029639    1.029639 v _643_/Q (gf180mcu_fd_sc_mcu7t5v0__dffq_1)
                                                         u_r2r_dac_digital.cnt[1] (net)
                      0.339719    0.000000    1.029639 v _363_/B (gf180mcu_fd_sc_mcu7t5v0__aoi21_1)
     6    0.025183    1.038963    0.700935    1.730575 ^ _363_/ZN (gf180mcu_fd_sc_mcu7t5v0__aoi21_1)
                                                         _074_ (net)
                      1.038963    0.000000    1.730575 ^ _367_/A1 (gf180mcu_fd_sc_mcu7t5v0__nor2_1)
     4    0.014774    0.488351    0.372143    2.102718 v _367_/ZN (gf180mcu_fd_sc_mcu7t5v0__nor2_1)
                                                         _027_ (net)
                      0.488351    0.000000    2.102718 v _643_/D (gf180mcu_fd_sc_mcu7t5v0__dffq_1)
                                              2.102718   data arrival time

                      0.150000    0.000000    0.000000   clock clk (rise edge)
                                  0.000000    0.000000   clock network delay (ideal)
                                  0.250000    0.250000   clock uncertainty
                                  0.000000    0.250000   clock reconvergence pessimism
                                              0.250000 ^ _643_/CLK (gf180mcu_fd_sc_mcu7t5v0__dffq_1)
                                 -0.018655    0.231345   library hold time
                                              0.231345   data required time
---------------------------------------------------------------------------------------------
                                              0.231345   data required time
                                             -2.102718   data arrival time
---------------------------------------------------------------------------------------------
                                              1.871374   slack (MET)


Startpoint: _645_ (rising edge-triggered flip-flop clocked by clk)
Endpoint: _622_ (rising edge-triggered flip-flop clocked by clk)
Path Group: clk
Path Type: min

Fanout         Cap        Slew       Delay        Time   Description
---------------------------------------------------------------------------------------------
                      0.150000    0.000000    0.000000   clock clk (rise edge)
                                  0.000000    0.000000   clock network delay (ideal)
                      0.150000    0.000000    0.000000 ^ _645_/CLK (gf180mcu_fd_sc_mcu7t5v0__dffq_1)
     6    0.026201    0.395068    1.068470    1.068470 v _645_/Q (gf180mcu_fd_sc_mcu7t5v0__dffq_1)
                                                         u_r2r_dac_digital.cnt[3] (net)
                      0.395068    0.000000    1.068470 v _523_/A1 (gf180mcu_fd_sc_mcu7t5v0__nand3_1)
     2    0.008858    0.414988    0.350578    1.419048 ^ _523_/ZN (gf180mcu_fd_sc_mcu7t5v0__nand3_1)
                                                         _227_ (net)
                      0.414988    0.000000    1.419048 ^ _529_/B (gf180mcu_fd_sc_mcu7t5v0__oai211_1)
     1    0.004645    0.334950    0.279391    1.698440 v _529_/ZN (gf180mcu_fd_sc_mcu7t5v0__oai211_1)
                                                         _233_ (net)
                      0.334950    0.000000    1.698440 v _530_/A2 (gf180mcu_fd_sc_mcu7t5v0__aoi21_1)
     1    0.004352    0.419946    0.355322    2.053762 ^ _530_/ZN (gf180mcu_fd_sc_mcu7t5v0__aoi21_1)
                                                         _234_ (net)
                      0.419946    0.000000    2.053762 ^ _531_/A3 (gf180mcu_fd_sc_mcu7t5v0__oai31_1)
     1    0.002361    0.206066    0.222534    2.276296 v _531_/ZN (gf180mcu_fd_sc_mcu7t5v0__oai31_1)
                                                         _004_ (net)
                      0.206066    0.000000    2.276296 v _622_/D (gf180mcu_fd_sc_mcu7t5v0__dffq_1)
                                              2.276296   data arrival time

                      0.150000    0.000000    0.000000   clock clk (rise edge)
                                  0.000000    0.000000   clock network delay (ideal)
                                  0.250000    0.250000   clock uncertainty
                                  0.000000    0.250000   clock reconvergence pessimism
                                              0.250000 ^ _622_/CLK (gf180mcu_fd_sc_mcu7t5v0__dffq_1)
                                  0.059986    0.309986   library hold time
                                              0.309986   data required time
---------------------------------------------------------------------------------------------
                                              0.309986   data required time
                                             -2.276296   data arrival time
---------------------------------------------------------------------------------------------
                                              1.966310   slack (MET)


Startpoint: _649_ (rising edge-triggered flip-flop clocked by clk)
Endpoint: _624_ (rising edge-triggered flip-flop clocked by clk)
Path Group: clk
Path Type: min

Fanout         Cap        Slew       Delay        Time   Description
---------------------------------------------------------------------------------------------
                      0.150000    0.000000    0.000000   clock clk (rise edge)
                                  0.000000    0.000000   clock network delay (ideal)
                      0.150000    0.000000    0.000000 ^ _649_/CLK (gf180mcu_fd_sc_mcu7t5v0__dffq_1)
     2    0.008596    0.198058    0.924487    0.924487 v _649_/Q (gf180mcu_fd_sc_mcu7t5v0__dffq_1)
                                                         u_r2r_dac_digital.cnt[7] (net)
                      0.198058    0.000000    0.924487 v _309_/I (gf180mcu_fd_sc_mcu7t5v0__clkinv_1)
     2    0.007591    0.255592    0.197895    1.122382 ^ _309_/ZN (gf180mcu_fd_sc_mcu7t5v0__clkinv_1)
                                                         _294_ (net)
                      0.255592    0.000000    1.122382 ^ _343_/A1 (gf180mcu_fd_sc_mcu7t5v0__nand2_1)
     1    0.004088    0.185588    0.149481    1.271863 v _343_/ZN (gf180mcu_fd_sc_mcu7t5v0__nand2_1)
                                                         _059_ (net)
                      0.185588    0.000000    1.271863 v _345_/A2 (gf180mcu_fd_sc_mcu7t5v0__nand3_1)
     7    0.031547    1.114641    0.684701    1.956564 ^ _345_/ZN (gf180mcu_fd_sc_mcu7t5v0__nand3_1)
                                                         _061_ (net)
                      1.114641    0.000000    1.956564 ^ _545_/I1 (gf180mcu_fd_sc_mcu7t5v0__mux2_2)
     1    0.002361    0.117729    0.416532    2.373096 ^ _545_/Z (gf180mcu_fd_sc_mcu7t5v0__mux2_2)
                                                         _006_ (net)
                      0.117729    0.000000    2.373096 ^ _624_/D (gf180mcu_fd_sc_mcu7t5v0__dffq_1)
                                              2.373096   data arrival time

                      0.150000    0.000000    0.000000   clock clk (rise edge)
                                  0.000000    0.000000   clock network delay (ideal)
                                  0.250000    0.250000   clock uncertainty
                                  0.000000    0.250000   clock reconvergence pessimism
                                              0.250000 ^ _624_/CLK (gf180mcu_fd_sc_mcu7t5v0__dffq_1)
                                  0.048639    0.298639   library hold time
                                              0.298639   data required time
---------------------------------------------------------------------------------------------
                                              0.298639   data required time
                                             -2.373096   data arrival time
---------------------------------------------------------------------------------------------
                                              2.074457   slack (MET)


Startpoint: _649_ (rising edge-triggered flip-flop clocked by clk)
Endpoint: _618_ (rising edge-triggered flip-flop clocked by clk)
Path Group: clk
Path Type: min

Fanout         Cap        Slew       Delay        Time   Description
---------------------------------------------------------------------------------------------
                      0.150000    0.000000    0.000000   clock clk (rise edge)
                                  0.000000    0.000000   clock network delay (ideal)
                      0.150000    0.000000    0.000000 ^ _649_/CLK (gf180mcu_fd_sc_mcu7t5v0__dffq_1)
     2    0.008596    0.198058    0.924487    0.924487 v _649_/Q (gf180mcu_fd_sc_mcu7t5v0__dffq_1)
                                                         u_r2r_dac_digital.cnt[7] (net)
                      0.198058    0.000000    0.924487 v _309_/I (gf180mcu_fd_sc_mcu7t5v0__clkinv_1)
     2    0.007591    0.255592    0.197895    1.122382 ^ _309_/ZN (gf180mcu_fd_sc_mcu7t5v0__clkinv_1)
                                                         _294_ (net)
                      0.255592    0.000000    1.122382 ^ _343_/A1 (gf180mcu_fd_sc_mcu7t5v0__nand2_1)
     1    0.004088    0.185588    0.149481    1.271863 v _343_/ZN (gf180mcu_fd_sc_mcu7t5v0__nand2_1)
                                                         _059_ (net)
                      0.185588    0.000000    1.271863 v _345_/A2 (gf180mcu_fd_sc_mcu7t5v0__nand3_1)
     7    0.031547    1.114641    0.684701    1.956564 ^ _345_/ZN (gf180mcu_fd_sc_mcu7t5v0__nand3_1)
                                                         _061_ (net)
                      1.114641    0.000000    1.956564 ^ _431_/A1 (gf180mcu_fd_sc_mcu7t5v0__nand2_1)
     1    0.004723    0.217760    0.204453    2.161017 v _431_/ZN (gf180mcu_fd_sc_mcu7t5v0__nand2_1)
                                                         _139_ (net)
                      0.217760    0.000000    2.161017 v _432_/A2 (gf180mcu_fd_sc_mcu7t5v0__oai21_1)
     1    0.002361    0.268288    0.266355    2.427372 ^ _432_/ZN (gf180mcu_fd_sc_mcu7t5v0__oai21_1)
                                                         _000_ (net)
                      0.268288    0.000000    2.427372 ^ _618_/D (gf180mcu_fd_sc_mcu7t5v0__dffq_1)
                                              2.427372   data arrival time

                      0.150000    0.000000    0.000000   clock clk (rise edge)
                                  0.000000    0.000000   clock network delay (ideal)
                                  0.250000    0.250000   clock uncertainty
                                  0.000000    0.250000   clock reconvergence pessimism
                                              0.250000 ^ _618_/CLK (gf180mcu_fd_sc_mcu7t5v0__dffq_1)
                                  0.029084    0.279084   library hold time
                                              0.279084   data required time
---------------------------------------------------------------------------------------------
                                              0.279084   data required time
                                             -2.427372   data arrival time
---------------------------------------------------------------------------------------------
                                              2.148287   slack (MET)


Startpoint: _642_ (rising edge-triggered flip-flop clocked by clk)
Endpoint: _642_ (rising edge-triggered flip-flop clocked by clk)
Path Group: clk
Path Type: min

Fanout         Cap        Slew       Delay        Time   Description
---------------------------------------------------------------------------------------------
                      0.150000    0.000000    0.000000   clock clk (rise edge)
                                  0.000000    0.000000   clock network delay (ideal)
                      0.150000    0.000000    0.000000 ^ _642_/CLK (gf180mcu_fd_sc_mcu7t5v0__dffq_1)
     6    0.030180    0.440286    1.098593    1.098593 v _642_/Q (gf180mcu_fd_sc_mcu7t5v0__dffq_1)
                                                         u_r2r_dac_digital.cnt[0] (net)
                      0.440286    0.000000    1.098593 v _316_/I (gf180mcu_fd_sc_mcu7t5v0__clkinv_1)
     4    0.021118    0.583501    0.444814    1.543407 ^ _316_/ZN (gf180mcu_fd_sc_mcu7t5v0__clkinv_1)
                                                         _301_ (net)
                      0.583501    0.000000    1.543407 ^ _369_/A1 (gf180mcu_fd_sc_mcu7t5v0__xor2_1)
     5    0.020885    0.484938    0.419296    1.962704 v _369_/Z (gf180mcu_fd_sc_mcu7t5v0__xor2_1)
                                                         _079_ (net)
                      0.484938    0.000000    1.962704 v _371_/A2 (gf180mcu_fd_sc_mcu7t5v0__nand2_1)
     4    0.017112    0.591640    0.476691    2.439394 ^ _371_/ZN (gf180mcu_fd_sc_mcu7t5v0__nand2_1)
                                                         _081_ (net)
                      0.591640    0.000000    2.439394 ^ _372_/I (gf180mcu_fd_sc_mcu7t5v0__clkinv_1)
     1    0.002361    0.198723    0.146678    2.586073 v _372_/ZN (gf180mcu_fd_sc_mcu7t5v0__clkinv_1)
                                                         _026_ (net)
                      0.198723    0.000000    2.586073 v _642_/D (gf180mcu_fd_sc_mcu7t5v0__dffq_1)
                                              2.586073   data arrival time

                      0.150000    0.000000    0.000000   clock clk (rise edge)
                                  0.000000    0.000000   clock network delay (ideal)
                                  0.250000    0.250000   clock uncertainty
                                  0.000000    0.250000   clock reconvergence pessimism
                                              0.250000 ^ _642_/CLK (gf180mcu_fd_sc_mcu7t5v0__dffq_1)
                                  0.061550    0.311550   library hold time
                                              0.311550   data required time
---------------------------------------------------------------------------------------------
                                              0.311550   data required time
                                             -2.586073   data arrival time
---------------------------------------------------------------------------------------------
                                              2.274523   slack (MET)


Startpoint: _649_ (rising edge-triggered flip-flop clocked by clk)
Endpoint: _625_ (rising edge-triggered flip-flop clocked by clk)
Path Group: clk
Path Type: min

Fanout         Cap        Slew       Delay        Time   Description
---------------------------------------------------------------------------------------------
                      0.150000    0.000000    0.000000   clock clk (rise edge)
                                  0.000000    0.000000   clock network delay (ideal)
                      0.150000    0.000000    0.000000 ^ _649_/CLK (gf180mcu_fd_sc_mcu7t5v0__dffq_1)
     2    0.008596    0.198058    0.924487    0.924487 v _649_/Q (gf180mcu_fd_sc_mcu7t5v0__dffq_1)
                                                         u_r2r_dac_digital.cnt[7] (net)
                      0.198058    0.000000    0.924487 v _309_/I (gf180mcu_fd_sc_mcu7t5v0__clkinv_1)
     2    0.007591    0.255592    0.197895    1.122382 ^ _309_/ZN (gf180mcu_fd_sc_mcu7t5v0__clkinv_1)
                                                         _294_ (net)
                      0.255592    0.000000    1.122382 ^ _343_/A1 (gf180mcu_fd_sc_mcu7t5v0__nand2_1)
     1    0.004088    0.185588    0.149481    1.271863 v _343_/ZN (gf180mcu_fd_sc_mcu7t5v0__nand2_1)
                                                         _059_ (net)
                      0.185588    0.000000    1.271863 v _345_/A2 (gf180mcu_fd_sc_mcu7t5v0__nand3_1)
     7    0.031547    1.114641    0.684701    1.956564 ^ _345_/ZN (gf180mcu_fd_sc_mcu7t5v0__nand3_1)
                                                         _061_ (net)
                      1.114641    0.000000    1.956564 ^ _544_/B (gf180mcu_fd_sc_mcu7t5v0__aoi21_1)
     2    0.008527    0.268354    0.379019    2.335583 v _544_/ZN (gf180mcu_fd_sc_mcu7t5v0__aoi21_1)
                                                         _246_ (net)
                      0.268354    0.000000    2.335583 v _550_/B (gf180mcu_fd_sc_mcu7t5v0__aoi21_1)
     1    0.002361    0.271943    0.257359    2.592942 ^ _550_/ZN (gf180mcu_fd_sc_mcu7t5v0__aoi21_1)
                                                         _009_ (net)
                      0.271943    0.000000    2.592942 ^ _625_/D (gf180mcu_fd_sc_mcu7t5v0__dffq_1)
                                              2.592942   data arrival time

                      0.150000    0.000000    0.000000   clock clk (rise edge)
                                  0.000000    0.000000   clock network delay (ideal)
                                  0.250000    0.250000   clock uncertainty
                                  0.000000    0.250000   clock reconvergence pessimism
                                              0.250000 ^ _625_/CLK (gf180mcu_fd_sc_mcu7t5v0__dffq_1)
                                  0.028610    0.278610   library hold time
                                              0.278610   data required time
---------------------------------------------------------------------------------------------
                                              0.278610   data required time
                                             -2.592942   data arrival time
---------------------------------------------------------------------------------------------
                                              2.314332   slack (MET)


Startpoint: _648_ (rising edge-triggered flip-flop clocked by clk)
Endpoint: _648_ (rising edge-triggered flip-flop clocked by clk)
Path Group: clk
Path Type: min

Fanout         Cap        Slew       Delay        Time   Description
---------------------------------------------------------------------------------------------
                      0.150000    0.000000    0.000000   clock clk (rise edge)
                                  0.000000    0.000000   clock network delay (ideal)
                      0.150000    0.000000    0.000000 ^ _648_/CLK (gf180mcu_fd_sc_mcu7t5v0__dffq_1)
     3    0.012907    0.247405    0.964875    0.964875 v _648_/Q (gf180mcu_fd_sc_mcu7t5v0__dffq_1)
                                                         u_r2r_dac_digital.cnt[6] (net)
                      0.247405    0.000000    0.964875 v _342_/A1 (gf180mcu_fd_sc_mcu7t5v0__nand3_1)
     3    0.011229    0.466968    0.344949    1.309824 ^ _342_/ZN (gf180mcu_fd_sc_mcu7t5v0__nand3_1)
                                                         _058_ (net)
                      0.466968    0.000000    1.309824 ^ _351_/A2 (gf180mcu_fd_sc_mcu7t5v0__nand3_1)
     6    0.025895    0.857650    0.574217    1.884040 v _351_/ZN (gf180mcu_fd_sc_mcu7t5v0__nand3_1)
                                                         _065_ (net)
                      0.857650    0.000000    1.884040 v _352_/I (gf180mcu_fd_sc_mcu7t5v0__clkinv_1)
     8    0.032109    0.869374    0.713630    2.597670 ^ _352_/ZN (gf180mcu_fd_sc_mcu7t5v0__clkinv_1)
                                                         _032_ (net)
                      0.869374    0.000000    2.597670 ^ _648_/D (gf180mcu_fd_sc_mcu7t5v0__dffq_1)
                                              2.597670   data arrival time

                      0.150000    0.000000    0.000000   clock clk (rise edge)
                                  0.000000    0.000000   clock network delay (ideal)
                                  0.250000    0.250000   clock uncertainty
                                  0.000000    0.250000   clock reconvergence pessimism
                                              0.250000 ^ _648_/CLK (gf180mcu_fd_sc_mcu7t5v0__dffq_1)
                                  0.022580    0.272580   library hold time
                                              0.272580   data required time
---------------------------------------------------------------------------------------------
                                              0.272580   data required time
                                             -2.597670   data arrival time
---------------------------------------------------------------------------------------------
                                              2.325089   slack (MET)


Startpoint: _648_ (rising edge-triggered flip-flop clocked by clk)
Endpoint: _619_ (rising edge-triggered flip-flop clocked by clk)
Path Group: clk
Path Type: min

Fanout         Cap        Slew       Delay        Time   Description
---------------------------------------------------------------------------------------------
                      0.150000    0.000000    0.000000   clock clk (rise edge)
                                  0.000000    0.000000   clock network delay (ideal)
                      0.150000    0.000000    0.000000 ^ _648_/CLK (gf180mcu_fd_sc_mcu7t5v0__dffq_1)
     3    0.012907    0.247405    0.964875    0.964875 v _648_/Q (gf180mcu_fd_sc_mcu7t5v0__dffq_1)
                                                         u_r2r_dac_digital.cnt[6] (net)
                      0.247405    0.000000    0.964875 v _310_/I (gf180mcu_fd_sc_mcu7t5v0__clkinv_1)
     1    0.004661    0.199857    0.173458    1.138333 ^ _310_/ZN (gf180mcu_fd_sc_mcu7t5v0__clkinv_1)
                                                         _295_ (net)
                      0.199857    0.000000    1.138333 ^ _350_/B (gf180mcu_fd_sc_mcu7t5v0__oai21_1)
     1    0.004190    0.165916    0.162334    1.300667 v _350_/ZN (gf180mcu_fd_sc_mcu7t5v0__oai21_1)
                                                         _064_ (net)
                      0.165916    0.000000    1.300667 v _351_/A3 (gf180mcu_fd_sc_mcu7t5v0__nand3_1)
     6    0.025895    0.953275    0.616222    1.916889 ^ _351_/ZN (gf180mcu_fd_sc_mcu7t5v0__nand3_1)
                                                         _065_ (net)
                      0.953275    0.000000    1.916889 ^ _457_/A1 (gf180mcu_fd_sc_mcu7t5v0__oai32_1)
     2    0.009071    0.226286    0.291829    2.208719 v _457_/ZN (gf180mcu_fd_sc_mcu7t5v0__oai32_1)
                                                         _164_ (net)
                      0.226286    0.000000    2.208719 v _467_/A1 (gf180mcu_fd_sc_mcu7t5v0__oai21_1)
     1    0.004554    0.413274    0.298959    2.507678 ^ _467_/ZN (gf180mcu_fd_sc_mcu7t5v0__oai21_1)
                                                         _174_ (net)
                      0.413274    0.000000    2.507678 ^ _470_/B (gf180mcu_fd_sc_mcu7t5v0__oai31_1)
     1    0.002361    0.205883    0.175467    2.683145 v _470_/ZN (gf180mcu_fd_sc_mcu7t5v0__oai31_1)
                                                         _001_ (net)
                      0.205883    0.000000    2.683145 v _619_/D (gf180mcu_fd_sc_mcu7t5v0__dffq_1)
                                              2.683145   data arrival time

                      0.150000    0.000000    0.000000   clock clk (rise edge)
                                  0.000000    0.000000   clock network delay (ideal)
                                  0.250000    0.250000   clock uncertainty
                                  0.000000    0.250000   clock reconvergence pessimism
                                              0.250000 ^ _619_/CLK (gf180mcu_fd_sc_mcu7t5v0__dffq_1)
                                  0.060025    0.310025   library hold time
                                              0.310025   data required time
---------------------------------------------------------------------------------------------
                                              0.310025   data required time
                                             -2.683145   data arrival time
---------------------------------------------------------------------------------------------
                                              2.373120   slack (MET)


Startpoint: _648_ (rising edge-triggered flip-flop clocked by clk)
Endpoint: _623_ (rising edge-triggered flip-flop clocked by clk)
Path Group: clk
Path Type: min

Fanout         Cap        Slew       Delay        Time   Description
---------------------------------------------------------------------------------------------
                      0.150000    0.000000    0.000000   clock clk (rise edge)
                                  0.000000    0.000000   clock network delay (ideal)
                      0.150000    0.000000    0.000000 ^ _648_/CLK (gf180mcu_fd_sc_mcu7t5v0__dffq_1)
     3    0.012907    0.247405    0.964875    0.964875 v _648_/Q (gf180mcu_fd_sc_mcu7t5v0__dffq_1)
                                                         u_r2r_dac_digital.cnt[6] (net)
                      0.247405    0.000000    0.964875 v _310_/I (gf180mcu_fd_sc_mcu7t5v0__clkinv_1)
     1    0.004661    0.199857    0.173458    1.138333 ^ _310_/ZN (gf180mcu_fd_sc_mcu7t5v0__clkinv_1)
                                                         _295_ (net)
                      0.199857    0.000000    1.138333 ^ _350_/B (gf180mcu_fd_sc_mcu7t5v0__oai21_1)
     1    0.004190    0.165916    0.162334    1.300667 v _350_/ZN (gf180mcu_fd_sc_mcu7t5v0__oai21_1)
                                                         _064_ (net)
                      0.165916    0.000000    1.300667 v _351_/A3 (gf180mcu_fd_sc_mcu7t5v0__nand3_1)
     6    0.025895    0.953275    0.616222    1.916889 ^ _351_/ZN (gf180mcu_fd_sc_mcu7t5v0__nand3_1)
                                                         _065_ (net)
                      0.953275    0.000000    1.916889 ^ _537_/A1 (gf180mcu_fd_sc_mcu7t5v0__nor2_1)
     2    0.008530    0.328415    0.263473    2.180362 v _537_/ZN (gf180mcu_fd_sc_mcu7t5v0__nor2_1)
                                                         _240_ (net)
                      0.328415    0.000000    2.180362 v _539_/B1 (gf180mcu_fd_sc_mcu7t5v0__aoi22_1)
     2    0.008939    0.448105    0.419691    2.600052 ^ _539_/ZN (gf180mcu_fd_sc_mcu7t5v0__aoi22_1)
                                                         _242_ (net)
                      0.448105    0.000000    2.600052 ^ _542_/A2 (gf180mcu_fd_sc_mcu7t5v0__oai31_1)
     1    0.002361    0.206208    0.214188    2.814241 v _542_/ZN (gf180mcu_fd_sc_mcu7t5v0__oai31_1)
                                                         _005_ (net)
                      0.206208    0.000000    2.814241 v _623_/D (gf180mcu_fd_sc_mcu7t5v0__dffq_1)
                                              2.814241   data arrival time

                      0.150000    0.000000    0.000000   clock clk (rise edge)
                                  0.000000    0.000000   clock network delay (ideal)
                                  0.250000    0.250000   clock uncertainty
                                  0.000000    0.250000   clock reconvergence pessimism
                                              0.250000 ^ _623_/CLK (gf180mcu_fd_sc_mcu7t5v0__dffq_1)
                                  0.059956    0.309956   library hold time
                                              0.309956   data required time
---------------------------------------------------------------------------------------------
                                              0.309956   data required time
                                             -2.814241   data arrival time
---------------------------------------------------------------------------------------------
                                              2.504285   slack (MET)


Startpoint: _649_ (rising edge-triggered flip-flop clocked by clk)
Endpoint: _649_ (rising edge-triggered flip-flop clocked by clk)
Path Group: clk
Path Type: min

Fanout         Cap        Slew       Delay        Time   Description
---------------------------------------------------------------------------------------------
                      0.150000    0.000000    0.000000   clock clk (rise edge)
                                  0.000000    0.000000   clock network delay (ideal)
                      0.150000    0.000000    0.000000 ^ _649_/CLK (gf180mcu_fd_sc_mcu7t5v0__dffq_1)
     2    0.008596    0.198058    0.924487    0.924487 v _649_/Q (gf180mcu_fd_sc_mcu7t5v0__dffq_1)
                                                         u_r2r_dac_digital.cnt[7] (net)
                      0.198058    0.000000    0.924487 v _309_/I (gf180mcu_fd_sc_mcu7t5v0__clkinv_1)
     2    0.007591    0.255592    0.197895    1.122382 ^ _309_/ZN (gf180mcu_fd_sc_mcu7t5v0__clkinv_1)
                                                         _294_ (net)
                      0.255592    0.000000    1.122382 ^ _343_/A1 (gf180mcu_fd_sc_mcu7t5v0__nand2_1)
     1    0.004088    0.185588    0.149481    1.271863 v _343_/ZN (gf180mcu_fd_sc_mcu7t5v0__nand2_1)
                                                         _059_ (net)
                      0.185588    0.000000    1.271863 v _345_/A2 (gf180mcu_fd_sc_mcu7t5v0__nand3_1)
     7    0.031547    1.114641    0.684701    1.956564 ^ _345_/ZN (gf180mcu_fd_sc_mcu7t5v0__nand3_1)
                                                         _061_ (net)
                      1.114641    0.000000    1.956564 ^ _346_/I (gf180mcu_fd_sc_mcu7t5v0__clkinv_1)
    10    0.042203    0.998601    0.785118    2.741682 v _346_/ZN (gf180mcu_fd_sc_mcu7t5v0__clkinv_1)
                                                         _033_ (net)
                      0.998601    0.000000    2.741682 v _649_/D (gf180mcu_fd_sc_mcu7t5v0__dffq_1)
                                              2.741682   data arrival time

                      0.150000    0.000000    0.000000   clock clk (rise edge)
                                  0.000000    0.000000   clock network delay (ideal)
                                  0.250000    0.250000   clock uncertainty
                                  0.000000    0.250000   clock reconvergence pessimism
                                              0.250000 ^ _649_/CLK (gf180mcu_fd_sc_mcu7t5v0__dffq_1)
                                 -0.170639    0.079361   library hold time
                                              0.079361   data required time
---------------------------------------------------------------------------------------------
                                              0.079361   data required time
                                             -2.741682   data arrival time
---------------------------------------------------------------------------------------------
                                              2.662320   slack (MET)


Startpoint: _647_ (rising edge-triggered flip-flop clocked by clk)
Endpoint: _647_ (rising edge-triggered flip-flop clocked by clk)
Path Group: clk
Path Type: min

Fanout         Cap        Slew       Delay        Time   Description
---------------------------------------------------------------------------------------------
                      0.150000    0.000000    0.000000   clock clk (rise edge)
                                  0.000000    0.000000   clock network delay (ideal)
                      0.150000    0.000000    0.000000 ^ _647_/CLK (gf180mcu_fd_sc_mcu7t5v0__dffq_1)
     4    0.017384    0.297133    0.999762    0.999762 v _647_/Q (gf180mcu_fd_sc_mcu7t5v0__dffq_1)
                                                         u_r2r_dac_digital.cnt[5] (net)
                      0.297133    0.000000    0.999762 v _341_/A1 (gf180mcu_fd_sc_mcu7t5v0__nand2_1)
     1    0.004088    0.219012    0.207889    1.207652 ^ _341_/ZN (gf180mcu_fd_sc_mcu7t5v0__nand2_1)
                                                         _057_ (net)
                      0.219012    0.000000    1.207652 ^ _348_/A2 (gf180mcu_fd_sc_mcu7t5v0__nand3_1)
     9    0.037974    1.191514    0.727865    1.935517 v _348_/ZN (gf180mcu_fd_sc_mcu7t5v0__nand3_1)
                                                         _063_ (net)
                      1.191514    0.000000    1.935517 v _349_/I (gf180mcu_fd_sc_mcu7t5v0__clkinv_1)
    12    0.049318    1.274408    1.038272    2.973788 ^ _349_/ZN (gf180mcu_fd_sc_mcu7t5v0__clkinv_1)
                                                         _031_ (net)
                      1.274408    0.000000    2.973788 ^ _647_/D (gf180mcu_fd_sc_mcu7t5v0__dffq_1)
                                              2.973788   data arrival time

                      0.150000    0.000000    0.000000   clock clk (rise edge)
                                  0.000000    0.000000   clock network delay (ideal)
                                  0.250000    0.250000   clock uncertainty
                                  0.000000    0.250000   clock reconvergence pessimism
                                              0.250000 ^ _647_/CLK (gf180mcu_fd_sc_mcu7t5v0__dffq_1)
                                  0.030447    0.280447   library hold time
                                              0.280447   data required time
---------------------------------------------------------------------------------------------
                                              0.280447   data required time
                                             -2.973788   data arrival time
---------------------------------------------------------------------------------------------
                                              2.693341   slack (MET)


Startpoint: _644_ (rising edge-triggered flip-flop clocked by clk)
Endpoint: _644_ (rising edge-triggered flip-flop clocked by clk)
Path Group: clk
Path Type: min

Fanout         Cap        Slew       Delay        Time   Description
---------------------------------------------------------------------------------------------
                      0.150000    0.000000    0.000000   clock clk (rise edge)
                                  0.000000    0.000000   clock network delay (ideal)
                      0.150000    0.000000    0.000000 ^ _644_/CLK (gf180mcu_fd_sc_mcu7t5v0__dffq_1)
     5    0.021891    0.347195    1.034884    1.034884 v _644_/Q (gf180mcu_fd_sc_mcu7t5v0__dffq_1)
                                                         u_r2r_dac_digital.cnt[2] (net)
                      0.347195    0.000000    1.034884 v _314_/I (gf180mcu_fd_sc_mcu7t5v0__clkinv_1)
     3    0.013184    0.391647    0.314918    1.349801 ^ _314_/ZN (gf180mcu_fd_sc_mcu7t5v0__clkinv_1)
                                                         _299_ (net)
                      0.391647    0.000000    1.349801 ^ _383_/B (gf180mcu_fd_sc_mcu7t5v0__oai21_1)
     4    0.017536    0.374894    0.314329    1.664130 v _383_/ZN (gf180mcu_fd_sc_mcu7t5v0__oai21_1)
                                                         _092_ (net)
                      0.374894    0.000000    1.664130 v _386_/A1 (gf180mcu_fd_sc_mcu7t5v0__nand2_1)
    16    0.073510    1.978361    1.196219    2.860349 ^ _386_/ZN (gf180mcu_fd_sc_mcu7t5v0__nand2_1)
                                                         _095_ (net)
                      1.978361    0.000000    2.860349 ^ _387_/I (gf180mcu_fd_sc_mcu7t5v0__clkinv_1)
    11    0.046738    1.286147    1.001818    3.862168 v _387_/ZN (gf180mcu_fd_sc_mcu7t5v0__clkinv_1)
                                                         _028_ (net)
                      1.286147    0.000000    3.862168 v _644_/D (gf180mcu_fd_sc_mcu7t5v0__dffq_1)
                                              3.862168   data arrival time

                      0.150000    0.000000    0.000000   clock clk (rise edge)
                                  0.000000    0.000000   clock network delay (ideal)
                                  0.250000    0.250000   clock uncertainty
                                  0.000000    0.250000   clock reconvergence pessimism
                                              0.250000 ^ _644_/CLK (gf180mcu_fd_sc_mcu7t5v0__dffq_1)
                                 -0.255009   -0.005009   library hold time
                                             -0.005009   data required time
---------------------------------------------------------------------------------------------
                                             -0.005009   data required time
                                             -3.862168   data arrival time
---------------------------------------------------------------------------------------------
                                              3.867177   slack (MET)


Startpoint: _646_ (rising edge-triggered flip-flop clocked by clk)
Endpoint: _646_ (rising edge-triggered flip-flop clocked by clk)
Path Group: clk
Path Type: min

Fanout         Cap        Slew       Delay        Time   Description
---------------------------------------------------------------------------------------------
                      0.150000    0.000000    0.000000   clock clk (rise edge)
                                  0.000000    0.000000   clock network delay (ideal)
                      0.150000    0.000000    0.000000 ^ _646_/CLK (gf180mcu_fd_sc_mcu7t5v0__dffq_1)
     3    0.012964    0.248038    0.965319    0.965319 v _646_/Q (gf180mcu_fd_sc_mcu7t5v0__dffq_1)
                                                         u_r2r_dac_digital.cnt[4] (net)
                      0.248038    0.000000    0.965319 v _340_/A1 (gf180mcu_fd_sc_mcu7t5v0__nand4_1)
     3    0.013221    0.625377    0.435546    1.400865 ^ _340_/ZN (gf180mcu_fd_sc_mcu7t5v0__nand4_1)
                                                         _056_ (net)
                      0.625377    0.000000    1.400865 ^ _356_/A2 (gf180mcu_fd_sc_mcu7t5v0__nand3_1)
    18    0.079194    2.332831    1.406893    2.807757 v _356_/ZN (gf180mcu_fd_sc_mcu7t5v0__nand3_1)
                                                         _069_ (net)
                      2.332831    0.000000    2.807757 v _357_/I (gf180mcu_fd_sc_mcu7t5v0__clkinv_1)
    23    0.095536    2.407813    1.983728    4.791486 ^ _357_/ZN (gf180mcu_fd_sc_mcu7t5v0__clkinv_1)
                                                         _030_ (net)
                      2.407813    0.000000    4.791486 ^ _646_/D (gf180mcu_fd_sc_mcu7t5v0__dffq_1)
                                              4.791486   data arrival time

                      0.150000    0.000000    0.000000   clock clk (rise edge)
                                  0.000000    0.000000   clock network delay (ideal)
                                  0.250000    0.250000   clock uncertainty
                                  0.000000    0.250000   clock reconvergence pessimism
                                              0.250000 ^ _646_/CLK (gf180mcu_fd_sc_mcu7t5v0__dffq_1)
                                  0.106882    0.356882   library hold time
                                              0.356882   data required time
---------------------------------------------------------------------------------------------
                                              0.356882   data required time
                                             -4.791486   data arrival time
---------------------------------------------------------------------------------------------
                                              4.434604   slack (MET)


Startpoint: _645_ (rising edge-triggered flip-flop clocked by clk)
Endpoint: _645_ (rising edge-triggered flip-flop clocked by clk)
Path Group: clk
Path Type: min

Fanout         Cap        Slew       Delay        Time   Description
---------------------------------------------------------------------------------------------
                      0.150000    0.000000    0.000000   clock clk (rise edge)
                                  0.000000    0.000000   clock network delay (ideal)
                      0.150000    0.000000    0.000000 ^ _645_/CLK (gf180mcu_fd_sc_mcu7t5v0__dffq_1)
     6    0.026201    0.395068    1.068470    1.068470 v _645_/Q (gf180mcu_fd_sc_mcu7t5v0__dffq_1)
                                                         u_r2r_dac_digital.cnt[3] (net)
                      0.395068    0.000000    1.068470 v _338_/A1 (gf180mcu_fd_sc_mcu7t5v0__nand3_1)
     2    0.007016    0.365791    0.319054    1.387524 ^ _338_/ZN (gf180mcu_fd_sc_mcu7t5v0__nand3_1)
                                                         _054_ (net)
                      0.365791    0.000000    1.387524 ^ _359_/A2 (gf180mcu_fd_sc_mcu7t5v0__nand3_1)
    23    0.104929    3.045672    1.767928    3.155452 v _359_/ZN (gf180mcu_fd_sc_mcu7t5v0__nand3_1)
                                                         _071_ (net)
                      3.045672    0.000000    3.155452 v _360_/I (gf180mcu_fd_sc_mcu7t5v0__clkinv_1)
    23    0.096506    2.559162    2.214811    5.370263 ^ _360_/ZN (gf180mcu_fd_sc_mcu7t5v0__clkinv_1)
                                                         _029_ (net)
                      2.559162    0.000000    5.370263 ^ _645_/D (gf180mcu_fd_sc_mcu7t5v0__dffq_1)
                                              5.370263   data arrival time

                      0.150000    0.000000    0.000000   clock clk (rise edge)
                                  0.000000    0.000000   clock network delay (ideal)
                                  0.250000    0.250000   clock uncertainty
                                  0.000000    0.250000   clock reconvergence pessimism
                                              0.250000 ^ _645_/CLK (gf180mcu_fd_sc_mcu7t5v0__dffq_1)
                                  0.120617    0.370617   library hold time
                                              0.370617   data required time
---------------------------------------------------------------------------------------------
                                              0.370617   data required time
                                             -5.370263   data arrival time
---------------------------------------------------------------------------------------------
                                              4.999646   slack (MET)


Startpoint: _626_ (rising edge-triggered flip-flop clocked by clk)
Endpoint: uo_out[0] (output port clocked by clk)
Path Group: clk
Path Type: min

Fanout         Cap        Slew       Delay        Time   Description
---------------------------------------------------------------------------------------------
                      0.150000    0.000000    0.000000   clock clk (rise edge)
                                  0.000000    0.000000   clock network delay (ideal)
                      0.150000    0.000000    0.000000 ^ _626_/CLK (gf180mcu_fd_sc_mcu7t5v0__dffq_1)
     2    0.072910    0.954282    1.402541    1.402541 v _626_/Q (gf180mcu_fd_sc_mcu7t5v0__dffq_1)
                                                         uo_out[0] (net)
                      0.954282    0.000000    1.402541 v uo_out[0] (out)
                                              1.402541   data arrival time

                      0.150000    0.000000    0.000000   clock clk (rise edge)
                                  0.000000    0.000000   clock network delay (ideal)
                                  0.250000    0.250000   clock uncertainty
                                  0.000000    0.250000   clock reconvergence pessimism
                                 -4.000000   -3.750000   output external delay
                                             -3.750000   data required time
---------------------------------------------------------------------------------------------
                                             -3.750000   data required time
                                             -1.402541   data arrival time
---------------------------------------------------------------------------------------------
                                              5.152541   slack (MET)


Startpoint: _627_ (rising edge-triggered flip-flop clocked by clk)
Endpoint: uo_out[1] (output port clocked by clk)
Path Group: clk
Path Type: min

Fanout         Cap        Slew       Delay        Time   Description
---------------------------------------------------------------------------------------------
                      0.150000    0.000000    0.000000   clock clk (rise edge)
                                  0.000000    0.000000   clock network delay (ideal)
                      0.150000    0.000000    0.000000 ^ _627_/CLK (gf180mcu_fd_sc_mcu7t5v0__dffq_1)
     2    0.072910    0.954282    1.402541    1.402541 v _627_/Q (gf180mcu_fd_sc_mcu7t5v0__dffq_1)
                                                         uo_out[1] (net)
                      0.954282    0.000000    1.402541 v uo_out[1] (out)
                                              1.402541   data arrival time

                      0.150000    0.000000    0.000000   clock clk (rise edge)
                                  0.000000    0.000000   clock network delay (ideal)
                                  0.250000    0.250000   clock uncertainty
                                  0.000000    0.250000   clock reconvergence pessimism
                                 -4.000000   -3.750000   output external delay
                                             -3.750000   data required time
---------------------------------------------------------------------------------------------
                                             -3.750000   data required time
                                             -1.402541   data arrival time
---------------------------------------------------------------------------------------------
                                              5.152541   slack (MET)


Startpoint: _628_ (rising edge-triggered flip-flop clocked by clk)
Endpoint: uo_out[2] (output port clocked by clk)
Path Group: clk
Path Type: min

Fanout         Cap        Slew       Delay        Time   Description
---------------------------------------------------------------------------------------------
                      0.150000    0.000000    0.000000   clock clk (rise edge)
                                  0.000000    0.000000   clock network delay (ideal)
                      0.150000    0.000000    0.000000 ^ _628_/CLK (gf180mcu_fd_sc_mcu7t5v0__dffq_1)
     2    0.072910    0.954282    1.402541    1.402541 v _628_/Q (gf180mcu_fd_sc_mcu7t5v0__dffq_1)
                                                         uo_out[2] (net)
                      0.954282    0.000000    1.402541 v uo_out[2] (out)
                                              1.402541   data arrival time

                      0.150000    0.000000    0.000000   clock clk (rise edge)
                                  0.000000    0.000000   clock network delay (ideal)
                                  0.250000    0.250000   clock uncertainty
                                  0.000000    0.250000   clock reconvergence pessimism
                                 -4.000000   -3.750000   output external delay
                                             -3.750000   data required time
---------------------------------------------------------------------------------------------
                                             -3.750000   data required time
                                             -1.402541   data arrival time
---------------------------------------------------------------------------------------------
                                              5.152541   slack (MET)


Startpoint: _629_ (rising edge-triggered flip-flop clocked by clk)
Endpoint: uo_out[3] (output port clocked by clk)
Path Group: clk
Path Type: min

Fanout         Cap        Slew       Delay        Time   Description
---------------------------------------------------------------------------------------------
                      0.150000    0.000000    0.000000   clock clk (rise edge)
                                  0.000000    0.000000   clock network delay (ideal)
                      0.150000    0.000000    0.000000 ^ _629_/CLK (gf180mcu_fd_sc_mcu7t5v0__dffq_1)
     2    0.072910    0.954282    1.402541    1.402541 v _629_/Q (gf180mcu_fd_sc_mcu7t5v0__dffq_1)
                                                         uo_out[3] (net)
                      0.954282    0.000000    1.402541 v uo_out[3] (out)
                                              1.402541   data arrival time

                      0.150000    0.000000    0.000000   clock clk (rise edge)
                                  0.000000    0.000000   clock network delay (ideal)
                                  0.250000    0.250000   clock uncertainty
                                  0.000000    0.250000   clock reconvergence pessimism
                                 -4.000000   -3.750000   output external delay
                                             -3.750000   data required time
---------------------------------------------------------------------------------------------
                                             -3.750000   data required time
                                             -1.402541   data arrival time
---------------------------------------------------------------------------------------------
                                              5.152541   slack (MET)


Startpoint: _630_ (rising edge-triggered flip-flop clocked by clk)
Endpoint: uo_out[4] (output port clocked by clk)
Path Group: clk
Path Type: min

Fanout         Cap        Slew       Delay        Time   Description
---------------------------------------------------------------------------------------------
                      0.150000    0.000000    0.000000   clock clk (rise edge)
                                  0.000000    0.000000   clock network delay (ideal)
                      0.150000    0.000000    0.000000 ^ _630_/CLK (gf180mcu_fd_sc_mcu7t5v0__dffq_1)
     2    0.072910    0.954282    1.402541    1.402541 v _630_/Q (gf180mcu_fd_sc_mcu7t5v0__dffq_1)
                                                         uo_out[4] (net)
                      0.954282    0.000000    1.402541 v uo_out[4] (out)
                                              1.402541   data arrival time

                      0.150000    0.000000    0.000000   clock clk (rise edge)
                                  0.000000    0.000000   clock network delay (ideal)
                                  0.250000    0.250000   clock uncertainty
                                  0.000000    0.250000   clock reconvergence pessimism
                                 -4.000000   -3.750000   output external delay
                                             -3.750000   data required time
---------------------------------------------------------------------------------------------
                                             -3.750000   data required time
                                             -1.402541   data arrival time
---------------------------------------------------------------------------------------------
                                              5.152541   slack (MET)


Startpoint: _631_ (rising edge-triggered flip-flop clocked by clk)
Endpoint: uo_out[5] (output port clocked by clk)
Path Group: clk
Path Type: min

Fanout         Cap        Slew       Delay        Time   Description
---------------------------------------------------------------------------------------------
                      0.150000    0.000000    0.000000   clock clk (rise edge)
                                  0.000000    0.000000   clock network delay (ideal)
                      0.150000    0.000000    0.000000 ^ _631_/CLK (gf180mcu_fd_sc_mcu7t5v0__dffq_1)
     2    0.072910    0.954282    1.402541    1.402541 v _631_/Q (gf180mcu_fd_sc_mcu7t5v0__dffq_1)
                                                         uo_out[5] (net)
                      0.954282    0.000000    1.402541 v uo_out[5] (out)
                                              1.402541   data arrival time

                      0.150000    0.000000    0.000000   clock clk (rise edge)
                                  0.000000    0.000000   clock network delay (ideal)
                                  0.250000    0.250000   clock uncertainty
                                  0.000000    0.250000   clock reconvergence pessimism
                                 -4.000000   -3.750000   output external delay
                                             -3.750000   data required time
---------------------------------------------------------------------------------------------
                                             -3.750000   data required time
                                             -1.402541   data arrival time
---------------------------------------------------------------------------------------------
                                              5.152541   slack (MET)


Startpoint: _632_ (rising edge-triggered flip-flop clocked by clk)
Endpoint: uo_out[6] (output port clocked by clk)
Path Group: clk
Path Type: min

Fanout         Cap        Slew       Delay        Time   Description
---------------------------------------------------------------------------------------------
                      0.150000    0.000000    0.000000   clock clk (rise edge)
                                  0.000000    0.000000   clock network delay (ideal)
                      0.150000    0.000000    0.000000 ^ _632_/CLK (gf180mcu_fd_sc_mcu7t5v0__dffq_1)
     2    0.072910    0.954282    1.402541    1.402541 v _632_/Q (gf180mcu_fd_sc_mcu7t5v0__dffq_1)
                                                         uo_out[6] (net)
                      0.954282    0.000000    1.402541 v uo_out[6] (out)
                                              1.402541   data arrival time

                      0.150000    0.000000    0.000000   clock clk (rise edge)
                                  0.000000    0.000000   clock network delay (ideal)
                                  0.250000    0.250000   clock uncertainty
                                  0.000000    0.250000   clock reconvergence pessimism
                                 -4.000000   -3.750000   output external delay
                                             -3.750000   data required time
---------------------------------------------------------------------------------------------
                                             -3.750000   data required time
                                             -1.402541   data arrival time
---------------------------------------------------------------------------------------------
                                              5.152541   slack (MET)


Startpoint: _633_ (rising edge-triggered flip-flop clocked by clk)
Endpoint: uo_out[7] (output port clocked by clk)
Path Group: clk
Path Type: min

Fanout         Cap        Slew       Delay        Time   Description
---------------------------------------------------------------------------------------------
                      0.150000    0.000000    0.000000   clock clk (rise edge)
                                  0.000000    0.000000   clock network delay (ideal)
                      0.150000    0.000000    0.000000 ^ _633_/CLK (gf180mcu_fd_sc_mcu7t5v0__dffq_1)
     2    0.072910    0.954282    1.402541    1.402541 v _633_/Q (gf180mcu_fd_sc_mcu7t5v0__dffq_1)
                                                         uo_out[7] (net)
                      0.954282    0.000000    1.402541 v uo_out[7] (out)
                                              1.402541   data arrival time

                      0.150000    0.000000    0.000000   clock clk (rise edge)
                                  0.000000    0.000000   clock network delay (ideal)
                                  0.250000    0.250000   clock uncertainty
                                  0.000000    0.250000   clock reconvergence pessimism
                                 -4.000000   -3.750000   output external delay
                                             -3.750000   data required time
---------------------------------------------------------------------------------------------
                                             -3.750000   data required time
                                             -1.402541   data arrival time
---------------------------------------------------------------------------------------------
                                              5.152541   slack (MET)



%OL_END_REPORT
%OL_CREATE_REPORT max.rpt

===========================================================================
report_checks -path_delay max (Setup)
============================================================================
======================= nom_tt_025C_3v30 Corner ===================================

Startpoint: uio_in[2] (input port clocked by clk)
Endpoint: _618_ (rising edge-triggered flip-flop clocked by clk)
Path Group: clk
Path Type: max

Fanout         Cap        Slew       Delay        Time   Description
---------------------------------------------------------------------------------------------
                      0.150000    0.000000    0.000000   clock clk (rise edge)
                                  0.000000    0.000000   clock network delay (ideal)
                                  4.000000    4.000000 ^ input external delay
     2    0.008784    0.280500    0.127152    4.127151 ^ uio_in[2] (in)
                                                         uio_in[2] (net)
                      0.280500    0.000000    4.127151 ^ _320_/I (gf180mcu_fd_sc_mcu7t5v0__clkinv_1)
     1    0.003919    0.170679    0.164089    4.291241 v _320_/ZN (gf180mcu_fd_sc_mcu7t5v0__clkinv_1)
                                                         _305_ (net)
                      0.170679    0.000000    4.291241 v _329_/B (gf180mcu_fd_sc_mcu7t5v0__aoi21_1)
    12    0.060098    2.978632    1.923639    6.214880 ^ _329_/ZN (gf180mcu_fd_sc_mcu7t5v0__aoi21_1)
                                                         _045_ (net)
                      2.978632    0.000000    6.214880 ^ _358_/A1 (gf180mcu_fd_sc_mcu7t5v0__oai21_1)
     2    0.007005    0.712907    0.257271    6.472150 v _358_/ZN (gf180mcu_fd_sc_mcu7t5v0__oai21_1)
                                                         _070_ (net)
                      0.712907    0.000000    6.472150 v _359_/A3 (gf180mcu_fd_sc_mcu7t5v0__nand3_1)
    23    0.104929    3.338883    2.254059    8.726210 ^ _359_/ZN (gf180mcu_fd_sc_mcu7t5v0__nand3_1)
                                                         _071_ (net)
                      3.338883    0.000000    8.726210 ^ _360_/I (gf180mcu_fd_sc_mcu7t5v0__clkinv_1)
    23    0.096506    2.429390    2.111195   10.837404 v _360_/ZN (gf180mcu_fd_sc_mcu7t5v0__clkinv_1)
                                                         _029_ (net)
                      2.429390    0.000000   10.837404 v _397_/A1 (gf180mcu_fd_sc_mcu7t5v0__or2_1)
     2    0.009277    0.324055    1.401327   12.238731 v _397_/Z (gf180mcu_fd_sc_mcu7t5v0__or2_1)
                                                         _105_ (net)
                      0.324055    0.000000   12.238731 v _402_/B (gf180mcu_fd_sc_mcu7t5v0__oai31_1)
     1    0.002928    0.948299    0.364624   12.603355 ^ _402_/ZN (gf180mcu_fd_sc_mcu7t5v0__oai31_1)
                                                         _110_ (net)
                      0.948299    0.000000   12.603355 ^ _406_/A3 (gf180mcu_fd_sc_mcu7t5v0__and4_1)
     1    0.004844    0.292028    0.777511   13.380867 ^ _406_/Z (gf180mcu_fd_sc_mcu7t5v0__and4_1)
                                                         _114_ (net)
                      0.292028    0.000000   13.380867 ^ _418_/B1 (gf180mcu_fd_sc_mcu7t5v0__oai32_1)
     2    0.009710    0.494896    0.314257   13.695124 v _418_/ZN (gf180mcu_fd_sc_mcu7t5v0__oai32_1)
                                                         _126_ (net)
                      0.494896    0.000000   13.695124 v _430_/A1 (gf180mcu_fd_sc_mcu7t5v0__oai21_1)
     1    0.004661    0.520885    0.414309   14.109432 ^ _430_/ZN (gf180mcu_fd_sc_mcu7t5v0__oai21_1)
                                                         _138_ (net)
                      0.520885    0.000000   14.109432 ^ _432_/B (gf180mcu_fd_sc_mcu7t5v0__oai21_1)
     1    0.002361    0.371586    0.244163   14.353595 v _432_/ZN (gf180mcu_fd_sc_mcu7t5v0__oai21_1)
                                                         _000_ (net)
                      0.371586    0.000000   14.353595 v _618_/D (gf180mcu_fd_sc_mcu7t5v0__dffq_1)
                                             14.353595   data arrival time

                      0.150000   20.000000   20.000000   clock clk (rise edge)
                                  0.000000   20.000000   clock network delay (ideal)
                                 -0.250000   19.750002   clock uncertainty
                                  0.000000   19.750002   clock reconvergence pessimism
                                             19.750002 ^ _618_/CLK (gf180mcu_fd_sc_mcu7t5v0__dffq_1)
                                 -0.442208   19.307793   library setup time
                                             19.307793   data required time
---------------------------------------------------------------------------------------------
                                             19.307793   data required time
                                            -14.353595   data arrival time
---------------------------------------------------------------------------------------------
                                              4.954198   slack (MET)


Startpoint: uio_in[2] (input port clocked by clk)
Endpoint: _621_ (rising edge-triggered flip-flop clocked by clk)
Path Group: clk
Path Type: max

Fanout         Cap        Slew       Delay        Time   Description
---------------------------------------------------------------------------------------------
                      0.150000    0.000000    0.000000   clock clk (rise edge)
                                  0.000000    0.000000   clock network delay (ideal)
                                  4.000000    4.000000 ^ input external delay
     2    0.008784    0.280500    0.127152    4.127151 ^ uio_in[2] (in)
                                                         uio_in[2] (net)
                      0.280500    0.000000    4.127151 ^ _320_/I (gf180mcu_fd_sc_mcu7t5v0__clkinv_1)
     1    0.003919    0.170679    0.164089    4.291241 v _320_/ZN (gf180mcu_fd_sc_mcu7t5v0__clkinv_1)
                                                         _305_ (net)
                      0.170679    0.000000    4.291241 v _329_/B (gf180mcu_fd_sc_mcu7t5v0__aoi21_1)
    12    0.060098    2.978632    1.923639    6.214880 ^ _329_/ZN (gf180mcu_fd_sc_mcu7t5v0__aoi21_1)
                                                         _045_ (net)
                      2.978632    0.000000    6.214880 ^ _358_/A1 (gf180mcu_fd_sc_mcu7t5v0__oai21_1)
     2    0.007005    0.712907    0.257271    6.472150 v _358_/ZN (gf180mcu_fd_sc_mcu7t5v0__oai21_1)
                                                         _070_ (net)
                      0.712907    0.000000    6.472150 v _359_/A3 (gf180mcu_fd_sc_mcu7t5v0__nand3_1)
    23    0.104929    3.338883    2.254059    8.726210 ^ _359_/ZN (gf180mcu_fd_sc_mcu7t5v0__nand3_1)
                                                         _071_ (net)
                      3.338883    0.000000    8.726210 ^ _360_/I (gf180mcu_fd_sc_mcu7t5v0__clkinv_1)
    23    0.096506    2.429390    2.111195   10.837404 v _360_/ZN (gf180mcu_fd_sc_mcu7t5v0__clkinv_1)
                                                         _029_ (net)
                      2.429390    0.000000   10.837404 v _487_/A1 (gf180mcu_fd_sc_mcu7t5v0__nand2_1)
     3    0.013240    0.802428    0.911207   11.748611 ^ _487_/ZN (gf180mcu_fd_sc_mcu7t5v0__nand2_1)
                                                         _192_ (net)
                      0.802428    0.000000   11.748611 ^ _488_/B (gf180mcu_fd_sc_mcu7t5v0__oai211_1)
     2    0.008290    0.936409    0.497685   12.246297 v _488_/ZN (gf180mcu_fd_sc_mcu7t5v0__oai211_1)
                                                         _193_ (net)
                      0.936409    0.000000   12.246297 v _489_/B (gf180mcu_fd_sc_mcu7t5v0__aoi21_1)
     1    0.004855    0.557545    0.582770   12.829067 ^ _489_/ZN (gf180mcu_fd_sc_mcu7t5v0__aoi21_1)
                                                         _194_ (net)
                      0.557545    0.000000   12.829067 ^ _493_/A1 (gf180mcu_fd_sc_mcu7t5v0__oai21_1)
     2    0.007341    0.433546    0.263251   13.092318 v _493_/ZN (gf180mcu_fd_sc_mcu7t5v0__oai21_1)
                                                         _198_ (net)
                      0.433546    0.000000   13.092318 v _498_/A1 (gf180mcu_fd_sc_mcu7t5v0__and2_1)
     1    0.004762    0.164995    0.469576   13.561894 v _498_/Z (gf180mcu_fd_sc_mcu7t5v0__and2_1)
                                                         _203_ (net)
                      0.164995    0.000000   13.561894 v _513_/A1 (gf180mcu_fd_sc_mcu7t5v0__oai32_1)
     1    0.002361    0.994757    0.638004   14.199899 ^ _513_/ZN (gf180mcu_fd_sc_mcu7t5v0__oai32_1)
                                                         _003_ (net)
                      0.994757    0.000000   14.199899 ^ _621_/D (gf180mcu_fd_sc_mcu7t5v0__dffq_1)
                                             14.199899   data arrival time

                      0.150000   20.000000   20.000000   clock clk (rise edge)
                                  0.000000   20.000000   clock network delay (ideal)
                                 -0.250000   19.750002   clock uncertainty
                                  0.000000   19.750002   clock reconvergence pessimism
                                             19.750002 ^ _621_/CLK (gf180mcu_fd_sc_mcu7t5v0__dffq_1)
                                 -0.440279   19.309723   library setup time
                                             19.309723   data required time
---------------------------------------------------------------------------------------------
                                             19.309723   data required time
                                            -14.199899   data arrival time
---------------------------------------------------------------------------------------------
                                              5.109824   slack (MET)


Startpoint: uio_in[2] (input port clocked by clk)
Endpoint: _619_ (rising edge-triggered flip-flop clocked by clk)
Path Group: clk
Path Type: max

Fanout         Cap        Slew       Delay        Time   Description
---------------------------------------------------------------------------------------------
                      0.150000    0.000000    0.000000   clock clk (rise edge)
                                  0.000000    0.000000   clock network delay (ideal)
                                  4.000000    4.000000 ^ input external delay
     2    0.008784    0.280500    0.127152    4.127151 ^ uio_in[2] (in)
                                                         uio_in[2] (net)
                      0.280500    0.000000    4.127151 ^ _320_/I (gf180mcu_fd_sc_mcu7t5v0__clkinv_1)
     1    0.003919    0.170679    0.164089    4.291241 v _320_/ZN (gf180mcu_fd_sc_mcu7t5v0__clkinv_1)
                                                         _305_ (net)
                      0.170679    0.000000    4.291241 v _329_/B (gf180mcu_fd_sc_mcu7t5v0__aoi21_1)
    12    0.060098    2.978632    1.923639    6.214880 ^ _329_/ZN (gf180mcu_fd_sc_mcu7t5v0__aoi21_1)
                                                         _045_ (net)
                      2.978632    0.000000    6.214880 ^ _358_/A1 (gf180mcu_fd_sc_mcu7t5v0__oai21_1)
     2    0.007005    0.712907    0.257271    6.472150 v _358_/ZN (gf180mcu_fd_sc_mcu7t5v0__oai21_1)
                                                         _070_ (net)
                      0.712907    0.000000    6.472150 v _359_/A3 (gf180mcu_fd_sc_mcu7t5v0__nand3_1)
    23    0.104929    3.338883    2.254059    8.726210 ^ _359_/ZN (gf180mcu_fd_sc_mcu7t5v0__nand3_1)
                                                         _071_ (net)
                      3.338883    0.000000    8.726210 ^ _360_/I (gf180mcu_fd_sc_mcu7t5v0__clkinv_1)
    23    0.096506    2.429390    2.111195   10.837404 v _360_/ZN (gf180mcu_fd_sc_mcu7t5v0__clkinv_1)
                                                         _029_ (net)
                      2.429390    0.000000   10.837404 v _443_/A1 (gf180mcu_fd_sc_mcu7t5v0__nor4_1)
     1    0.004009    0.977516    1.122173   11.959577 ^ _443_/ZN (gf180mcu_fd_sc_mcu7t5v0__nor4_1)
                                                         _150_ (net)
                      0.977516    0.000000   11.959577 ^ _452_/A3 (gf180mcu_fd_sc_mcu7t5v0__nor3_1)
     1    0.003931    0.584828    0.339552   12.299129 v _452_/ZN (gf180mcu_fd_sc_mcu7t5v0__nor3_1)
                                                         _159_ (net)
                      0.584828    0.000000   12.299129 v _453_/B (gf180mcu_fd_sc_mcu7t5v0__aoi211_1)
     1    0.004391    0.862791    0.711218   13.010347 ^ _453_/ZN (gf180mcu_fd_sc_mcu7t5v0__aoi211_1)
                                                         _160_ (net)
                      0.862791    0.000000   13.010347 ^ _457_/A3 (gf180mcu_fd_sc_mcu7t5v0__oai32_1)
     2    0.009071    0.470336    0.452515   13.462862 v _457_/ZN (gf180mcu_fd_sc_mcu7t5v0__oai32_1)
                                                         _164_ (net)
                      0.470336    0.000000   13.462862 v _467_/A1 (gf180mcu_fd_sc_mcu7t5v0__oai21_1)
     1    0.004554    0.518455    0.403684   13.866547 ^ _467_/ZN (gf180mcu_fd_sc_mcu7t5v0__oai21_1)
                                                         _174_ (net)
                      0.518455    0.000000   13.866547 ^ _470_/B (gf180mcu_fd_sc_mcu7t5v0__oai31_1)
     1    0.002361    0.456666    0.278565   14.145111 v _470_/ZN (gf180mcu_fd_sc_mcu7t5v0__oai31_1)
                                                         _001_ (net)
                      0.456666    0.000000   14.145111 v _619_/D (gf180mcu_fd_sc_mcu7t5v0__dffq_1)
                                             14.145111   data arrival time

                      0.150000   20.000000   20.000000   clock clk (rise edge)
                                  0.000000   20.000000   clock network delay (ideal)
                                 -0.250000   19.750002   clock uncertainty
                                  0.000000   19.750002   clock reconvergence pessimism
                                             19.750002 ^ _619_/CLK (gf180mcu_fd_sc_mcu7t5v0__dffq_1)
                                 -0.471002   19.278999   library setup time
                                             19.278999   data required time
---------------------------------------------------------------------------------------------
                                             19.278999   data required time
                                            -14.145111   data arrival time
---------------------------------------------------------------------------------------------
                                              5.133887   slack (MET)


Startpoint: uio_in[2] (input port clocked by clk)
Endpoint: _620_ (rising edge-triggered flip-flop clocked by clk)
Path Group: clk
Path Type: max

Fanout         Cap        Slew       Delay        Time   Description
---------------------------------------------------------------------------------------------
                      0.150000    0.000000    0.000000   clock clk (rise edge)
                                  0.000000    0.000000   clock network delay (ideal)
                                  4.000000    4.000000 ^ input external delay
     2    0.008784    0.280500    0.127152    4.127151 ^ uio_in[2] (in)
                                                         uio_in[2] (net)
                      0.280500    0.000000    4.127151 ^ _320_/I (gf180mcu_fd_sc_mcu7t5v0__clkinv_1)
     1    0.003919    0.170679    0.164089    4.291241 v _320_/ZN (gf180mcu_fd_sc_mcu7t5v0__clkinv_1)
                                                         _305_ (net)
                      0.170679    0.000000    4.291241 v _329_/B (gf180mcu_fd_sc_mcu7t5v0__aoi21_1)
    12    0.060098    2.978632    1.923639    6.214880 ^ _329_/ZN (gf180mcu_fd_sc_mcu7t5v0__aoi21_1)
                                                         _045_ (net)
                      2.978632    0.000000    6.214880 ^ _358_/A1 (gf180mcu_fd_sc_mcu7t5v0__oai21_1)
     2    0.007005    0.712907    0.257271    6.472150 v _358_/ZN (gf180mcu_fd_sc_mcu7t5v0__oai21_1)
                                                         _070_ (net)
                      0.712907    0.000000    6.472150 v _359_/A3 (gf180mcu_fd_sc_mcu7t5v0__nand3_1)
    23    0.104929    3.338883    2.254059    8.726210 ^ _359_/ZN (gf180mcu_fd_sc_mcu7t5v0__nand3_1)
                                                         _071_ (net)
                      3.338883    0.000000    8.726210 ^ _360_/I (gf180mcu_fd_sc_mcu7t5v0__clkinv_1)
    23    0.096506    2.429390    2.111195   10.837404 v _360_/ZN (gf180mcu_fd_sc_mcu7t5v0__clkinv_1)
                                                         _029_ (net)
                      2.429390    0.000000   10.837404 v _474_/B (gf180mcu_fd_sc_mcu7t5v0__oai31_1)
     1    0.004645    0.898235    0.965199   11.802603 ^ _474_/ZN (gf180mcu_fd_sc_mcu7t5v0__oai31_1)
                                                         _180_ (net)
                      0.898235    0.000000   11.802603 ^ _475_/A2 (gf180mcu_fd_sc_mcu7t5v0__aoi21_1)
     1    0.004461    0.529621    0.197347   11.999949 v _475_/ZN (gf180mcu_fd_sc_mcu7t5v0__aoi21_1)
                                                         _181_ (net)
                      0.529621    0.000000   11.999949 v _479_/A2 (gf180mcu_fd_sc_mcu7t5v0__oai32_1)
     1    0.004611    1.298764    0.879213   12.879163 ^ _479_/ZN (gf180mcu_fd_sc_mcu7t5v0__oai32_1)
                                                         _185_ (net)
                      1.298764    0.000000   12.879163 ^ _480_/B1 (gf180mcu_fd_sc_mcu7t5v0__aoi22_1)
     2    0.009134    0.620730    0.489483   13.368646 v _480_/ZN (gf180mcu_fd_sc_mcu7t5v0__aoi22_1)
                                                         _186_ (net)
                      0.620730    0.000000   13.368646 v _483_/B (gf180mcu_fd_sc_mcu7t5v0__oai21_1)
     1    0.004757    0.505953    0.458247   13.826893 ^ _483_/ZN (gf180mcu_fd_sc_mcu7t5v0__oai21_1)
                                                         _189_ (net)
                      0.505953    0.000000   13.826893 ^ _486_/A2 (gf180mcu_fd_sc_mcu7t5v0__aoi22_1)
     1    0.002361    0.392415    0.167498   13.994390 v _486_/ZN (gf180mcu_fd_sc_mcu7t5v0__aoi22_1)
                                                         _002_ (net)
                      0.392415    0.000000   13.994390 v _620_/D (gf180mcu_fd_sc_mcu7t5v0__dffq_1)
                                             13.994390   data arrival time

                      0.150000   20.000000   20.000000   clock clk (rise edge)
                                  0.000000   20.000000   clock network delay (ideal)
                                 -0.250000   19.750002   clock uncertainty
                                  0.000000   19.750002   clock reconvergence pessimism
                                             19.750002 ^ _620_/CLK (gf180mcu_fd_sc_mcu7t5v0__dffq_1)
                                 -0.449257   19.300745   library setup time
                                             19.300745   data required time
---------------------------------------------------------------------------------------------
                                             19.300745   data required time
                                            -13.994390   data arrival time
---------------------------------------------------------------------------------------------
                                              5.306354   slack (MET)


Startpoint: uio_in[2] (input port clocked by clk)
Endpoint: _622_ (rising edge-triggered flip-flop clocked by clk)
Path Group: clk
Path Type: max

Fanout         Cap        Slew       Delay        Time   Description
---------------------------------------------------------------------------------------------
                      0.150000    0.000000    0.000000   clock clk (rise edge)
                                  0.000000    0.000000   clock network delay (ideal)
                                  4.000000    4.000000 ^ input external delay
     2    0.008784    0.280500    0.127152    4.127151 ^ uio_in[2] (in)
                                                         uio_in[2] (net)
                      0.280500    0.000000    4.127151 ^ _320_/I (gf180mcu_fd_sc_mcu7t5v0__clkinv_1)
     1    0.003919    0.170679    0.164089    4.291241 v _320_/ZN (gf180mcu_fd_sc_mcu7t5v0__clkinv_1)
                                                         _305_ (net)
                      0.170679    0.000000    4.291241 v _329_/B (gf180mcu_fd_sc_mcu7t5v0__aoi21_1)
    12    0.060098    2.978632    1.923639    6.214880 ^ _329_/ZN (gf180mcu_fd_sc_mcu7t5v0__aoi21_1)
                                                         _045_ (net)
                      2.978632    0.000000    6.214880 ^ _358_/A1 (gf180mcu_fd_sc_mcu7t5v0__oai21_1)
     2    0.007005    0.712907    0.257271    6.472150 v _358_/ZN (gf180mcu_fd_sc_mcu7t5v0__oai21_1)
                                                         _070_ (net)
                      0.712907    0.000000    6.472150 v _359_/A3 (gf180mcu_fd_sc_mcu7t5v0__nand3_1)
    23    0.104929    3.338883    2.254059    8.726210 ^ _359_/ZN (gf180mcu_fd_sc_mcu7t5v0__nand3_1)
                                                         _071_ (net)
                      3.338883    0.000000    8.726210 ^ _360_/I (gf180mcu_fd_sc_mcu7t5v0__clkinv_1)
    23    0.096506    2.429390    2.111195   10.837404 v _360_/ZN (gf180mcu_fd_sc_mcu7t5v0__clkinv_1)
                                                         _029_ (net)
                      2.429390    0.000000   10.837404 v _516_/C (gf180mcu_fd_sc_mcu7t5v0__aoi211_1)
     1    0.003919    0.948887    0.971080   11.808484 ^ _516_/ZN (gf180mcu_fd_sc_mcu7t5v0__aoi211_1)
                                                         _220_ (net)
                      0.948887    0.000000   11.808484 ^ _517_/B (gf180mcu_fd_sc_mcu7t5v0__aoi21_1)
     2    0.009330    0.696896    0.450723   12.259208 v _517_/ZN (gf180mcu_fd_sc_mcu7t5v0__aoi21_1)
                                                         _221_ (net)
                      0.696896    0.000000   12.259208 v _518_/B1 (gf180mcu_fd_sc_mcu7t5v0__aoi22_1)
     1    0.003931    0.731502    0.547720   12.806928 ^ _518_/ZN (gf180mcu_fd_sc_mcu7t5v0__aoi22_1)
                                                         _222_ (net)
                      0.731502    0.000000   12.806928 ^ _520_/B (gf180mcu_fd_sc_mcu7t5v0__aoi211_1)
     2    0.009071    0.589431    0.459399   13.266326 v _520_/ZN (gf180mcu_fd_sc_mcu7t5v0__aoi211_1)
                                                         _224_ (net)
                      0.589431    0.000000   13.266326 v _528_/A1 (gf180mcu_fd_sc_mcu7t5v0__oai21_1)
     1    0.004554    0.518455    0.440544   13.706870 ^ _528_/ZN (gf180mcu_fd_sc_mcu7t5v0__oai21_1)
                                                         _232_ (net)
                      0.518455    0.000000   13.706870 ^ _531_/B (gf180mcu_fd_sc_mcu7t5v0__oai31_1)
     1    0.002361    0.399463    0.278565   13.985435 v _531_/ZN (gf180mcu_fd_sc_mcu7t5v0__oai31_1)
                                                         _004_ (net)
                      0.399463    0.000000   13.985435 v _622_/D (gf180mcu_fd_sc_mcu7t5v0__dffq_1)
                                             13.985435   data arrival time

                      0.150000   20.000000   20.000000   clock clk (rise edge)
                                  0.000000   20.000000   clock network delay (ideal)
                                 -0.250000   19.750002   clock uncertainty
                                  0.000000   19.750002   clock reconvergence pessimism
                                             19.750002 ^ _622_/CLK (gf180mcu_fd_sc_mcu7t5v0__dffq_1)
                                 -0.451642   19.298359   library setup time
                                             19.298359   data required time
---------------------------------------------------------------------------------------------
                                             19.298359   data required time
                                            -13.985435   data arrival time
---------------------------------------------------------------------------------------------
                                              5.312924   slack (MET)


Startpoint: uio_in[2] (input port clocked by clk)
Endpoint: _623_ (rising edge-triggered flip-flop clocked by clk)
Path Group: clk
Path Type: max

Fanout         Cap        Slew       Delay        Time   Description
---------------------------------------------------------------------------------------------
                      0.150000    0.000000    0.000000   clock clk (rise edge)
                                  0.000000    0.000000   clock network delay (ideal)
                                  4.000000    4.000000 ^ input external delay
     2    0.008784    0.280500    0.127152    4.127151 ^ uio_in[2] (in)
                                                         uio_in[2] (net)
                      0.280500    0.000000    4.127151 ^ _320_/I (gf180mcu_fd_sc_mcu7t5v0__clkinv_1)
     1    0.003919    0.170679    0.164089    4.291241 v _320_/ZN (gf180mcu_fd_sc_mcu7t5v0__clkinv_1)
                                                         _305_ (net)
                      0.170679    0.000000    4.291241 v _329_/B (gf180mcu_fd_sc_mcu7t5v0__aoi21_1)
    12    0.060098    2.978632    1.923639    6.214880 ^ _329_/ZN (gf180mcu_fd_sc_mcu7t5v0__aoi21_1)
                                                         _045_ (net)
                      2.978632    0.000000    6.214880 ^ _358_/A1 (gf180mcu_fd_sc_mcu7t5v0__oai21_1)
     2    0.007005    0.712907    0.257271    6.472150 v _358_/ZN (gf180mcu_fd_sc_mcu7t5v0__oai21_1)
                                                         _070_ (net)
                      0.712907    0.000000    6.472150 v _359_/A3 (gf180mcu_fd_sc_mcu7t5v0__nand3_1)
    23    0.104929    3.338883    2.254059    8.726210 ^ _359_/ZN (gf180mcu_fd_sc_mcu7t5v0__nand3_1)
                                                         _071_ (net)
                      3.338883    0.000000    8.726210 ^ _360_/I (gf180mcu_fd_sc_mcu7t5v0__clkinv_1)
    23    0.096506    2.429390    2.111195   10.837404 v _360_/ZN (gf180mcu_fd_sc_mcu7t5v0__clkinv_1)
                                                         _029_ (net)
                      2.429390    0.000000   10.837404 v _413_/B (gf180mcu_fd_sc_mcu7t5v0__aoi21_1)
     2    0.008576    0.900155    0.953747   11.791151 ^ _413_/ZN (gf180mcu_fd_sc_mcu7t5v0__aoi21_1)
                                                         _121_ (net)
                      0.900155    0.000000   11.791151 ^ _532_/B (gf180mcu_fd_sc_mcu7t5v0__aoi211_1)
     1    0.004009    0.812396    0.392345   12.183496 v _532_/ZN (gf180mcu_fd_sc_mcu7t5v0__aoi211_1)
                                                         _235_ (net)
                      0.812396    0.000000   12.183496 v _533_/A3 (gf180mcu_fd_sc_mcu7t5v0__nor3_1)
     1    0.004855    0.676606    0.614907   12.798404 ^ _533_/ZN (gf180mcu_fd_sc_mcu7t5v0__nor3_1)
                                                         _236_ (net)
                      0.676606    0.000000   12.798404 ^ _540_/A1 (gf180mcu_fd_sc_mcu7t5v0__oai21_1)
     1    0.004554    0.362076    0.225495   13.023899 v _540_/ZN (gf180mcu_fd_sc_mcu7t5v0__oai21_1)
                                                         _243_ (net)
                      0.362076    0.000000   13.023899 v _542_/B (gf180mcu_fd_sc_mcu7t5v0__oai31_1)
     1    0.002361    0.703473    0.368919   13.392817 ^ _542_/ZN (gf180mcu_fd_sc_mcu7t5v0__oai31_1)
                                                         _005_ (net)
                      0.703473    0.000000   13.392817 ^ _623_/D (gf180mcu_fd_sc_mcu7t5v0__dffq_1)
                                             13.392817   data arrival time

                      0.150000   20.000000   20.000000   clock clk (rise edge)
                                  0.000000   20.000000   clock network delay (ideal)
                                 -0.250000   19.750002   clock uncertainty
                                  0.000000   19.750002   clock reconvergence pessimism
                                             19.750002 ^ _623_/CLK (gf180mcu_fd_sc_mcu7t5v0__dffq_1)
                                 -0.431196   19.318806   library setup time
                                             19.318806   data required time
---------------------------------------------------------------------------------------------
                                             19.318806   data required time
                                            -13.392817   data arrival time
---------------------------------------------------------------------------------------------
                                              5.925987   slack (MET)


Startpoint: uio_in[2] (input port clocked by clk)
Endpoint: _624_ (rising edge-triggered flip-flop clocked by clk)
Path Group: clk
Path Type: max

Fanout         Cap        Slew       Delay        Time   Description
---------------------------------------------------------------------------------------------
                      0.150000    0.000000    0.000000   clock clk (rise edge)
                                  0.000000    0.000000   clock network delay (ideal)
                                  4.000000    4.000000 ^ input external delay
     2    0.008784    0.280500    0.127152    4.127151 ^ uio_in[2] (in)
                                                         uio_in[2] (net)
                      0.280500    0.000000    4.127151 ^ _320_/I (gf180mcu_fd_sc_mcu7t5v0__clkinv_1)
     1    0.003919    0.170679    0.164089    4.291241 v _320_/ZN (gf180mcu_fd_sc_mcu7t5v0__clkinv_1)
                                                         _305_ (net)
                      0.170679    0.000000    4.291241 v _329_/B (gf180mcu_fd_sc_mcu7t5v0__aoi21_1)
    12    0.060098    2.978632    1.923639    6.214880 ^ _329_/ZN (gf180mcu_fd_sc_mcu7t5v0__aoi21_1)
                                                         _045_ (net)
                      2.978632    0.000000    6.214880 ^ _355_/A2 (gf180mcu_fd_sc_mcu7t5v0__oai31_1)
     1    0.004190    0.746846    0.267878    6.482757 v _355_/ZN (gf180mcu_fd_sc_mcu7t5v0__oai31_1)
                                                         _068_ (net)
                      0.746846    0.000000    6.482757 v _356_/A3 (gf180mcu_fd_sc_mcu7t5v0__nand3_1)
    18    0.079194    2.577790    1.813607    8.296364 ^ _356_/ZN (gf180mcu_fd_sc_mcu7t5v0__nand3_1)
                                                         _069_ (net)
                      2.577790    0.000000    8.296364 ^ _357_/I (gf180mcu_fd_sc_mcu7t5v0__clkinv_1)
    23    0.095536    2.208443    1.925898   10.222261 v _357_/ZN (gf180mcu_fd_sc_mcu7t5v0__clkinv_1)
                                                         _030_ (net)
                      2.208443    0.000000   10.222261 v _515_/A1 (gf180mcu_fd_sc_mcu7t5v0__oai21_1)
     2    0.008911    0.856871    1.005729   11.227990 ^ _515_/ZN (gf180mcu_fd_sc_mcu7t5v0__oai21_1)
                                                         _219_ (net)
                      0.856871    0.000000   11.227990 ^ _537_/A2 (gf180mcu_fd_sc_mcu7t5v0__nor2_1)
     2    0.008530    0.391212    0.334074   11.562064 v _537_/ZN (gf180mcu_fd_sc_mcu7t5v0__nor2_1)
                                                         _240_ (net)
                      0.391212    0.000000   11.562064 v _543_/B (gf180mcu_fd_sc_mcu7t5v0__aoi21_1)
     1    0.009907    0.743705    0.618456   12.180521 ^ _543_/ZN (gf180mcu_fd_sc_mcu7t5v0__aoi21_1)
                                                         _245_ (net)
                      0.743705    0.000000   12.180521 ^ _545_/S (gf180mcu_fd_sc_mcu7t5v0__mux2_2)
     1    0.002361    0.162445    0.620222   12.800743 v _545_/Z (gf180mcu_fd_sc_mcu7t5v0__mux2_2)
                                                         _006_ (net)
                      0.162445    0.000000   12.800743 v _624_/D (gf180mcu_fd_sc_mcu7t5v0__dffq_1)
                                             12.800743   data arrival time

                      0.150000   20.000000   20.000000   clock clk (rise edge)
                                  0.000000   20.000000   clock network delay (ideal)
                                 -0.250000   19.750002   clock uncertainty
                                  0.000000   19.750002   clock reconvergence pessimism
                                             19.750002 ^ _624_/CLK (gf180mcu_fd_sc_mcu7t5v0__dffq_1)
                                 -0.387216   19.362783   library setup time
                                             19.362783   data required time
---------------------------------------------------------------------------------------------
                                             19.362783   data required time
                                            -12.800743   data arrival time
---------------------------------------------------------------------------------------------
                                              6.562041   slack (MET)


Startpoint: uio_in[2] (input port clocked by clk)
Endpoint: _645_ (rising edge-triggered flip-flop clocked by clk)
Path Group: clk
Path Type: max

Fanout         Cap        Slew       Delay        Time   Description
---------------------------------------------------------------------------------------------
                      0.150000    0.000000    0.000000   clock clk (rise edge)
                                  0.000000    0.000000   clock network delay (ideal)
                                  4.000000    4.000000 ^ input external delay
     2    0.008784    0.280500    0.127152    4.127151 ^ uio_in[2] (in)
                                                         uio_in[2] (net)
                      0.280500    0.000000    4.127151 ^ _320_/I (gf180mcu_fd_sc_mcu7t5v0__clkinv_1)
     1    0.003919    0.170679    0.164089    4.291241 v _320_/ZN (gf180mcu_fd_sc_mcu7t5v0__clkinv_1)
                                                         _305_ (net)
                      0.170679    0.000000    4.291241 v _329_/B (gf180mcu_fd_sc_mcu7t5v0__aoi21_1)
    12    0.060098    2.978632    1.923639    6.214880 ^ _329_/ZN (gf180mcu_fd_sc_mcu7t5v0__aoi21_1)
                                                         _045_ (net)
                      2.978632    0.000000    6.214880 ^ _358_/A1 (gf180mcu_fd_sc_mcu7t5v0__oai21_1)
     2    0.007005    0.712907    0.257271    6.472150 v _358_/ZN (gf180mcu_fd_sc_mcu7t5v0__oai21_1)
                                                         _070_ (net)
                      0.712907    0.000000    6.472150 v _359_/A3 (gf180mcu_fd_sc_mcu7t5v0__nand3_1)
    23    0.104929    3.338883    2.254059    8.726210 ^ _359_/ZN (gf180mcu_fd_sc_mcu7t5v0__nand3_1)
                                                         _071_ (net)
                      3.338883    0.000000    8.726210 ^ _360_/I (gf180mcu_fd_sc_mcu7t5v0__clkinv_1)
    23    0.096506    2.429390    2.111195   10.837404 v _360_/ZN (gf180mcu_fd_sc_mcu7t5v0__clkinv_1)
                                                         _029_ (net)
                      2.429390    0.000000   10.837404 v _645_/D (gf180mcu_fd_sc_mcu7t5v0__dffq_1)
                                             10.837404   data arrival time

                      0.150000   20.000000   20.000000   clock clk (rise edge)
                                  0.000000   20.000000   clock network delay (ideal)
                                 -0.250000   19.750002   clock uncertainty
                                  0.000000   19.750002   clock reconvergence pessimism
                                             19.750002 ^ _645_/CLK (gf180mcu_fd_sc_mcu7t5v0__dffq_1)
                                 -1.127844   18.622156   library setup time
                                             18.622156   data required time
---------------------------------------------------------------------------------------------
                                             18.622156   data required time
                                            -10.837404   data arrival time
---------------------------------------------------------------------------------------------
                                              7.784753   slack (MET)


Startpoint: uio_in[2] (input port clocked by clk)
Endpoint: _646_ (rising edge-triggered flip-flop clocked by clk)
Path Group: clk
Path Type: max

Fanout         Cap        Slew       Delay        Time   Description
---------------------------------------------------------------------------------------------
                      0.150000    0.000000    0.000000   clock clk (rise edge)
                                  0.000000    0.000000   clock network delay (ideal)
                                  4.000000    4.000000 ^ input external delay
     2    0.008784    0.280500    0.127152    4.127151 ^ uio_in[2] (in)
                                                         uio_in[2] (net)
                      0.280500    0.000000    4.127151 ^ _320_/I (gf180mcu_fd_sc_mcu7t5v0__clkinv_1)
     1    0.003919    0.170679    0.164089    4.291241 v _320_/ZN (gf180mcu_fd_sc_mcu7t5v0__clkinv_1)
                                                         _305_ (net)
                      0.170679    0.000000    4.291241 v _329_/B (gf180mcu_fd_sc_mcu7t5v0__aoi21_1)
    12    0.060098    2.978632    1.923639    6.214880 ^ _329_/ZN (gf180mcu_fd_sc_mcu7t5v0__aoi21_1)
                                                         _045_ (net)
                      2.978632    0.000000    6.214880 ^ _355_/A2 (gf180mcu_fd_sc_mcu7t5v0__oai31_1)
     1    0.004190    0.746846    0.267878    6.482757 v _355_/ZN (gf180mcu_fd_sc_mcu7t5v0__oai31_1)
                                                         _068_ (net)
                      0.746846    0.000000    6.482757 v _356_/A3 (gf180mcu_fd_sc_mcu7t5v0__nand3_1)
    18    0.079194    2.577790    1.813607    8.296364 ^ _356_/ZN (gf180mcu_fd_sc_mcu7t5v0__nand3_1)
                                                         _069_ (net)
                      2.577790    0.000000    8.296364 ^ _357_/I (gf180mcu_fd_sc_mcu7t5v0__clkinv_1)
    23    0.095536    2.208443    1.925898   10.222261 v _357_/ZN (gf180mcu_fd_sc_mcu7t5v0__clkinv_1)
                                                         _030_ (net)
                      2.208443    0.000000   10.222261 v _646_/D (gf180mcu_fd_sc_mcu7t5v0__dffq_1)
                                             10.222261   data arrival time

                      0.150000   20.000000   20.000000   clock clk (rise edge)
                                  0.000000   20.000000   clock network delay (ideal)
                                 -0.250000   19.750002   clock uncertainty
                                  0.000000   19.750002   clock reconvergence pessimism
                                             19.750002 ^ _646_/CLK (gf180mcu_fd_sc_mcu7t5v0__dffq_1)
                                 -1.059214   18.690786   library setup time
                                             18.690786   data required time
---------------------------------------------------------------------------------------------
                                             18.690786   data required time
                                            -10.222261   data arrival time
---------------------------------------------------------------------------------------------
                                              8.468525   slack (MET)


Startpoint: rst_n (input port clocked by clk)
Endpoint: _644_ (rising edge-triggered flip-flop clocked by clk)
Path Group: clk
Path Type: max

Fanout         Cap        Slew       Delay        Time   Description
---------------------------------------------------------------------------------------------
                      0.150000    0.000000    0.000000   clock clk (rise edge)
                                  0.000000    0.000000   clock network delay (ideal)
                                  4.000000    4.000000 ^ input external delay
    19    0.083844    2.060600    1.188567    5.188567 ^ rst_n (in)
                                                         rst_n (net)
                      2.060600    0.000000    5.188567 ^ _323_/I (gf180mcu_fd_sc_mcu7t5v0__clkinv_1)
    26    0.103126    2.218610    1.897664    7.086231 v _323_/ZN (gf180mcu_fd_sc_mcu7t5v0__clkinv_1)
                                                         _308_ (net)
                      2.218610    0.000000    7.086231 v _384_/B (gf180mcu_fd_sc_mcu7t5v0__aoi21_1)
     2    0.008883    0.884242    0.928319    8.014550 ^ _384_/ZN (gf180mcu_fd_sc_mcu7t5v0__aoi21_1)
                                                         _093_ (net)
                      0.884242    0.000000    8.014550 ^ _386_/A2 (gf180mcu_fd_sc_mcu7t5v0__nand2_1)
    16    0.073510    1.569438    1.115709    9.130260 v _386_/ZN (gf180mcu_fd_sc_mcu7t5v0__nand2_1)
                                                         _095_ (net)
                      1.569438    0.000000    9.130260 v _387_/I (gf180mcu_fd_sc_mcu7t5v0__clkinv_1)
    11    0.046738    1.289837    1.231706   10.361966 ^ _387_/ZN (gf180mcu_fd_sc_mcu7t5v0__clkinv_1)
                                                         _028_ (net)
                      1.289837    0.000000   10.361966 ^ _644_/D (gf180mcu_fd_sc_mcu7t5v0__dffq_1)
                                             10.361966   data arrival time

                      0.150000   20.000000   20.000000   clock clk (rise edge)
                                  0.000000   20.000000   clock network delay (ideal)
                                 -0.250000   19.750002   clock uncertainty
                                  0.000000   19.750002   clock reconvergence pessimism
                                             19.750002 ^ _644_/CLK (gf180mcu_fd_sc_mcu7t5v0__dffq_1)
                                 -0.449479   19.300522   library setup time
                                             19.300522   data required time
---------------------------------------------------------------------------------------------
                                             19.300522   data required time
                                            -10.361966   data arrival time
---------------------------------------------------------------------------------------------
                                              8.938557   slack (MET)


Startpoint: uio_in[2] (input port clocked by clk)
Endpoint: _625_ (rising edge-triggered flip-flop clocked by clk)
Path Group: clk
Path Type: max

Fanout         Cap        Slew       Delay        Time   Description
---------------------------------------------------------------------------------------------
                      0.150000    0.000000    0.000000   clock clk (rise edge)
                                  0.000000    0.000000   clock network delay (ideal)
                                  4.000000    4.000000 ^ input external delay
     2    0.008784    0.280500    0.127152    4.127151 ^ uio_in[2] (in)
                                                         uio_in[2] (net)
                      0.280500    0.000000    4.127151 ^ _320_/I (gf180mcu_fd_sc_mcu7t5v0__clkinv_1)
     1    0.003919    0.170679    0.164089    4.291241 v _320_/ZN (gf180mcu_fd_sc_mcu7t5v0__clkinv_1)
                                                         _305_ (net)
                      0.170679    0.000000    4.291241 v _329_/B (gf180mcu_fd_sc_mcu7t5v0__aoi21_1)
    12    0.060098    2.978632    1.923639    6.214880 ^ _329_/ZN (gf180mcu_fd_sc_mcu7t5v0__aoi21_1)
                                                         _045_ (net)
                      2.978632    0.000000    6.214880 ^ _358_/A1 (gf180mcu_fd_sc_mcu7t5v0__oai21_1)
     2    0.007005    0.712907    0.257271    6.472150 v _358_/ZN (gf180mcu_fd_sc_mcu7t5v0__oai21_1)
                                                         _070_ (net)
                      0.712907    0.000000    6.472150 v _359_/A3 (gf180mcu_fd_sc_mcu7t5v0__nand3_1)
    23    0.104929    3.338883    2.254059    8.726210 ^ _359_/ZN (gf180mcu_fd_sc_mcu7t5v0__nand3_1)
                                                         _071_ (net)
                      3.338883    0.000000    8.726210 ^ _425_/A2 (gf180mcu_fd_sc_mcu7t5v0__nand3_1)
     2    0.008552    0.839604    0.401754    9.127963 v _425_/ZN (gf180mcu_fd_sc_mcu7t5v0__nand3_1)
                                                         _133_ (net)
                      0.839604    0.000000    9.127963 v _426_/I (gf180mcu_fd_sc_mcu7t5v0__clkinv_1)
     2    0.009368    0.409738    0.420912    9.548876 ^ _426_/ZN (gf180mcu_fd_sc_mcu7t5v0__clkinv_1)
                                                         _134_ (net)
                      0.409738    0.000000    9.548876 ^ _544_/A2 (gf180mcu_fd_sc_mcu7t5v0__aoi21_1)
     2    0.008527    0.560250    0.246424    9.795300 v _544_/ZN (gf180mcu_fd_sc_mcu7t5v0__aoi21_1)
                                                         _246_ (net)
                      0.560250    0.000000    9.795300 v _550_/B (gf180mcu_fd_sc_mcu7t5v0__aoi21_1)
     1    0.002361    0.455913    0.443438   10.238738 ^ _550_/ZN (gf180mcu_fd_sc_mcu7t5v0__aoi21_1)
                                                         _009_ (net)
                      0.455913    0.000000   10.238738 ^ _625_/D (gf180mcu_fd_sc_mcu7t5v0__dffq_1)
                                             10.238738   data arrival time

                      0.150000   20.000000   20.000000   clock clk (rise edge)
                                  0.000000   20.000000   clock network delay (ideal)
                                 -0.250000   19.750002   clock uncertainty
                                  0.000000   19.750002   clock reconvergence pessimism
                                             19.750002 ^ _625_/CLK (gf180mcu_fd_sc_mcu7t5v0__dffq_1)
                                 -0.405669   19.344334   library setup time
                                             19.344334   data required time
---------------------------------------------------------------------------------------------
                                             19.344334   data required time
                                            -10.238738   data arrival time
---------------------------------------------------------------------------------------------
                                              9.105595   slack (MET)


Startpoint: uio_in[2] (input port clocked by clk)
Endpoint: _649_ (rising edge-triggered flip-flop clocked by clk)
Path Group: clk
Path Type: max

Fanout         Cap        Slew       Delay        Time   Description
---------------------------------------------------------------------------------------------
                      0.150000    0.000000    0.000000   clock clk (rise edge)
                                  0.000000    0.000000   clock network delay (ideal)
                                  4.000000    4.000000 ^ input external delay
     2    0.008784    0.280500    0.127152    4.127151 ^ uio_in[2] (in)
                                                         uio_in[2] (net)
                      0.280500    0.000000    4.127151 ^ _320_/I (gf180mcu_fd_sc_mcu7t5v0__clkinv_1)
     1    0.003919    0.170679    0.164089    4.291241 v _320_/ZN (gf180mcu_fd_sc_mcu7t5v0__clkinv_1)
                                                         _305_ (net)
                      0.170679    0.000000    4.291241 v _329_/B (gf180mcu_fd_sc_mcu7t5v0__aoi21_1)
    12    0.060098    2.978632    1.923639    6.214880 ^ _329_/ZN (gf180mcu_fd_sc_mcu7t5v0__aoi21_1)
                                                         _045_ (net)
                      2.978632    0.000000    6.214880 ^ _339_/A3 (gf180mcu_fd_sc_mcu7t5v0__nor4_1)
     2    0.008600    0.987177    0.624547    6.839426 v _339_/ZN (gf180mcu_fd_sc_mcu7t5v0__nor4_1)
                                                         _055_ (net)
                      0.987177    0.000000    6.839426 v _342_/A3 (gf180mcu_fd_sc_mcu7t5v0__nand3_1)
     3    0.011229    0.654561    0.696354    7.535780 ^ _342_/ZN (gf180mcu_fd_sc_mcu7t5v0__nand3_1)
                                                         _058_ (net)
                      0.654561    0.000000    7.535780 ^ _344_/A2 (gf180mcu_fd_sc_mcu7t5v0__or2_1)
     1    0.004190    0.197204    0.428770    7.964550 ^ _344_/Z (gf180mcu_fd_sc_mcu7t5v0__or2_1)
                                                         _060_ (net)
                      0.197204    0.000000    7.964550 ^ _345_/A3 (gf180mcu_fd_sc_mcu7t5v0__nand3_1)
     7    0.031547    1.287785    0.701541    8.666091 v _345_/ZN (gf180mcu_fd_sc_mcu7t5v0__nand3_1)
                                                         _061_ (net)
                      1.287785    0.000000    8.666091 v _346_/I (gf180mcu_fd_sc_mcu7t5v0__clkinv_1)
    10    0.042203    1.144107    1.077132    9.743223 ^ _346_/ZN (gf180mcu_fd_sc_mcu7t5v0__clkinv_1)
                                                         _033_ (net)
                      1.144107    0.000000    9.743223 ^ _649_/D (gf180mcu_fd_sc_mcu7t5v0__dffq_1)
                                              9.743223   data arrival time

                      0.150000   20.000000   20.000000   clock clk (rise edge)
                                  0.000000   20.000000   clock network delay (ideal)
                                 -0.250000   19.750002   clock uncertainty
                                  0.000000   19.750002   clock reconvergence pessimism
                                             19.750002 ^ _649_/CLK (gf180mcu_fd_sc_mcu7t5v0__dffq_1)
                                 -0.444936   19.305067   library setup time
                                             19.305067   data required time
---------------------------------------------------------------------------------------------
                                             19.305067   data required time
                                             -9.743223   data arrival time
---------------------------------------------------------------------------------------------
                                              9.561843   slack (MET)


Startpoint: uio_in[2] (input port clocked by clk)
Endpoint: _647_ (rising edge-triggered flip-flop clocked by clk)
Path Group: clk
Path Type: max

Fanout         Cap        Slew       Delay        Time   Description
---------------------------------------------------------------------------------------------
                      0.150000    0.000000    0.000000   clock clk (rise edge)
                                  0.000000    0.000000   clock network delay (ideal)
                                  4.000000    4.000000 ^ input external delay
     2    0.008784    0.280500    0.127152    4.127151 ^ uio_in[2] (in)
                                                         uio_in[2] (net)
                      0.280500    0.000000    4.127151 ^ _320_/I (gf180mcu_fd_sc_mcu7t5v0__clkinv_1)
     1    0.003919    0.170679    0.164089    4.291241 v _320_/ZN (gf180mcu_fd_sc_mcu7t5v0__clkinv_1)
                                                         _305_ (net)
                      0.170679    0.000000    4.291241 v _329_/B (gf180mcu_fd_sc_mcu7t5v0__aoi21_1)
    12    0.060098    2.978632    1.923639    6.214880 ^ _329_/ZN (gf180mcu_fd_sc_mcu7t5v0__aoi21_1)
                                                         _045_ (net)
                      2.978632    0.000000    6.214880 ^ _339_/A3 (gf180mcu_fd_sc_mcu7t5v0__nor4_1)
     2    0.008600    0.987177    0.624547    6.839426 v _339_/ZN (gf180mcu_fd_sc_mcu7t5v0__nor4_1)
                                                         _055_ (net)
                      0.987177    0.000000    6.839426 v _341_/A2 (gf180mcu_fd_sc_mcu7t5v0__nand2_1)
     1    0.004088    0.375074    0.447954    7.287380 ^ _341_/ZN (gf180mcu_fd_sc_mcu7t5v0__nand2_1)
                                                         _057_ (net)
                      0.375074    0.000000    7.287380 ^ _348_/A2 (gf180mcu_fd_sc_mcu7t5v0__nand3_1)
     9    0.037974    1.442049    0.825811    8.113192 v _348_/ZN (gf180mcu_fd_sc_mcu7t5v0__nand3_1)
                                                         _063_ (net)
                      1.442049    0.000000    8.113192 v _349_/I (gf180mcu_fd_sc_mcu7t5v0__clkinv_1)
    12    0.049318    1.311963    1.230689    9.343881 ^ _349_/ZN (gf180mcu_fd_sc_mcu7t5v0__clkinv_1)
                                                         _031_ (net)
                      1.311963    0.000000    9.343881 ^ _647_/D (gf180mcu_fd_sc_mcu7t5v0__dffq_1)
                                              9.343881   data arrival time

                      0.150000   20.000000   20.000000   clock clk (rise edge)
                                  0.000000   20.000000   clock network delay (ideal)
                                 -0.250000   19.750002   clock uncertainty
                                  0.000000   19.750002   clock reconvergence pessimism
                                             19.750002 ^ _647_/CLK (gf180mcu_fd_sc_mcu7t5v0__dffq_1)
                                 -0.449666   19.300335   library setup time
                                             19.300335   data required time
---------------------------------------------------------------------------------------------
                                             19.300335   data required time
                                             -9.343881   data arrival time
---------------------------------------------------------------------------------------------
                                              9.956453   slack (MET)


Startpoint: uio_in[2] (input port clocked by clk)
Endpoint: _648_ (rising edge-triggered flip-flop clocked by clk)
Path Group: clk
Path Type: max

Fanout         Cap        Slew       Delay        Time   Description
---------------------------------------------------------------------------------------------
                      0.150000    0.000000    0.000000   clock clk (rise edge)
                                  0.000000    0.000000   clock network delay (ideal)
                                  4.000000    4.000000 ^ input external delay
     2    0.008784    0.280500    0.127152    4.127151 ^ uio_in[2] (in)
                                                         uio_in[2] (net)
                      0.280500    0.000000    4.127151 ^ _320_/I (gf180mcu_fd_sc_mcu7t5v0__clkinv_1)
     1    0.003919    0.170679    0.164089    4.291241 v _320_/ZN (gf180mcu_fd_sc_mcu7t5v0__clkinv_1)
                                                         _305_ (net)
                      0.170679    0.000000    4.291241 v _329_/B (gf180mcu_fd_sc_mcu7t5v0__aoi21_1)
    12    0.060098    2.978632    1.923639    6.214880 ^ _329_/ZN (gf180mcu_fd_sc_mcu7t5v0__aoi21_1)
                                                         _045_ (net)
                      2.978632    0.000000    6.214880 ^ _339_/A3 (gf180mcu_fd_sc_mcu7t5v0__nor4_1)
     2    0.008600    0.987177    0.624547    6.839426 v _339_/ZN (gf180mcu_fd_sc_mcu7t5v0__nor4_1)
                                                         _055_ (net)
                      0.987177    0.000000    6.839426 v _342_/A3 (gf180mcu_fd_sc_mcu7t5v0__nand3_1)
     3    0.011229    0.654561    0.696354    7.535780 ^ _342_/ZN (gf180mcu_fd_sc_mcu7t5v0__nand3_1)
                                                         _058_ (net)
                      0.654561    0.000000    7.535780 ^ _351_/A2 (gf180mcu_fd_sc_mcu7t5v0__nand3_1)
     6    0.025895    1.152124    0.660771    8.196551 v _351_/ZN (gf180mcu_fd_sc_mcu7t5v0__nand3_1)
                                                         _065_ (net)
                      1.152124    0.000000    8.196551 v _352_/I (gf180mcu_fd_sc_mcu7t5v0__clkinv_1)
     8    0.032109    0.924064    0.885472    9.082024 ^ _352_/ZN (gf180mcu_fd_sc_mcu7t5v0__clkinv_1)
                                                         _032_ (net)
                      0.924064    0.000000    9.082024 ^ _648_/D (gf180mcu_fd_sc_mcu7t5v0__dffq_1)
                                              9.082024   data arrival time

                      0.150000   20.000000   20.000000   clock clk (rise edge)
                                  0.000000   20.000000   clock network delay (ideal)
                                 -0.250000   19.750002   clock uncertainty
                                  0.000000   19.750002   clock reconvergence pessimism
                                             19.750002 ^ _648_/CLK (gf180mcu_fd_sc_mcu7t5v0__dffq_1)
                                 -0.438075   19.311926   library setup time
                                             19.311926   data required time
---------------------------------------------------------------------------------------------
                                             19.311926   data required time
                                             -9.082024   data arrival time
---------------------------------------------------------------------------------------------
                                             10.229903   slack (MET)


Startpoint: rst_n (input port clocked by clk)
Endpoint: _653_ (rising edge-triggered flip-flop clocked by clk)
Path Group: clk
Path Type: max

Fanout         Cap        Slew       Delay        Time   Description
---------------------------------------------------------------------------------------------
                      0.150000    0.000000    0.000000   clock clk (rise edge)
                                  0.000000    0.000000   clock network delay (ideal)
                                  4.000000    4.000000 ^ input external delay
    19    0.083844    2.060600    1.188567    5.188567 ^ rst_n (in)
                                                         rst_n (net)
                      2.060600    0.000000    5.188567 ^ _323_/I (gf180mcu_fd_sc_mcu7t5v0__clkinv_1)
    26    0.103126    2.218610    1.897664    7.086231 v _323_/ZN (gf180mcu_fd_sc_mcu7t5v0__clkinv_1)
                                                         _308_ (net)
                      2.218610    0.000000    7.086231 v _611_/A1 (gf180mcu_fd_sc_mcu7t5v0__nor2_1)
     1    0.002753    0.553871    0.717647    7.803878 ^ _611_/ZN (gf180mcu_fd_sc_mcu7t5v0__nor2_1)
                                                         _290_ (net)
                      0.553871    0.000000    7.803878 ^ _612_/A2 (gf180mcu_fd_sc_mcu7t5v0__and2_1)
     1    0.002361    0.172173    0.418951    8.222829 ^ _612_/Z (gf180mcu_fd_sc_mcu7t5v0__and2_1)
                                                         _037_ (net)
                      0.172173    0.000000    8.222829 ^ _653_/D (gf180mcu_fd_sc_mcu7t5v0__dffq_1)
                                              8.222829   data arrival time

                      0.150000   20.000000   20.000000   clock clk (rise edge)
                                  0.000000   20.000000   clock network delay (ideal)
                                 -0.250000   19.750002   clock uncertainty
                                  0.000000   19.750002   clock reconvergence pessimism
                                             19.750002 ^ _653_/CLK (gf180mcu_fd_sc_mcu7t5v0__dffq_1)
                                 -0.363081   19.386919   library setup time
                                             19.386919   data required time
---------------------------------------------------------------------------------------------
                                             19.386919   data required time
                                             -8.222829   data arrival time
---------------------------------------------------------------------------------------------
                                             11.164090   slack (MET)


Startpoint: rst_n (input port clocked by clk)
Endpoint: _626_ (rising edge-triggered flip-flop clocked by clk)
Path Group: clk
Path Type: max

Fanout         Cap        Slew       Delay        Time   Description
---------------------------------------------------------------------------------------------
                      0.150000    0.000000    0.000000   clock clk (rise edge)
                                  0.000000    0.000000   clock network delay (ideal)
                                  4.000000    4.000000 ^ input external delay
    19    0.083844    2.060600    1.188567    5.188567 ^ rst_n (in)
                                                         rst_n (net)
                      2.060600    0.000000    5.188567 ^ _323_/I (gf180mcu_fd_sc_mcu7t5v0__clkinv_1)
    26    0.103126    2.218610    1.897664    7.086231 v _323_/ZN (gf180mcu_fd_sc_mcu7t5v0__clkinv_1)
                                                         _308_ (net)
                      2.218610    0.000000    7.086231 v _559_/B (gf180mcu_fd_sc_mcu7t5v0__aoi21_1)
     1    0.002361    0.623113    0.712210    7.798441 ^ _559_/ZN (gf180mcu_fd_sc_mcu7t5v0__aoi21_1)
                                                         _010_ (net)
                      0.623113    0.000000    7.798441 ^ _626_/D (gf180mcu_fd_sc_mcu7t5v0__dffq_1)
                                              7.798441   data arrival time

                      0.150000   20.000000   20.000000   clock clk (rise edge)
                                  0.000000   20.000000   clock network delay (ideal)
                                 -0.250000   19.750002   clock uncertainty
                                  0.000000   19.750002   clock reconvergence pessimism
                                             19.750002 ^ _626_/CLK (gf180mcu_fd_sc_mcu7t5v0__dffq_1)
                                 -0.423931   19.326071   library setup time
                                             19.326071   data required time
---------------------------------------------------------------------------------------------
                                             19.326071   data required time
                                             -7.798441   data arrival time
---------------------------------------------------------------------------------------------
                                             11.527629   slack (MET)


Startpoint: rst_n (input port clocked by clk)
Endpoint: _627_ (rising edge-triggered flip-flop clocked by clk)
Path Group: clk
Path Type: max

Fanout         Cap        Slew       Delay        Time   Description
---------------------------------------------------------------------------------------------
                      0.150000    0.000000    0.000000   clock clk (rise edge)
                                  0.000000    0.000000   clock network delay (ideal)
                                  4.000000    4.000000 ^ input external delay
    19    0.083844    2.060600    1.188567    5.188567 ^ rst_n (in)
                                                         rst_n (net)
                      2.060600    0.000000    5.188567 ^ _323_/I (gf180mcu_fd_sc_mcu7t5v0__clkinv_1)
    26    0.103126    2.218610    1.897664    7.086231 v _323_/ZN (gf180mcu_fd_sc_mcu7t5v0__clkinv_1)
                                                         _308_ (net)
                      2.218610    0.000000    7.086231 v _563_/B (gf180mcu_fd_sc_mcu7t5v0__aoi21_1)
     1    0.002361    0.623113    0.712210    7.798441 ^ _563_/ZN (gf180mcu_fd_sc_mcu7t5v0__aoi21_1)
                                                         _011_ (net)
                      0.623113    0.000000    7.798441 ^ _627_/D (gf180mcu_fd_sc_mcu7t5v0__dffq_1)
                                              7.798441   data arrival time

                      0.150000   20.000000   20.000000   clock clk (rise edge)
                                  0.000000   20.000000   clock network delay (ideal)
                                 -0.250000   19.750002   clock uncertainty
                                  0.000000   19.750002   clock reconvergence pessimism
                                             19.750002 ^ _627_/CLK (gf180mcu_fd_sc_mcu7t5v0__dffq_1)
                                 -0.423931   19.326071   library setup time
                                             19.326071   data required time
---------------------------------------------------------------------------------------------
                                             19.326071   data required time
                                             -7.798441   data arrival time
---------------------------------------------------------------------------------------------
                                             11.527629   slack (MET)


Startpoint: rst_n (input port clocked by clk)
Endpoint: _628_ (rising edge-triggered flip-flop clocked by clk)
Path Group: clk
Path Type: max

Fanout         Cap        Slew       Delay        Time   Description
---------------------------------------------------------------------------------------------
                      0.150000    0.000000    0.000000   clock clk (rise edge)
                                  0.000000    0.000000   clock network delay (ideal)
                                  4.000000    4.000000 ^ input external delay
    19    0.083844    2.060600    1.188567    5.188567 ^ rst_n (in)
                                                         rst_n (net)
                      2.060600    0.000000    5.188567 ^ _323_/I (gf180mcu_fd_sc_mcu7t5v0__clkinv_1)
    26    0.103126    2.218610    1.897664    7.086231 v _323_/ZN (gf180mcu_fd_sc_mcu7t5v0__clkinv_1)
                                                         _308_ (net)
                      2.218610    0.000000    7.086231 v _567_/B (gf180mcu_fd_sc_mcu7t5v0__aoi21_1)
     1    0.002361    0.623113    0.712210    7.798441 ^ _567_/ZN (gf180mcu_fd_sc_mcu7t5v0__aoi21_1)
                                                         _012_ (net)
                      0.623113    0.000000    7.798441 ^ _628_/D (gf180mcu_fd_sc_mcu7t5v0__dffq_1)
                                              7.798441   data arrival time

                      0.150000   20.000000   20.000000   clock clk (rise edge)
                                  0.000000   20.000000   clock network delay (ideal)
                                 -0.250000   19.750002   clock uncertainty
                                  0.000000   19.750002   clock reconvergence pessimism
                                             19.750002 ^ _628_/CLK (gf180mcu_fd_sc_mcu7t5v0__dffq_1)
                                 -0.423931   19.326071   library setup time
                                             19.326071   data required time
---------------------------------------------------------------------------------------------
                                             19.326071   data required time
                                             -7.798441   data arrival time
---------------------------------------------------------------------------------------------
                                             11.527629   slack (MET)


Startpoint: rst_n (input port clocked by clk)
Endpoint: _629_ (rising edge-triggered flip-flop clocked by clk)
Path Group: clk
Path Type: max

Fanout         Cap        Slew       Delay        Time   Description
---------------------------------------------------------------------------------------------
                      0.150000    0.000000    0.000000   clock clk (rise edge)
                                  0.000000    0.000000   clock network delay (ideal)
                                  4.000000    4.000000 ^ input external delay
    19    0.083844    2.060600    1.188567    5.188567 ^ rst_n (in)
                                                         rst_n (net)
                      2.060600    0.000000    5.188567 ^ _323_/I (gf180mcu_fd_sc_mcu7t5v0__clkinv_1)
    26    0.103126    2.218610    1.897664    7.086231 v _323_/ZN (gf180mcu_fd_sc_mcu7t5v0__clkinv_1)
                                                         _308_ (net)
                      2.218610    0.000000    7.086231 v _571_/B (gf180mcu_fd_sc_mcu7t5v0__aoi21_1)
     1    0.002361    0.623113    0.712210    7.798441 ^ _571_/ZN (gf180mcu_fd_sc_mcu7t5v0__aoi21_1)
                                                         _013_ (net)
                      0.623113    0.000000    7.798441 ^ _629_/D (gf180mcu_fd_sc_mcu7t5v0__dffq_1)
                                              7.798441   data arrival time

                      0.150000   20.000000   20.000000   clock clk (rise edge)
                                  0.000000   20.000000   clock network delay (ideal)
                                 -0.250000   19.750002   clock uncertainty
                                  0.000000   19.750002   clock reconvergence pessimism
                                             19.750002 ^ _629_/CLK (gf180mcu_fd_sc_mcu7t5v0__dffq_1)
                                 -0.423931   19.326071   library setup time
                                             19.326071   data required time
---------------------------------------------------------------------------------------------
                                             19.326071   data required time
                                             -7.798441   data arrival time
---------------------------------------------------------------------------------------------
                                             11.527629   slack (MET)


Startpoint: rst_n (input port clocked by clk)
Endpoint: _630_ (rising edge-triggered flip-flop clocked by clk)
Path Group: clk
Path Type: max

Fanout         Cap        Slew       Delay        Time   Description
---------------------------------------------------------------------------------------------
                      0.150000    0.000000    0.000000   clock clk (rise edge)
                                  0.000000    0.000000   clock network delay (ideal)
                                  4.000000    4.000000 ^ input external delay
    19    0.083844    2.060600    1.188567    5.188567 ^ rst_n (in)
                                                         rst_n (net)
                      2.060600    0.000000    5.188567 ^ _323_/I (gf180mcu_fd_sc_mcu7t5v0__clkinv_1)
    26    0.103126    2.218610    1.897664    7.086231 v _323_/ZN (gf180mcu_fd_sc_mcu7t5v0__clkinv_1)
                                                         _308_ (net)
                      2.218610    0.000000    7.086231 v _575_/B (gf180mcu_fd_sc_mcu7t5v0__aoi21_1)
     1    0.002361    0.623113    0.712210    7.798441 ^ _575_/ZN (gf180mcu_fd_sc_mcu7t5v0__aoi21_1)
                                                         _014_ (net)
                      0.623113    0.000000    7.798441 ^ _630_/D (gf180mcu_fd_sc_mcu7t5v0__dffq_1)
                                              7.798441   data arrival time

                      0.150000   20.000000   20.000000   clock clk (rise edge)
                                  0.000000   20.000000   clock network delay (ideal)
                                 -0.250000   19.750002   clock uncertainty
                                  0.000000   19.750002   clock reconvergence pessimism
                                             19.750002 ^ _630_/CLK (gf180mcu_fd_sc_mcu7t5v0__dffq_1)
                                 -0.423931   19.326071   library setup time
                                             19.326071   data required time
---------------------------------------------------------------------------------------------
                                             19.326071   data required time
                                             -7.798441   data arrival time
---------------------------------------------------------------------------------------------
                                             11.527629   slack (MET)


Startpoint: rst_n (input port clocked by clk)
Endpoint: _631_ (rising edge-triggered flip-flop clocked by clk)
Path Group: clk
Path Type: max

Fanout         Cap        Slew       Delay        Time   Description
---------------------------------------------------------------------------------------------
                      0.150000    0.000000    0.000000   clock clk (rise edge)
                                  0.000000    0.000000   clock network delay (ideal)
                                  4.000000    4.000000 ^ input external delay
    19    0.083844    2.060600    1.188567    5.188567 ^ rst_n (in)
                                                         rst_n (net)
                      2.060600    0.000000    5.188567 ^ _323_/I (gf180mcu_fd_sc_mcu7t5v0__clkinv_1)
    26    0.103126    2.218610    1.897664    7.086231 v _323_/ZN (gf180mcu_fd_sc_mcu7t5v0__clkinv_1)
                                                         _308_ (net)
                      2.218610    0.000000    7.086231 v _579_/B (gf180mcu_fd_sc_mcu7t5v0__aoi21_1)
     1    0.002361    0.623113    0.712210    7.798441 ^ _579_/ZN (gf180mcu_fd_sc_mcu7t5v0__aoi21_1)
                                                         _015_ (net)
                      0.623113    0.000000    7.798441 ^ _631_/D (gf180mcu_fd_sc_mcu7t5v0__dffq_1)
                                              7.798441   data arrival time

                      0.150000   20.000000   20.000000   clock clk (rise edge)
                                  0.000000   20.000000   clock network delay (ideal)
                                 -0.250000   19.750002   clock uncertainty
                                  0.000000   19.750002   clock reconvergence pessimism
                                             19.750002 ^ _631_/CLK (gf180mcu_fd_sc_mcu7t5v0__dffq_1)
                                 -0.423931   19.326071   library setup time
                                             19.326071   data required time
---------------------------------------------------------------------------------------------
                                             19.326071   data required time
                                             -7.798441   data arrival time
---------------------------------------------------------------------------------------------
                                             11.527629   slack (MET)


Startpoint: rst_n (input port clocked by clk)
Endpoint: _632_ (rising edge-triggered flip-flop clocked by clk)
Path Group: clk
Path Type: max

Fanout         Cap        Slew       Delay        Time   Description
---------------------------------------------------------------------------------------------
                      0.150000    0.000000    0.000000   clock clk (rise edge)
                                  0.000000    0.000000   clock network delay (ideal)
                                  4.000000    4.000000 ^ input external delay
    19    0.083844    2.060600    1.188567    5.188567 ^ rst_n (in)
                                                         rst_n (net)
                      2.060600    0.000000    5.188567 ^ _323_/I (gf180mcu_fd_sc_mcu7t5v0__clkinv_1)
    26    0.103126    2.218610    1.897664    7.086231 v _323_/ZN (gf180mcu_fd_sc_mcu7t5v0__clkinv_1)
                                                         _308_ (net)
                      2.218610    0.000000    7.086231 v _583_/B (gf180mcu_fd_sc_mcu7t5v0__aoi21_1)
     1    0.002361    0.623113    0.712210    7.798441 ^ _583_/ZN (gf180mcu_fd_sc_mcu7t5v0__aoi21_1)
                                                         _016_ (net)
                      0.623113    0.000000    7.798441 ^ _632_/D (gf180mcu_fd_sc_mcu7t5v0__dffq_1)
                                              7.798441   data arrival time

                      0.150000   20.000000   20.000000   clock clk (rise edge)
                                  0.000000   20.000000   clock network delay (ideal)
                                 -0.250000   19.750002   clock uncertainty
                                  0.000000   19.750002   clock reconvergence pessimism
                                             19.750002 ^ _632_/CLK (gf180mcu_fd_sc_mcu7t5v0__dffq_1)
                                 -0.423931   19.326071   library setup time
                                             19.326071   data required time
---------------------------------------------------------------------------------------------
                                             19.326071   data required time
                                             -7.798441   data arrival time
---------------------------------------------------------------------------------------------
                                             11.527629   slack (MET)


Startpoint: rst_n (input port clocked by clk)
Endpoint: _633_ (rising edge-triggered flip-flop clocked by clk)
Path Group: clk
Path Type: max

Fanout         Cap        Slew       Delay        Time   Description
---------------------------------------------------------------------------------------------
                      0.150000    0.000000    0.000000   clock clk (rise edge)
                                  0.000000    0.000000   clock network delay (ideal)
                                  4.000000    4.000000 ^ input external delay
    19    0.083844    2.060600    1.188567    5.188567 ^ rst_n (in)
                                                         rst_n (net)
                      2.060600    0.000000    5.188567 ^ _323_/I (gf180mcu_fd_sc_mcu7t5v0__clkinv_1)
    26    0.103126    2.218610    1.897664    7.086231 v _323_/ZN (gf180mcu_fd_sc_mcu7t5v0__clkinv_1)
                                                         _308_ (net)
                      2.218610    0.000000    7.086231 v _587_/B (gf180mcu_fd_sc_mcu7t5v0__aoi21_1)
     1    0.002361    0.623113    0.712210    7.798441 ^ _587_/ZN (gf180mcu_fd_sc_mcu7t5v0__aoi21_1)
                                                         _017_ (net)
                      0.623113    0.000000    7.798441 ^ _633_/D (gf180mcu_fd_sc_mcu7t5v0__dffq_1)
                                              7.798441   data arrival time

                      0.150000   20.000000   20.000000   clock clk (rise edge)
                                  0.000000   20.000000   clock network delay (ideal)
                                 -0.250000   19.750002   clock uncertainty
                                  0.000000   19.750002   clock reconvergence pessimism
                                             19.750002 ^ _633_/CLK (gf180mcu_fd_sc_mcu7t5v0__dffq_1)
                                 -0.423931   19.326071   library setup time
                                             19.326071   data required time
---------------------------------------------------------------------------------------------
                                             19.326071   data required time
                                             -7.798441   data arrival time
---------------------------------------------------------------------------------------------
                                             11.527629   slack (MET)


Startpoint: rst_n (input port clocked by clk)
Endpoint: _634_ (rising edge-triggered flip-flop clocked by clk)
Path Group: clk
Path Type: max

Fanout         Cap        Slew       Delay        Time   Description
---------------------------------------------------------------------------------------------
                      0.150000    0.000000    0.000000   clock clk (rise edge)
                                  0.000000    0.000000   clock network delay (ideal)
                                  4.000000    4.000000 ^ input external delay
    19    0.083844    2.060600    1.188567    5.188567 ^ rst_n (in)
                                                         rst_n (net)
                      2.060600    0.000000    5.188567 ^ _323_/I (gf180mcu_fd_sc_mcu7t5v0__clkinv_1)
    26    0.103126    2.218610    1.897664    7.086231 v _323_/ZN (gf180mcu_fd_sc_mcu7t5v0__clkinv_1)
                                                         _308_ (net)
                      2.218610    0.000000    7.086231 v _589_/B (gf180mcu_fd_sc_mcu7t5v0__aoi21_1)
     1    0.002361    0.623113    0.712210    7.798441 ^ _589_/ZN (gf180mcu_fd_sc_mcu7t5v0__aoi21_1)
                                                         _018_ (net)
                      0.623113    0.000000    7.798441 ^ _634_/D (gf180mcu_fd_sc_mcu7t5v0__dffq_1)
                                              7.798441   data arrival time

                      0.150000   20.000000   20.000000   clock clk (rise edge)
                                  0.000000   20.000000   clock network delay (ideal)
                                 -0.250000   19.750002   clock uncertainty
                                  0.000000   19.750002   clock reconvergence pessimism
                                             19.750002 ^ _634_/CLK (gf180mcu_fd_sc_mcu7t5v0__dffq_1)
                                 -0.423931   19.326071   library setup time
                                             19.326071   data required time
---------------------------------------------------------------------------------------------
                                             19.326071   data required time
                                             -7.798441   data arrival time
---------------------------------------------------------------------------------------------
                                             11.527629   slack (MET)


Startpoint: rst_n (input port clocked by clk)
Endpoint: _635_ (rising edge-triggered flip-flop clocked by clk)
Path Group: clk
Path Type: max

Fanout         Cap        Slew       Delay        Time   Description
---------------------------------------------------------------------------------------------
                      0.150000    0.000000    0.000000   clock clk (rise edge)
                                  0.000000    0.000000   clock network delay (ideal)
                                  4.000000    4.000000 ^ input external delay
    19    0.083844    2.060600    1.188567    5.188567 ^ rst_n (in)
                                                         rst_n (net)
                      2.060600    0.000000    5.188567 ^ _323_/I (gf180mcu_fd_sc_mcu7t5v0__clkinv_1)
    26    0.103126    2.218610    1.897664    7.086231 v _323_/ZN (gf180mcu_fd_sc_mcu7t5v0__clkinv_1)
                                                         _308_ (net)
                      2.218610    0.000000    7.086231 v _591_/B (gf180mcu_fd_sc_mcu7t5v0__aoi21_1)
     1    0.002361    0.623113    0.712210    7.798441 ^ _591_/ZN (gf180mcu_fd_sc_mcu7t5v0__aoi21_1)
                                                         _019_ (net)
                      0.623113    0.000000    7.798441 ^ _635_/D (gf180mcu_fd_sc_mcu7t5v0__dffq_1)
                                              7.798441   data arrival time

                      0.150000   20.000000   20.000000   clock clk (rise edge)
                                  0.000000   20.000000   clock network delay (ideal)
                                 -0.250000   19.750002   clock uncertainty
                                  0.000000   19.750002   clock reconvergence pessimism
                                             19.750002 ^ _635_/CLK (gf180mcu_fd_sc_mcu7t5v0__dffq_1)
                                 -0.423931   19.326071   library setup time
                                             19.326071   data required time
---------------------------------------------------------------------------------------------
                                             19.326071   data required time
                                             -7.798441   data arrival time
---------------------------------------------------------------------------------------------
                                             11.527629   slack (MET)


Startpoint: rst_n (input port clocked by clk)
Endpoint: _636_ (rising edge-triggered flip-flop clocked by clk)
Path Group: clk
Path Type: max

Fanout         Cap        Slew       Delay        Time   Description
---------------------------------------------------------------------------------------------
                      0.150000    0.000000    0.000000   clock clk (rise edge)
                                  0.000000    0.000000   clock network delay (ideal)
                                  4.000000    4.000000 ^ input external delay
    19    0.083844    2.060600    1.188567    5.188567 ^ rst_n (in)
                                                         rst_n (net)
                      2.060600    0.000000    5.188567 ^ _323_/I (gf180mcu_fd_sc_mcu7t5v0__clkinv_1)
    26    0.103126    2.218610    1.897664    7.086231 v _323_/ZN (gf180mcu_fd_sc_mcu7t5v0__clkinv_1)
                                                         _308_ (net)
                      2.218610    0.000000    7.086231 v _593_/B (gf180mcu_fd_sc_mcu7t5v0__aoi21_1)
     1    0.002361    0.623113    0.712210    7.798441 ^ _593_/ZN (gf180mcu_fd_sc_mcu7t5v0__aoi21_1)
                                                         _020_ (net)
                      0.623113    0.000000    7.798441 ^ _636_/D (gf180mcu_fd_sc_mcu7t5v0__dffq_1)
                                              7.798441   data arrival time

                      0.150000   20.000000   20.000000   clock clk (rise edge)
                                  0.000000   20.000000   clock network delay (ideal)
                                 -0.250000   19.750002   clock uncertainty
                                  0.000000   19.750002   clock reconvergence pessimism
                                             19.750002 ^ _636_/CLK (gf180mcu_fd_sc_mcu7t5v0__dffq_1)
                                 -0.423931   19.326071   library setup time
                                             19.326071   data required time
---------------------------------------------------------------------------------------------
                                             19.326071   data required time
                                             -7.798441   data arrival time
---------------------------------------------------------------------------------------------
                                             11.527629   slack (MET)


Startpoint: rst_n (input port clocked by clk)
Endpoint: _637_ (rising edge-triggered flip-flop clocked by clk)
Path Group: clk
Path Type: max

Fanout         Cap        Slew       Delay        Time   Description
---------------------------------------------------------------------------------------------
                      0.150000    0.000000    0.000000   clock clk (rise edge)
                                  0.000000    0.000000   clock network delay (ideal)
                                  4.000000    4.000000 ^ input external delay
    19    0.083844    2.060600    1.188567    5.188567 ^ rst_n (in)
                                                         rst_n (net)
                      2.060600    0.000000    5.188567 ^ _323_/I (gf180mcu_fd_sc_mcu7t5v0__clkinv_1)
    26    0.103126    2.218610    1.897664    7.086231 v _323_/ZN (gf180mcu_fd_sc_mcu7t5v0__clkinv_1)
                                                         _308_ (net)
                      2.218610    0.000000    7.086231 v _595_/B (gf180mcu_fd_sc_mcu7t5v0__aoi21_1)
     1    0.002361    0.623113    0.712210    7.798441 ^ _595_/ZN (gf180mcu_fd_sc_mcu7t5v0__aoi21_1)
                                                         _021_ (net)
                      0.623113    0.000000    7.798441 ^ _637_/D (gf180mcu_fd_sc_mcu7t5v0__dffq_1)
                                              7.798441   data arrival time

                      0.150000   20.000000   20.000000   clock clk (rise edge)
                                  0.000000   20.000000   clock network delay (ideal)
                                 -0.250000   19.750002   clock uncertainty
                                  0.000000   19.750002   clock reconvergence pessimism
                                             19.750002 ^ _637_/CLK (gf180mcu_fd_sc_mcu7t5v0__dffq_1)
                                 -0.423931   19.326071   library setup time
                                             19.326071   data required time
---------------------------------------------------------------------------------------------
                                             19.326071   data required time
                                             -7.798441   data arrival time
---------------------------------------------------------------------------------------------
                                             11.527629   slack (MET)


Startpoint: rst_n (input port clocked by clk)
Endpoint: _638_ (rising edge-triggered flip-flop clocked by clk)
Path Group: clk
Path Type: max

Fanout         Cap        Slew       Delay        Time   Description
---------------------------------------------------------------------------------------------
                      0.150000    0.000000    0.000000   clock clk (rise edge)
                                  0.000000    0.000000   clock network delay (ideal)
                                  4.000000    4.000000 ^ input external delay
    19    0.083844    2.060600    1.188567    5.188567 ^ rst_n (in)
                                                         rst_n (net)
                      2.060600    0.000000    5.188567 ^ _323_/I (gf180mcu_fd_sc_mcu7t5v0__clkinv_1)
    26    0.103126    2.218610    1.897664    7.086231 v _323_/ZN (gf180mcu_fd_sc_mcu7t5v0__clkinv_1)
                                                         _308_ (net)
                      2.218610    0.000000    7.086231 v _597_/B (gf180mcu_fd_sc_mcu7t5v0__aoi21_1)
     1    0.002361    0.623113    0.712210    7.798441 ^ _597_/ZN (gf180mcu_fd_sc_mcu7t5v0__aoi21_1)
                                                         _022_ (net)
                      0.623113    0.000000    7.798441 ^ _638_/D (gf180mcu_fd_sc_mcu7t5v0__dffq_1)
                                              7.798441   data arrival time

                      0.150000   20.000000   20.000000   clock clk (rise edge)
                                  0.000000   20.000000   clock network delay (ideal)
                                 -0.250000   19.750002   clock uncertainty
                                  0.000000   19.750002   clock reconvergence pessimism
                                             19.750002 ^ _638_/CLK (gf180mcu_fd_sc_mcu7t5v0__dffq_1)
                                 -0.423931   19.326071   library setup time
                                             19.326071   data required time
---------------------------------------------------------------------------------------------
                                             19.326071   data required time
                                             -7.798441   data arrival time
---------------------------------------------------------------------------------------------
                                             11.527629   slack (MET)


Startpoint: rst_n (input port clocked by clk)
Endpoint: _639_ (rising edge-triggered flip-flop clocked by clk)
Path Group: clk
Path Type: max

Fanout         Cap        Slew       Delay        Time   Description
---------------------------------------------------------------------------------------------
                      0.150000    0.000000    0.000000   clock clk (rise edge)
                                  0.000000    0.000000   clock network delay (ideal)
                                  4.000000    4.000000 ^ input external delay
    19    0.083844    2.060600    1.188567    5.188567 ^ rst_n (in)
                                                         rst_n (net)
                      2.060600    0.000000    5.188567 ^ _323_/I (gf180mcu_fd_sc_mcu7t5v0__clkinv_1)
    26    0.103126    2.218610    1.897664    7.086231 v _323_/ZN (gf180mcu_fd_sc_mcu7t5v0__clkinv_1)
                                                         _308_ (net)
                      2.218610    0.000000    7.086231 v _599_/B (gf180mcu_fd_sc_mcu7t5v0__aoi21_1)
     1    0.002361    0.623113    0.712210    7.798441 ^ _599_/ZN (gf180mcu_fd_sc_mcu7t5v0__aoi21_1)
                                                         _023_ (net)
                      0.623113    0.000000    7.798441 ^ _639_/D (gf180mcu_fd_sc_mcu7t5v0__dffq_1)
                                              7.798441   data arrival time

                      0.150000   20.000000   20.000000   clock clk (rise edge)
                                  0.000000   20.000000   clock network delay (ideal)
                                 -0.250000   19.750002   clock uncertainty
                                  0.000000   19.750002   clock reconvergence pessimism
                                             19.750002 ^ _639_/CLK (gf180mcu_fd_sc_mcu7t5v0__dffq_1)
                                 -0.423931   19.326071   library setup time
                                             19.326071   data required time
---------------------------------------------------------------------------------------------
                                             19.326071   data required time
                                             -7.798441   data arrival time
---------------------------------------------------------------------------------------------
                                             11.527629   slack (MET)


Startpoint: rst_n (input port clocked by clk)
Endpoint: _640_ (rising edge-triggered flip-flop clocked by clk)
Path Group: clk
Path Type: max

Fanout         Cap        Slew       Delay        Time   Description
---------------------------------------------------------------------------------------------
                      0.150000    0.000000    0.000000   clock clk (rise edge)
                                  0.000000    0.000000   clock network delay (ideal)
                                  4.000000    4.000000 ^ input external delay
    19    0.083844    2.060600    1.188567    5.188567 ^ rst_n (in)
                                                         rst_n (net)
                      2.060600    0.000000    5.188567 ^ _323_/I (gf180mcu_fd_sc_mcu7t5v0__clkinv_1)
    26    0.103126    2.218610    1.897664    7.086231 v _323_/ZN (gf180mcu_fd_sc_mcu7t5v0__clkinv_1)
                                                         _308_ (net)
                      2.218610    0.000000    7.086231 v _601_/B (gf180mcu_fd_sc_mcu7t5v0__aoi21_1)
     1    0.002361    0.623113    0.712210    7.798441 ^ _601_/ZN (gf180mcu_fd_sc_mcu7t5v0__aoi21_1)
                                                         _024_ (net)
                      0.623113    0.000000    7.798441 ^ _640_/D (gf180mcu_fd_sc_mcu7t5v0__dffq_1)
                                              7.798441   data arrival time

                      0.150000   20.000000   20.000000   clock clk (rise edge)
                                  0.000000   20.000000   clock network delay (ideal)
                                 -0.250000   19.750002   clock uncertainty
                                  0.000000   19.750002   clock reconvergence pessimism
                                             19.750002 ^ _640_/CLK (gf180mcu_fd_sc_mcu7t5v0__dffq_1)
                                 -0.423931   19.326071   library setup time
                                             19.326071   data required time
---------------------------------------------------------------------------------------------
                                             19.326071   data required time
                                             -7.798441   data arrival time
---------------------------------------------------------------------------------------------
                                             11.527629   slack (MET)


Startpoint: rst_n (input port clocked by clk)
Endpoint: _641_ (rising edge-triggered flip-flop clocked by clk)
Path Group: clk
Path Type: max

Fanout         Cap        Slew       Delay        Time   Description
---------------------------------------------------------------------------------------------
                      0.150000    0.000000    0.000000   clock clk (rise edge)
                                  0.000000    0.000000   clock network delay (ideal)
                                  4.000000    4.000000 ^ input external delay
    19    0.083844    2.060600    1.188567    5.188567 ^ rst_n (in)
                                                         rst_n (net)
                      2.060600    0.000000    5.188567 ^ _323_/I (gf180mcu_fd_sc_mcu7t5v0__clkinv_1)
    26    0.103126    2.218610    1.897664    7.086231 v _323_/ZN (gf180mcu_fd_sc_mcu7t5v0__clkinv_1)
                                                         _308_ (net)
                      2.218610    0.000000    7.086231 v _603_/B (gf180mcu_fd_sc_mcu7t5v0__aoi21_1)
     1    0.002361    0.623113    0.712210    7.798441 ^ _603_/ZN (gf180mcu_fd_sc_mcu7t5v0__aoi21_1)
                                                         _025_ (net)
                      0.623113    0.000000    7.798441 ^ _641_/D (gf180mcu_fd_sc_mcu7t5v0__dffq_1)
                                              7.798441   data arrival time

                      0.150000   20.000000   20.000000   clock clk (rise edge)
                                  0.000000   20.000000   clock network delay (ideal)
                                 -0.250000   19.750002   clock uncertainty
                                  0.000000   19.750002   clock reconvergence pessimism
                                             19.750002 ^ _641_/CLK (gf180mcu_fd_sc_mcu7t5v0__dffq_1)
                                 -0.423931   19.326071   library setup time
                                             19.326071   data required time
---------------------------------------------------------------------------------------------
                                             19.326071   data required time
                                             -7.798441   data arrival time
---------------------------------------------------------------------------------------------
                                             11.527629   slack (MET)


Startpoint: uio_in[2] (input port clocked by clk)
Endpoint: _642_ (rising edge-triggered flip-flop clocked by clk)
Path Group: clk
Path Type: max

Fanout         Cap        Slew       Delay        Time   Description
---------------------------------------------------------------------------------------------
                      0.150000    0.000000    0.000000   clock clk (rise edge)
                                  0.000000    0.000000   clock network delay (ideal)
                                  4.000000    4.000000 ^ input external delay
     2    0.008784    0.280500    0.127152    4.127151 ^ uio_in[2] (in)
                                                         uio_in[2] (net)
                      0.280500    0.000000    4.127151 ^ _320_/I (gf180mcu_fd_sc_mcu7t5v0__clkinv_1)
     1    0.003919    0.170679    0.164089    4.291241 v _320_/ZN (gf180mcu_fd_sc_mcu7t5v0__clkinv_1)
                                                         _305_ (net)
                      0.170679    0.000000    4.291241 v _329_/B (gf180mcu_fd_sc_mcu7t5v0__aoi21_1)
    12    0.060098    2.978632    1.923639    6.214880 ^ _329_/ZN (gf180mcu_fd_sc_mcu7t5v0__aoi21_1)
                                                         _045_ (net)
                      2.978632    0.000000    6.214880 ^ _369_/A2 (gf180mcu_fd_sc_mcu7t5v0__xor2_1)
     5    0.020885    1.270543    0.936803    7.151682 ^ _369_/Z (gf180mcu_fd_sc_mcu7t5v0__xor2_1)
                                                         _079_ (net)
                      1.270543    0.000000    7.151682 ^ _371_/A2 (gf180mcu_fd_sc_mcu7t5v0__nand2_1)
     4    0.017112    0.769905    0.417360    7.569043 v _371_/ZN (gf180mcu_fd_sc_mcu7t5v0__nand2_1)
                                                         _081_ (net)
                      0.769905    0.000000    7.569043 v _372_/I (gf180mcu_fd_sc_mcu7t5v0__clkinv_1)
     1    0.002361    0.243073    0.258744    7.827786 ^ _372_/ZN (gf180mcu_fd_sc_mcu7t5v0__clkinv_1)
                                                         _026_ (net)
                      0.243073    0.000000    7.827786 ^ _642_/D (gf180mcu_fd_sc_mcu7t5v0__dffq_1)
                                              7.827786   data arrival time

                      0.150000   20.000000   20.000000   clock clk (rise edge)
                                  0.000000   20.000000   clock network delay (ideal)
                                 -0.250000   19.750002   clock uncertainty
                                  0.000000   19.750002   clock reconvergence pessimism
                                             19.750002 ^ _642_/CLK (gf180mcu_fd_sc_mcu7t5v0__dffq_1)
                                 -0.377979   19.372023   library setup time
                                             19.372023   data required time
---------------------------------------------------------------------------------------------
                                             19.372023   data required time
                                             -7.827786   data arrival time
---------------------------------------------------------------------------------------------
                                             11.544236   slack (MET)


Startpoint: rst_n (input port clocked by clk)
Endpoint: _650_ (rising edge-triggered flip-flop clocked by clk)
Path Group: clk
Path Type: max

Fanout         Cap        Slew       Delay        Time   Description
---------------------------------------------------------------------------------------------
                      0.150000    0.000000    0.000000   clock clk (rise edge)
                                  0.000000    0.000000   clock network delay (ideal)
                                  4.000000    4.000000 ^ input external delay
    19    0.083844    2.060600    1.188567    5.188567 ^ rst_n (in)
                                                         rst_n (net)
                      2.060600    0.000000    5.188567 ^ _323_/I (gf180mcu_fd_sc_mcu7t5v0__clkinv_1)
    26    0.103126    2.218610    1.897664    7.086231 v _323_/ZN (gf180mcu_fd_sc_mcu7t5v0__clkinv_1)
                                                         _308_ (net)
                      2.218610    0.000000    7.086231 v _604_/A2 (gf180mcu_fd_sc_mcu7t5v0__nor2_1)
     1    0.002361    0.540204    0.591176    7.677407 ^ _604_/ZN (gf180mcu_fd_sc_mcu7t5v0__nor2_1)
                                                         _034_ (net)
                      0.540204    0.000000    7.677407 ^ _650_/D (gf180mcu_fd_sc_mcu7t5v0__dffq_1)
                                              7.677407   data arrival time

                      0.150000   20.000000   20.000000   clock clk (rise edge)
                                  0.000000   20.000000   clock network delay (ideal)
                                 -0.250000   19.750002   clock uncertainty
                                  0.000000   19.750002   clock reconvergence pessimism
                                             19.750002 ^ _650_/CLK (gf180mcu_fd_sc_mcu7t5v0__dffq_1)
                                 -0.414875   19.335127   library setup time
                                             19.335127   data required time
---------------------------------------------------------------------------------------------
                                             19.335127   data required time
                                             -7.677407   data arrival time
---------------------------------------------------------------------------------------------
                                             11.657719   slack (MET)


Startpoint: uio_in[2] (input port clocked by clk)
Endpoint: _643_ (rising edge-triggered flip-flop clocked by clk)
Path Group: clk
Path Type: max

Fanout         Cap        Slew       Delay        Time   Description
---------------------------------------------------------------------------------------------
                      0.150000    0.000000    0.000000   clock clk (rise edge)
                                  0.000000    0.000000   clock network delay (ideal)
                                  4.000000    4.000000 ^ input external delay
     2    0.008784    0.280500    0.127152    4.127151 ^ uio_in[2] (in)
                                                         uio_in[2] (net)
                      0.280500    0.000000    4.127151 ^ _320_/I (gf180mcu_fd_sc_mcu7t5v0__clkinv_1)
     1    0.003919    0.170679    0.164089    4.291241 v _320_/ZN (gf180mcu_fd_sc_mcu7t5v0__clkinv_1)
                                                         _305_ (net)
                      0.170679    0.000000    4.291241 v _329_/B (gf180mcu_fd_sc_mcu7t5v0__aoi21_1)
    12    0.060098    2.978632    1.923639    6.214880 ^ _329_/ZN (gf180mcu_fd_sc_mcu7t5v0__aoi21_1)
                                                         _045_ (net)
                      2.978632    0.000000    6.214880 ^ _366_/A1 (gf180mcu_fd_sc_mcu7t5v0__oai21_1)
     5    0.022296    1.069977    0.656681    6.871560 v _366_/ZN (gf180mcu_fd_sc_mcu7t5v0__oai21_1)
                                                         _077_ (net)
                      1.069977    0.000000    6.871560 v _367_/A2 (gf180mcu_fd_sc_mcu7t5v0__nor2_1)
     4    0.014774    0.888172    0.776594    7.648153 ^ _367_/ZN (gf180mcu_fd_sc_mcu7t5v0__nor2_1)
                                                         _027_ (net)
                      0.888172    0.000000    7.648153 ^ _643_/D (gf180mcu_fd_sc_mcu7t5v0__dffq_1)
                                              7.648153   data arrival time

                      0.150000   20.000000   20.000000   clock clk (rise edge)
                                  0.000000   20.000000   clock network delay (ideal)
                                 -0.250000   19.750002   clock uncertainty
                                  0.000000   19.750002   clock reconvergence pessimism
                                             19.750002 ^ _643_/CLK (gf180mcu_fd_sc_mcu7t5v0__dffq_1)
                                 -0.436955   19.313046   library setup time
                                             19.313046   data required time
---------------------------------------------------------------------------------------------
                                             19.313046   data required time
                                             -7.648153   data arrival time
---------------------------------------------------------------------------------------------
                                             11.664892   slack (MET)


Startpoint: rst_n (input port clocked by clk)
Endpoint: _657_ (rising edge-triggered flip-flop clocked by clk)
Path Group: clk
Path Type: max

Fanout         Cap        Slew       Delay        Time   Description
---------------------------------------------------------------------------------------------
                      0.150000    0.000000    0.000000   clock clk (rise edge)
                                  0.000000    0.000000   clock network delay (ideal)
                                  4.000000    4.000000 ^ input external delay
    19    0.083844    2.060600    1.188567    5.188567 ^ rst_n (in)
                                                         rst_n (net)
                      2.060600    0.000000    5.188567 ^ _548_/B (gf180mcu_fd_sc_mcu7t5v0__oai21_1)
     1    0.003919    0.507609    0.285368    5.473935 v _548_/ZN (gf180mcu_fd_sc_mcu7t5v0__oai21_1)
                                                         _248_ (net)
                      0.507609    0.000000    5.473935 v _549_/B (gf180mcu_fd_sc_mcu7t5v0__aoi21_1)
     1    0.002361    0.450626    0.433257    5.907192 ^ _549_/ZN (gf180mcu_fd_sc_mcu7t5v0__aoi21_1)
                                                         _008_ (net)
                      0.450626    0.000000    5.907192 ^ _657_/D (gf180mcu_fd_sc_mcu7t5v0__dffq_1)
                                              5.907192   data arrival time

                      0.150000   20.000000   20.000000   clock clk (rise edge)
                                  0.000000   20.000000   clock network delay (ideal)
                                 -0.250000   19.750002   clock uncertainty
                                  0.000000   19.750002   clock reconvergence pessimism
                                             19.750002 ^ _657_/CLK (gf180mcu_fd_sc_mcu7t5v0__dffq_1)
                                 -0.405091   19.344910   library setup time
                                             19.344910   data required time
---------------------------------------------------------------------------------------------
                                             19.344910   data required time
                                             -5.907192   data arrival time
---------------------------------------------------------------------------------------------
                                             13.437718   slack (MET)


Startpoint: rst_n (input port clocked by clk)
Endpoint: _651_ (rising edge-triggered flip-flop clocked by clk)
Path Group: clk
Path Type: max

Fanout         Cap        Slew       Delay        Time   Description
---------------------------------------------------------------------------------------------
                      0.150000    0.000000    0.000000   clock clk (rise edge)
                                  0.000000    0.000000   clock network delay (ideal)
                                  4.000000    4.000000 ^ input external delay
    19    0.083844    2.060600    1.188567    5.188567 ^ rst_n (in)
                                                         rst_n (net)
                      2.060600    0.000000    5.188567 ^ _605_/B (gf180mcu_fd_sc_mcu7t5v0__oai21_1)
     1    0.003919    0.507609    0.285368    5.473935 v _605_/ZN (gf180mcu_fd_sc_mcu7t5v0__oai21_1)
                                                         _286_ (net)
                      0.507609    0.000000    5.473935 v _606_/B (gf180mcu_fd_sc_mcu7t5v0__aoi21_1)
     1    0.002361    0.405647    0.433257    5.907192 ^ _606_/ZN (gf180mcu_fd_sc_mcu7t5v0__aoi21_1)
                                                         _035_ (net)
                      0.405647    0.000000    5.907192 ^ _651_/D (gf180mcu_fd_sc_mcu7t5v0__dffq_1)
                                              5.907192   data arrival time

                      0.150000   20.000000   20.000000   clock clk (rise edge)
                                  0.000000   20.000000   clock network delay (ideal)
                                 -0.250000   19.750002   clock uncertainty
                                  0.000000   19.750002   clock reconvergence pessimism
                                             19.750002 ^ _651_/CLK (gf180mcu_fd_sc_mcu7t5v0__dffq_1)
                                 -0.400179   19.349823   library setup time
                                             19.349823   data required time
---------------------------------------------------------------------------------------------
                                             19.349823   data required time
                                             -5.907192   data arrival time
---------------------------------------------------------------------------------------------
                                             13.442632   slack (MET)


Startpoint: rst_n (input port clocked by clk)
Endpoint: _654_ (rising edge-triggered flip-flop clocked by clk)
Path Group: clk
Path Type: max

Fanout         Cap        Slew       Delay        Time   Description
---------------------------------------------------------------------------------------------
                      0.150000    0.000000    0.000000   clock clk (rise edge)
                                  0.000000    0.000000   clock network delay (ideal)
                                  4.000000    4.000000 ^ input external delay
    19    0.083844    2.060600    1.188567    5.188567 ^ rst_n (in)
                                                         rst_n (net)
                      2.060600    0.000000    5.188567 ^ _613_/B (gf180mcu_fd_sc_mcu7t5v0__oai21_1)
     1    0.003919    0.507609    0.285368    5.473935 v _613_/ZN (gf180mcu_fd_sc_mcu7t5v0__oai21_1)
                                                         _291_ (net)
                      0.507609    0.000000    5.473935 v _614_/B (gf180mcu_fd_sc_mcu7t5v0__aoi21_1)
     1    0.002361    0.405647    0.433257    5.907192 ^ _614_/ZN (gf180mcu_fd_sc_mcu7t5v0__aoi21_1)
                                                         _038_ (net)
                      0.405647    0.000000    5.907192 ^ _654_/D (gf180mcu_fd_sc_mcu7t5v0__dffq_1)
                                              5.907192   data arrival time

                      0.150000   20.000000   20.000000   clock clk (rise edge)
                                  0.000000   20.000000   clock network delay (ideal)
                                 -0.250000   19.750002   clock uncertainty
                                  0.000000   19.750002   clock reconvergence pessimism
                                             19.750002 ^ _654_/CLK (gf180mcu_fd_sc_mcu7t5v0__dffq_1)
                                 -0.400179   19.349823   library setup time
                                             19.349823   data required time
---------------------------------------------------------------------------------------------
                                             19.349823   data required time
                                             -5.907192   data arrival time
---------------------------------------------------------------------------------------------
                                             13.442632   slack (MET)


Startpoint: rst_n (input port clocked by clk)
Endpoint: _656_ (rising edge-triggered flip-flop clocked by clk)
Path Group: clk
Path Type: max

Fanout         Cap        Slew       Delay        Time   Description
---------------------------------------------------------------------------------------------
                      0.150000    0.000000    0.000000   clock clk (rise edge)
                                  0.000000    0.000000   clock network delay (ideal)
                                  4.000000    4.000000 ^ input external delay
    19    0.083844    2.060600    1.188567    5.188567 ^ rst_n (in)
                                                         rst_n (net)
                      2.060600    0.000000    5.188567 ^ _546_/A1 (gf180mcu_fd_sc_mcu7t5v0__nand2_1)
     1    0.003919    0.465633    0.205134    5.393701 v _546_/ZN (gf180mcu_fd_sc_mcu7t5v0__nand2_1)
                                                         _247_ (net)
                      0.465633    0.000000    5.393701 v _547_/B (gf180mcu_fd_sc_mcu7t5v0__aoi21_1)
     1    0.002361    0.401062    0.425139    5.818840 ^ _547_/ZN (gf180mcu_fd_sc_mcu7t5v0__aoi21_1)
                                                         _007_ (net)
                      0.401062    0.000000    5.818840 ^ _656_/D (gf180mcu_fd_sc_mcu7t5v0__dffq_1)
                                              5.818840   data arrival time

                      0.150000   20.000000   20.000000   clock clk (rise edge)
                                  0.000000   20.000000   clock network delay (ideal)
                                 -0.250000   19.750002   clock uncertainty
                                  0.000000   19.750002   clock reconvergence pessimism
                                             19.750002 ^ _656_/CLK (gf180mcu_fd_sc_mcu7t5v0__dffq_1)
                                 -0.399678   19.350323   library setup time
                                             19.350323   data required time
---------------------------------------------------------------------------------------------
                                             19.350323   data required time
                                             -5.818840   data arrival time
---------------------------------------------------------------------------------------------
                                             13.531482   slack (MET)


Startpoint: rst_n (input port clocked by clk)
Endpoint: _652_ (rising edge-triggered flip-flop clocked by clk)
Path Group: clk
Path Type: max

Fanout         Cap        Slew       Delay        Time   Description
---------------------------------------------------------------------------------------------
                      0.150000    0.000000    0.000000   clock clk (rise edge)
                                  0.000000    0.000000   clock network delay (ideal)
                                  4.000000    4.000000 ^ input external delay
    19    0.083844    2.060600    1.188567    5.188567 ^ rst_n (in)
                                                         rst_n (net)
                      2.060600    0.000000    5.188567 ^ _608_/A1 (gf180mcu_fd_sc_mcu7t5v0__nand2_1)
     1    0.004154    0.471627    0.211545    5.400113 v _608_/ZN (gf180mcu_fd_sc_mcu7t5v0__nand2_1)
                                                         _288_ (net)
                      0.471627    0.000000    5.400113 v _609_/A2 (gf180mcu_fd_sc_mcu7t5v0__nor2_1)
     1    0.002361    0.309529    0.310777    5.710890 ^ _609_/ZN (gf180mcu_fd_sc_mcu7t5v0__nor2_1)
                                                         _036_ (net)
                      0.309529    0.000000    5.710890 ^ _652_/D (gf180mcu_fd_sc_mcu7t5v0__dffq_1)
                                              5.710890   data arrival time

                      0.150000   20.000000   20.000000   clock clk (rise edge)
                                  0.000000   20.000000   clock network delay (ideal)
                                 -0.250000   19.750002   clock uncertainty
                                  0.000000   19.750002   clock reconvergence pessimism
                                             19.750002 ^ _652_/CLK (gf180mcu_fd_sc_mcu7t5v0__dffq_1)
                                 -0.389680   19.360321   library setup time
                                             19.360321   data required time
---------------------------------------------------------------------------------------------
                                             19.360321   data required time
                                             -5.710890   data arrival time
---------------------------------------------------------------------------------------------
                                             13.649432   slack (MET)


Startpoint: rst_n (input port clocked by clk)
Endpoint: _655_ (rising edge-triggered flip-flop clocked by clk)
Path Group: clk
Path Type: max

Fanout         Cap        Slew       Delay        Time   Description
---------------------------------------------------------------------------------------------
                      0.150000    0.000000    0.000000   clock clk (rise edge)
                                  0.000000    0.000000   clock network delay (ideal)
                                  4.000000    4.000000 ^ input external delay
    19    0.083844    2.060600    1.188567    5.188567 ^ rst_n (in)
                                                         rst_n (net)
                      2.060600    0.000000    5.188567 ^ _616_/A1 (gf180mcu_fd_sc_mcu7t5v0__nand2_1)
     1    0.004154    0.471627    0.211545    5.400113 v _616_/ZN (gf180mcu_fd_sc_mcu7t5v0__nand2_1)
                                                         _293_ (net)
                      0.471627    0.000000    5.400113 v _617_/A2 (gf180mcu_fd_sc_mcu7t5v0__nor2_1)
     1    0.002361    0.309529    0.310777    5.710890 ^ _617_/ZN (gf180mcu_fd_sc_mcu7t5v0__nor2_1)
                                                         _039_ (net)
                      0.309529    0.000000    5.710890 ^ _655_/D (gf180mcu_fd_sc_mcu7t5v0__dffq_1)
                                              5.710890   data arrival time

                      0.150000   20.000000   20.000000   clock clk (rise edge)
                                  0.000000   20.000000   clock network delay (ideal)
                                 -0.250000   19.750002   clock uncertainty
                                  0.000000   19.750002   clock reconvergence pessimism
                                             19.750002 ^ _655_/CLK (gf180mcu_fd_sc_mcu7t5v0__dffq_1)
                                 -0.389680   19.360321   library setup time
                                             19.360321   data required time
---------------------------------------------------------------------------------------------
                                             19.360321   data required time
                                             -5.710890   data arrival time
---------------------------------------------------------------------------------------------
                                             13.649432   slack (MET)


Startpoint: _626_ (rising edge-triggered flip-flop clocked by clk)
Endpoint: uo_out[0] (output port clocked by clk)
Path Group: clk
Path Type: max

Fanout         Cap        Slew       Delay        Time   Description
---------------------------------------------------------------------------------------------
                      0.150000    0.000000    0.000000   clock clk (rise edge)
                                  0.000000    0.000000   clock network delay (ideal)
                      0.150000    0.000000    0.000000 ^ _626_/CLK (gf180mcu_fd_sc_mcu7t5v0__dffq_1)
     2    0.072910    1.802715    2.084910    2.084910 ^ _626_/Q (gf180mcu_fd_sc_mcu7t5v0__dffq_1)
                                                         uo_out[0] (net)
                      1.802715    0.000000    2.084910 ^ uo_out[0] (out)
                                              2.084910   data arrival time

                      0.150000   20.000000   20.000000   clock clk (rise edge)
                                  0.000000   20.000000   clock network delay (ideal)
                                 -0.250000   19.750002   clock uncertainty
                                  0.000000   19.750002   clock reconvergence pessimism
                                 -4.000000   15.750001   output external delay
                                             15.750001   data required time
---------------------------------------------------------------------------------------------
                                             15.750001   data required time
                                             -2.084910   data arrival time
---------------------------------------------------------------------------------------------
                                             13.665091   slack (MET)


Startpoint: _627_ (rising edge-triggered flip-flop clocked by clk)
Endpoint: uo_out[1] (output port clocked by clk)
Path Group: clk
Path Type: max

Fanout         Cap        Slew       Delay        Time   Description
---------------------------------------------------------------------------------------------
                      0.150000    0.000000    0.000000   clock clk (rise edge)
                                  0.000000    0.000000   clock network delay (ideal)
                      0.150000    0.000000    0.000000 ^ _627_/CLK (gf180mcu_fd_sc_mcu7t5v0__dffq_1)
     2    0.072910    1.802715    2.084910    2.084910 ^ _627_/Q (gf180mcu_fd_sc_mcu7t5v0__dffq_1)
                                                         uo_out[1] (net)
                      1.802715    0.000000    2.084910 ^ uo_out[1] (out)
                                              2.084910   data arrival time

                      0.150000   20.000000   20.000000   clock clk (rise edge)
                                  0.000000   20.000000   clock network delay (ideal)
                                 -0.250000   19.750002   clock uncertainty
                                  0.000000   19.750002   clock reconvergence pessimism
                                 -4.000000   15.750001   output external delay
                                             15.750001   data required time
---------------------------------------------------------------------------------------------
                                             15.750001   data required time
                                             -2.084910   data arrival time
---------------------------------------------------------------------------------------------
                                             13.665091   slack (MET)


Startpoint: _628_ (rising edge-triggered flip-flop clocked by clk)
Endpoint: uo_out[2] (output port clocked by clk)
Path Group: clk
Path Type: max

Fanout         Cap        Slew       Delay        Time   Description
---------------------------------------------------------------------------------------------
                      0.150000    0.000000    0.000000   clock clk (rise edge)
                                  0.000000    0.000000   clock network delay (ideal)
                      0.150000    0.000000    0.000000 ^ _628_/CLK (gf180mcu_fd_sc_mcu7t5v0__dffq_1)
     2    0.072910    1.802715    2.084910    2.084910 ^ _628_/Q (gf180mcu_fd_sc_mcu7t5v0__dffq_1)
                                                         uo_out[2] (net)
                      1.802715    0.000000    2.084910 ^ uo_out[2] (out)
                                              2.084910   data arrival time

                      0.150000   20.000000   20.000000   clock clk (rise edge)
                                  0.000000   20.000000   clock network delay (ideal)
                                 -0.250000   19.750002   clock uncertainty
                                  0.000000   19.750002   clock reconvergence pessimism
                                 -4.000000   15.750001   output external delay
                                             15.750001   data required time
---------------------------------------------------------------------------------------------
                                             15.750001   data required time
                                             -2.084910   data arrival time
---------------------------------------------------------------------------------------------
                                             13.665091   slack (MET)


Startpoint: _629_ (rising edge-triggered flip-flop clocked by clk)
Endpoint: uo_out[3] (output port clocked by clk)
Path Group: clk
Path Type: max

Fanout         Cap        Slew       Delay        Time   Description
---------------------------------------------------------------------------------------------
                      0.150000    0.000000    0.000000   clock clk (rise edge)
                                  0.000000    0.000000   clock network delay (ideal)
                      0.150000    0.000000    0.000000 ^ _629_/CLK (gf180mcu_fd_sc_mcu7t5v0__dffq_1)
     2    0.072910    1.802715    2.084910    2.084910 ^ _629_/Q (gf180mcu_fd_sc_mcu7t5v0__dffq_1)
                                                         uo_out[3] (net)
                      1.802715    0.000000    2.084910 ^ uo_out[3] (out)
                                              2.084910   data arrival time

                      0.150000   20.000000   20.000000   clock clk (rise edge)
                                  0.000000   20.000000   clock network delay (ideal)
                                 -0.250000   19.750002   clock uncertainty
                                  0.000000   19.750002   clock reconvergence pessimism
                                 -4.000000   15.750001   output external delay
                                             15.750001   data required time
---------------------------------------------------------------------------------------------
                                             15.750001   data required time
                                             -2.084910   data arrival time
---------------------------------------------------------------------------------------------
                                             13.665091   slack (MET)


Startpoint: _630_ (rising edge-triggered flip-flop clocked by clk)
Endpoint: uo_out[4] (output port clocked by clk)
Path Group: clk
Path Type: max

Fanout         Cap        Slew       Delay        Time   Description
---------------------------------------------------------------------------------------------
                      0.150000    0.000000    0.000000   clock clk (rise edge)
                                  0.000000    0.000000   clock network delay (ideal)
                      0.150000    0.000000    0.000000 ^ _630_/CLK (gf180mcu_fd_sc_mcu7t5v0__dffq_1)
     2    0.072910    1.802715    2.084910    2.084910 ^ _630_/Q (gf180mcu_fd_sc_mcu7t5v0__dffq_1)
                                                         uo_out[4] (net)
                      1.802715    0.000000    2.084910 ^ uo_out[4] (out)
                                              2.084910   data arrival time

                      0.150000   20.000000   20.000000   clock clk (rise edge)
                                  0.000000   20.000000   clock network delay (ideal)
                                 -0.250000   19.750002   clock uncertainty
                                  0.000000   19.750002   clock reconvergence pessimism
                                 -4.000000   15.750001   output external delay
                                             15.750001   data required time
---------------------------------------------------------------------------------------------
                                             15.750001   data required time
                                             -2.084910   data arrival time
---------------------------------------------------------------------------------------------
                                             13.665091   slack (MET)


Startpoint: _631_ (rising edge-triggered flip-flop clocked by clk)
Endpoint: uo_out[5] (output port clocked by clk)
Path Group: clk
Path Type: max

Fanout         Cap        Slew       Delay        Time   Description
---------------------------------------------------------------------------------------------
                      0.150000    0.000000    0.000000   clock clk (rise edge)
                                  0.000000    0.000000   clock network delay (ideal)
                      0.150000    0.000000    0.000000 ^ _631_/CLK (gf180mcu_fd_sc_mcu7t5v0__dffq_1)
     2    0.072910    1.802715    2.084910    2.084910 ^ _631_/Q (gf180mcu_fd_sc_mcu7t5v0__dffq_1)
                                                         uo_out[5] (net)
                      1.802715    0.000000    2.084910 ^ uo_out[5] (out)
                                              2.084910   data arrival time

                      0.150000   20.000000   20.000000   clock clk (rise edge)
                                  0.000000   20.000000   clock network delay (ideal)
                                 -0.250000   19.750002   clock uncertainty
                                  0.000000   19.750002   clock reconvergence pessimism
                                 -4.000000   15.750001   output external delay
                                             15.750001   data required time
---------------------------------------------------------------------------------------------
                                             15.750001   data required time
                                             -2.084910   data arrival time
---------------------------------------------------------------------------------------------
                                             13.665091   slack (MET)


Startpoint: _632_ (rising edge-triggered flip-flop clocked by clk)
Endpoint: uo_out[6] (output port clocked by clk)
Path Group: clk
Path Type: max

Fanout         Cap        Slew       Delay        Time   Description
---------------------------------------------------------------------------------------------
                      0.150000    0.000000    0.000000   clock clk (rise edge)
                                  0.000000    0.000000   clock network delay (ideal)
                      0.150000    0.000000    0.000000 ^ _632_/CLK (gf180mcu_fd_sc_mcu7t5v0__dffq_1)
     2    0.072910    1.802715    2.084910    2.084910 ^ _632_/Q (gf180mcu_fd_sc_mcu7t5v0__dffq_1)
                                                         uo_out[6] (net)
                      1.802715    0.000000    2.084910 ^ uo_out[6] (out)
                                              2.084910   data arrival time

                      0.150000   20.000000   20.000000   clock clk (rise edge)
                                  0.000000   20.000000   clock network delay (ideal)
                                 -0.250000   19.750002   clock uncertainty
                                  0.000000   19.750002   clock reconvergence pessimism
                                 -4.000000   15.750001   output external delay
                                             15.750001   data required time
---------------------------------------------------------------------------------------------
                                             15.750001   data required time
                                             -2.084910   data arrival time
---------------------------------------------------------------------------------------------
                                             13.665091   slack (MET)


Startpoint: _633_ (rising edge-triggered flip-flop clocked by clk)
Endpoint: uo_out[7] (output port clocked by clk)
Path Group: clk
Path Type: max

Fanout         Cap        Slew       Delay        Time   Description
---------------------------------------------------------------------------------------------
                      0.150000    0.000000    0.000000   clock clk (rise edge)
                                  0.000000    0.000000   clock network delay (ideal)
                      0.150000    0.000000    0.000000 ^ _633_/CLK (gf180mcu_fd_sc_mcu7t5v0__dffq_1)
     2    0.072910    1.802715    2.084910    2.084910 ^ _633_/Q (gf180mcu_fd_sc_mcu7t5v0__dffq_1)
                                                         uo_out[7] (net)
                      1.802715    0.000000    2.084910 ^ uo_out[7] (out)
                                              2.084910   data arrival time

                      0.150000   20.000000   20.000000   clock clk (rise edge)
                                  0.000000   20.000000   clock network delay (ideal)
                                 -0.250000   19.750002   clock uncertainty
                                  0.000000   19.750002   clock reconvergence pessimism
                                 -4.000000   15.750001   output external delay
                                             15.750001   data required time
---------------------------------------------------------------------------------------------
                                             15.750001   data required time
                                             -2.084910   data arrival time
---------------------------------------------------------------------------------------------
                                             13.665091   slack (MET)



%OL_END_REPORT
%OL_CREATE_REPORT checks.rpt

===========================================================================
report_checks -unconstrained
===========================================================================
======================= nom_tt_025C_3v30 Corner ===================================

Startpoint: uio_in[2] (input port clocked by clk)
Endpoint: _618_ (rising edge-triggered flip-flop clocked by clk)
Path Group: clk
Path Type: max

Fanout         Cap        Slew       Delay        Time   Description
---------------------------------------------------------------------------------------------
                      0.150000    0.000000    0.000000   clock clk (rise edge)
                                  0.000000    0.000000   clock network delay (ideal)
                                  4.000000    4.000000 ^ input external delay
     2    0.008784    0.280500    0.127152    4.127151 ^ uio_in[2] (in)
                                                         uio_in[2] (net)
                      0.280500    0.000000    4.127151 ^ _320_/I (gf180mcu_fd_sc_mcu7t5v0__clkinv_1)
     1    0.003919    0.170679    0.164089    4.291241 v _320_/ZN (gf180mcu_fd_sc_mcu7t5v0__clkinv_1)
                                                         _305_ (net)
                      0.170679    0.000000    4.291241 v _329_/B (gf180mcu_fd_sc_mcu7t5v0__aoi21_1)
    12    0.060098    2.978632    1.923639    6.214880 ^ _329_/ZN (gf180mcu_fd_sc_mcu7t5v0__aoi21_1)
                                                         _045_ (net)
                      2.978632    0.000000    6.214880 ^ _358_/A1 (gf180mcu_fd_sc_mcu7t5v0__oai21_1)
     2    0.007005    0.712907    0.257271    6.472150 v _358_/ZN (gf180mcu_fd_sc_mcu7t5v0__oai21_1)
                                                         _070_ (net)
                      0.712907    0.000000    6.472150 v _359_/A3 (gf180mcu_fd_sc_mcu7t5v0__nand3_1)
    23    0.104929    3.338883    2.254059    8.726210 ^ _359_/ZN (gf180mcu_fd_sc_mcu7t5v0__nand3_1)
                                                         _071_ (net)
                      3.338883    0.000000    8.726210 ^ _360_/I (gf180mcu_fd_sc_mcu7t5v0__clkinv_1)
    23    0.096506    2.429390    2.111195   10.837404 v _360_/ZN (gf180mcu_fd_sc_mcu7t5v0__clkinv_1)
                                                         _029_ (net)
                      2.429390    0.000000   10.837404 v _397_/A1 (gf180mcu_fd_sc_mcu7t5v0__or2_1)
     2    0.009277    0.324055    1.401327   12.238731 v _397_/Z (gf180mcu_fd_sc_mcu7t5v0__or2_1)
                                                         _105_ (net)
                      0.324055    0.000000   12.238731 v _402_/B (gf180mcu_fd_sc_mcu7t5v0__oai31_1)
     1    0.002928    0.948299    0.364624   12.603355 ^ _402_/ZN (gf180mcu_fd_sc_mcu7t5v0__oai31_1)
                                                         _110_ (net)
                      0.948299    0.000000   12.603355 ^ _406_/A3 (gf180mcu_fd_sc_mcu7t5v0__and4_1)
     1    0.004844    0.292028    0.777511   13.380867 ^ _406_/Z (gf180mcu_fd_sc_mcu7t5v0__and4_1)
                                                         _114_ (net)
                      0.292028    0.000000   13.380867 ^ _418_/B1 (gf180mcu_fd_sc_mcu7t5v0__oai32_1)
     2    0.009710    0.494896    0.314257   13.695124 v _418_/ZN (gf180mcu_fd_sc_mcu7t5v0__oai32_1)
                                                         _126_ (net)
                      0.494896    0.000000   13.695124 v _430_/A1 (gf180mcu_fd_sc_mcu7t5v0__oai21_1)
     1    0.004661    0.520885    0.414309   14.109432 ^ _430_/ZN (gf180mcu_fd_sc_mcu7t5v0__oai21_1)
                                                         _138_ (net)
                      0.520885    0.000000   14.109432 ^ _432_/B (gf180mcu_fd_sc_mcu7t5v0__oai21_1)
     1    0.002361    0.371586    0.244163   14.353595 v _432_/ZN (gf180mcu_fd_sc_mcu7t5v0__oai21_1)
                                                         _000_ (net)
                      0.371586    0.000000   14.353595 v _618_/D (gf180mcu_fd_sc_mcu7t5v0__dffq_1)
                                             14.353595   data arrival time

                      0.150000   20.000000   20.000000   clock clk (rise edge)
                                  0.000000   20.000000   clock network delay (ideal)
                                 -0.250000   19.750002   clock uncertainty
                                  0.000000   19.750002   clock reconvergence pessimism
                                             19.750002 ^ _618_/CLK (gf180mcu_fd_sc_mcu7t5v0__dffq_1)
                                 -0.442208   19.307793   library setup time
                                             19.307793   data required time
---------------------------------------------------------------------------------------------
                                             19.307793   data required time
                                            -14.353595   data arrival time
---------------------------------------------------------------------------------------------
                                              4.954198   slack (MET)




===========================================================================
report_checks --slack_max -0.01
============================================================================
======================= nom_tt_025C_3v30 Corner ===================================

No paths found.


===========================================================================
 report_check_types -max_slew -max_cap -max_fanout -violators
============================================================================
======================= nom_tt_025C_3v30 Corner ===================================

max slew

Pin                                        Limit        Slew       Slack
------------------------------------------------------------------------
_378_/ZN                                3.000000    3.569324   -0.569325 (VIOLATED)
_402_/A2                                3.000000    3.569324   -0.569325 (VIOLATED)
_422_/A1                                3.000000    3.569324   -0.569325 (VIOLATED)
_436_/A1                                3.000000    3.569324   -0.569325 (VIOLATED)
_437_/A1                                3.000000    3.569324   -0.569325 (VIOLATED)
_439_/A2                                3.000000    3.569324   -0.569325 (VIOLATED)
_447_/A1                                3.000000    3.569324   -0.569325 (VIOLATED)
_458_/A1                                3.000000    3.569324   -0.569325 (VIOLATED)
_490_/A2                                3.000000    3.569324   -0.569325 (VIOLATED)
_554_/ZN                                3.000000    3.397699   -0.397699 (VIOLATED)
_556_/A2                                3.000000    3.397699   -0.397699 (VIOLATED)
_558_/B1                                3.000000    3.397699   -0.397699 (VIOLATED)
_560_/A2                                3.000000    3.397699   -0.397699 (VIOLATED)
_562_/B1                                3.000000    3.397699   -0.397699 (VIOLATED)
_565_/A2                                3.000000    3.397699   -0.397699 (VIOLATED)
_566_/B1                                3.000000    3.397699   -0.397699 (VIOLATED)
_568_/A2                                3.000000    3.397699   -0.397699 (VIOLATED)
_570_/B1                                3.000000    3.397699   -0.397699 (VIOLATED)
_572_/A2                                3.000000    3.397699   -0.397699 (VIOLATED)
_574_/B1                                3.000000    3.397699   -0.397699 (VIOLATED)
_576_/A2                                3.000000    3.397699   -0.397699 (VIOLATED)
_578_/B1                                3.000000    3.397699   -0.397699 (VIOLATED)
_580_/A2                                3.000000    3.397699   -0.397699 (VIOLATED)
_582_/B1                                3.000000    3.397699   -0.397699 (VIOLATED)
_584_/A2                                3.000000    3.397699   -0.397699 (VIOLATED)
_586_/B1                                3.000000    3.397699   -0.397699 (VIOLATED)
_359_/ZN                                3.000000    3.338883   -0.338883 (VIOLATED)
_360_/I                                 3.000000    3.338883   -0.338883 (VIOLATED)
_381_/A2                                3.000000    3.338883   -0.338883 (VIOLATED)
_392_/A1                                3.000000    3.338883   -0.338883 (VIOLATED)
_395_/A1                                3.000000    3.338883   -0.338883 (VIOLATED)
_401_/A1                                3.000000    3.338883   -0.338883 (VIOLATED)
_402_/A1                                3.000000    3.338883   -0.338883 (VIOLATED)
_408_/A1                                3.000000    3.338883   -0.338883 (VIOLATED)
_422_/B                                 3.000000    3.338883   -0.338883 (VIOLATED)
_425_/A2                                3.000000    3.338883   -0.338883 (VIOLATED)
_438_/B                                 3.000000    3.338883   -0.338883 (VIOLATED)
_446_/B                                 3.000000    3.338883   -0.338883 (VIOLATED)
_450_/A1                                3.000000    3.338883   -0.338883 (VIOLATED)
_454_/A1                                3.000000    3.338883   -0.338883 (VIOLATED)
_460_/A1                                3.000000    3.338883   -0.338883 (VIOLATED)
_462_/A1                                3.000000    3.338883   -0.338883 (VIOLATED)
_464_/C                                 3.000000    3.338883   -0.338883 (VIOLATED)
_488_/A1                                3.000000    3.338883   -0.338883 (VIOLATED)
_491_/A1                                3.000000    3.338883   -0.338883 (VIOLATED)
_494_/B                                 3.000000    3.338883   -0.338883 (VIOLATED)
_495_/A1                                3.000000    3.338883   -0.338883 (VIOLATED)
_506_/B                                 3.000000    3.338883   -0.338883 (VIOLATED)
_507_/A1                                3.000000    3.338883   -0.338883 (VIOLATED)
_521_/A1                                3.000000    3.338883   -0.338883 (VIOLATED)

max fanout

Pin                                   Limit Fanout  Slack
---------------------------------------------------------
_323_/ZN                                 10     26    -16 (VIOLATED)
_357_/ZN                                 10     23    -13 (VIOLATED)
_359_/ZN                                 10     23    -13 (VIOLATED)
_360_/ZN                                 10     23    -13 (VIOLATED)
rst_n                                    10     19     -9 (VIOLATED)
_356_/ZN                                 10     18     -8 (VIOLATED)
_386_/ZN                                 10     16     -6 (VIOLATED)
_554_/ZN                                 10     16     -6 (VIOLATED)
_329_/ZN                                 10     12     -2 (VIOLATED)
_349_/ZN                                 10     12     -2 (VIOLATED)
_379_/ZN                                 10     11        (VIOLATED)
_387_/ZN                                 10     11        (VIOLATED)



===========================================================================
report_parasitic_annotation -report_unannotated
============================================================================
Found 392 unannotated drivers.
 clk
 ena
 rst_n
 ua[0]
 ua[1]
 ua[2]
 ua[3]
 ua[4]
 ua[5]
 ua[6]
 ua[7]
 ui_in[0]
 ui_in[1]
 ui_in[2]
 ui_in[3]
 ui_in[4]
 ui_in[5]
 ui_in[6]
 ui_in[7]
 uio_in[0]
 uio_in[1]
 uio_in[2]
 uio_in[3]
 uio_in[4]
 uio_in[5]
 uio_in[6]
 uio_in[7]
 _309_/ZN
 _310_/ZN
 _311_/ZN
 _312_/ZN
 _313_/ZN
 _314_/ZN
 _315_/ZN
 _316_/ZN
 _317_/ZN
 _318_/ZN
 _319_/ZN
 _320_/ZN
 _321_/ZN
 _322_/ZN
 _323_/ZN
 _324_/ZN
 _325_/Z
 _326_/ZN
 _327_/Z
 _328_/ZN
 _329_/ZN
 _330_/ZN
 _331_/ZN
 _332_/ZN
 _333_/ZN
 _334_/ZN
 _335_/ZN
 _336_/ZN
 _337_/ZN
 _338_/ZN
 _339_/ZN
 _340_/ZN
 _341_/ZN
 _342_/ZN
 _343_/ZN
 _344_/Z
 _345_/ZN
 _346_/ZN
 _347_/ZN
 _348_/ZN
 _349_/ZN
 _350_/ZN
 _351_/ZN
 _352_/ZN
 _353_/ZN
 _354_/ZN
 _355_/ZN
 _356_/ZN
 _357_/ZN
 _358_/ZN
 _359_/ZN
 _360_/ZN
 _361_/Z
 _362_/ZN
 _363_/ZN
 _364_/ZN
 _365_/ZN
 _366_/ZN
 _367_/ZN
 _368_/ZN
 _369_/Z
 _370_/Z
 _371_/ZN
 _372_/ZN
 _373_/ZN
 _374_/ZN
 _375_/ZN
 _376_/ZN
 _377_/ZN
 _378_/ZN
 _379_/ZN
 _380_/ZN
 _381_/ZN
 _382_/ZN
 _383_/ZN
 _384_/ZN
 _385_/ZN
 _386_/ZN
 _387_/ZN
 _388_/Z
 _389_/ZN
 _390_/ZN
 _391_/ZN
 _392_/ZN
 _393_/ZN
 _394_/ZN
 _395_/ZN
 _396_/ZN
 _397_/Z
 _398_/ZN
 _399_/ZN
 _400_/ZN
 _401_/ZN
 _402_/ZN
 _403_/ZN
 _404_/ZN
 _405_/ZN
 _406_/Z
 _407_/ZN
 _408_/ZN
 _409_/ZN
 _410_/ZN
 _411_/ZN
 _412_/ZN
 _413_/ZN
 _414_/ZN
 _415_/ZN
 _416_/ZN
 _417_/ZN
 _418_/ZN
 _419_/ZN
 _420_/ZN
 _421_/ZN
 _422_/ZN
 _423_/ZN
 _424_/ZN
 _425_/ZN
 _426_/ZN
 _427_/ZN
 _428_/ZN
 _429_/ZN
 _430_/ZN
 _431_/ZN
 _432_/ZN
 _433_/ZN
 _434_/ZN
 _435_/ZN
 _436_/ZN
 _437_/ZN
 _438_/ZN
 _439_/ZN
 _440_/ZN
 _441_/ZN
 _442_/ZN
 _443_/ZN
 _444_/ZN
 _445_/ZN
 _446_/ZN
 _447_/ZN
 _448_/ZN
 _449_/ZN
 _450_/ZN
 _451_/ZN
 _452_/ZN
 _453_/ZN
 _454_/ZN
 _455_/Z
 _456_/ZN
 _457_/ZN
 _458_/ZN
 _459_/ZN
 _460_/ZN
 _461_/ZN
 _462_/ZN
 _463_/ZN
 _464_/ZN
 _465_/ZN
 _466_/ZN
 _467_/ZN
 _468_/ZN
 _469_/ZN
 _470_/ZN
 _471_/ZN
 _472_/ZN
 _473_/ZN
 _474_/ZN
 _475_/ZN
 _476_/ZN
 _477_/ZN
 _478_/ZN
 _479_/ZN
 _480_/ZN
 _481_/ZN
 _482_/ZN
 _483_/ZN
 _484_/ZN
 _485_/Z
 _486_/ZN
 _487_/ZN
 _488_/ZN
 _489_/ZN
 _490_/ZN
 _491_/Z
 _492_/ZN
 _493_/ZN
 _494_/ZN
 _495_/ZN
 _496_/ZN
 _497_/ZN
 _498_/Z
 _499_/ZN
 _500_/ZN
 _501_/ZN
 _502_/ZN
 _503_/ZN
 _504_/ZN
 _505_/ZN
 _506_/ZN
 _507_/ZN
 _508_/Z
 _509_/ZN
 _510_/ZN
 _511_/ZN
 _512_/ZN
 _513_/ZN
 _514_/Z
 _515_/ZN
 _516_/ZN
 _517_/ZN
 _518_/ZN
 _519_/ZN
 _520_/ZN
 _521_/ZN
 _522_/ZN
 _523_/ZN
 _524_/ZN
 _525_/ZN
 _526_/ZN
 _527_/ZN
 _528_/ZN
 _529_/ZN
 _530_/ZN
 _531_/ZN
 _532_/ZN
 _533_/ZN
 _534_/ZN
 _535_/ZN
 _536_/Z
 _537_/ZN
 _538_/ZN
 _539_/ZN
 _540_/ZN
 _541_/ZN
 _542_/ZN
 _543_/ZN
 _544_/ZN
 _545_/Z
 _546_/ZN
 _547_/ZN
 _548_/ZN
 _549_/ZN
 _550_/ZN
 _551_/ZN
 _552_/ZN
 _553_/ZN
 _554_/ZN
 _555_/ZN
 _556_/ZN
 _557_/ZN
 _558_/ZN
 _559_/ZN
 _560_/ZN
 _561_/ZN
 _562_/ZN
 _563_/ZN
 _564_/ZN
 _565_/ZN
 _566_/ZN
 _567_/ZN
 _568_/ZN
 _569_/ZN
 _570_/ZN
 _571_/ZN
 _572_/ZN
 _573_/ZN
 _574_/ZN
 _575_/ZN
 _576_/ZN
 _577_/ZN
 _578_/ZN
 _579_/ZN
 _580_/ZN
 _581_/ZN
 _582_/ZN
 _583_/ZN
 _584_/ZN
 _585_/ZN
 _586_/ZN
 _587_/ZN
 _588_/ZN
 _589_/ZN
 _590_/ZN
 _591_/ZN
 _592_/ZN
 _593_/ZN
 _594_/ZN
 _595_/ZN
 _596_/ZN
 _597_/ZN
 _598_/ZN
 _599_/ZN
 _600_/ZN
 _601_/ZN
 _602_/ZN
 _603_/ZN
 _604_/ZN
 _605_/ZN
 _606_/ZN
 _607_/ZN
 _608_/ZN
 _609_/ZN
 _610_/ZN
 _611_/ZN
 _612_/Z
 _613_/ZN
 _614_/ZN
 _615_/ZN
 _616_/ZN
 _617_/ZN
 _618_/Q
 _619_/Q
 _620_/Q
 _621_/Q
 _622_/Q
 _623_/Q
 _624_/Q
 _625_/Q
 _626_/Q
 _627_/Q
 _628_/Q
 _629_/Q
 _630_/Q
 _631_/Q
 _632_/Q
 _633_/Q
 _634_/Q
 _635_/Q
 _636_/Q
 _637_/Q
 _638_/Q
 _639_/Q
 _640_/Q
 _641_/Q
 _642_/Q
 _643_/Q
 _644_/Q
 _645_/Q
 _646_/Q
 _647_/Q
 _648_/Q
 _649_/Q
 _650_/Q
 _651_/Q
 _652_/Q
 _653_/Q
 _654_/Q
 _655_/Q
 _656_/Q
 _657_/Q
 _658_/ZN
 _659_/ZN
 _660_/ZN
 _661_/ZN
 _662_/ZN
 _663_/ZN
 _664_/ZN
 _665_/ZN
 _666_/ZN
 _667_/ZN
 _668_/ZN
 _669_/ZN
 _670_/ZN
 _671_/ZN
 _672_/ZN
 _673_/ZN
Found 0 partially unannotated drivers.

===========================================================================
max slew violation count 50
%OL_METRIC_I design__max_slew_violation__count__corner:nom_tt_025C_3v30 50
max fanout violation count 12
%OL_METRIC_I design__max_fanout_violation__count__corner:nom_tt_025C_3v30 12
max cap violation count 0
%OL_METRIC_I design__max_cap_violation__count__corner:nom_tt_025C_3v30 0
============================================================================

===========================================================================
check_setup -verbose -unconstrained_endpoints -multiple_clock -no_clock -no_input_delay -loops -generated_clocks
===========================================================================
Warning: There are 8 unconstrained endpoints.
  ua[0]
  ua[1]
  ua[2]
  ua[3]
  ua[4]
  ua[5]
  ua[6]
  ua[7]
%OL_END_REPORT
%OL_CREATE_REPORT power.rpt

===========================================================================
 report_power
============================================================================
======================= nom_tt_025C_3v30 Corner ===================================

Group                    Internal    Switching      Leakage        Total
                            Power        Power        Power        Power (Watts)
------------------------------------------------------------------------
Sequential           4.428036e-04 2.206503e-05 7.271665e-09 4.648759e-04  78.3%
Combinational        6.450595e-05 6.400484e-05 1.501701e-08 1.285258e-04  21.7%
Clock                0.000000e+00 0.000000e+00 0.000000e+00 0.000000e+00   0.0%
Macro                0.000000e+00 0.000000e+00 0.000000e+00 0.000000e+00   0.0%
Pad                  0.000000e+00 0.000000e+00 0.000000e+00 0.000000e+00   0.0%
------------------------------------------------------------------------
Total                5.073096e-04 8.606988e-05 2.228866e-08 5.934018e-04 100.0%
                            85.5%        14.5%         0.0%
%OL_METRIC_F power__internal__total 0.0005073096253909171
%OL_METRIC_F power__switching__total 8.606987830717117e-5
%OL_METRIC_F power__leakage__total 2.2288661583047542e-8
%OL_METRIC_F power__total 0.0005934017826803029

%OL_END_REPORT
%OL_CREATE_REPORT skew.min.rpt

===========================================================================
Clock Skew (Hold)
============================================================================
%OL_METRIC_F clock__skew__worst_hold__corner:nom_tt_025C_3v30 -0.29343955873518507
======================= nom_tt_025C_3v30 Corner ===================================

Clock clk
0.412676 source latency _618_/CLK ^
-0.456115 target latency _626_/CLK ^
-0.250000 clock uncertainty
0.000000 CRPR
--------------
-0.293440 hold skew

%OL_END_REPORT
%OL_CREATE_REPORT skew.max.rpt

===========================================================================
Clock Skew (Setup)
============================================================================
%OL_METRIC_F clock__skew__worst_setup__corner:nom_tt_025C_3v30 0.29343955873518507
======================= nom_tt_025C_3v30 Corner ===================================

Clock clk
0.456115 source latency _618_/CLK ^
-0.412676 target latency _626_/CLK ^
0.250000 clock uncertainty
0.000000 CRPR
--------------
0.293440 setup skew

%OL_END_REPORT
%OL_CREATE_REPORT ws.min.rpt

===========================================================================
Worst Slack (Hold)
============================================================================
%OL_METRIC_F timing__hold__ws__corner:nom_tt_025C_3v30 0.9194971710961422
nom_tt_025C_3v30: 0.9194971710961422
%OL_END_REPORT
%OL_CREATE_REPORT ws.max.rpt

===========================================================================
Worst Slack (Setup)
============================================================================
%OL_METRIC_F timing__setup__ws__corner:nom_tt_025C_3v30 4.95419808089063
nom_tt_025C_3v30: 4.95419808089063
%OL_END_REPORT
%OL_CREATE_REPORT tns.min.rpt

===========================================================================
Total Negative Slack (Hold)
============================================================================
%OL_METRIC_F timing__hold__tns__corner:nom_tt_025C_3v30 0.0
nom_tt_025C_3v30: 0.0
%OL_END_REPORT
%OL_CREATE_REPORT tns.max.rpt

===========================================================================
Total Negative Slack (Setup)
============================================================================
%OL_METRIC_F timing__setup__tns__corner:nom_tt_025C_3v30 0.0
nom_tt_025C_3v30: 0.0
%OL_END_REPORT
%OL_CREATE_REPORT wns.min.rpt

===========================================================================
Worst Negative Slack (Hold)
============================================================================
%OL_METRIC_F timing__hold__wns__corner:nom_tt_025C_3v30 0
nom_tt_025C_3v30: 0
%OL_END_REPORT
%OL_CREATE_REPORT wns.max.rpt

===========================================================================
Worst Negative Slack (Setup)
============================================================================
%OL_METRIC_F timing__setup__wns__corner:nom_tt_025C_3v30 0.0
nom_tt_025C_3v30: 0.0
%OL_END_REPORT
%OL_CREATE_REPORT violator_list.rpt

===========================================================================
Violator List
============================================================================
%OL_METRIC_I timing__hold_vio__count__corner:nom_tt_025C_3v30 0
%OL_METRIC_F timing__hold_r2r__ws__corner:nom_tt_025C_3v30 0.919497
%OL_METRIC_I timing__hold_r2r_vio__count__corner:nom_tt_025C_3v30 0
%OL_METRIC_I timing__setup_vio__count__corner:nom_tt_025C_3v30 0
%OL_METRIC_F timing__setup_r2r__ws__corner:nom_tt_025C_3v30 inf
%OL_METRIC_I timing__setup_r2r_vio__count__corner:nom_tt_025C_3v30 0
%OL_END_REPORT
%OL_CREATE_REPORT unpropagated.rpt
clk
%OL_END_REPORT
%OL_CREATE_REPORT clock.rpt
Clock: clk
Sources: clk 
Generated: no
Virtual: no
Propagated: no
Period: 20.000000

===========================================================================
report_clock_properties
============================================================================
Clock                   Period          Waveform
----------------------------------------------------
clk                  20.000000    0.000000 10.000000

===========================================================================
report_clock_latency
============================================================================
Clock clk
rise -> rise
    min     max
0.000000 0.000000 source latency
0.412676         network latency _618_/CLK
        0.456115 network latency _618_/CLK
---------------
0.412676 0.456115 latency
        0.043440 skew

fall -> fall
    min     max
0.000000 0.000000 source latency
0.224640         network latency _618_/CLK
        0.248286 network latency _618_/CLK
---------------
0.224640 0.248286 latency
        0.023646 skew



===========================================================================
report_clock_min_period
============================================================================
clk period_min = 0.00 fmax = inf
%OL_END_REPORT
Writing SDF files for all corners…
