
 /----------------------------------------------------------------------------\
 |  yosys -- Yosys Open SYnthesis Suite                                       |
 |  Copyright (C) 2012 - 2026  Claire Xenia Wolf <claire@yosyshq.com>         |
 |  Distributed under an ISC-like license, type "license" to see terms        |
 \----------------------------------------------------------------------------/
 Yosys 0.69 (git sha1 9f75ca1f9, Release, GNU /usr/bin/c++ 13.3.0)

-- Executing script file `design_aiger.ys' --

1. Executing RTLIL frontend.
Input filename: design_prep.il

2. Executing HIERARCHY pass (managing design hierarchy).
Attribute `top' found on module `miter'. Setting top module to miter.

2.1. Analyzing design hierarchy..
Top module:  \miter

2.2. Analyzing design hierarchy..
Top module:  \miter
Removed 0 unused modules.
Module miter directly or indirectly contains formal properties -> setting "keep" attribute.

3. Executing FORMALFF pass.

4. Executing FLATTEN pass (flatten design).

5. Executing SETUNDEF pass (replace undef values with defined constants).

6. Executing OPT pass (performing simple optimizations).

6.1. Executing OPT_EXPR pass (perform const folding).
Optimizing module miter.
<suppressed ~4 debug messages>

6.2. Executing OPT_MERGE pass (detect identical cells).
Finding identical cells in module `\miter'.
Computing hashes of 376 cells of `\miter'.
Finding duplicate cells in `\miter'.
Removed a total of 0 cells.

6.3. Executing OPT_MUXTREE pass (detect dead branches in mux trees).
Running muxtree optimizer on module \miter..
  Creating internal representation of mux trees.
  Evaluating internal representation of mux trees.
  Analyzing evaluation results.
Removed 0 multiplexer ports.
<suppressed ~568 debug messages>

6.4. Executing OPT_REDUCE pass (consolidate $*mux and $reduce_* inputs).
  Optimizing cells in module \miter.
    Consolidated identical input bits for $mux cell $flatten\gate.$memory$auto$proc_rom.cc:155:do_switch$11$rdmux[0][6][0]$997:
      Old ports: A={ 6'100000 $auto$wreduce.cc:513:run$1594 [1:0] }, B={ 4'1000 $auto$wreduce.cc:513:run$1593 [3:0] }, Y=$flatten\gate.$memory$auto$proc_rom.cc:155:do_switch$11$rdmux[0][5][0]$a$902
      New ports: A={ 2'00 $auto$wreduce.cc:513:run$1594 [1:0] }, B=$auto$wreduce.cc:513:run$1593 [3:0], Y=$flatten\gate.$memory$auto$proc_rom.cc:155:do_switch$11$rdmux[0][5][0]$a$902 [3:0]
      New connections: $flatten\gate.$memory$auto$proc_rom.cc:155:do_switch$11$rdmux[0][5][0]$a$902 [7:4] = 4'1000
    Consolidated identical input bits for $mux cell $flatten\gate.$memory$auto$proc_rom.cc:155:do_switch$11$rdmux[0][6][10]$1027:
      Old ports: A={ 7'1110101 $auto$wreduce.cc:513:run$1588 [0] }, B={ 6'111011 $auto$wreduce.cc:513:run$1590 [1:0] }, Y=$flatten\gate.$memory$auto$proc_rom.cc:155:do_switch$11$rdmux[0][5][5]$a$917
      New ports: A={ 2'01 \gate.cnt [0] }, B={ 1'1 $auto$wreduce.cc:513:run$1590 [1:0] }, Y=$flatten\gate.$memory$auto$proc_rom.cc:155:do_switch$11$rdmux[0][5][5]$a$917 [2:0]
      New connections: $flatten\gate.$memory$auto$proc_rom.cc:155:do_switch$11$rdmux[0][5][5]$a$917 [7:3] = 5'11101
    Consolidated identical input bits for $mux cell $flatten\gate.$memory$auto$proc_rom.cc:155:do_switch$11$rdmux[0][6][11]$1030:
      Old ports: A={ 7'1111000 $auto$wreduce.cc:513:run$1588 [0] }, B={ 5'11110 $auto$wreduce.cc:513:run$1672 [2:0] }, Y=$flatten\gate.$memory$auto$proc_rom.cc:155:do_switch$11$rdmux[0][5][5]$b$918
      New ports: A={ 2'00 \gate.cnt [0] }, B=$auto$wreduce.cc:513:run$1672 [2:0], Y=$flatten\gate.$memory$auto$proc_rom.cc:155:do_switch$11$rdmux[0][5][5]$b$918 [2:0]
      New connections: $flatten\gate.$memory$auto$proc_rom.cc:155:do_switch$11$rdmux[0][5][5]$b$918 [7:3] = 5'11110
    Consolidated identical input bits for $mux cell $flatten\gate.$memory$auto$proc_rom.cc:155:do_switch$11$rdmux[0][6][12]$1033:
      Old ports: A={ 6'111101 $auto$wreduce.cc:513:run$1590 [1:0] }, B={ 7'1111100 $auto$wreduce.cc:513:run$1588 [0] }, Y=$flatten\gate.$memory$auto$proc_rom.cc:155:do_switch$11$rdmux[0][5][6]$a$920
      New ports: A={ 2'01 $auto$wreduce.cc:513:run$1590 [1:0] }, B={ 3'100 \gate.cnt [0] }, Y=$flatten\gate.$memory$auto$proc_rom.cc:155:do_switch$11$rdmux[0][5][6]$a$920 [3:0]
      New connections: $flatten\gate.$memory$auto$proc_rom.cc:155:do_switch$11$rdmux[0][5][6]$a$920 [7:4] = 4'1111
    Consolidated identical input bits for $mux cell $flatten\gate.$memory$auto$proc_rom.cc:155:do_switch$11$rdmux[0][6][13]$1036:
      Old ports: A=8'11111010, B={ 5'11111 $auto$wreduce.cc:513:run$1672 [2:0] }, Y=$flatten\gate.$memory$auto$proc_rom.cc:155:do_switch$11$rdmux[0][5][6]$b$921
      New ports: A=3'010, B=$auto$wreduce.cc:513:run$1672 [2:0], Y=$flatten\gate.$memory$auto$proc_rom.cc:155:do_switch$11$rdmux[0][5][6]$b$921 [2:0]
      New connections: $flatten\gate.$memory$auto$proc_rom.cc:155:do_switch$11$rdmux[0][5][6]$b$921 [7:3] = 5'11111
    Consolidated identical input bits for $mux cell $flatten\gate.$memory$auto$proc_rom.cc:155:do_switch$11$rdmux[0][6][15]$1042:
      Old ports: A={ 7'1111111 $auto$wreduce.cc:513:run$1588 [0] }, B=8'11111111, Y=$flatten\gate.$memory$auto$proc_rom.cc:155:do_switch$11$rdmux[0][5][7]$b$924
      New ports: A=\gate.cnt [0], B=1'1, Y=$flatten\gate.$memory$auto$proc_rom.cc:155:do_switch$11$rdmux[0][5][7]$b$924 [0]
      New connections: $flatten\gate.$memory$auto$proc_rom.cc:155:do_switch$11$rdmux[0][5][7]$b$924 [7:1] = 7'1111111
    Consolidated identical input bits for $mux cell $flatten\gate.$memory$auto$proc_rom.cc:155:do_switch$11$rdmux[0][6][17]$1048:
      Old ports: A=8'11111110, B={ 6'111111 $auto$wreduce.cc:513:run$1606 [1:0] }, Y=$flatten\gate.$memory$auto$proc_rom.cc:155:do_switch$11$rdmux[0][5][8]$b$927
      New ports: A=2'10, B=$auto$wreduce.cc:513:run$1606 [1:0], Y=$flatten\gate.$memory$auto$proc_rom.cc:155:do_switch$11$rdmux[0][5][8]$b$927 [1:0]
      New connections: $flatten\gate.$memory$auto$proc_rom.cc:155:do_switch$11$rdmux[0][5][8]$b$927 [7:2] = 6'111111
    Consolidated identical input bits for $mux cell $flatten\gate.$memory$auto$proc_rom.cc:155:do_switch$11$rdmux[0][6][18]$1051:
      Old ports: A={ 7'1111110 $auto$wreduce.cc:513:run$1600 [0] }, B={ 7'1111101 $auto$wreduce.cc:513:run$1600 [0] }, Y=$flatten\gate.$memory$auto$proc_rom.cc:155:do_switch$11$rdmux[0][5][9]$a$929
      New ports: A=2'10, B=2'01, Y=$flatten\gate.$memory$auto$proc_rom.cc:155:do_switch$11$rdmux[0][5][9]$a$929 [2:1]
      New connections: { $flatten\gate.$memory$auto$proc_rom.cc:155:do_switch$11$rdmux[0][5][9]$a$929 [7:3] $flatten\gate.$memory$auto$proc_rom.cc:155:do_switch$11$rdmux[0][5][9]$a$929 [0] } = { 5'11111 $auto$wreduce.cc:513:run$1600 [0] }
    Consolidated identical input bits for $mux cell $flatten\gate.$memory$auto$proc_rom.cc:155:do_switch$11$rdmux[0][6][19]$1054:
      Old ports: A={ 6'111110 $auto$wreduce.cc:513:run$1606 [1:0] }, B={ 4'1111 $auto$wreduce.cc:513:run$1660 [3:0] }, Y=$flatten\gate.$memory$auto$proc_rom.cc:155:do_switch$11$rdmux[0][5][9]$b$930
      New ports: A={ 2'10 $auto$wreduce.cc:513:run$1606 [1:0] }, B=$auto$wreduce.cc:513:run$1660 [3:0], Y=$flatten\gate.$memory$auto$proc_rom.cc:155:do_switch$11$rdmux[0][5][9]$b$930 [3:0]
      New connections: $flatten\gate.$memory$auto$proc_rom.cc:155:do_switch$11$rdmux[0][5][9]$b$930 [7:4] = 4'1111
    Consolidated identical input bits for $mux cell $flatten\gate.$memory$auto$proc_rom.cc:155:do_switch$11$rdmux[0][6][1]$1000:
      Old ports: A={ 6'100011 $auto$wreduce.cc:513:run$1594 [1:0] }, B={ 5'10010 $auto$wreduce.cc:513:run$1604 [2:0] }, Y=$flatten\gate.$memory$auto$proc_rom.cc:155:do_switch$11$rdmux[0][5][0]$b$903
      New ports: A={ 3'011 $auto$wreduce.cc:513:run$1594 [1:0] }, B={ 2'10 $auto$wreduce.cc:513:run$1604 [2:0] }, Y=$flatten\gate.$memory$auto$proc_rom.cc:155:do_switch$11$rdmux[0][5][0]$b$903 [4:0]
      New connections: $flatten\gate.$memory$auto$proc_rom.cc:155:do_switch$11$rdmux[0][5][0]$b$903 [7:5] = 3'100
    Consolidated identical input bits for $mux cell $flatten\gate.$memory$auto$proc_rom.cc:155:do_switch$11$rdmux[0][6][20]$1057:
      Old ports: A={ 7'1111010 $auto$wreduce.cc:513:run$1600 [0] }, B={ 6'111100 $auto$wreduce.cc:513:run$1622 [1:0] }, Y=$flatten\gate.$memory$auto$proc_rom.cc:155:do_switch$11$rdmux[0][5][10]$a$932
      New ports: A={ 2'10 $auto$wreduce.cc:513:run$1600 [0] }, B={ 1'0 $auto$wreduce.cc:513:run$1622 [1:0] }, Y=$flatten\gate.$memory$auto$proc_rom.cc:155:do_switch$11$rdmux[0][5][10]$a$932 [2:0]
      New connections: $flatten\gate.$memory$auto$proc_rom.cc:155:do_switch$11$rdmux[0][5][10]$a$932 [7:3] = 5'11110
    Consolidated identical input bits for $mux cell $flatten\gate.$memory$auto$proc_rom.cc:155:do_switch$11$rdmux[0][6][21]$1060:
      Old ports: A={ 3'111 $auto$wreduce.cc:513:run$1647 [4:0] }, B={ 5'11101 $auto$wreduce.cc:513:run$1612 [2:0] }, Y=$flatten\gate.$memory$auto$proc_rom.cc:155:do_switch$11$rdmux[0][5][10]$b$933
      New ports: A=$auto$wreduce.cc:513:run$1647 [4:0], B={ 2'01 $auto$wreduce.cc:513:run$1612 [2:0] }, Y=$flatten\gate.$memory$auto$proc_rom.cc:155:do_switch$11$rdmux[0][5][10]$b$933 [4:0]
      New connections: $flatten\gate.$memory$auto$proc_rom.cc:155:do_switch$11$rdmux[0][5][10]$b$933 [7:5] = 3'111
    Consolidated identical input bits for $mux cell $flatten\gate.$memory$auto$proc_rom.cc:155:do_switch$11$rdmux[0][6][22]$1063:
      Old ports: A={ 6'111010 $auto$wreduce.cc:513:run$1617 [1:0] }, B={ 6'111001 $auto$wreduce.cc:513:run$1617 [1:0] }, Y=$flatten\gate.$memory$auto$proc_rom.cc:155:do_switch$11$rdmux[0][5][11]$a$935
      New ports: A=2'10, B=2'01, Y=$flatten\gate.$memory$auto$proc_rom.cc:155:do_switch$11$rdmux[0][5][11]$a$935 [3:2]
      New connections: { $flatten\gate.$memory$auto$proc_rom.cc:155:do_switch$11$rdmux[0][5][11]$a$935 [7:4] $flatten\gate.$memory$auto$proc_rom.cc:155:do_switch$11$rdmux[0][5][11]$a$935 [1:0] } = { 4'1110 $auto$wreduce.cc:513:run$1617 [1:0] }
    Consolidated identical input bits for $mux cell $flatten\gate.$memory$auto$proc_rom.cc:155:do_switch$11$rdmux[0][6][23]$1066:
      Old ports: A={ 6'111000 $auto$wreduce.cc:513:run$1617 [1:0] }, B={ 6'110111 $auto$wreduce.cc:513:run$1617 [1:0] }, Y=$flatten\gate.$memory$auto$proc_rom.cc:155:do_switch$11$rdmux[0][5][11]$b$936
      New ports: A=2'10, B=2'01, Y={ $flatten\gate.$memory$auto$proc_rom.cc:155:do_switch$11$rdmux[0][5][11]$b$936 [5] $flatten\gate.$memory$auto$proc_rom.cc:155:do_switch$11$rdmux[0][5][11]$b$936 [2] }
      New connections: { $flatten\gate.$memory$auto$proc_rom.cc:155:do_switch$11$rdmux[0][5][11]$b$936 [7:6] $flatten\gate.$memory$auto$proc_rom.cc:155:do_switch$11$rdmux[0][5][11]$b$936 [4:3] $flatten\gate.$memory$auto$proc_rom.cc:155:do_switch$11$rdmux[0][5][11]$b$936 [1:0] } = { 2'11 $flatten\gate.$memory$auto$proc_rom.cc:155:do_switch$11$rdmux[0][5][11]$b$936 [2] $flatten\gate.$memory$auto$proc_rom.cc:155:do_switch$11$rdmux[0][5][11]$b$936 [2] $auto$wreduce.cc:513:run$1617 [1:0] }
    Consolidated identical input bits for $mux cell $flatten\gate.$memory$auto$proc_rom.cc:155:do_switch$11$rdmux[0][6][24]$1069:
      Old ports: A={ 4'1101 $auto$wreduce.cc:513:run$1640 [3:0] }, B={ 5'11010 $auto$wreduce.cc:513:run$1612 [2:0] }, Y=$flatten\gate.$memory$auto$proc_rom.cc:155:do_switch$11$rdmux[0][5][12]$a$938
      New ports: A=$auto$wreduce.cc:513:run$1640 [3:0], B={ 1'0 $auto$wreduce.cc:513:run$1612 [2:0] }, Y=$flatten\gate.$memory$auto$proc_rom.cc:155:do_switch$11$rdmux[0][5][12]$a$938 [3:0]
      New connections: $flatten\gate.$memory$auto$proc_rom.cc:155:do_switch$11$rdmux[0][5][12]$a$938 [7:4] = 4'1101
    Consolidated identical input bits for $mux cell $flatten\gate.$memory$auto$proc_rom.cc:155:do_switch$11$rdmux[0][6][25]$1072:
      Old ports: A={ 3'110 $auto$wreduce.cc:513:run$1647 [4:0] }, B={ 6'110010 $auto$wreduce.cc:513:run$1622 [1:0] }, Y=$flatten\gate.$memory$auto$proc_rom.cc:155:do_switch$11$rdmux[0][5][12]$b$939
      New ports: A=$auto$wreduce.cc:513:run$1647 [4:0], B={ 3'010 $auto$wreduce.cc:513:run$1622 [1:0] }, Y=$flatten\gate.$memory$auto$proc_rom.cc:155:do_switch$11$rdmux[0][5][12]$b$939 [4:0]
      New connections: $flatten\gate.$memory$auto$proc_rom.cc:155:do_switch$11$rdmux[0][5][12]$b$939 [7:5] = 3'110
    Consolidated identical input bits for $mux cell $flatten\gate.$memory$auto$proc_rom.cc:155:do_switch$11$rdmux[0][6][26]$1075:
      Old ports: A={ 6'110001 $auto$wreduce.cc:513:run$1617 [1:0] }, B={ 1'1 $auto$wreduce.cc:513:run$1644 [6:0] }, Y=$flatten\gate.$memory$auto$proc_rom.cc:155:do_switch$11$rdmux[0][5][13]$a$941
      New ports: A={ 5'10001 $auto$wreduce.cc:513:run$1617 [1:0] }, B=$auto$wreduce.cc:513:run$1644 [6:0], Y=$flatten\gate.$memory$auto$proc_rom.cc:155:do_switch$11$rdmux[0][5][13]$a$941 [6:0]
      New connections: $flatten\gate.$memory$auto$proc_rom.cc:155:do_switch$11$rdmux[0][5][13]$a$941 [7] = 1'1
    Consolidated identical input bits for $mux cell $flatten\gate.$memory$auto$proc_rom.cc:155:do_switch$11$rdmux[0][6][27]$1078:
      Old ports: A={ 5'10111 $auto$wreduce.cc:513:run$1619 [2:0] }, B={ 5'10110 $auto$wreduce.cc:513:run$1621 [2:0] }, Y=$flatten\gate.$memory$auto$proc_rom.cc:155:do_switch$11$rdmux[0][5][13]$b$942
      New ports: A={ 1'1 $auto$wreduce.cc:513:run$1619 [2:0] }, B={ 1'0 $auto$wreduce.cc:513:run$1621 [2:0] }, Y=$flatten\gate.$memory$auto$proc_rom.cc:155:do_switch$11$rdmux[0][5][13]$b$942 [3:0]
      New connections: $flatten\gate.$memory$auto$proc_rom.cc:155:do_switch$11$rdmux[0][5][13]$b$942 [7:4] = 4'1011
    Consolidated identical input bits for $mux cell $flatten\gate.$memory$auto$proc_rom.cc:155:do_switch$11$rdmux[0][6][28]$1081:
      Old ports: A={ 3'101 $auto$wreduce.cc:513:run$1641 [4:0] }, B={ 4'1010 $auto$wreduce.cc:513:run$1640 [3:0] }, Y=$flatten\gate.$memory$auto$proc_rom.cc:155:do_switch$11$rdmux[0][5][14]$a$944
      New ports: A=$auto$wreduce.cc:513:run$1641 [4:0], B={ 1'0 $auto$wreduce.cc:513:run$1640 [3:0] }, Y=$flatten\gate.$memory$auto$proc_rom.cc:155:do_switch$11$rdmux[0][5][14]$a$944 [4:0]
      New connections: $flatten\gate.$memory$auto$proc_rom.cc:155:do_switch$11$rdmux[0][5][14]$a$944 [7:5] = 3'101
    Consolidated identical input bits for $mux cell $flatten\gate.$memory$auto$proc_rom.cc:155:do_switch$11$rdmux[0][6][29]$1084:
      Old ports: A={ 5'10100 $auto$wreduce.cc:513:run$1625 [2:0] }, B={ 5'10011 $auto$wreduce.cc:513:run$1621 [2:0] }, Y=$flatten\gate.$memory$auto$proc_rom.cc:155:do_switch$11$rdmux[0][5][14]$b$945
      New ports: A={ 2'10 $auto$wreduce.cc:513:run$1625 [2:0] }, B={ 2'01 $auto$wreduce.cc:513:run$1621 [2:0] }, Y={ $flatten\gate.$memory$auto$proc_rom.cc:155:do_switch$11$rdmux[0][5][14]$b$945 [5] $flatten\gate.$memory$auto$proc_rom.cc:155:do_switch$11$rdmux[0][5][14]$b$945 [3:0] }
      New connections: { $flatten\gate.$memory$auto$proc_rom.cc:155:do_switch$11$rdmux[0][5][14]$b$945 [7:6] $flatten\gate.$memory$auto$proc_rom.cc:155:do_switch$11$rdmux[0][5][14]$b$945 [4] } = { 2'10 $flatten\gate.$memory$auto$proc_rom.cc:155:do_switch$11$rdmux[0][5][14]$b$945 [3] }
    Consolidated identical input bits for $mux cell $flatten\gate.$memory$auto$proc_rom.cc:155:do_switch$11$rdmux[0][6][2]$1003:
      Old ports: A={ 6'100110 $auto$wreduce.cc:513:run$1594 [1:0] }, B={ 2'10 $auto$wreduce.cc:513:run$1636 [5:0] }, Y=$flatten\gate.$memory$auto$proc_rom.cc:155:do_switch$11$rdmux[0][5][1]$a$905
      New ports: A={ 4'0110 $auto$wreduce.cc:513:run$1594 [1:0] }, B=$auto$wreduce.cc:513:run$1636 [5:0], Y=$flatten\gate.$memory$auto$proc_rom.cc:155:do_switch$11$rdmux[0][5][1]$a$905 [5:0]
      New connections: $flatten\gate.$memory$auto$proc_rom.cc:155:do_switch$11$rdmux[0][5][1]$a$905 [7:6] = 2'10
    Consolidated identical input bits for $mux cell $flatten\gate.$memory$auto$proc_rom.cc:155:do_switch$11$rdmux[0][6][30]$1087:
      Old ports: A={ 4'1001 $auto$wreduce.cc:513:run$1635 [3:0] }, B={ 3'100 $auto$wreduce.cc:513:run$1634 [4:0] }, Y=$flatten\gate.$memory$auto$proc_rom.cc:155:do_switch$11$rdmux[0][5][15]$a$947
      New ports: A={ 1'1 $auto$wreduce.cc:513:run$1635 [3:0] }, B=$auto$wreduce.cc:513:run$1634 [4:0], Y=$flatten\gate.$memory$auto$proc_rom.cc:155:do_switch$11$rdmux[0][5][15]$a$947 [4:0]
      New connections: $flatten\gate.$memory$auto$proc_rom.cc:155:do_switch$11$rdmux[0][5][15]$a$947 [7:5] = 3'100
    Consolidated identical input bits for $mux cell $flatten\gate.$memory$auto$proc_rom.cc:155:do_switch$11$rdmux[0][6][31]$1090:
      Old ports: A={ 5'10001 $auto$wreduce.cc:513:run$1619 [2:0] }, B={ 5'10000 $auto$wreduce.cc:513:run$1621 [2:0] }, Y=$flatten\gate.$memory$auto$proc_rom.cc:155:do_switch$11$rdmux[0][5][15]$b$948
      New ports: A={ 1'1 $auto$wreduce.cc:513:run$1619 [2:0] }, B={ 1'0 $auto$wreduce.cc:513:run$1621 [2:0] }, Y=$flatten\gate.$memory$auto$proc_rom.cc:155:do_switch$11$rdmux[0][5][15]$b$948 [3:0]
      New connections: $flatten\gate.$memory$auto$proc_rom.cc:155:do_switch$11$rdmux[0][5][15]$b$948 [7:4] = 4'1000
    Consolidated identical input bits for $mux cell $flatten\gate.$memory$auto$proc_rom.cc:155:do_switch$11$rdmux[0][6][33]$1096:
      Old ports: A={ 6'011100 $auto$wreduce.cc:513:run$1618 [1:0] }, B={ 5'01101 $auto$wreduce.cc:513:run$1625 [2:0] }, Y=$flatten\gate.$memory$auto$proc_rom.cc:155:do_switch$11$rdmux[0][5][16]$b$951
      New ports: A={ 3'100 $auto$wreduce.cc:513:run$1618 [1:0] }, B={ 2'01 $auto$wreduce.cc:513:run$1625 [2:0] }, Y=$flatten\gate.$memory$auto$proc_rom.cc:155:do_switch$11$rdmux[0][5][16]$b$951 [4:0]
      New connections: $flatten\gate.$memory$auto$proc_rom.cc:155:do_switch$11$rdmux[0][5][16]$b$951 [7:5] = 3'011
    Consolidated identical input bits for $mux cell $flatten\gate.$memory$auto$proc_rom.cc:155:do_switch$11$rdmux[0][6][34]$1099:
      Old ports: A={ 6'011001 $auto$wreduce.cc:513:run$1618 [1:0] }, B={ 2'01 $auto$wreduce.cc:513:run$1627 [5:0] }, Y=$flatten\gate.$memory$auto$proc_rom.cc:155:do_switch$11$rdmux[0][5][17]$a$953
      New ports: A={ 4'1001 $auto$wreduce.cc:513:run$1618 [1:0] }, B=$auto$wreduce.cc:513:run$1627 [5:0], Y=$flatten\gate.$memory$auto$proc_rom.cc:155:do_switch$11$rdmux[0][5][17]$a$953 [5:0]
      New connections: $flatten\gate.$memory$auto$proc_rom.cc:155:do_switch$11$rdmux[0][5][17]$a$953 [7:6] = 2'01
    Consolidated identical input bits for $mux cell $flatten\gate.$memory$auto$proc_rom.cc:155:do_switch$11$rdmux[0][6][35]$1102:
      Old ports: A={ 6'010110 $auto$wreduce.cc:513:run$1617 [1:0] }, B={ 5'01010 $auto$wreduce.cc:513:run$1625 [2:0] }, Y=$flatten\gate.$memory$auto$proc_rom.cc:155:do_switch$11$rdmux[0][5][17]$b$954
      New ports: A={ 2'10 $auto$wreduce.cc:513:run$1617 [1:0] }, B={ 1'0 $auto$wreduce.cc:513:run$1625 [2:0] }, Y=$flatten\gate.$memory$auto$proc_rom.cc:155:do_switch$11$rdmux[0][5][17]$b$954 [3:0]
      New connections: $flatten\gate.$memory$auto$proc_rom.cc:155:do_switch$11$rdmux[0][5][17]$b$954 [7:4] = 4'0101
    Consolidated identical input bits for $mux cell $flatten\gate.$memory$auto$proc_rom.cc:155:do_switch$11$rdmux[0][6][36]$1105:
      Old ports: A={ 6'010011 $auto$wreduce.cc:513:run$1618 [1:0] }, B={ 4'0100 $auto$wreduce.cc:513:run$1620 [3:0] }, Y=$flatten\gate.$memory$auto$proc_rom.cc:155:do_switch$11$rdmux[0][5][18]$a$956
      New ports: A={ 2'11 $auto$wreduce.cc:513:run$1618 [1:0] }, B=$auto$wreduce.cc:513:run$1620 [3:0], Y=$flatten\gate.$memory$auto$proc_rom.cc:155:do_switch$11$rdmux[0][5][18]$a$956 [3:0]
      New connections: $flatten\gate.$memory$auto$proc_rom.cc:155:do_switch$11$rdmux[0][5][18]$a$956 [7:4] = 4'0100
    Consolidated identical input bits for $mux cell $flatten\gate.$memory$auto$proc_rom.cc:155:do_switch$11$rdmux[0][6][37]$1108:
      Old ports: A={ 6'010000 $auto$wreduce.cc:513:run$1622 [1:0] }, B={ 5'00111 $auto$wreduce.cc:513:run$1621 [2:0] }, Y=$flatten\gate.$memory$auto$proc_rom.cc:155:do_switch$11$rdmux[0][5][18]$b$957
      New ports: A={ 3'100 $auto$wreduce.cc:513:run$1622 [1:0] }, B={ 2'01 $auto$wreduce.cc:513:run$1621 [2:0] }, Y={ $flatten\gate.$memory$auto$proc_rom.cc:155:do_switch$11$rdmux[0][5][18]$b$957 [6] $flatten\gate.$memory$auto$proc_rom.cc:155:do_switch$11$rdmux[0][5][18]$b$957 [3:0] }
      New connections: { $flatten\gate.$memory$auto$proc_rom.cc:155:do_switch$11$rdmux[0][5][18]$b$957 [7] $flatten\gate.$memory$auto$proc_rom.cc:155:do_switch$11$rdmux[0][5][18]$b$957 [5:4] } = { 1'0 $flatten\gate.$memory$auto$proc_rom.cc:155:do_switch$11$rdmux[0][5][18]$b$957 [3] $flatten\gate.$memory$auto$proc_rom.cc:155:do_switch$11$rdmux[0][5][18]$b$957 [3] }
    Consolidated identical input bits for $mux cell $flatten\gate.$memory$auto$proc_rom.cc:155:do_switch$11$rdmux[0][6][38]$1111:
      Old ports: A={ 4'0011 $auto$wreduce.cc:513:run$1620 [3:0] }, B={ 5'00110 $auto$wreduce.cc:513:run$1619 [2:0] }, Y=$flatten\gate.$memory$auto$proc_rom.cc:155:do_switch$11$rdmux[0][5][19]$a$959
      New ports: A=$auto$wreduce.cc:513:run$1620 [3:0], B={ 1'0 $auto$wreduce.cc:513:run$1619 [2:0] }, Y=$flatten\gate.$memory$auto$proc_rom.cc:155:do_switch$11$rdmux[0][5][19]$a$959 [3:0]
      New connections: $flatten\gate.$memory$auto$proc_rom.cc:155:do_switch$11$rdmux[0][5][19]$a$959 [7:4] = 4'0011
    Consolidated identical input bits for $mux cell $flatten\gate.$memory$auto$proc_rom.cc:155:do_switch$11$rdmux[0][6][39]$1114:
      Old ports: A={ 6'001011 $auto$wreduce.cc:513:run$1618 [1:0] }, B={ 6'001010 $auto$wreduce.cc:513:run$1617 [1:0] }, Y=$flatten\gate.$memory$auto$proc_rom.cc:155:do_switch$11$rdmux[0][5][19]$b$960
      New ports: A={ 1'1 $auto$wreduce.cc:513:run$1618 [1:0] }, B={ 1'0 $auto$wreduce.cc:513:run$1617 [1:0] }, Y=$flatten\gate.$memory$auto$proc_rom.cc:155:do_switch$11$rdmux[0][5][19]$b$960 [2:0]
      New connections: $flatten\gate.$memory$auto$proc_rom.cc:155:do_switch$11$rdmux[0][5][19]$b$960 [7:3] = 5'00101
    Consolidated identical input bits for $mux cell $flatten\gate.$memory$auto$proc_rom.cc:155:do_switch$11$rdmux[0][6][3]$1006:
      Old ports: A={ 6'101001 $auto$wreduce.cc:513:run$1583 [1:0] }, B={ 5'10101 $auto$wreduce.cc:513:run$1604 [2:0] }, Y=$flatten\gate.$memory$auto$proc_rom.cc:155:do_switch$11$rdmux[0][5][1]$b$906
      New ports: A={ 2'01 $auto$wreduce.cc:513:run$1583 [1:0] }, B={ 1'1 $auto$wreduce.cc:513:run$1604 [2:0] }, Y=$flatten\gate.$memory$auto$proc_rom.cc:155:do_switch$11$rdmux[0][5][1]$b$906 [3:0]
      New connections: $flatten\gate.$memory$auto$proc_rom.cc:155:do_switch$11$rdmux[0][5][1]$b$906 [7:4] = 4'1010
    Consolidated identical input bits for $mux cell $flatten\gate.$memory$auto$proc_rom.cc:155:do_switch$11$rdmux[0][6][40]$1117:
      Old ports: A={ 5'00100 $auto$wreduce.cc:513:run$1612 [2:0] }, B={ 2'00 $auto$wreduce.cc:513:run$1613 [5:0] }, Y=$flatten\gate.$memory$auto$proc_rom.cc:155:do_switch$11$rdmux[0][5][20]$a$962
      New ports: A={ 3'100 $auto$wreduce.cc:513:run$1612 [2:0] }, B=$auto$wreduce.cc:513:run$1613 [5:0], Y=$flatten\gate.$memory$auto$proc_rom.cc:155:do_switch$11$rdmux[0][5][20]$a$962 [5:0]
      New connections: $flatten\gate.$memory$auto$proc_rom.cc:155:do_switch$11$rdmux[0][5][20]$a$962 [7:6] = 2'00
    Consolidated identical input bits for $mux cell $flatten\gate.$memory$auto$proc_rom.cc:155:do_switch$11$rdmux[0][6][41]$1120:
      Old ports: A={ 5'00011 $auto$wreduce.cc:513:run$1612 [2:0] }, B={ 4'0001 $auto$wreduce.cc:513:run$1611 [3:0] }, Y=$flatten\gate.$memory$auto$proc_rom.cc:155:do_switch$11$rdmux[0][5][20]$b$963
      New ports: A={ 1'1 $auto$wreduce.cc:513:run$1612 [2:0] }, B=$auto$wreduce.cc:513:run$1611 [3:0], Y=$flatten\gate.$memory$auto$proc_rom.cc:155:do_switch$11$rdmux[0][5][20]$b$963 [3:0]
      New connections: $flatten\gate.$memory$auto$proc_rom.cc:155:do_switch$11$rdmux[0][5][20]$b$963 [7:4] = 4'0001
    Consolidated identical input bits for $mux cell $flatten\gate.$memory$auto$proc_rom.cc:155:do_switch$11$rdmux[0][6][42]$1123:
      Old ports: A={ 7'0001010 $auto$wreduce.cc:513:run$1600 [0] }, B={ 6'000100 $auto$wreduce.cc:513:run$1606 [1:0] }, Y=$flatten\gate.$memory$auto$proc_rom.cc:155:do_switch$11$rdmux[0][5][21]$a$965
      New ports: A={ 2'10 $auto$wreduce.cc:513:run$1600 [0] }, B={ 1'0 $auto$wreduce.cc:513:run$1606 [1:0] }, Y=$flatten\gate.$memory$auto$proc_rom.cc:155:do_switch$11$rdmux[0][5][21]$a$965 [2:0]
      New connections: $flatten\gate.$memory$auto$proc_rom.cc:155:do_switch$11$rdmux[0][5][21]$a$965 [7:3] = 5'00010
    Consolidated identical input bits for $mux cell $flatten\gate.$memory$auto$proc_rom.cc:155:do_switch$11$rdmux[0][6][43]$1126:
      Old ports: A={ 7'0000111 $auto$wreduce.cc:513:run$1600 [0] }, B={ 5'00001 $auto$wreduce.cc:513:run$1603 [2:0] }, Y=$flatten\gate.$memory$auto$proc_rom.cc:155:do_switch$11$rdmux[0][5][21]$b$966
      New ports: A={ 2'11 $auto$wreduce.cc:513:run$1600 [0] }, B=$auto$wreduce.cc:513:run$1603 [2:0], Y=$flatten\gate.$memory$auto$proc_rom.cc:155:do_switch$11$rdmux[0][5][21]$b$966 [2:0]
      New connections: $flatten\gate.$memory$auto$proc_rom.cc:155:do_switch$11$rdmux[0][5][21]$b$966 [7:3] = 5'00001
    Consolidated identical input bits for $mux cell $flatten\gate.$memory$auto$proc_rom.cc:155:do_switch$11$rdmux[0][6][44]$1129:
      Old ports: A={ 6'000010 $auto$wreduce.cc:513:run$1606 [1:0] }, B={ 7'0000011 $auto$wreduce.cc:513:run$1600 [0] }, Y=$flatten\gate.$memory$auto$proc_rom.cc:155:do_switch$11$rdmux[0][5][22]$a$968
      New ports: A={ 2'10 $auto$wreduce.cc:513:run$1606 [1:0] }, B={ 3'011 $auto$wreduce.cc:513:run$1600 [0] }, Y=$flatten\gate.$memory$auto$proc_rom.cc:155:do_switch$11$rdmux[0][5][22]$a$968 [3:0]
      New connections: $flatten\gate.$memory$auto$proc_rom.cc:155:do_switch$11$rdmux[0][5][22]$a$968 [7:4] = 4'0000
    Consolidated identical input bits for $mux cell $flatten\gate.$memory$auto$proc_rom.cc:155:do_switch$11$rdmux[0][6][45]$1132:
      Old ports: A=8'00000101, B={ 5'00000 $auto$wreduce.cc:513:run$1603 [2:0] }, Y=$flatten\gate.$memory$auto$proc_rom.cc:155:do_switch$11$rdmux[0][5][22]$b$969
      New ports: A=3'101, B=$auto$wreduce.cc:513:run$1603 [2:0], Y=$flatten\gate.$memory$auto$proc_rom.cc:155:do_switch$11$rdmux[0][5][22]$b$969 [2:0]
      New connections: $flatten\gate.$memory$auto$proc_rom.cc:155:do_switch$11$rdmux[0][5][22]$b$969 [7:3] = 5'00000
    Consolidated identical input bits for $mux cell $flatten\gate.$memory$auto$proc_rom.cc:155:do_switch$11$rdmux[0][6][47]$1138:
      Old ports: A={ 7'0000000 $auto$wreduce.cc:513:run$1600 [0] }, B=8'00000000, Y=$flatten\gate.$memory$auto$proc_rom.cc:155:do_switch$11$rdmux[0][5][23]$b$972
      New ports: A=$auto$wreduce.cc:513:run$1600 [0], B=1'0, Y=$flatten\gate.$memory$auto$proc_rom.cc:155:do_switch$11$rdmux[0][5][23]$b$972 [0]
      New connections: $flatten\gate.$memory$auto$proc_rom.cc:155:do_switch$11$rdmux[0][5][23]$b$972 [7:1] = 7'0000000
    Consolidated identical input bits for $mux cell $flatten\gate.$memory$auto$proc_rom.cc:155:do_switch$11$rdmux[0][6][49]$1144:
      Old ports: A=8'00000001, B={ 6'000000 $auto$wreduce.cc:513:run$1590 [1:0] }, Y=$flatten\gate.$memory$auto$proc_rom.cc:155:do_switch$11$rdmux[0][5][24]$b$975
      New ports: A=2'01, B=$auto$wreduce.cc:513:run$1590 [1:0], Y=$flatten\gate.$memory$auto$proc_rom.cc:155:do_switch$11$rdmux[0][5][24]$b$975 [1:0]
      New connections: $flatten\gate.$memory$auto$proc_rom.cc:155:do_switch$11$rdmux[0][5][24]$b$975 [7:2] = 6'000000
    Consolidated identical input bits for $mux cell $flatten\gate.$memory$auto$proc_rom.cc:155:do_switch$11$rdmux[0][6][4]$1009:
      Old ports: A={ 6'101100 $auto$wreduce.cc:513:run$1594 [1:0] }, B={ 4'1011 $auto$wreduce.cc:513:run$1593 [3:0] }, Y=$flatten\gate.$memory$auto$proc_rom.cc:155:do_switch$11$rdmux[0][5][2]$a$908
      New ports: A={ 2'00 $auto$wreduce.cc:513:run$1594 [1:0] }, B=$auto$wreduce.cc:513:run$1593 [3:0], Y=$flatten\gate.$memory$auto$proc_rom.cc:155:do_switch$11$rdmux[0][5][2]$a$908 [3:0]
      New connections: $flatten\gate.$memory$auto$proc_rom.cc:155:do_switch$11$rdmux[0][5][2]$a$908 [7:4] = 4'1011
    Consolidated identical input bits for $mux cell $flatten\gate.$memory$auto$proc_rom.cc:155:do_switch$11$rdmux[0][6][50]$1147:
      Old ports: A={ 7'0000001 $auto$wreduce.cc:513:run$1588 [0] }, B={ 7'0000010 $auto$wreduce.cc:513:run$1588 [0] }, Y=$flatten\gate.$memory$auto$proc_rom.cc:155:do_switch$11$rdmux[0][5][25]$a$977
      New ports: A=2'01, B=2'10, Y=$flatten\gate.$memory$auto$proc_rom.cc:155:do_switch$11$rdmux[0][5][25]$a$977 [2:1]
      New connections: { $flatten\gate.$memory$auto$proc_rom.cc:155:do_switch$11$rdmux[0][5][25]$a$977 [7:3] $flatten\gate.$memory$auto$proc_rom.cc:155:do_switch$11$rdmux[0][5][25]$a$977 [0] } = { 5'00000 \gate.cnt [0] }
    Consolidated identical input bits for $mux cell $flatten\gate.$memory$auto$proc_rom.cc:155:do_switch$11$rdmux[0][6][51]$1150:
      Old ports: A={ 6'000001 $auto$wreduce.cc:513:run$1590 [1:0] }, B={ 4'0000 $auto$wreduce.cc:513:run$1589 [3:0] }, Y=$flatten\gate.$memory$auto$proc_rom.cc:155:do_switch$11$rdmux[0][5][25]$b$978
      New ports: A={ 2'01 $auto$wreduce.cc:513:run$1590 [1:0] }, B=$auto$wreduce.cc:513:run$1589 [3:0], Y=$flatten\gate.$memory$auto$proc_rom.cc:155:do_switch$11$rdmux[0][5][25]$b$978 [3:0]
      New connections: $flatten\gate.$memory$auto$proc_rom.cc:155:do_switch$11$rdmux[0][5][25]$b$978 [7:4] = 4'0000
    Consolidated identical input bits for $mux cell $flatten\gate.$memory$auto$proc_rom.cc:155:do_switch$11$rdmux[0][6][52]$1153:
      Old ports: A={ 7'0000101 $auto$wreduce.cc:513:run$1588 [0] }, B={ 6'000011 $auto$wreduce.cc:513:run$1587 [1:0] }, Y=$flatten\gate.$memory$auto$proc_rom.cc:155:do_switch$11$rdmux[0][5][26]$a$980
      New ports: A={ 2'01 \gate.cnt [0] }, B={ 1'1 $auto$wreduce.cc:513:run$1587 [1:0] }, Y=$flatten\gate.$memory$auto$proc_rom.cc:155:do_switch$11$rdmux[0][5][26]$a$980 [2:0]
      New connections: $flatten\gate.$memory$auto$proc_rom.cc:155:do_switch$11$rdmux[0][5][26]$a$980 [7:3] = 5'00001
    Consolidated identical input bits for $mux cell $flatten\gate.$memory$auto$proc_rom.cc:155:do_switch$11$rdmux[0][6][53]$1156:
      Old ports: A={ 3'000 $auto$wreduce.cc:513:run$1585 [4:0] }, B={ 5'00010 $auto$wreduce.cc:513:run$1686 [2:0] }, Y=$flatten\gate.$memory$auto$proc_rom.cc:155:do_switch$11$rdmux[0][5][26]$b$981
      New ports: A=$auto$wreduce.cc:513:run$1585 [4:0], B={ 2'10 $auto$wreduce.cc:513:run$1686 [2:0] }, Y=$flatten\gate.$memory$auto$proc_rom.cc:155:do_switch$11$rdmux[0][5][26]$b$981 [4:0]
      New connections: $flatten\gate.$memory$auto$proc_rom.cc:155:do_switch$11$rdmux[0][5][26]$b$981 [7:5] = 3'000
    Consolidated identical input bits for $mux cell $flatten\gate.$memory$auto$proc_rom.cc:155:do_switch$11$rdmux[0][6][54]$1159:
      Old ports: A={ 6'000101 $auto$wreduce.cc:513:run$1583 [1:0] }, B={ 6'000110 $auto$wreduce.cc:513:run$1583 [1:0] }, Y=$flatten\gate.$memory$auto$proc_rom.cc:155:do_switch$11$rdmux[0][5][27]$a$983
      New ports: A=2'01, B=2'10, Y=$flatten\gate.$memory$auto$proc_rom.cc:155:do_switch$11$rdmux[0][5][27]$a$983 [3:2]
      New connections: { $flatten\gate.$memory$auto$proc_rom.cc:155:do_switch$11$rdmux[0][5][27]$a$983 [7:4] $flatten\gate.$memory$auto$proc_rom.cc:155:do_switch$11$rdmux[0][5][27]$a$983 [1:0] } = { 4'0001 $auto$wreduce.cc:513:run$1583 [1:0] }
    Consolidated identical input bits for $mux cell $flatten\gate.$memory$auto$proc_rom.cc:155:do_switch$11$rdmux[0][6][55]$1162:
      Old ports: A={ 6'000111 $auto$wreduce.cc:513:run$1583 [1:0] }, B={ 6'001000 $auto$wreduce.cc:513:run$1583 [1:0] }, Y=$flatten\gate.$memory$auto$proc_rom.cc:155:do_switch$11$rdmux[0][5][27]$b$984
      New ports: A=2'01, B=2'10, Y={ $flatten\gate.$memory$auto$proc_rom.cc:155:do_switch$11$rdmux[0][5][27]$b$984 [5] $flatten\gate.$memory$auto$proc_rom.cc:155:do_switch$11$rdmux[0][5][27]$b$984 [2] }
      New connections: { $flatten\gate.$memory$auto$proc_rom.cc:155:do_switch$11$rdmux[0][5][27]$b$984 [7:6] $flatten\gate.$memory$auto$proc_rom.cc:155:do_switch$11$rdmux[0][5][27]$b$984 [4:3] $flatten\gate.$memory$auto$proc_rom.cc:155:do_switch$11$rdmux[0][5][27]$b$984 [1:0] } = { 2'00 $flatten\gate.$memory$auto$proc_rom.cc:155:do_switch$11$rdmux[0][5][27]$b$984 [2] $flatten\gate.$memory$auto$proc_rom.cc:155:do_switch$11$rdmux[0][5][27]$b$984 [2] $auto$wreduce.cc:513:run$1583 [1:0] }
    Consolidated identical input bits for $mux cell $flatten\gate.$memory$auto$proc_rom.cc:155:do_switch$11$rdmux[0][6][56]$1165:
      Old ports: A={ 4'0010 $auto$wreduce.cc:513:run$1602 [3:0] }, B={ 5'00101 $auto$wreduce.cc:513:run$1686 [2:0] }, Y=$flatten\gate.$memory$auto$proc_rom.cc:155:do_switch$11$rdmux[0][5][28]$a$986
      New ports: A=$auto$wreduce.cc:513:run$1602 [3:0], B={ 1'1 $auto$wreduce.cc:513:run$1686 [2:0] }, Y=$flatten\gate.$memory$auto$proc_rom.cc:155:do_switch$11$rdmux[0][5][28]$a$986 [3:0]
      New connections: $flatten\gate.$memory$auto$proc_rom.cc:155:do_switch$11$rdmux[0][5][28]$a$986 [7:4] = 4'0010
    Consolidated identical input bits for $mux cell $flatten\gate.$memory$auto$proc_rom.cc:155:do_switch$11$rdmux[0][6][57]$1168:
      Old ports: A={ 3'001 $auto$wreduce.cc:513:run$1585 [4:0] }, B={ 6'001101 $auto$wreduce.cc:513:run$1587 [1:0] }, Y=$flatten\gate.$memory$auto$proc_rom.cc:155:do_switch$11$rdmux[0][5][28]$b$987
      New ports: A=$auto$wreduce.cc:513:run$1585 [4:0], B={ 3'101 $auto$wreduce.cc:513:run$1587 [1:0] }, Y=$flatten\gate.$memory$auto$proc_rom.cc:155:do_switch$11$rdmux[0][5][28]$b$987 [4:0]
      New connections: $flatten\gate.$memory$auto$proc_rom.cc:155:do_switch$11$rdmux[0][5][28]$b$987 [7:5] = 3'001
    Consolidated identical input bits for $mux cell $flatten\gate.$memory$auto$proc_rom.cc:155:do_switch$11$rdmux[0][6][58]$1171:
      Old ports: A={ 6'001110 $auto$wreduce.cc:513:run$1583 [1:0] }, B={ 1'0 $auto$wreduce.cc:513:run$1690 [6:0] }, Y=$flatten\gate.$memory$auto$proc_rom.cc:155:do_switch$11$rdmux[0][5][29]$a$989
      New ports: A={ 5'01110 $auto$wreduce.cc:513:run$1583 [1:0] }, B=$auto$wreduce.cc:513:run$1690 [6:0], Y=$flatten\gate.$memory$auto$proc_rom.cc:155:do_switch$11$rdmux[0][5][29]$a$989 [6:0]
      New connections: $flatten\gate.$memory$auto$proc_rom.cc:155:do_switch$11$rdmux[0][5][29]$a$989 [7] = 1'0
    Consolidated identical input bits for $mux cell $flatten\gate.$memory$auto$proc_rom.cc:155:do_switch$11$rdmux[0][6][59]$1174:
      Old ports: A={ 5'01000 $auto$wreduce.cc:513:run$1596 [2:0] }, B={ 5'01001 $auto$wreduce.cc:513:run$1597 [2:0] }, Y=$flatten\gate.$memory$auto$proc_rom.cc:155:do_switch$11$rdmux[0][5][29]$b$990
      New ports: A={ 1'0 $auto$wreduce.cc:513:run$1596 [2:0] }, B={ 1'1 $auto$wreduce.cc:513:run$1597 [2:0] }, Y=$flatten\gate.$memory$auto$proc_rom.cc:155:do_switch$11$rdmux[0][5][29]$b$990 [3:0]
      New connections: $flatten\gate.$memory$auto$proc_rom.cc:155:do_switch$11$rdmux[0][5][29]$b$990 [7:4] = 4'0100
    Consolidated identical input bits for $mux cell $flatten\gate.$memory$auto$proc_rom.cc:155:do_switch$11$rdmux[0][6][5]$1012:
      Old ports: A={ 6'101111 $auto$wreduce.cc:513:run$1587 [1:0] }, B={ 5'11000 $auto$wreduce.cc:513:run$1597 [2:0] }, Y=$flatten\gate.$memory$auto$proc_rom.cc:155:do_switch$11$rdmux[0][5][2]$b$909
      New ports: A={ 3'011 $auto$wreduce.cc:513:run$1587 [1:0] }, B={ 2'10 $auto$wreduce.cc:513:run$1597 [2:0] }, Y={ $flatten\gate.$memory$auto$proc_rom.cc:155:do_switch$11$rdmux[0][5][2]$b$909 [6] $flatten\gate.$memory$auto$proc_rom.cc:155:do_switch$11$rdmux[0][5][2]$b$909 [3:0] }
      New connections: { $flatten\gate.$memory$auto$proc_rom.cc:155:do_switch$11$rdmux[0][5][2]$b$909 [7] $flatten\gate.$memory$auto$proc_rom.cc:155:do_switch$11$rdmux[0][5][2]$b$909 [5:4] } = { 1'1 $flatten\gate.$memory$auto$proc_rom.cc:155:do_switch$11$rdmux[0][5][2]$b$909 [3] $flatten\gate.$memory$auto$proc_rom.cc:155:do_switch$11$rdmux[0][5][2]$b$909 [3] }
    Consolidated identical input bits for $mux cell $flatten\gate.$memory$auto$proc_rom.cc:155:do_switch$11$rdmux[0][6][60]$1177:
      Old ports: A={ 3'010 $auto$wreduce.cc:513:run$1601 [4:0] }, B={ 4'0101 $auto$wreduce.cc:513:run$1602 [3:0] }, Y=$flatten\gate.$memory$auto$proc_rom.cc:155:do_switch$11$rdmux[0][5][30]$a$992
      New ports: A=$auto$wreduce.cc:513:run$1601 [4:0], B={ 1'1 $auto$wreduce.cc:513:run$1602 [3:0] }, Y=$flatten\gate.$memory$auto$proc_rom.cc:155:do_switch$11$rdmux[0][5][30]$a$992 [4:0]
      New connections: $flatten\gate.$memory$auto$proc_rom.cc:155:do_switch$11$rdmux[0][5][30]$a$992 [7:5] = 3'010
    Consolidated identical input bits for $mux cell $flatten\gate.$memory$auto$proc_rom.cc:155:do_switch$11$rdmux[0][6][61]$1180:
      Old ports: A={ 5'01011 $auto$wreduce.cc:513:run$1604 [2:0] }, B={ 5'01100 $auto$wreduce.cc:513:run$1597 [2:0] }, Y=$flatten\gate.$memory$auto$proc_rom.cc:155:do_switch$11$rdmux[0][5][30]$b$993
      New ports: A={ 2'01 $auto$wreduce.cc:513:run$1604 [2:0] }, B={ 2'10 $auto$wreduce.cc:513:run$1597 [2:0] }, Y={ $flatten\gate.$memory$auto$proc_rom.cc:155:do_switch$11$rdmux[0][5][30]$b$993 [5] $flatten\gate.$memory$auto$proc_rom.cc:155:do_switch$11$rdmux[0][5][30]$b$993 [3:0] }
      New connections: { $flatten\gate.$memory$auto$proc_rom.cc:155:do_switch$11$rdmux[0][5][30]$b$993 [7:6] $flatten\gate.$memory$auto$proc_rom.cc:155:do_switch$11$rdmux[0][5][30]$b$993 [4] } = { 2'01 $flatten\gate.$memory$auto$proc_rom.cc:155:do_switch$11$rdmux[0][5][30]$b$993 [3] }
    Consolidated identical input bits for $mux cell $flatten\gate.$memory$auto$proc_rom.cc:155:do_switch$11$rdmux[0][6][62]$1183:
      Old ports: A={ 4'0110 $auto$wreduce.cc:513:run$1666 [3:0] }, B={ 3'011 $auto$wreduce.cc:513:run$1667 [4:0] }, Y=$flatten\gate.$memory$auto$proc_rom.cc:155:do_switch$11$rdmux[0][5][31]$a$995
      New ports: A={ 1'0 $auto$wreduce.cc:513:run$1666 [3:0] }, B=$auto$wreduce.cc:513:run$1667 [4:0], Y=$flatten\gate.$memory$auto$proc_rom.cc:155:do_switch$11$rdmux[0][5][31]$a$995 [4:0]
      New connections: $flatten\gate.$memory$auto$proc_rom.cc:155:do_switch$11$rdmux[0][5][31]$a$995 [7:5] = 3'011
    Consolidated identical input bits for $mux cell $flatten\gate.$memory$auto$proc_rom.cc:155:do_switch$11$rdmux[0][6][63]$1186:
      Old ports: A={ 5'01110 $auto$wreduce.cc:513:run$1596 [2:0] }, B={ 5'01111 $auto$wreduce.cc:513:run$1597 [2:0] }, Y=$flatten\gate.$memory$auto$proc_rom.cc:155:do_switch$11$rdmux[0][5][31]$b$996
      New ports: A={ 1'0 $auto$wreduce.cc:513:run$1596 [2:0] }, B={ 1'1 $auto$wreduce.cc:513:run$1597 [2:0] }, Y=$flatten\gate.$memory$auto$proc_rom.cc:155:do_switch$11$rdmux[0][5][31]$b$996 [3:0]
      New connections: $flatten\gate.$memory$auto$proc_rom.cc:155:do_switch$11$rdmux[0][5][31]$b$996 [7:4] = 4'0111
    Consolidated identical input bits for $mux cell $flatten\gate.$memory$auto$proc_rom.cc:155:do_switch$11$rdmux[0][6][6]$1015:
      Old ports: A={ 4'1100 $auto$wreduce.cc:513:run$1593 [3:0] }, B={ 5'11001 $auto$wreduce.cc:513:run$1596 [2:0] }, Y=$flatten\gate.$memory$auto$proc_rom.cc:155:do_switch$11$rdmux[0][5][3]$a$911
      New ports: A=$auto$wreduce.cc:513:run$1593 [3:0], B={ 1'1 $auto$wreduce.cc:513:run$1596 [2:0] }, Y=$flatten\gate.$memory$auto$proc_rom.cc:155:do_switch$11$rdmux[0][5][3]$a$911 [3:0]
      New connections: $flatten\gate.$memory$auto$proc_rom.cc:155:do_switch$11$rdmux[0][5][3]$a$911 [7:4] = 4'1100
    Consolidated identical input bits for $mux cell $flatten\gate.$memory$auto$proc_rom.cc:155:do_switch$11$rdmux[0][6][7]$1018:
      Old ports: A={ 6'110100 $auto$wreduce.cc:513:run$1594 [1:0] }, B={ 6'110101 $auto$wreduce.cc:513:run$1583 [1:0] }, Y=$flatten\gate.$memory$auto$proc_rom.cc:155:do_switch$11$rdmux[0][5][3]$b$912
      New ports: A={ 1'0 $auto$wreduce.cc:513:run$1594 [1:0] }, B={ 1'1 $auto$wreduce.cc:513:run$1583 [1:0] }, Y=$flatten\gate.$memory$auto$proc_rom.cc:155:do_switch$11$rdmux[0][5][3]$b$912 [2:0]
      New connections: $flatten\gate.$memory$auto$proc_rom.cc:155:do_switch$11$rdmux[0][5][3]$b$912 [7:3] = 5'11010
    Consolidated identical input bits for $mux cell $flatten\gate.$memory$auto$proc_rom.cc:155:do_switch$11$rdmux[0][6][8]$1021:
      Old ports: A={ 5'11011 $auto$wreduce.cc:513:run$1686 [2:0] }, B={ 2'11 $auto$wreduce.cc:513:run$1687 [5:0] }, Y=$flatten\gate.$memory$auto$proc_rom.cc:155:do_switch$11$rdmux[0][5][4]$a$914
      New ports: A={ 3'011 $auto$wreduce.cc:513:run$1686 [2:0] }, B=$auto$wreduce.cc:513:run$1687 [5:0], Y=$flatten\gate.$memory$auto$proc_rom.cc:155:do_switch$11$rdmux[0][5][4]$a$914 [5:0]
      New connections: $flatten\gate.$memory$auto$proc_rom.cc:155:do_switch$11$rdmux[0][5][4]$a$914 [7:6] = 2'11
    Consolidated identical input bits for $mux cell $flatten\gate.$memory$auto$proc_rom.cc:155:do_switch$11$rdmux[0][6][9]$1024:
      Old ports: A={ 5'11100 $auto$wreduce.cc:513:run$1686 [2:0] }, B={ 4'1110 $auto$wreduce.cc:513:run$1689 [3:0] }, Y=$flatten\gate.$memory$auto$proc_rom.cc:155:do_switch$11$rdmux[0][5][4]$b$915
      New ports: A={ 1'0 $auto$wreduce.cc:513:run$1686 [2:0] }, B=$auto$wreduce.cc:513:run$1689 [3:0], Y=$flatten\gate.$memory$auto$proc_rom.cc:155:do_switch$11$rdmux[0][5][4]$b$915 [3:0]
      New connections: $flatten\gate.$memory$auto$proc_rom.cc:155:do_switch$11$rdmux[0][5][4]$b$915 [7:4] = 4'1110
    Consolidated identical input bits for $mux cell $flatten\gate.$memory$auto$proc_rom.cc:155:do_switch$11$rdmux[0][7][103]$1498:
      Old ports: A=4'0111, B=4'1001, Y=$auto$wreduce.cc:513:run$1589 [3:0]
      New ports: A=2'01, B=2'10, Y={ $auto$wreduce.cc:513:run$1589 [3] $auto$wreduce.cc:513:run$1589 [1] }
      New connections: { $auto$wreduce.cc:513:run$1589 [2] $auto$wreduce.cc:513:run$1589 [0] } = { $auto$wreduce.cc:513:run$1589 [1] 1'1 }
    Consolidated identical input bits for $mux cell $flatten\gate.$memory$auto$proc_rom.cc:155:do_switch$11$rdmux[0][7][114]$1531:
      Old ports: A=5'01111, B=5'10001, Y=$auto$wreduce.cc:513:run$1585 [4:0]
      New ports: A=2'01, B=2'10, Y={ $auto$wreduce.cc:513:run$1585 [4] $auto$wreduce.cc:513:run$1585 [1] }
      New connections: { $auto$wreduce.cc:513:run$1585 [3:2] $auto$wreduce.cc:513:run$1585 [0] } = { $auto$wreduce.cc:513:run$1585 [1] $auto$wreduce.cc:513:run$1585 [1] 1'1 }
    Consolidated identical input bits for $mux cell $flatten\gate.$memory$auto$proc_rom.cc:155:do_switch$11$rdmux[0][7][115]$1534:
      Old ports: A=2'00, B=2'10, Y=$auto$wreduce.cc:513:run$1587 [1:0]
      New ports: A=1'0, B=1'1, Y=$auto$wreduce.cc:513:run$1587 [1]
      New connections: $auto$wreduce.cc:513:run$1587 [0] = 1'0
    Consolidated identical input bits for $mux cell $flatten\gate.$memory$auto$proc_rom.cc:155:do_switch$11$rdmux[0][7][117]$1540:
      Old ports: A=7'0111110, B=7'1000001, Y=$auto$wreduce.cc:513:run$1690 [6:0]
      New ports: A=2'10, B=2'01, Y=$auto$wreduce.cc:513:run$1690 [1:0]
      New connections: $auto$wreduce.cc:513:run$1690 [6:2] = { $auto$wreduce.cc:513:run$1690 [0] $auto$wreduce.cc:513:run$1690 [1] $auto$wreduce.cc:513:run$1690 [1] $auto$wreduce.cc:513:run$1690 [1] $auto$wreduce.cc:513:run$1690 [1] }
    Consolidated identical input bits for $mux cell $flatten\gate.$memory$auto$proc_rom.cc:155:do_switch$11$rdmux[0][7][120]$1549:
      Old ports: A=5'01111, B=5'10010, Y=$auto$wreduce.cc:513:run$1601 [4:0]
      New ports: A=2'01, B=2'10, Y={ $auto$wreduce.cc:513:run$1601 [4] $auto$wreduce.cc:513:run$1601 [0] }
      New connections: $auto$wreduce.cc:513:run$1601 [3:1] = { $auto$wreduce.cc:513:run$1601 [0] $auto$wreduce.cc:513:run$1601 [0] 1'1 }
    Consolidated identical input bits for $mux cell $flatten\gate.$memory$auto$proc_rom.cc:155:do_switch$11$rdmux[0][7][121]$1552:
      Old ports: A=4'0101, B=4'1000, Y=$auto$wreduce.cc:513:run$1602 [3:0]
      New ports: A=2'01, B=2'10, Y={ $auto$wreduce.cc:513:run$1602 [3] $auto$wreduce.cc:513:run$1602 [0] }
      New connections: $auto$wreduce.cc:513:run$1602 [2:1] = { $auto$wreduce.cc:513:run$1602 [0] 1'0 }
    Consolidated identical input bits for $mux cell $flatten\gate.$memory$auto$proc_rom.cc:155:do_switch$11$rdmux[0][7][124]$1561:
      Old ports: A=4'0111, B=4'1010, Y=$auto$wreduce.cc:513:run$1666 [3:0]
      New ports: A=2'01, B=2'10, Y={ $auto$wreduce.cc:513:run$1666 [3] $auto$wreduce.cc:513:run$1666 [0] }
      New connections: $auto$wreduce.cc:513:run$1666 [2:1] = { $auto$wreduce.cc:513:run$1666 [0] 1'1 }
    Consolidated identical input bits for $mux cell $flatten\gate.$memory$auto$proc_rom.cc:155:do_switch$11$rdmux[0][7][125]$1564:
      Old ports: A=5'01101, B=5'10000, Y=$auto$wreduce.cc:513:run$1667 [4:0]
      New ports: A=2'01, B=2'10, Y={ $auto$wreduce.cc:513:run$1667 [4] $auto$wreduce.cc:513:run$1667 [0] }
      New connections: $auto$wreduce.cc:513:run$1667 [3:1] = { $auto$wreduce.cc:513:run$1667 [0] $auto$wreduce.cc:513:run$1667 [0] 1'0 }
    Consolidated identical input bits for $mux cell $flatten\gate.$memory$auto$proc_rom.cc:155:do_switch$11$rdmux[0][7][127]$1570:
      Old ports: A=3'001, B=3'100, Y=$auto$wreduce.cc:513:run$1597 [2:0]
      New ports: A=2'01, B=2'10, Y={ $auto$wreduce.cc:513:run$1597 [2] $auto$wreduce.cc:513:run$1597 [0] }
      New connections: $auto$wreduce.cc:513:run$1597 [1] = 1'0
    Consolidated identical input bits for $mux cell $flatten\gate.$memory$auto$proc_rom.cc:155:do_switch$11$rdmux[0][7][13]$1228:
      Old ports: A=3'011, B=3'110, Y=$auto$wreduce.cc:513:run$1596 [2:0]
      New ports: A=2'01, B=2'10, Y={ $auto$wreduce.cc:513:run$1596 [2] $auto$wreduce.cc:513:run$1596 [0] }
      New connections: $auto$wreduce.cc:513:run$1596 [1] = 1'1
    Consolidated identical input bits for $mux cell $flatten\gate.$memory$auto$proc_rom.cc:155:do_switch$11$rdmux[0][7][17]$1240:
      Old ports: A=6'011110, B=6'100000, Y=$auto$wreduce.cc:513:run$1687 [5:0]
      New ports: A=2'01, B=2'10, Y={ $auto$wreduce.cc:513:run$1687 [5] $auto$wreduce.cc:513:run$1687 [1] }
      New connections: { $auto$wreduce.cc:513:run$1687 [4:2] $auto$wreduce.cc:513:run$1687 [0] } = { $auto$wreduce.cc:513:run$1687 [1] $auto$wreduce.cc:513:run$1687 [1] $auto$wreduce.cc:513:run$1687 [1] 1'0 }
    Consolidated identical input bits for $mux cell $flatten\gate.$memory$auto$proc_rom.cc:155:do_switch$11$rdmux[0][7][18]$1243:
      Old ports: A=3'010, B=3'100, Y=$auto$wreduce.cc:513:run$1686 [2:0]
      New ports: A=2'01, B=2'10, Y=$auto$wreduce.cc:513:run$1686 [2:1]
      New connections: $auto$wreduce.cc:513:run$1686 [0] = 1'0
    Consolidated identical input bits for $mux cell $flatten\gate.$memory$auto$proc_rom.cc:155:do_switch$11$rdmux[0][7][19]$1246:
      Old ports: A=4'0110, B=4'1000, Y=$auto$wreduce.cc:513:run$1689 [3:0]
      New ports: A=2'01, B=2'10, Y={ $auto$wreduce.cc:513:run$1689 [3] $auto$wreduce.cc:513:run$1689 [1] }
      New connections: { $auto$wreduce.cc:513:run$1689 [2] $auto$wreduce.cc:513:run$1689 [0] } = { $auto$wreduce.cc:513:run$1689 [1] 1'0 }
    Consolidated identical input bits for $mux cell $flatten\gate.$memory$auto$proc_rom.cc:155:do_switch$11$rdmux[0][7][27]$1270:
      Old ports: A=3'011, B=3'100, Y=$auto$wreduce.cc:513:run$1672 [2:0]
      New ports: A=2'01, B=2'10, Y={ $auto$wreduce.cc:513:run$1672 [2] $auto$wreduce.cc:513:run$1672 [0] }
      New connections: $auto$wreduce.cc:513:run$1672 [1] = $auto$wreduce.cc:513:run$1672 [0]
    Consolidated identical input bits for $mux cell $flatten\gate.$memory$auto$proc_rom.cc:155:do_switch$11$rdmux[0][7][39]$1306:
      Old ports: A=4'1000, B=4'0110, Y=$auto$wreduce.cc:513:run$1660 [3:0]
      New ports: A=2'10, B=2'01, Y={ $auto$wreduce.cc:513:run$1660 [3] $auto$wreduce.cc:513:run$1660 [1] }
      New connections: { $auto$wreduce.cc:513:run$1660 [2] $auto$wreduce.cc:513:run$1660 [0] } = { $auto$wreduce.cc:513:run$1660 [1] 1'0 }
    Consolidated identical input bits for $mux cell $flatten\gate.$memory$auto$proc_rom.cc:155:do_switch$11$rdmux[0][7][3]$1198:
      Old ports: A=3'010, B=3'101, Y=$auto$wreduce.cc:513:run$1604 [2:0]
      New ports: A=2'10, B=2'01, Y=$auto$wreduce.cc:513:run$1604 [1:0]
      New connections: $auto$wreduce.cc:513:run$1604 [2] = $auto$wreduce.cc:513:run$1604 [0]
    Consolidated identical input bits for $mux cell $flatten\gate.$memory$auto$proc_rom.cc:155:do_switch$11$rdmux[0][7][49]$1336:
      Old ports: A=3'101, B=3'011, Y=$auto$wreduce.cc:513:run$1612 [2:0]
      New ports: A=2'10, B=2'01, Y=$auto$wreduce.cc:513:run$1612 [2:1]
      New connections: $auto$wreduce.cc:513:run$1612 [0] = 1'1
    Consolidated identical input bits for $mux cell $flatten\gate.$memory$auto$proc_rom.cc:155:do_switch$11$rdmux[0][7][4]$1201:
      Old ports: A=2'00, B=2'11, Y=$auto$wreduce.cc:513:run$1594 [1:0]
      New ports: A=1'0, B=1'1, Y=$auto$wreduce.cc:513:run$1594 [0]
      New connections: $auto$wreduce.cc:513:run$1594 [1] = $auto$wreduce.cc:513:run$1594 [0]
    Consolidated identical input bits for $mux cell $flatten\gate.$memory$auto$proc_rom.cc:155:do_switch$11$rdmux[0][7][50]$1339:
      Old ports: A=5'10000, B=5'01110, Y=$auto$wreduce.cc:513:run$1647 [4:0]
      New ports: A=2'10, B=2'01, Y={ $auto$wreduce.cc:513:run$1647 [4] $auto$wreduce.cc:513:run$1647 [1] }
      New connections: { $auto$wreduce.cc:513:run$1647 [3:2] $auto$wreduce.cc:513:run$1647 [0] } = { $auto$wreduce.cc:513:run$1647 [1] $auto$wreduce.cc:513:run$1647 [1] 1'0 }
    Consolidated identical input bits for $mux cell $flatten\gate.$memory$auto$proc_rom.cc:155:do_switch$11$rdmux[0][7][53]$1348:
      Old ports: A=7'1000001, B=7'0111110, Y=$auto$wreduce.cc:513:run$1644 [6:0]
      New ports: A=2'01, B=2'10, Y=$auto$wreduce.cc:513:run$1644 [1:0]
      New connections: $auto$wreduce.cc:513:run$1644 [6:2] = { $auto$wreduce.cc:513:run$1644 [0] $auto$wreduce.cc:513:run$1644 [1] $auto$wreduce.cc:513:run$1644 [1] $auto$wreduce.cc:513:run$1644 [1] $auto$wreduce.cc:513:run$1644 [1] }
    Consolidated identical input bits for $mux cell $flatten\gate.$memory$auto$proc_rom.cc:155:do_switch$11$rdmux[0][7][56]$1357:
      Old ports: A=5'10000, B=5'01101, Y=$auto$wreduce.cc:513:run$1641 [4:0]
      New ports: A=2'10, B=2'01, Y={ $auto$wreduce.cc:513:run$1641 [4] $auto$wreduce.cc:513:run$1641 [0] }
      New connections: $auto$wreduce.cc:513:run$1641 [3:1] = { $auto$wreduce.cc:513:run$1641 [0] $auto$wreduce.cc:513:run$1641 [0] 1'0 }
    Consolidated identical input bits for $mux cell $flatten\gate.$memory$auto$proc_rom.cc:155:do_switch$11$rdmux[0][7][57]$1360:
      Old ports: A=4'1010, B=4'0111, Y=$auto$wreduce.cc:513:run$1640 [3:0]
      New ports: A=2'10, B=2'01, Y={ $auto$wreduce.cc:513:run$1640 [3] $auto$wreduce.cc:513:run$1640 [0] }
      New connections: $auto$wreduce.cc:513:run$1640 [2:1] = { $auto$wreduce.cc:513:run$1640 [0] 1'1 }
    Consolidated identical input bits for $mux cell $flatten\gate.$memory$auto$proc_rom.cc:155:do_switch$11$rdmux[0][7][5]$1204:
      Old ports: A=6'011110, B=6'100010, Y=$auto$wreduce.cc:513:run$1636 [5:0]
      New ports: A=2'01, B=2'10, Y={ $auto$wreduce.cc:513:run$1636 [5] $auto$wreduce.cc:513:run$1636 [2] }
      New connections: { $auto$wreduce.cc:513:run$1636 [4:3] $auto$wreduce.cc:513:run$1636 [1:0] } = { $auto$wreduce.cc:513:run$1636 [2] $auto$wreduce.cc:513:run$1636 [2] 2'10 }
    Consolidated identical input bits for $mux cell $flatten\gate.$memory$auto$proc_rom.cc:155:do_switch$11$rdmux[0][7][60]$1369:
      Old ports: A=4'1000, B=4'0101, Y=$auto$wreduce.cc:513:run$1635 [3:0]
      New ports: A=2'10, B=2'01, Y={ $auto$wreduce.cc:513:run$1635 [3] $auto$wreduce.cc:513:run$1635 [0] }
      New connections: $auto$wreduce.cc:513:run$1635 [2:1] = { $auto$wreduce.cc:513:run$1635 [0] 1'0 }
    Consolidated identical input bits for $mux cell $flatten\gate.$memory$auto$proc_rom.cc:155:do_switch$11$rdmux[0][7][61]$1372:
      Old ports: A=5'10010, B=5'01111, Y=$auto$wreduce.cc:513:run$1634 [4:0]
      New ports: A=2'10, B=2'01, Y={ $auto$wreduce.cc:513:run$1634 [4] $auto$wreduce.cc:513:run$1634 [0] }
      New connections: $auto$wreduce.cc:513:run$1634 [3:1] = { $auto$wreduce.cc:513:run$1634 [0] $auto$wreduce.cc:513:run$1634 [0] 1'1 }
    Consolidated identical input bits for $mux cell $flatten\gate.$memory$auto$proc_rom.cc:155:do_switch$11$rdmux[0][7][62]$1375:
      Old ports: A=3'100, B=3'001, Y=$auto$wreduce.cc:513:run$1619 [2:0]
      New ports: A=2'10, B=2'01, Y={ $auto$wreduce.cc:513:run$1619 [2] $auto$wreduce.cc:513:run$1619 [0] }
      New connections: $auto$wreduce.cc:513:run$1619 [1] = 1'0
    Consolidated identical input bits for $mux cell $flatten\gate.$memory$auto$proc_rom.cc:155:do_switch$11$rdmux[0][7][64]$1381:
      Old ports: A=8'10000000, B=8'01111100, Y=$flatten\gate.$memory$auto$proc_rom.cc:155:do_switch$11$rdmux[0][6][32]$a$1094
      New ports: A=2'10, B=2'01, Y={ $flatten\gate.$memory$auto$proc_rom.cc:155:do_switch$11$rdmux[0][6][32]$a$1094 [7] $flatten\gate.$memory$auto$proc_rom.cc:155:do_switch$11$rdmux[0][6][32]$a$1094 [2] }
      New connections: { $flatten\gate.$memory$auto$proc_rom.cc:155:do_switch$11$rdmux[0][6][32]$a$1094 [6:3] $flatten\gate.$memory$auto$proc_rom.cc:155:do_switch$11$rdmux[0][6][32]$a$1094 [1:0] } = { $flatten\gate.$memory$auto$proc_rom.cc:155:do_switch$11$rdmux[0][6][32]$a$1094 [2] $flatten\gate.$memory$auto$proc_rom.cc:155:do_switch$11$rdmux[0][6][32]$a$1094 [2] $flatten\gate.$memory$auto$proc_rom.cc:155:do_switch$11$rdmux[0][6][32]$a$1094 [2] $flatten\gate.$memory$auto$proc_rom.cc:155:do_switch$11$rdmux[0][6][32]$a$1094 [2] 2'00 }
    Consolidated identical input bits for $mux cell $flatten\gate.$memory$auto$proc_rom.cc:155:do_switch$11$rdmux[0][7][69]$1396:
      Old ports: A=6'100001, B=6'011101, Y=$auto$wreduce.cc:513:run$1627 [5:0]
      New ports: A=2'10, B=2'01, Y={ $auto$wreduce.cc:513:run$1627 [5] $auto$wreduce.cc:513:run$1627 [2] }
      New connections: { $auto$wreduce.cc:513:run$1627 [4:3] $auto$wreduce.cc:513:run$1627 [1:0] } = { $auto$wreduce.cc:513:run$1627 [2] $auto$wreduce.cc:513:run$1627 [2] 2'01 }
    Consolidated identical input bits for $mux cell $flatten\gate.$memory$auto$proc_rom.cc:155:do_switch$11$rdmux[0][7][6]$1207:
      Old ports: A=2'01, B=2'11, Y=$auto$wreduce.cc:513:run$1583 [1:0]
      New ports: A=1'0, B=1'1, Y=$auto$wreduce.cc:513:run$1583 [1]
      New connections: $auto$wreduce.cc:513:run$1583 [0] = 1'1
    Consolidated identical input bits for $mux cell $flatten\gate.$memory$auto$proc_rom.cc:155:do_switch$11$rdmux[0][7][70]$1399:
      Old ports: A=2'10, B=2'00, Y=$auto$wreduce.cc:513:run$1617 [1:0]
      New ports: A=1'1, B=1'0, Y=$auto$wreduce.cc:513:run$1617 [1]
      New connections: $auto$wreduce.cc:513:run$1617 [0] = 1'0
    Consolidated identical input bits for $mux cell $flatten\gate.$memory$auto$proc_rom.cc:155:do_switch$11$rdmux[0][7][71]$1402:
      Old ports: A=3'101, B=3'010, Y=$auto$wreduce.cc:513:run$1625 [2:0]
      New ports: A=2'01, B=2'10, Y=$auto$wreduce.cc:513:run$1625 [1:0]
      New connections: $auto$wreduce.cc:513:run$1625 [2] = $auto$wreduce.cc:513:run$1625 [0]
    Consolidated identical input bits for $mux cell $flatten\gate.$memory$auto$proc_rom.cc:155:do_switch$11$rdmux[0][7][72]$1405:
      Old ports: A=2'11, B=2'00, Y=$auto$wreduce.cc:513:run$1618 [1:0]
      New ports: A=1'1, B=1'0, Y=$auto$wreduce.cc:513:run$1618 [0]
      New connections: $auto$wreduce.cc:513:run$1618 [1] = $auto$wreduce.cc:513:run$1618 [0]
    Consolidated identical input bits for $mux cell $flatten\gate.$memory$auto$proc_rom.cc:155:do_switch$11$rdmux[0][7][74]$1411:
      Old ports: A=2'11, B=2'01, Y=$auto$wreduce.cc:513:run$1622 [1:0]
      New ports: A=1'1, B=1'0, Y=$auto$wreduce.cc:513:run$1622 [1]
      New connections: $auto$wreduce.cc:513:run$1622 [0] = 1'1
    Consolidated identical input bits for $mux cell $flatten\gate.$memory$auto$proc_rom.cc:155:do_switch$11$rdmux[0][7][75]$1414:
      Old ports: A=3'110, B=3'011, Y=$auto$wreduce.cc:513:run$1621 [2:0]
      New ports: A=2'10, B=2'01, Y={ $auto$wreduce.cc:513:run$1621 [2] $auto$wreduce.cc:513:run$1621 [0] }
      New connections: $auto$wreduce.cc:513:run$1621 [1] = 1'1
    Consolidated identical input bits for $mux cell $flatten\gate.$memory$auto$proc_rom.cc:155:do_switch$11$rdmux[0][7][76]$1417:
      Old ports: A=4'1001, B=4'0110, Y=$auto$wreduce.cc:513:run$1620 [3:0]
      New ports: A=2'01, B=2'10, Y=$auto$wreduce.cc:513:run$1620 [1:0]
      New connections: $auto$wreduce.cc:513:run$1620 [3:2] = { $auto$wreduce.cc:513:run$1620 [0] $auto$wreduce.cc:513:run$1620 [1] }
    Consolidated identical input bits for $mux cell $flatten\gate.$memory$auto$proc_rom.cc:155:do_switch$11$rdmux[0][7][81]$1432:
      Old ports: A=6'100001, B=6'011111, Y=$auto$wreduce.cc:513:run$1613 [5:0]
      New ports: A=2'10, B=2'01, Y={ $auto$wreduce.cc:513:run$1613 [5] $auto$wreduce.cc:513:run$1613 [1] }
      New connections: { $auto$wreduce.cc:513:run$1613 [4:2] $auto$wreduce.cc:513:run$1613 [0] } = { $auto$wreduce.cc:513:run$1613 [1] $auto$wreduce.cc:513:run$1613 [1] $auto$wreduce.cc:513:run$1613 [1] 1'1 }
    Consolidated identical input bits for $mux cell $flatten\gate.$memory$auto$proc_rom.cc:155:do_switch$11$rdmux[0][7][83]$1438:
      Old ports: A=4'1001, B=4'0111, Y=$auto$wreduce.cc:513:run$1611 [3:0]
      New ports: A=2'10, B=2'01, Y={ $auto$wreduce.cc:513:run$1611 [3] $auto$wreduce.cc:513:run$1611 [1] }
      New connections: { $auto$wreduce.cc:513:run$1611 [2] $auto$wreduce.cc:513:run$1611 [0] } = { $auto$wreduce.cc:513:run$1611 [1] 1'1 }
    Consolidated identical input bits for $mux cell $flatten\gate.$memory$auto$proc_rom.cc:155:do_switch$11$rdmux[0][7][91]$1462:
      Old ports: A=3'100, B=3'011, Y=$auto$wreduce.cc:513:run$1603 [2:0]
      New ports: A=2'10, B=2'01, Y={ $auto$wreduce.cc:513:run$1603 [2] $auto$wreduce.cc:513:run$1603 [0] }
      New connections: $auto$wreduce.cc:513:run$1603 [1] = $auto$wreduce.cc:513:run$1603 [0]
    Consolidated identical input bits for $mux cell $flatten\gate.$memory$auto$proc_rom.cc:155:do_switch$11$rdmux[0][7][9]$1216:
      Old ports: A=4'0110, B=4'1001, Y=$auto$wreduce.cc:513:run$1593 [3:0]
      New ports: A=2'10, B=2'01, Y=$auto$wreduce.cc:513:run$1593 [1:0]
      New connections: $auto$wreduce.cc:513:run$1593 [3:2] = { $auto$wreduce.cc:513:run$1593 [0] $auto$wreduce.cc:513:run$1593 [1] }
    Consolidated identical input bits for $mux cell $flatten\gold.$memory$auto$proc_rom.cc:155:do_switch$11$rdmux[0][6][0]$229:
      Old ports: A={ 6'100000 $auto$wreduce.cc:513:run$1696 [1:0] }, B={ 4'1000 $auto$wreduce.cc:513:run$1698 [3:0] }, Y=$flatten\gold.$memory$auto$proc_rom.cc:155:do_switch$11$rdmux[0][5][0]$a$134
      New ports: A={ 2'00 $auto$wreduce.cc:513:run$1696 [1:0] }, B=$auto$wreduce.cc:513:run$1698 [3:0], Y=$flatten\gold.$memory$auto$proc_rom.cc:155:do_switch$11$rdmux[0][5][0]$a$134 [3:0]
      New connections: $flatten\gold.$memory$auto$proc_rom.cc:155:do_switch$11$rdmux[0][5][0]$a$134 [7:4] = 4'1000
    Consolidated identical input bits for $mux cell $flatten\gold.$memory$auto$proc_rom.cc:155:do_switch$11$rdmux[0][6][10]$259:
      Old ports: A={ 7'1110101 $auto$wreduce.cc:513:run$1724 [0] }, B={ 6'111011 $auto$wreduce.cc:513:run$1726 [1:0] }, Y=$flatten\gold.$memory$auto$proc_rom.cc:155:do_switch$11$rdmux[0][5][5]$a$149
      New ports: A={ 2'01 \gold.cnt [0] }, B={ 1'1 $auto$wreduce.cc:513:run$1726 [1:0] }, Y=$flatten\gold.$memory$auto$proc_rom.cc:155:do_switch$11$rdmux[0][5][5]$a$149 [2:0]
      New connections: $flatten\gold.$memory$auto$proc_rom.cc:155:do_switch$11$rdmux[0][5][5]$a$149 [7:3] = 5'11101
    Consolidated identical input bits for $mux cell $flatten\gold.$memory$auto$proc_rom.cc:155:do_switch$11$rdmux[0][6][11]$262:
      Old ports: A={ 7'1111000 $auto$wreduce.cc:513:run$1724 [0] }, B={ 5'11110 $auto$wreduce.cc:513:run$1799 [2:0] }, Y=$flatten\gold.$memory$auto$proc_rom.cc:155:do_switch$11$rdmux[0][5][5]$b$150
      New ports: A={ 2'00 \gold.cnt [0] }, B=$auto$wreduce.cc:513:run$1799 [2:0], Y=$flatten\gold.$memory$auto$proc_rom.cc:155:do_switch$11$rdmux[0][5][5]$b$150 [2:0]
      New connections: $flatten\gold.$memory$auto$proc_rom.cc:155:do_switch$11$rdmux[0][5][5]$b$150 [7:3] = 5'11110
    Consolidated identical input bits for $mux cell $flatten\gold.$memory$auto$proc_rom.cc:155:do_switch$11$rdmux[0][6][12]$265:
      Old ports: A={ 6'111101 $auto$wreduce.cc:513:run$1726 [1:0] }, B={ 7'1111100 $auto$wreduce.cc:513:run$1724 [0] }, Y=$flatten\gold.$memory$auto$proc_rom.cc:155:do_switch$11$rdmux[0][5][6]$a$152
      New ports: A={ 2'01 $auto$wreduce.cc:513:run$1726 [1:0] }, B={ 3'100 \gold.cnt [0] }, Y=$flatten\gold.$memory$auto$proc_rom.cc:155:do_switch$11$rdmux[0][5][6]$a$152 [3:0]
      New connections: $flatten\gold.$memory$auto$proc_rom.cc:155:do_switch$11$rdmux[0][5][6]$a$152 [7:4] = 4'1111
    Consolidated identical input bits for $mux cell $flatten\gold.$memory$auto$proc_rom.cc:155:do_switch$11$rdmux[0][6][13]$268:
      Old ports: A=8'11111010, B={ 5'11111 $auto$wreduce.cc:513:run$1799 [2:0] }, Y=$flatten\gold.$memory$auto$proc_rom.cc:155:do_switch$11$rdmux[0][5][6]$b$153
      New ports: A=3'010, B=$auto$wreduce.cc:513:run$1799 [2:0], Y=$flatten\gold.$memory$auto$proc_rom.cc:155:do_switch$11$rdmux[0][5][6]$b$153 [2:0]
      New connections: $flatten\gold.$memory$auto$proc_rom.cc:155:do_switch$11$rdmux[0][5][6]$b$153 [7:3] = 5'11111
    Consolidated identical input bits for $mux cell $flatten\gold.$memory$auto$proc_rom.cc:155:do_switch$11$rdmux[0][6][15]$274:
      Old ports: A={ 7'1111111 $auto$wreduce.cc:513:run$1724 [0] }, B=8'11111111, Y=$flatten\gold.$memory$auto$proc_rom.cc:155:do_switch$11$rdmux[0][5][7]$b$156
      New ports: A=\gold.cnt [0], B=1'1, Y=$flatten\gold.$memory$auto$proc_rom.cc:155:do_switch$11$rdmux[0][5][7]$b$156 [0]
      New connections: $flatten\gold.$memory$auto$proc_rom.cc:155:do_switch$11$rdmux[0][5][7]$b$156 [7:1] = 7'1111111
    Consolidated identical input bits for $mux cell $flatten\gold.$memory$auto$proc_rom.cc:155:do_switch$11$rdmux[0][6][17]$280:
      Old ports: A=8'11111110, B={ 6'111111 $auto$wreduce.cc:513:run$1739 [1:0] }, Y=$flatten\gold.$memory$auto$proc_rom.cc:155:do_switch$11$rdmux[0][5][8]$b$159
      New ports: A=2'10, B=$auto$wreduce.cc:513:run$1739 [1:0], Y=$flatten\gold.$memory$auto$proc_rom.cc:155:do_switch$11$rdmux[0][5][8]$b$159 [1:0]
      New connections: $flatten\gold.$memory$auto$proc_rom.cc:155:do_switch$11$rdmux[0][5][8]$b$159 [7:2] = 6'111111
    Consolidated identical input bits for $mux cell $flatten\gold.$memory$auto$proc_rom.cc:155:do_switch$11$rdmux[0][6][18]$283:
      Old ports: A={ 7'1111110 $auto$wreduce.cc:513:run$1735 [0] }, B={ 7'1111101 $auto$wreduce.cc:513:run$1735 [0] }, Y=$flatten\gold.$memory$auto$proc_rom.cc:155:do_switch$11$rdmux[0][5][9]$a$161
      New ports: A=2'10, B=2'01, Y=$flatten\gold.$memory$auto$proc_rom.cc:155:do_switch$11$rdmux[0][5][9]$a$161 [2:1]
      New connections: { $flatten\gold.$memory$auto$proc_rom.cc:155:do_switch$11$rdmux[0][5][9]$a$161 [7:3] $flatten\gold.$memory$auto$proc_rom.cc:155:do_switch$11$rdmux[0][5][9]$a$161 [0] } = { 5'11111 $auto$wreduce.cc:513:run$1735 [0] }
    Consolidated identical input bits for $mux cell $flatten\gold.$memory$auto$proc_rom.cc:155:do_switch$11$rdmux[0][6][19]$286:
      Old ports: A={ 6'111110 $auto$wreduce.cc:513:run$1739 [1:0] }, B={ 4'1111 $auto$wreduce.cc:513:run$1793 [3:0] }, Y=$flatten\gold.$memory$auto$proc_rom.cc:155:do_switch$11$rdmux[0][5][9]$b$162
      New ports: A={ 2'10 $auto$wreduce.cc:513:run$1739 [1:0] }, B=$auto$wreduce.cc:513:run$1793 [3:0], Y=$flatten\gold.$memory$auto$proc_rom.cc:155:do_switch$11$rdmux[0][5][9]$b$162 [3:0]
      New connections: $flatten\gold.$memory$auto$proc_rom.cc:155:do_switch$11$rdmux[0][5][9]$b$162 [7:4] = 4'1111
    Consolidated identical input bits for $mux cell $flatten\gold.$memory$auto$proc_rom.cc:155:do_switch$11$rdmux[0][6][1]$232:
      Old ports: A={ 6'100011 $auto$wreduce.cc:513:run$1696 [1:0] }, B={ 5'10010 $auto$wreduce.cc:513:run$1704 [2:0] }, Y=$flatten\gold.$memory$auto$proc_rom.cc:155:do_switch$11$rdmux[0][5][0]$b$135
      New ports: A={ 3'011 $auto$wreduce.cc:513:run$1696 [1:0] }, B={ 2'10 $auto$wreduce.cc:513:run$1704 [2:0] }, Y=$flatten\gold.$memory$auto$proc_rom.cc:155:do_switch$11$rdmux[0][5][0]$b$135 [4:0]
      New connections: $flatten\gold.$memory$auto$proc_rom.cc:155:do_switch$11$rdmux[0][5][0]$b$135 [7:5] = 3'100
    Consolidated identical input bits for $mux cell $flatten\gold.$memory$auto$proc_rom.cc:155:do_switch$11$rdmux[0][6][20]$289:
      Old ports: A={ 7'1111010 $auto$wreduce.cc:513:run$1735 [0] }, B={ 6'111100 $auto$wreduce.cc:513:run$1755 [1:0] }, Y=$flatten\gold.$memory$auto$proc_rom.cc:155:do_switch$11$rdmux[0][5][10]$a$164
      New ports: A={ 2'10 $auto$wreduce.cc:513:run$1735 [0] }, B={ 1'0 $auto$wreduce.cc:513:run$1755 [1:0] }, Y=$flatten\gold.$memory$auto$proc_rom.cc:155:do_switch$11$rdmux[0][5][10]$a$164 [2:0]
      New connections: $flatten\gold.$memory$auto$proc_rom.cc:155:do_switch$11$rdmux[0][5][10]$a$164 [7:3] = 5'11110
    Consolidated identical input bits for $mux cell $flatten\gold.$memory$auto$proc_rom.cc:155:do_switch$11$rdmux[0][6][21]$292:
      Old ports: A={ 3'111 $auto$wreduce.cc:513:run$1780 [4:0] }, B={ 5'11101 $auto$wreduce.cc:513:run$1745 [2:0] }, Y=$flatten\gold.$memory$auto$proc_rom.cc:155:do_switch$11$rdmux[0][5][10]$b$165
      New ports: A=$auto$wreduce.cc:513:run$1780 [4:0], B={ 2'01 $auto$wreduce.cc:513:run$1745 [2:0] }, Y=$flatten\gold.$memory$auto$proc_rom.cc:155:do_switch$11$rdmux[0][5][10]$b$165 [4:0]
      New connections: $flatten\gold.$memory$auto$proc_rom.cc:155:do_switch$11$rdmux[0][5][10]$b$165 [7:5] = 3'111
    Consolidated identical input bits for $mux cell $flatten\gold.$memory$auto$proc_rom.cc:155:do_switch$11$rdmux[0][6][22]$295:
      Old ports: A={ 6'111010 $auto$wreduce.cc:513:run$1750 [1:0] }, B={ 6'111001 $auto$wreduce.cc:513:run$1750 [1:0] }, Y=$flatten\gold.$memory$auto$proc_rom.cc:155:do_switch$11$rdmux[0][5][11]$a$167
      New ports: A=2'10, B=2'01, Y=$flatten\gold.$memory$auto$proc_rom.cc:155:do_switch$11$rdmux[0][5][11]$a$167 [3:2]
      New connections: { $flatten\gold.$memory$auto$proc_rom.cc:155:do_switch$11$rdmux[0][5][11]$a$167 [7:4] $flatten\gold.$memory$auto$proc_rom.cc:155:do_switch$11$rdmux[0][5][11]$a$167 [1:0] } = { 4'1110 $auto$wreduce.cc:513:run$1750 [1:0] }
    Consolidated identical input bits for $mux cell $flatten\gold.$memory$auto$proc_rom.cc:155:do_switch$11$rdmux[0][6][23]$298:
      Old ports: A={ 6'111000 $auto$wreduce.cc:513:run$1750 [1:0] }, B={ 6'110111 $auto$wreduce.cc:513:run$1750 [1:0] }, Y=$flatten\gold.$memory$auto$proc_rom.cc:155:do_switch$11$rdmux[0][5][11]$b$168
      New ports: A=2'10, B=2'01, Y={ $flatten\gold.$memory$auto$proc_rom.cc:155:do_switch$11$rdmux[0][5][11]$b$168 [5] $flatten\gold.$memory$auto$proc_rom.cc:155:do_switch$11$rdmux[0][5][11]$b$168 [2] }
      New connections: { $flatten\gold.$memory$auto$proc_rom.cc:155:do_switch$11$rdmux[0][5][11]$b$168 [7:6] $flatten\gold.$memory$auto$proc_rom.cc:155:do_switch$11$rdmux[0][5][11]$b$168 [4:3] $flatten\gold.$memory$auto$proc_rom.cc:155:do_switch$11$rdmux[0][5][11]$b$168 [1:0] } = { 2'11 $flatten\gold.$memory$auto$proc_rom.cc:155:do_switch$11$rdmux[0][5][11]$b$168 [2] $flatten\gold.$memory$auto$proc_rom.cc:155:do_switch$11$rdmux[0][5][11]$b$168 [2] $auto$wreduce.cc:513:run$1750 [1:0] }
    Consolidated identical input bits for $mux cell $flatten\gold.$memory$auto$proc_rom.cc:155:do_switch$11$rdmux[0][6][24]$301:
      Old ports: A={ 4'1101 $auto$wreduce.cc:513:run$1773 [3:0] }, B={ 5'11010 $auto$wreduce.cc:513:run$1745 [2:0] }, Y=$flatten\gold.$memory$auto$proc_rom.cc:155:do_switch$11$rdmux[0][5][12]$a$170
      New ports: A=$auto$wreduce.cc:513:run$1773 [3:0], B={ 1'0 $auto$wreduce.cc:513:run$1745 [2:0] }, Y=$flatten\gold.$memory$auto$proc_rom.cc:155:do_switch$11$rdmux[0][5][12]$a$170 [3:0]
      New connections: $flatten\gold.$memory$auto$proc_rom.cc:155:do_switch$11$rdmux[0][5][12]$a$170 [7:4] = 4'1101
    Consolidated identical input bits for $mux cell $flatten\gold.$memory$auto$proc_rom.cc:155:do_switch$11$rdmux[0][6][25]$304:
      Old ports: A={ 3'110 $auto$wreduce.cc:513:run$1780 [4:0] }, B={ 6'110010 $auto$wreduce.cc:513:run$1755 [1:0] }, Y=$flatten\gold.$memory$auto$proc_rom.cc:155:do_switch$11$rdmux[0][5][12]$b$171
      New ports: A=$auto$wreduce.cc:513:run$1780 [4:0], B={ 3'010 $auto$wreduce.cc:513:run$1755 [1:0] }, Y=$flatten\gold.$memory$auto$proc_rom.cc:155:do_switch$11$rdmux[0][5][12]$b$171 [4:0]
      New connections: $flatten\gold.$memory$auto$proc_rom.cc:155:do_switch$11$rdmux[0][5][12]$b$171 [7:5] = 3'110
    Consolidated identical input bits for $mux cell $flatten\gold.$memory$auto$proc_rom.cc:155:do_switch$11$rdmux[0][6][26]$307:
      Old ports: A={ 6'110001 $auto$wreduce.cc:513:run$1750 [1:0] }, B={ 1'1 $auto$wreduce.cc:513:run$1777 [6:0] }, Y=$flatten\gold.$memory$auto$proc_rom.cc:155:do_switch$11$rdmux[0][5][13]$a$173
      New ports: A={ 5'10001 $auto$wreduce.cc:513:run$1750 [1:0] }, B=$auto$wreduce.cc:513:run$1777 [6:0], Y=$flatten\gold.$memory$auto$proc_rom.cc:155:do_switch$11$rdmux[0][5][13]$a$173 [6:0]
      New connections: $flatten\gold.$memory$auto$proc_rom.cc:155:do_switch$11$rdmux[0][5][13]$a$173 [7] = 1'1
    Consolidated identical input bits for $mux cell $flatten\gold.$memory$auto$proc_rom.cc:155:do_switch$11$rdmux[0][6][27]$310:
      Old ports: A={ 5'10111 $auto$wreduce.cc:513:run$1752 [2:0] }, B={ 5'10110 $auto$wreduce.cc:513:run$1754 [2:0] }, Y=$flatten\gold.$memory$auto$proc_rom.cc:155:do_switch$11$rdmux[0][5][13]$b$174
      New ports: A={ 1'1 $auto$wreduce.cc:513:run$1752 [2:0] }, B={ 1'0 $auto$wreduce.cc:513:run$1754 [2:0] }, Y=$flatten\gold.$memory$auto$proc_rom.cc:155:do_switch$11$rdmux[0][5][13]$b$174 [3:0]
      New connections: $flatten\gold.$memory$auto$proc_rom.cc:155:do_switch$11$rdmux[0][5][13]$b$174 [7:4] = 4'1011
    Consolidated identical input bits for $mux cell $flatten\gold.$memory$auto$proc_rom.cc:155:do_switch$11$rdmux[0][6][28]$313:
      Old ports: A={ 3'101 $auto$wreduce.cc:513:run$1774 [4:0] }, B={ 4'1010 $auto$wreduce.cc:513:run$1773 [3:0] }, Y=$flatten\gold.$memory$auto$proc_rom.cc:155:do_switch$11$rdmux[0][5][14]$a$176
      New ports: A=$auto$wreduce.cc:513:run$1774 [4:0], B={ 1'0 $auto$wreduce.cc:513:run$1773 [3:0] }, Y=$flatten\gold.$memory$auto$proc_rom.cc:155:do_switch$11$rdmux[0][5][14]$a$176 [4:0]
      New connections: $flatten\gold.$memory$auto$proc_rom.cc:155:do_switch$11$rdmux[0][5][14]$a$176 [7:5] = 3'101
    Consolidated identical input bits for $mux cell $flatten\gold.$memory$auto$proc_rom.cc:155:do_switch$11$rdmux[0][6][29]$316:
      Old ports: A={ 5'10100 $auto$wreduce.cc:513:run$1758 [2:0] }, B={ 5'10011 $auto$wreduce.cc:513:run$1754 [2:0] }, Y=$flatten\gold.$memory$auto$proc_rom.cc:155:do_switch$11$rdmux[0][5][14]$b$177
      New ports: A={ 2'10 $auto$wreduce.cc:513:run$1758 [2:0] }, B={ 2'01 $auto$wreduce.cc:513:run$1754 [2:0] }, Y={ $flatten\gold.$memory$auto$proc_rom.cc:155:do_switch$11$rdmux[0][5][14]$b$177 [5] $flatten\gold.$memory$auto$proc_rom.cc:155:do_switch$11$rdmux[0][5][14]$b$177 [3:0] }
      New connections: { $flatten\gold.$memory$auto$proc_rom.cc:155:do_switch$11$rdmux[0][5][14]$b$177 [7:6] $flatten\gold.$memory$auto$proc_rom.cc:155:do_switch$11$rdmux[0][5][14]$b$177 [4] } = { 2'10 $flatten\gold.$memory$auto$proc_rom.cc:155:do_switch$11$rdmux[0][5][14]$b$177 [3] }
    Consolidated identical input bits for $mux cell $flatten\gold.$memory$auto$proc_rom.cc:155:do_switch$11$rdmux[0][6][2]$235:
      Old ports: A={ 6'100110 $auto$wreduce.cc:513:run$1696 [1:0] }, B={ 2'10 $auto$wreduce.cc:513:run$1769 [5:0] }, Y=$flatten\gold.$memory$auto$proc_rom.cc:155:do_switch$11$rdmux[0][5][1]$a$137
      New ports: A={ 4'0110 $auto$wreduce.cc:513:run$1696 [1:0] }, B=$auto$wreduce.cc:513:run$1769 [5:0], Y=$flatten\gold.$memory$auto$proc_rom.cc:155:do_switch$11$rdmux[0][5][1]$a$137 [5:0]
      New connections: $flatten\gold.$memory$auto$proc_rom.cc:155:do_switch$11$rdmux[0][5][1]$a$137 [7:6] = 2'10
    Consolidated identical input bits for $mux cell $flatten\gold.$memory$auto$proc_rom.cc:155:do_switch$11$rdmux[0][6][30]$319:
      Old ports: A={ 4'1001 $auto$wreduce.cc:513:run$1768 [3:0] }, B={ 3'100 $auto$wreduce.cc:513:run$1767 [4:0] }, Y=$flatten\gold.$memory$auto$proc_rom.cc:155:do_switch$11$rdmux[0][5][15]$a$179
      New ports: A={ 1'1 $auto$wreduce.cc:513:run$1768 [3:0] }, B=$auto$wreduce.cc:513:run$1767 [4:0], Y=$flatten\gold.$memory$auto$proc_rom.cc:155:do_switch$11$rdmux[0][5][15]$a$179 [4:0]
      New connections: $flatten\gold.$memory$auto$proc_rom.cc:155:do_switch$11$rdmux[0][5][15]$a$179 [7:5] = 3'100
    Consolidated identical input bits for $mux cell $flatten\gold.$memory$auto$proc_rom.cc:155:do_switch$11$rdmux[0][6][31]$322:
      Old ports: A={ 5'10001 $auto$wreduce.cc:513:run$1752 [2:0] }, B={ 5'10000 $auto$wreduce.cc:513:run$1754 [2:0] }, Y=$flatten\gold.$memory$auto$proc_rom.cc:155:do_switch$11$rdmux[0][5][15]$b$180
      New ports: A={ 1'1 $auto$wreduce.cc:513:run$1752 [2:0] }, B={ 1'0 $auto$wreduce.cc:513:run$1754 [2:0] }, Y=$flatten\gold.$memory$auto$proc_rom.cc:155:do_switch$11$rdmux[0][5][15]$b$180 [3:0]
      New connections: $flatten\gold.$memory$auto$proc_rom.cc:155:do_switch$11$rdmux[0][5][15]$b$180 [7:4] = 4'1000
    Consolidated identical input bits for $mux cell $flatten\gold.$memory$auto$proc_rom.cc:155:do_switch$11$rdmux[0][6][33]$328:
      Old ports: A={ 6'011100 $auto$wreduce.cc:513:run$1751 [1:0] }, B={ 5'01101 $auto$wreduce.cc:513:run$1758 [2:0] }, Y=$flatten\gold.$memory$auto$proc_rom.cc:155:do_switch$11$rdmux[0][5][16]$b$183
      New ports: A={ 3'100 $auto$wreduce.cc:513:run$1751 [1:0] }, B={ 2'01 $auto$wreduce.cc:513:run$1758 [2:0] }, Y=$flatten\gold.$memory$auto$proc_rom.cc:155:do_switch$11$rdmux[0][5][16]$b$183 [4:0]
      New connections: $flatten\gold.$memory$auto$proc_rom.cc:155:do_switch$11$rdmux[0][5][16]$b$183 [7:5] = 3'011
    Consolidated identical input bits for $mux cell $flatten\gold.$memory$auto$proc_rom.cc:155:do_switch$11$rdmux[0][6][34]$331:
      Old ports: A={ 6'011001 $auto$wreduce.cc:513:run$1751 [1:0] }, B={ 2'01 $auto$wreduce.cc:513:run$1760 [5:0] }, Y=$flatten\gold.$memory$auto$proc_rom.cc:155:do_switch$11$rdmux[0][5][17]$a$185
      New ports: A={ 4'1001 $auto$wreduce.cc:513:run$1751 [1:0] }, B=$auto$wreduce.cc:513:run$1760 [5:0], Y=$flatten\gold.$memory$auto$proc_rom.cc:155:do_switch$11$rdmux[0][5][17]$a$185 [5:0]
      New connections: $flatten\gold.$memory$auto$proc_rom.cc:155:do_switch$11$rdmux[0][5][17]$a$185 [7:6] = 2'01
    Consolidated identical input bits for $mux cell $flatten\gold.$memory$auto$proc_rom.cc:155:do_switch$11$rdmux[0][6][35]$334:
      Old ports: A={ 6'010110 $auto$wreduce.cc:513:run$1750 [1:0] }, B={ 5'01010 $auto$wreduce.cc:513:run$1758 [2:0] }, Y=$flatten\gold.$memory$auto$proc_rom.cc:155:do_switch$11$rdmux[0][5][17]$b$186
      New ports: A={ 2'10 $auto$wreduce.cc:513:run$1750 [1:0] }, B={ 1'0 $auto$wreduce.cc:513:run$1758 [2:0] }, Y=$flatten\gold.$memory$auto$proc_rom.cc:155:do_switch$11$rdmux[0][5][17]$b$186 [3:0]
      New connections: $flatten\gold.$memory$auto$proc_rom.cc:155:do_switch$11$rdmux[0][5][17]$b$186 [7:4] = 4'0101
    Consolidated identical input bits for $mux cell $flatten\gold.$memory$auto$proc_rom.cc:155:do_switch$11$rdmux[0][6][36]$337:
      Old ports: A={ 6'010011 $auto$wreduce.cc:513:run$1751 [1:0] }, B={ 4'0100 $auto$wreduce.cc:513:run$1753 [3:0] }, Y=$flatten\gold.$memory$auto$proc_rom.cc:155:do_switch$11$rdmux[0][5][18]$a$188
      New ports: A={ 2'11 $auto$wreduce.cc:513:run$1751 [1:0] }, B=$auto$wreduce.cc:513:run$1753 [3:0], Y=$flatten\gold.$memory$auto$proc_rom.cc:155:do_switch$11$rdmux[0][5][18]$a$188 [3:0]
      New connections: $flatten\gold.$memory$auto$proc_rom.cc:155:do_switch$11$rdmux[0][5][18]$a$188 [7:4] = 4'0100
    Consolidated identical input bits for $mux cell $flatten\gold.$memory$auto$proc_rom.cc:155:do_switch$11$rdmux[0][6][37]$340:
      Old ports: A={ 6'010000 $auto$wreduce.cc:513:run$1755 [1:0] }, B={ 5'00111 $auto$wreduce.cc:513:run$1754 [2:0] }, Y=$flatten\gold.$memory$auto$proc_rom.cc:155:do_switch$11$rdmux[0][5][18]$b$189
      New ports: A={ 3'100 $auto$wreduce.cc:513:run$1755 [1:0] }, B={ 2'01 $auto$wreduce.cc:513:run$1754 [2:0] }, Y={ $flatten\gold.$memory$auto$proc_rom.cc:155:do_switch$11$rdmux[0][5][18]$b$189 [6] $flatten\gold.$memory$auto$proc_rom.cc:155:do_switch$11$rdmux[0][5][18]$b$189 [3:0] }
      New connections: { $flatten\gold.$memory$auto$proc_rom.cc:155:do_switch$11$rdmux[0][5][18]$b$189 [7] $flatten\gold.$memory$auto$proc_rom.cc:155:do_switch$11$rdmux[0][5][18]$b$189 [5:4] } = { 1'0 $flatten\gold.$memory$auto$proc_rom.cc:155:do_switch$11$rdmux[0][5][18]$b$189 [3] $flatten\gold.$memory$auto$proc_rom.cc:155:do_switch$11$rdmux[0][5][18]$b$189 [3] }
    Consolidated identical input bits for $mux cell $flatten\gold.$memory$auto$proc_rom.cc:155:do_switch$11$rdmux[0][6][38]$343:
      Old ports: A={ 4'0011 $auto$wreduce.cc:513:run$1753 [3:0] }, B={ 5'00110 $auto$wreduce.cc:513:run$1752 [2:0] }, Y=$flatten\gold.$memory$auto$proc_rom.cc:155:do_switch$11$rdmux[0][5][19]$a$191
      New ports: A=$auto$wreduce.cc:513:run$1753 [3:0], B={ 1'0 $auto$wreduce.cc:513:run$1752 [2:0] }, Y=$flatten\gold.$memory$auto$proc_rom.cc:155:do_switch$11$rdmux[0][5][19]$a$191 [3:0]
      New connections: $flatten\gold.$memory$auto$proc_rom.cc:155:do_switch$11$rdmux[0][5][19]$a$191 [7:4] = 4'0011
    Consolidated identical input bits for $mux cell $flatten\gold.$memory$auto$proc_rom.cc:155:do_switch$11$rdmux[0][6][39]$346:
      Old ports: A={ 6'001011 $auto$wreduce.cc:513:run$1751 [1:0] }, B={ 6'001010 $auto$wreduce.cc:513:run$1750 [1:0] }, Y=$flatten\gold.$memory$auto$proc_rom.cc:155:do_switch$11$rdmux[0][5][19]$b$192
      New ports: A={ 1'1 $auto$wreduce.cc:513:run$1751 [1:0] }, B={ 1'0 $auto$wreduce.cc:513:run$1750 [1:0] }, Y=$flatten\gold.$memory$auto$proc_rom.cc:155:do_switch$11$rdmux[0][5][19]$b$192 [2:0]
      New connections: $flatten\gold.$memory$auto$proc_rom.cc:155:do_switch$11$rdmux[0][5][19]$b$192 [7:3] = 5'00101
    Consolidated identical input bits for $mux cell $flatten\gold.$memory$auto$proc_rom.cc:155:do_switch$11$rdmux[0][6][3]$238:
      Old ports: A={ 6'101001 $auto$wreduce.cc:513:run$1695 [1:0] }, B={ 5'10101 $auto$wreduce.cc:513:run$1704 [2:0] }, Y=$flatten\gold.$memory$auto$proc_rom.cc:155:do_switch$11$rdmux[0][5][1]$b$138
      New ports: A={ 2'01 $auto$wreduce.cc:513:run$1695 [1:0] }, B={ 1'1 $auto$wreduce.cc:513:run$1704 [2:0] }, Y=$flatten\gold.$memory$auto$proc_rom.cc:155:do_switch$11$rdmux[0][5][1]$b$138 [3:0]
      New connections: $flatten\gold.$memory$auto$proc_rom.cc:155:do_switch$11$rdmux[0][5][1]$b$138 [7:4] = 4'1010
    Consolidated identical input bits for $mux cell $flatten\gold.$memory$auto$proc_rom.cc:155:do_switch$11$rdmux[0][6][40]$349:
      Old ports: A={ 5'00100 $auto$wreduce.cc:513:run$1745 [2:0] }, B={ 2'00 $auto$wreduce.cc:513:run$1746 [5:0] }, Y=$flatten\gold.$memory$auto$proc_rom.cc:155:do_switch$11$rdmux[0][5][20]$a$194
      New ports: A={ 3'100 $auto$wreduce.cc:513:run$1745 [2:0] }, B=$auto$wreduce.cc:513:run$1746 [5:0], Y=$flatten\gold.$memory$auto$proc_rom.cc:155:do_switch$11$rdmux[0][5][20]$a$194 [5:0]
      New connections: $flatten\gold.$memory$auto$proc_rom.cc:155:do_switch$11$rdmux[0][5][20]$a$194 [7:6] = 2'00
    Consolidated identical input bits for $mux cell $flatten\gold.$memory$auto$proc_rom.cc:155:do_switch$11$rdmux[0][6][41]$352:
      Old ports: A={ 5'00011 $auto$wreduce.cc:513:run$1745 [2:0] }, B={ 4'0001 $auto$wreduce.cc:513:run$1744 [3:0] }, Y=$flatten\gold.$memory$auto$proc_rom.cc:155:do_switch$11$rdmux[0][5][20]$b$195
      New ports: A={ 1'1 $auto$wreduce.cc:513:run$1745 [2:0] }, B=$auto$wreduce.cc:513:run$1744 [3:0], Y=$flatten\gold.$memory$auto$proc_rom.cc:155:do_switch$11$rdmux[0][5][20]$b$195 [3:0]
      New connections: $flatten\gold.$memory$auto$proc_rom.cc:155:do_switch$11$rdmux[0][5][20]$b$195 [7:4] = 4'0001
    Consolidated identical input bits for $mux cell $flatten\gold.$memory$auto$proc_rom.cc:155:do_switch$11$rdmux[0][6][42]$355:
      Old ports: A={ 7'0001010 $auto$wreduce.cc:513:run$1735 [0] }, B={ 6'000100 $auto$wreduce.cc:513:run$1739 [1:0] }, Y=$flatten\gold.$memory$auto$proc_rom.cc:155:do_switch$11$rdmux[0][5][21]$a$197
      New ports: A={ 2'10 $auto$wreduce.cc:513:run$1735 [0] }, B={ 1'0 $auto$wreduce.cc:513:run$1739 [1:0] }, Y=$flatten\gold.$memory$auto$proc_rom.cc:155:do_switch$11$rdmux[0][5][21]$a$197 [2:0]
      New connections: $flatten\gold.$memory$auto$proc_rom.cc:155:do_switch$11$rdmux[0][5][21]$a$197 [7:3] = 5'00010
    Consolidated identical input bits for $mux cell $flatten\gold.$memory$auto$proc_rom.cc:155:do_switch$11$rdmux[0][6][43]$358:
      Old ports: A={ 7'0000111 $auto$wreduce.cc:513:run$1735 [0] }, B={ 5'00001 $auto$wreduce.cc:513:run$1737 [2:0] }, Y=$flatten\gold.$memory$auto$proc_rom.cc:155:do_switch$11$rdmux[0][5][21]$b$198
      New ports: A={ 2'11 $auto$wreduce.cc:513:run$1735 [0] }, B=$auto$wreduce.cc:513:run$1737 [2:0], Y=$flatten\gold.$memory$auto$proc_rom.cc:155:do_switch$11$rdmux[0][5][21]$b$198 [2:0]
      New connections: $flatten\gold.$memory$auto$proc_rom.cc:155:do_switch$11$rdmux[0][5][21]$b$198 [7:3] = 5'00001
    Consolidated identical input bits for $mux cell $flatten\gold.$memory$auto$proc_rom.cc:155:do_switch$11$rdmux[0][6][44]$361:
      Old ports: A={ 6'000010 $auto$wreduce.cc:513:run$1739 [1:0] }, B={ 7'0000011 $auto$wreduce.cc:513:run$1735 [0] }, Y=$flatten\gold.$memory$auto$proc_rom.cc:155:do_switch$11$rdmux[0][5][22]$a$200
      New ports: A={ 2'10 $auto$wreduce.cc:513:run$1739 [1:0] }, B={ 3'011 $auto$wreduce.cc:513:run$1735 [0] }, Y=$flatten\gold.$memory$auto$proc_rom.cc:155:do_switch$11$rdmux[0][5][22]$a$200 [3:0]
      New connections: $flatten\gold.$memory$auto$proc_rom.cc:155:do_switch$11$rdmux[0][5][22]$a$200 [7:4] = 4'0000
    Consolidated identical input bits for $mux cell $flatten\gold.$memory$auto$proc_rom.cc:155:do_switch$11$rdmux[0][6][45]$364:
      Old ports: A=8'00000101, B={ 5'00000 $auto$wreduce.cc:513:run$1737 [2:0] }, Y=$flatten\gold.$memory$auto$proc_rom.cc:155:do_switch$11$rdmux[0][5][22]$b$201
      New ports: A=3'101, B=$auto$wreduce.cc:513:run$1737 [2:0], Y=$flatten\gold.$memory$auto$proc_rom.cc:155:do_switch$11$rdmux[0][5][22]$b$201 [2:0]
      New connections: $flatten\gold.$memory$auto$proc_rom.cc:155:do_switch$11$rdmux[0][5][22]$b$201 [7:3] = 5'00000
    Consolidated identical input bits for $mux cell $flatten\gold.$memory$auto$proc_rom.cc:155:do_switch$11$rdmux[0][6][47]$370:
      Old ports: A={ 7'0000000 $auto$wreduce.cc:513:run$1735 [0] }, B=8'00000000, Y=$flatten\gold.$memory$auto$proc_rom.cc:155:do_switch$11$rdmux[0][5][23]$b$204
      New ports: A=$auto$wreduce.cc:513:run$1735 [0], B=1'0, Y=$flatten\gold.$memory$auto$proc_rom.cc:155:do_switch$11$rdmux[0][5][23]$b$204 [0]
      New connections: $flatten\gold.$memory$auto$proc_rom.cc:155:do_switch$11$rdmux[0][5][23]$b$204 [7:1] = 7'0000000
    Consolidated identical input bits for $mux cell $flatten\gold.$memory$auto$proc_rom.cc:155:do_switch$11$rdmux[0][6][49]$376:
      Old ports: A=8'00000001, B={ 6'000000 $auto$wreduce.cc:513:run$1726 [1:0] }, Y=$flatten\gold.$memory$auto$proc_rom.cc:155:do_switch$11$rdmux[0][5][24]$b$207
      New ports: A=2'01, B=$auto$wreduce.cc:513:run$1726 [1:0], Y=$flatten\gold.$memory$auto$proc_rom.cc:155:do_switch$11$rdmux[0][5][24]$b$207 [1:0]
      New connections: $flatten\gold.$memory$auto$proc_rom.cc:155:do_switch$11$rdmux[0][5][24]$b$207 [7:2] = 6'000000
    Consolidated identical input bits for $mux cell $flatten\gold.$memory$auto$proc_rom.cc:155:do_switch$11$rdmux[0][6][4]$241:
      Old ports: A={ 6'101100 $auto$wreduce.cc:513:run$1696 [1:0] }, B={ 4'1011 $auto$wreduce.cc:513:run$1698 [3:0] }, Y=$flatten\gold.$memory$auto$proc_rom.cc:155:do_switch$11$rdmux[0][5][2]$a$140
      New ports: A={ 2'00 $auto$wreduce.cc:513:run$1696 [1:0] }, B=$auto$wreduce.cc:513:run$1698 [3:0], Y=$flatten\gold.$memory$auto$proc_rom.cc:155:do_switch$11$rdmux[0][5][2]$a$140 [3:0]
      New connections: $flatten\gold.$memory$auto$proc_rom.cc:155:do_switch$11$rdmux[0][5][2]$a$140 [7:4] = 4'1011
    Consolidated identical input bits for $mux cell $flatten\gold.$memory$auto$proc_rom.cc:155:do_switch$11$rdmux[0][6][50]$379:
      Old ports: A={ 7'0000001 $auto$wreduce.cc:513:run$1724 [0] }, B={ 7'0000010 $auto$wreduce.cc:513:run$1724 [0] }, Y=$flatten\gold.$memory$auto$proc_rom.cc:155:do_switch$11$rdmux[0][5][25]$a$209
      New ports: A=2'01, B=2'10, Y=$flatten\gold.$memory$auto$proc_rom.cc:155:do_switch$11$rdmux[0][5][25]$a$209 [2:1]
      New connections: { $flatten\gold.$memory$auto$proc_rom.cc:155:do_switch$11$rdmux[0][5][25]$a$209 [7:3] $flatten\gold.$memory$auto$proc_rom.cc:155:do_switch$11$rdmux[0][5][25]$a$209 [0] } = { 5'00000 \gold.cnt [0] }
    Consolidated identical input bits for $mux cell $flatten\gold.$memory$auto$proc_rom.cc:155:do_switch$11$rdmux[0][6][51]$382:
      Old ports: A={ 6'000001 $auto$wreduce.cc:513:run$1726 [1:0] }, B={ 4'0000 $auto$wreduce.cc:513:run$1725 [3:0] }, Y=$flatten\gold.$memory$auto$proc_rom.cc:155:do_switch$11$rdmux[0][5][25]$b$210
      New ports: A={ 2'01 $auto$wreduce.cc:513:run$1726 [1:0] }, B=$auto$wreduce.cc:513:run$1725 [3:0], Y=$flatten\gold.$memory$auto$proc_rom.cc:155:do_switch$11$rdmux[0][5][25]$b$210 [3:0]
      New connections: $flatten\gold.$memory$auto$proc_rom.cc:155:do_switch$11$rdmux[0][5][25]$b$210 [7:4] = 4'0000
    Consolidated identical input bits for $mux cell $flatten\gold.$memory$auto$proc_rom.cc:155:do_switch$11$rdmux[0][6][52]$385:
      Old ports: A={ 7'0000101 $auto$wreduce.cc:513:run$1724 [0] }, B={ 6'000011 $auto$wreduce.cc:513:run$1708 [1:0] }, Y=$flatten\gold.$memory$auto$proc_rom.cc:155:do_switch$11$rdmux[0][5][26]$a$212
      New ports: A={ 2'01 \gold.cnt [0] }, B={ 1'1 $auto$wreduce.cc:513:run$1708 [1:0] }, Y=$flatten\gold.$memory$auto$proc_rom.cc:155:do_switch$11$rdmux[0][5][26]$a$212 [2:0]
      New connections: $flatten\gold.$memory$auto$proc_rom.cc:155:do_switch$11$rdmux[0][5][26]$a$212 [7:3] = 5'00001
    Consolidated identical input bits for $mux cell $flatten\gold.$memory$auto$proc_rom.cc:155:do_switch$11$rdmux[0][6][53]$388:
      Old ports: A={ 3'000 $auto$wreduce.cc:513:run$1714 [4:0] }, B={ 5'00010 $auto$wreduce.cc:513:run$1692 [2:0] }, Y=$flatten\gold.$memory$auto$proc_rom.cc:155:do_switch$11$rdmux[0][5][26]$b$213
      New ports: A=$auto$wreduce.cc:513:run$1714 [4:0], B={ 2'10 $auto$wreduce.cc:513:run$1692 [2:0] }, Y=$flatten\gold.$memory$auto$proc_rom.cc:155:do_switch$11$rdmux[0][5][26]$b$213 [4:0]
      New connections: $flatten\gold.$memory$auto$proc_rom.cc:155:do_switch$11$rdmux[0][5][26]$b$213 [7:5] = 3'000
    Consolidated identical input bits for $mux cell $flatten\gold.$memory$auto$proc_rom.cc:155:do_switch$11$rdmux[0][6][54]$391:
      Old ports: A={ 6'000101 $auto$wreduce.cc:513:run$1695 [1:0] }, B={ 6'000110 $auto$wreduce.cc:513:run$1695 [1:0] }, Y=$flatten\gold.$memory$auto$proc_rom.cc:155:do_switch$11$rdmux[0][5][27]$a$215
      New ports: A=2'01, B=2'10, Y=$flatten\gold.$memory$auto$proc_rom.cc:155:do_switch$11$rdmux[0][5][27]$a$215 [3:2]
      New connections: { $flatten\gold.$memory$auto$proc_rom.cc:155:do_switch$11$rdmux[0][5][27]$a$215 [7:4] $flatten\gold.$memory$auto$proc_rom.cc:155:do_switch$11$rdmux[0][5][27]$a$215 [1:0] } = { 4'0001 $auto$wreduce.cc:513:run$1695 [1:0] }
    Consolidated identical input bits for $mux cell $flatten\gold.$memory$auto$proc_rom.cc:155:do_switch$11$rdmux[0][6][55]$394:
      Old ports: A={ 6'000111 $auto$wreduce.cc:513:run$1695 [1:0] }, B={ 6'001000 $auto$wreduce.cc:513:run$1695 [1:0] }, Y=$flatten\gold.$memory$auto$proc_rom.cc:155:do_switch$11$rdmux[0][5][27]$b$216
      New ports: A=2'01, B=2'10, Y={ $flatten\gold.$memory$auto$proc_rom.cc:155:do_switch$11$rdmux[0][5][27]$b$216 [5] $flatten\gold.$memory$auto$proc_rom.cc:155:do_switch$11$rdmux[0][5][27]$b$216 [2] }
      New connections: { $flatten\gold.$memory$auto$proc_rom.cc:155:do_switch$11$rdmux[0][5][27]$b$216 [7:6] $flatten\gold.$memory$auto$proc_rom.cc:155:do_switch$11$rdmux[0][5][27]$b$216 [4:3] $flatten\gold.$memory$auto$proc_rom.cc:155:do_switch$11$rdmux[0][5][27]$b$216 [1:0] } = { 2'00 $flatten\gold.$memory$auto$proc_rom.cc:155:do_switch$11$rdmux[0][5][27]$b$216 [2] $flatten\gold.$memory$auto$proc_rom.cc:155:do_switch$11$rdmux[0][5][27]$b$216 [2] $auto$wreduce.cc:513:run$1695 [1:0] }
    Consolidated identical input bits for $mux cell $flatten\gold.$memory$auto$proc_rom.cc:155:do_switch$11$rdmux[0][6][56]$397:
      Old ports: A={ 4'0010 $auto$wreduce.cc:513:run$1705 [3:0] }, B={ 5'00101 $auto$wreduce.cc:513:run$1692 [2:0] }, Y=$flatten\gold.$memory$auto$proc_rom.cc:155:do_switch$11$rdmux[0][5][28]$a$218
      New ports: A=$auto$wreduce.cc:513:run$1705 [3:0], B={ 1'1 $auto$wreduce.cc:513:run$1692 [2:0] }, Y=$flatten\gold.$memory$auto$proc_rom.cc:155:do_switch$11$rdmux[0][5][28]$a$218 [3:0]
      New connections: $flatten\gold.$memory$auto$proc_rom.cc:155:do_switch$11$rdmux[0][5][28]$a$218 [7:4] = 4'0010
    Consolidated identical input bits for $mux cell $flatten\gold.$memory$auto$proc_rom.cc:155:do_switch$11$rdmux[0][6][57]$400:
      Old ports: A={ 3'001 $auto$wreduce.cc:513:run$1714 [4:0] }, B={ 6'001101 $auto$wreduce.cc:513:run$1708 [1:0] }, Y=$flatten\gold.$memory$auto$proc_rom.cc:155:do_switch$11$rdmux[0][5][28]$b$219
      New ports: A=$auto$wreduce.cc:513:run$1714 [4:0], B={ 3'101 $auto$wreduce.cc:513:run$1708 [1:0] }, Y=$flatten\gold.$memory$auto$proc_rom.cc:155:do_switch$11$rdmux[0][5][28]$b$219 [4:0]
      New connections: $flatten\gold.$memory$auto$proc_rom.cc:155:do_switch$11$rdmux[0][5][28]$b$219 [7:5] = 3'001
    Consolidated identical input bits for $mux cell $flatten\gold.$memory$auto$proc_rom.cc:155:do_switch$11$rdmux[0][6][58]$403:
      Old ports: A={ 6'001110 $auto$wreduce.cc:513:run$1695 [1:0] }, B={ 1'0 $auto$wreduce.cc:513:run$1711 [6:0] }, Y=$flatten\gold.$memory$auto$proc_rom.cc:155:do_switch$11$rdmux[0][5][29]$a$221
      New ports: A={ 5'01110 $auto$wreduce.cc:513:run$1695 [1:0] }, B=$auto$wreduce.cc:513:run$1711 [6:0], Y=$flatten\gold.$memory$auto$proc_rom.cc:155:do_switch$11$rdmux[0][5][29]$a$221 [6:0]
      New connections: $flatten\gold.$memory$auto$proc_rom.cc:155:do_switch$11$rdmux[0][5][29]$a$221 [7] = 1'0
    Consolidated identical input bits for $mux cell $flatten\gold.$memory$auto$proc_rom.cc:155:do_switch$11$rdmux[0][6][59]$406:
      Old ports: A={ 5'01000 $auto$wreduce.cc:513:run$1697 [2:0] }, B={ 5'01001 $auto$wreduce.cc:513:run$1699 [2:0] }, Y=$flatten\gold.$memory$auto$proc_rom.cc:155:do_switch$11$rdmux[0][5][29]$b$222
      New ports: A={ 1'0 $auto$wreduce.cc:513:run$1697 [2:0] }, B={ 1'1 $auto$wreduce.cc:513:run$1699 [2:0] }, Y=$flatten\gold.$memory$auto$proc_rom.cc:155:do_switch$11$rdmux[0][5][29]$b$222 [3:0]
      New connections: $flatten\gold.$memory$auto$proc_rom.cc:155:do_switch$11$rdmux[0][5][29]$b$222 [7:4] = 4'0100
    Consolidated identical input bits for $mux cell $flatten\gold.$memory$auto$proc_rom.cc:155:do_switch$11$rdmux[0][6][5]$244:
      Old ports: A={ 6'101111 $auto$wreduce.cc:513:run$1708 [1:0] }, B={ 5'11000 $auto$wreduce.cc:513:run$1699 [2:0] }, Y=$flatten\gold.$memory$auto$proc_rom.cc:155:do_switch$11$rdmux[0][5][2]$b$141
      New ports: A={ 3'011 $auto$wreduce.cc:513:run$1708 [1:0] }, B={ 2'10 $auto$wreduce.cc:513:run$1699 [2:0] }, Y={ $flatten\gold.$memory$auto$proc_rom.cc:155:do_switch$11$rdmux[0][5][2]$b$141 [6] $flatten\gold.$memory$auto$proc_rom.cc:155:do_switch$11$rdmux[0][5][2]$b$141 [3:0] }
      New connections: { $flatten\gold.$memory$auto$proc_rom.cc:155:do_switch$11$rdmux[0][5][2]$b$141 [7] $flatten\gold.$memory$auto$proc_rom.cc:155:do_switch$11$rdmux[0][5][2]$b$141 [5:4] } = { 1'1 $flatten\gold.$memory$auto$proc_rom.cc:155:do_switch$11$rdmux[0][5][2]$b$141 [3] $flatten\gold.$memory$auto$proc_rom.cc:155:do_switch$11$rdmux[0][5][2]$b$141 [3] }
    Consolidated identical input bits for $mux cell $flatten\gold.$memory$auto$proc_rom.cc:155:do_switch$11$rdmux[0][6][60]$409:
      Old ports: A={ 3'010 $auto$wreduce.cc:513:run$1706 [4:0] }, B={ 4'0101 $auto$wreduce.cc:513:run$1705 [3:0] }, Y=$flatten\gold.$memory$auto$proc_rom.cc:155:do_switch$11$rdmux[0][5][30]$a$224
      New ports: A=$auto$wreduce.cc:513:run$1706 [4:0], B={ 1'1 $auto$wreduce.cc:513:run$1705 [3:0] }, Y=$flatten\gold.$memory$auto$proc_rom.cc:155:do_switch$11$rdmux[0][5][30]$a$224 [4:0]
      New connections: $flatten\gold.$memory$auto$proc_rom.cc:155:do_switch$11$rdmux[0][5][30]$a$224 [7:5] = 3'010
    Consolidated identical input bits for $mux cell $flatten\gold.$memory$auto$proc_rom.cc:155:do_switch$11$rdmux[0][6][61]$412:
      Old ports: A={ 5'01011 $auto$wreduce.cc:513:run$1704 [2:0] }, B={ 5'01100 $auto$wreduce.cc:513:run$1699 [2:0] }, Y=$flatten\gold.$memory$auto$proc_rom.cc:155:do_switch$11$rdmux[0][5][30]$b$225
      New ports: A={ 2'01 $auto$wreduce.cc:513:run$1704 [2:0] }, B={ 2'10 $auto$wreduce.cc:513:run$1699 [2:0] }, Y={ $flatten\gold.$memory$auto$proc_rom.cc:155:do_switch$11$rdmux[0][5][30]$b$225 [5] $flatten\gold.$memory$auto$proc_rom.cc:155:do_switch$11$rdmux[0][5][30]$b$225 [3:0] }
      New connections: { $flatten\gold.$memory$auto$proc_rom.cc:155:do_switch$11$rdmux[0][5][30]$b$225 [7:6] $flatten\gold.$memory$auto$proc_rom.cc:155:do_switch$11$rdmux[0][5][30]$b$225 [4] } = { 2'01 $flatten\gold.$memory$auto$proc_rom.cc:155:do_switch$11$rdmux[0][5][30]$b$225 [3] }
    Consolidated identical input bits for $mux cell $flatten\gold.$memory$auto$proc_rom.cc:155:do_switch$11$rdmux[0][6][62]$415:
      Old ports: A={ 4'0110 $auto$wreduce.cc:513:run$1702 [3:0] }, B={ 3'011 $auto$wreduce.cc:513:run$1701 [4:0] }, Y=$flatten\gold.$memory$auto$proc_rom.cc:155:do_switch$11$rdmux[0][5][31]$a$227
      New ports: A={ 1'0 $auto$wreduce.cc:513:run$1702 [3:0] }, B=$auto$wreduce.cc:513:run$1701 [4:0], Y=$flatten\gold.$memory$auto$proc_rom.cc:155:do_switch$11$rdmux[0][5][31]$a$227 [4:0]
      New connections: $flatten\gold.$memory$auto$proc_rom.cc:155:do_switch$11$rdmux[0][5][31]$a$227 [7:5] = 3'011
    Consolidated identical input bits for $mux cell $flatten\gold.$memory$auto$proc_rom.cc:155:do_switch$11$rdmux[0][6][63]$418:
      Old ports: A={ 5'01110 $auto$wreduce.cc:513:run$1697 [2:0] }, B={ 5'01111 $auto$wreduce.cc:513:run$1699 [2:0] }, Y=$flatten\gold.$memory$auto$proc_rom.cc:155:do_switch$11$rdmux[0][5][31]$b$228
      New ports: A={ 1'0 $auto$wreduce.cc:513:run$1697 [2:0] }, B={ 1'1 $auto$wreduce.cc:513:run$1699 [2:0] }, Y=$flatten\gold.$memory$auto$proc_rom.cc:155:do_switch$11$rdmux[0][5][31]$b$228 [3:0]
      New connections: $flatten\gold.$memory$auto$proc_rom.cc:155:do_switch$11$rdmux[0][5][31]$b$228 [7:4] = 4'0111
    Consolidated identical input bits for $mux cell $flatten\gold.$memory$auto$proc_rom.cc:155:do_switch$11$rdmux[0][6][6]$247:
      Old ports: A={ 4'1100 $auto$wreduce.cc:513:run$1698 [3:0] }, B={ 5'11001 $auto$wreduce.cc:513:run$1697 [2:0] }, Y=$flatten\gold.$memory$auto$proc_rom.cc:155:do_switch$11$rdmux[0][5][3]$a$143
      New ports: A=$auto$wreduce.cc:513:run$1698 [3:0], B={ 1'1 $auto$wreduce.cc:513:run$1697 [2:0] }, Y=$flatten\gold.$memory$auto$proc_rom.cc:155:do_switch$11$rdmux[0][5][3]$a$143 [3:0]
      New connections: $flatten\gold.$memory$auto$proc_rom.cc:155:do_switch$11$rdmux[0][5][3]$a$143 [7:4] = 4'1100
    Consolidated identical input bits for $mux cell $flatten\gold.$memory$auto$proc_rom.cc:155:do_switch$11$rdmux[0][6][7]$250:
      Old ports: A={ 6'110100 $auto$wreduce.cc:513:run$1696 [1:0] }, B={ 6'110101 $auto$wreduce.cc:513:run$1695 [1:0] }, Y=$flatten\gold.$memory$auto$proc_rom.cc:155:do_switch$11$rdmux[0][5][3]$b$144
      New ports: A={ 1'0 $auto$wreduce.cc:513:run$1696 [1:0] }, B={ 1'1 $auto$wreduce.cc:513:run$1695 [1:0] }, Y=$flatten\gold.$memory$auto$proc_rom.cc:155:do_switch$11$rdmux[0][5][3]$b$144 [2:0]
      New connections: $flatten\gold.$memory$auto$proc_rom.cc:155:do_switch$11$rdmux[0][5][3]$b$144 [7:3] = 5'11010
    Consolidated identical input bits for $mux cell $flatten\gold.$memory$auto$proc_rom.cc:155:do_switch$11$rdmux[0][6][8]$253:
      Old ports: A={ 5'11011 $auto$wreduce.cc:513:run$1692 [2:0] }, B={ 2'11 $auto$wreduce.cc:513:run$1693 [5:0] }, Y=$flatten\gold.$memory$auto$proc_rom.cc:155:do_switch$11$rdmux[0][5][4]$a$146
      New ports: A={ 3'011 $auto$wreduce.cc:513:run$1692 [2:0] }, B=$auto$wreduce.cc:513:run$1693 [5:0], Y=$flatten\gold.$memory$auto$proc_rom.cc:155:do_switch$11$rdmux[0][5][4]$a$146 [5:0]
      New connections: $flatten\gold.$memory$auto$proc_rom.cc:155:do_switch$11$rdmux[0][5][4]$a$146 [7:6] = 2'11
    Consolidated identical input bits for $mux cell $flatten\gold.$memory$auto$proc_rom.cc:155:do_switch$11$rdmux[0][6][9]$256:
      Old ports: A={ 5'11100 $auto$wreduce.cc:513:run$1692 [2:0] }, B={ 4'1110 $auto$wreduce.cc:513:run$1691 [3:0] }, Y=$flatten\gold.$memory$auto$proc_rom.cc:155:do_switch$11$rdmux[0][5][4]$b$147
      New ports: A={ 1'0 $auto$wreduce.cc:513:run$1692 [2:0] }, B=$auto$wreduce.cc:513:run$1691 [3:0], Y=$flatten\gold.$memory$auto$proc_rom.cc:155:do_switch$11$rdmux[0][5][4]$b$147 [3:0]
      New connections: $flatten\gold.$memory$auto$proc_rom.cc:155:do_switch$11$rdmux[0][5][4]$b$147 [7:4] = 4'1110
    Consolidated identical input bits for $mux cell $flatten\gold.$memory$auto$proc_rom.cc:155:do_switch$11$rdmux[0][7][103]$730:
      Old ports: A=4'0111, B=4'1001, Y=$auto$wreduce.cc:513:run$1725 [3:0]
      New ports: A=2'01, B=2'10, Y={ $auto$wreduce.cc:513:run$1725 [3] $auto$wreduce.cc:513:run$1725 [1] }
      New connections: { $auto$wreduce.cc:513:run$1725 [2] $auto$wreduce.cc:513:run$1725 [0] } = { $auto$wreduce.cc:513:run$1725 [1] 1'1 }
    Consolidated identical input bits for $mux cell $flatten\gold.$memory$auto$proc_rom.cc:155:do_switch$11$rdmux[0][7][114]$763:
      Old ports: A=5'01111, B=5'10001, Y=$auto$wreduce.cc:513:run$1714 [4:0]
      New ports: A=2'01, B=2'10, Y={ $auto$wreduce.cc:513:run$1714 [4] $auto$wreduce.cc:513:run$1714 [1] }
      New connections: { $auto$wreduce.cc:513:run$1714 [3:2] $auto$wreduce.cc:513:run$1714 [0] } = { $auto$wreduce.cc:513:run$1714 [1] $auto$wreduce.cc:513:run$1714 [1] 1'1 }
    Consolidated identical input bits for $mux cell $flatten\gold.$memory$auto$proc_rom.cc:155:do_switch$11$rdmux[0][7][115]$766:
      Old ports: A=2'00, B=2'10, Y=$auto$wreduce.cc:513:run$1708 [1:0]
      New ports: A=1'0, B=1'1, Y=$auto$wreduce.cc:513:run$1708 [1]
      New connections: $auto$wreduce.cc:513:run$1708 [0] = 1'0
    Consolidated identical input bits for $mux cell $flatten\gold.$memory$auto$proc_rom.cc:155:do_switch$11$rdmux[0][7][117]$772:
      Old ports: A=7'0111110, B=7'1000001, Y=$auto$wreduce.cc:513:run$1711 [6:0]
      New ports: A=2'10, B=2'01, Y=$auto$wreduce.cc:513:run$1711 [1:0]
      New connections: $auto$wreduce.cc:513:run$1711 [6:2] = { $auto$wreduce.cc:513:run$1711 [0] $auto$wreduce.cc:513:run$1711 [1] $auto$wreduce.cc:513:run$1711 [1] $auto$wreduce.cc:513:run$1711 [1] $auto$wreduce.cc:513:run$1711 [1] }
    Consolidated identical input bits for $mux cell $flatten\gold.$memory$auto$proc_rom.cc:155:do_switch$11$rdmux[0][7][120]$781:
      Old ports: A=5'01111, B=5'10010, Y=$auto$wreduce.cc:513:run$1706 [4:0]
      New ports: A=2'01, B=2'10, Y={ $auto$wreduce.cc:513:run$1706 [4] $auto$wreduce.cc:513:run$1706 [0] }
      New connections: $auto$wreduce.cc:513:run$1706 [3:1] = { $auto$wreduce.cc:513:run$1706 [0] $auto$wreduce.cc:513:run$1706 [0] 1'1 }
    Consolidated identical input bits for $mux cell $flatten\gold.$memory$auto$proc_rom.cc:155:do_switch$11$rdmux[0][7][121]$784:
      Old ports: A=4'0101, B=4'1000, Y=$auto$wreduce.cc:513:run$1705 [3:0]
      New ports: A=2'01, B=2'10, Y={ $auto$wreduce.cc:513:run$1705 [3] $auto$wreduce.cc:513:run$1705 [0] }
      New connections: $auto$wreduce.cc:513:run$1705 [2:1] = { $auto$wreduce.cc:513:run$1705 [0] 1'0 }
    Consolidated identical input bits for $mux cell $flatten\gold.$memory$auto$proc_rom.cc:155:do_switch$11$rdmux[0][7][124]$793:
      Old ports: A=4'0111, B=4'1010, Y=$auto$wreduce.cc:513:run$1702 [3:0]
      New ports: A=2'01, B=2'10, Y={ $auto$wreduce.cc:513:run$1702 [3] $auto$wreduce.cc:513:run$1702 [0] }
      New connections: $auto$wreduce.cc:513:run$1702 [2:1] = { $auto$wreduce.cc:513:run$1702 [0] 1'1 }
    Consolidated identical input bits for $mux cell $flatten\gold.$memory$auto$proc_rom.cc:155:do_switch$11$rdmux[0][7][125]$796:
      Old ports: A=5'01101, B=5'10000, Y=$auto$wreduce.cc:513:run$1701 [4:0]
      New ports: A=2'01, B=2'10, Y={ $auto$wreduce.cc:513:run$1701 [4] $auto$wreduce.cc:513:run$1701 [0] }
      New connections: $auto$wreduce.cc:513:run$1701 [3:1] = { $auto$wreduce.cc:513:run$1701 [0] $auto$wreduce.cc:513:run$1701 [0] 1'0 }
    Consolidated identical input bits for $mux cell $flatten\gold.$memory$auto$proc_rom.cc:155:do_switch$11$rdmux[0][7][127]$802:
      Old ports: A=3'001, B=3'100, Y=$auto$wreduce.cc:513:run$1699 [2:0]
      New ports: A=2'01, B=2'10, Y={ $auto$wreduce.cc:513:run$1699 [2] $auto$wreduce.cc:513:run$1699 [0] }
      New connections: $auto$wreduce.cc:513:run$1699 [1] = 1'0
    Consolidated identical input bits for $mux cell $flatten\gold.$memory$auto$proc_rom.cc:155:do_switch$11$rdmux[0][7][13]$460:
      Old ports: A=3'011, B=3'110, Y=$auto$wreduce.cc:513:run$1697 [2:0]
      New ports: A=2'01, B=2'10, Y={ $auto$wreduce.cc:513:run$1697 [2] $auto$wreduce.cc:513:run$1697 [0] }
      New connections: $auto$wreduce.cc:513:run$1697 [1] = 1'1
    Consolidated identical input bits for $mux cell $flatten\gold.$memory$auto$proc_rom.cc:155:do_switch$11$rdmux[0][7][17]$472:
      Old ports: A=6'011110, B=6'100000, Y=$auto$wreduce.cc:513:run$1693 [5:0]
      New ports: A=2'01, B=2'10, Y={ $auto$wreduce.cc:513:run$1693 [5] $auto$wreduce.cc:513:run$1693 [1] }
      New connections: { $auto$wreduce.cc:513:run$1693 [4:2] $auto$wreduce.cc:513:run$1693 [0] } = { $auto$wreduce.cc:513:run$1693 [1] $auto$wreduce.cc:513:run$1693 [1] $auto$wreduce.cc:513:run$1693 [1] 1'0 }
    Consolidated identical input bits for $mux cell $flatten\gold.$memory$auto$proc_rom.cc:155:do_switch$11$rdmux[0][7][18]$475:
      Old ports: A=3'010, B=3'100, Y=$auto$wreduce.cc:513:run$1692 [2:0]
      New ports: A=2'01, B=2'10, Y=$auto$wreduce.cc:513:run$1692 [2:1]
      New connections: $auto$wreduce.cc:513:run$1692 [0] = 1'0
    Consolidated identical input bits for $mux cell $flatten\gold.$memory$auto$proc_rom.cc:155:do_switch$11$rdmux[0][7][19]$478:
      Old ports: A=4'0110, B=4'1000, Y=$auto$wreduce.cc:513:run$1691 [3:0]
      New ports: A=2'01, B=2'10, Y={ $auto$wreduce.cc:513:run$1691 [3] $auto$wreduce.cc:513:run$1691 [1] }
      New connections: { $auto$wreduce.cc:513:run$1691 [2] $auto$wreduce.cc:513:run$1691 [0] } = { $auto$wreduce.cc:513:run$1691 [1] 1'0 }
    Consolidated identical input bits for $mux cell $flatten\gold.$memory$auto$proc_rom.cc:155:do_switch$11$rdmux[0][7][27]$502:
      Old ports: A=3'011, B=3'100, Y=$auto$wreduce.cc:513:run$1799 [2:0]
      New ports: A=2'01, B=2'10, Y={ $auto$wreduce.cc:513:run$1799 [2] $auto$wreduce.cc:513:run$1799 [0] }
      New connections: $auto$wreduce.cc:513:run$1799 [1] = $auto$wreduce.cc:513:run$1799 [0]
    Consolidated identical input bits for $mux cell $flatten\gold.$memory$auto$proc_rom.cc:155:do_switch$11$rdmux[0][7][39]$538:
      Old ports: A=4'1000, B=4'0110, Y=$auto$wreduce.cc:513:run$1793 [3:0]
      New ports: A=2'10, B=2'01, Y={ $auto$wreduce.cc:513:run$1793 [3] $auto$wreduce.cc:513:run$1793 [1] }
      New connections: { $auto$wreduce.cc:513:run$1793 [2] $auto$wreduce.cc:513:run$1793 [0] } = { $auto$wreduce.cc:513:run$1793 [1] 1'0 }
    Consolidated identical input bits for $mux cell $flatten\gold.$memory$auto$proc_rom.cc:155:do_switch$11$rdmux[0][7][50]$571:
      Old ports: A=5'10000, B=5'01110, Y=$auto$wreduce.cc:513:run$1780 [4:0]
      New ports: A=2'10, B=2'01, Y={ $auto$wreduce.cc:513:run$1780 [4] $auto$wreduce.cc:513:run$1780 [1] }
      New connections: { $auto$wreduce.cc:513:run$1780 [3:2] $auto$wreduce.cc:513:run$1780 [0] } = { $auto$wreduce.cc:513:run$1780 [1] $auto$wreduce.cc:513:run$1780 [1] 1'0 }
    Consolidated identical input bits for $mux cell $flatten\gold.$memory$auto$proc_rom.cc:155:do_switch$11$rdmux[0][7][53]$580:
      Old ports: A=7'1000001, B=7'0111110, Y=$auto$wreduce.cc:513:run$1777 [6:0]
      New ports: A=2'01, B=2'10, Y=$auto$wreduce.cc:513:run$1777 [1:0]
      New connections: $auto$wreduce.cc:513:run$1777 [6:2] = { $auto$wreduce.cc:513:run$1777 [0] $auto$wreduce.cc:513:run$1777 [1] $auto$wreduce.cc:513:run$1777 [1] $auto$wreduce.cc:513:run$1777 [1] $auto$wreduce.cc:513:run$1777 [1] }
    Consolidated identical input bits for $mux cell $flatten\gold.$memory$auto$proc_rom.cc:155:do_switch$11$rdmux[0][7][56]$589:
      Old ports: A=5'10000, B=5'01101, Y=$auto$wreduce.cc:513:run$1774 [4:0]
      New ports: A=2'10, B=2'01, Y={ $auto$wreduce.cc:513:run$1774 [4] $auto$wreduce.cc:513:run$1774 [0] }
      New connections: $auto$wreduce.cc:513:run$1774 [3:1] = { $auto$wreduce.cc:513:run$1774 [0] $auto$wreduce.cc:513:run$1774 [0] 1'0 }
    Consolidated identical input bits for $mux cell $flatten\gold.$memory$auto$proc_rom.cc:155:do_switch$11$rdmux[0][7][57]$592:
      Old ports: A=4'1010, B=4'0111, Y=$auto$wreduce.cc:513:run$1773 [3:0]
      New ports: A=2'10, B=2'01, Y={ $auto$wreduce.cc:513:run$1773 [3] $auto$wreduce.cc:513:run$1773 [0] }
      New connections: $auto$wreduce.cc:513:run$1773 [2:1] = { $auto$wreduce.cc:513:run$1773 [0] 1'1 }
    Consolidated identical input bits for $mux cell $flatten\gold.$memory$auto$proc_rom.cc:155:do_switch$11$rdmux[0][7][5]$436:
      Old ports: A=6'011110, B=6'100010, Y=$auto$wreduce.cc:513:run$1769 [5:0]
      New ports: A=2'01, B=2'10, Y={ $auto$wreduce.cc:513:run$1769 [5] $auto$wreduce.cc:513:run$1769 [2] }
      New connections: { $auto$wreduce.cc:513:run$1769 [4:3] $auto$wreduce.cc:513:run$1769 [1:0] } = { $auto$wreduce.cc:513:run$1769 [2] $auto$wreduce.cc:513:run$1769 [2] 2'10 }
    Consolidated identical input bits for $mux cell $flatten\gold.$memory$auto$proc_rom.cc:155:do_switch$11$rdmux[0][7][60]$601:
      Old ports: A=4'1000, B=4'0101, Y=$auto$wreduce.cc:513:run$1768 [3:0]
      New ports: A=2'10, B=2'01, Y={ $auto$wreduce.cc:513:run$1768 [3] $auto$wreduce.cc:513:run$1768 [0] }
      New connections: $auto$wreduce.cc:513:run$1768 [2:1] = { $auto$wreduce.cc:513:run$1768 [0] 1'0 }
    Consolidated identical input bits for $mux cell $flatten\gold.$memory$auto$proc_rom.cc:155:do_switch$11$rdmux[0][7][61]$604:
      Old ports: A=5'10010, B=5'01111, Y=$auto$wreduce.cc:513:run$1767 [4:0]
      New ports: A=2'10, B=2'01, Y={ $auto$wreduce.cc:513:run$1767 [4] $auto$wreduce.cc:513:run$1767 [0] }
      New connections: $auto$wreduce.cc:513:run$1767 [3:1] = { $auto$wreduce.cc:513:run$1767 [0] $auto$wreduce.cc:513:run$1767 [0] 1'1 }
    Consolidated identical input bits for $mux cell $flatten\gold.$memory$auto$proc_rom.cc:155:do_switch$11$rdmux[0][7][64]$613:
      Old ports: A=8'10000000, B=8'01111100, Y=$flatten\gold.$memory$auto$proc_rom.cc:155:do_switch$11$rdmux[0][6][32]$a$326
      New ports: A=2'10, B=2'01, Y={ $flatten\gold.$memory$auto$proc_rom.cc:155:do_switch$11$rdmux[0][6][32]$a$326 [7] $flatten\gold.$memory$auto$proc_rom.cc:155:do_switch$11$rdmux[0][6][32]$a$326 [2] }
      New connections: { $flatten\gold.$memory$auto$proc_rom.cc:155:do_switch$11$rdmux[0][6][32]$a$326 [6:3] $flatten\gold.$memory$auto$proc_rom.cc:155:do_switch$11$rdmux[0][6][32]$a$326 [1:0] } = { $flatten\gold.$memory$auto$proc_rom.cc:155:do_switch$11$rdmux[0][6][32]$a$326 [2] $flatten\gold.$memory$auto$proc_rom.cc:155:do_switch$11$rdmux[0][6][32]$a$326 [2] $flatten\gold.$memory$auto$proc_rom.cc:155:do_switch$11$rdmux[0][6][32]$a$326 [2] $flatten\gold.$memory$auto$proc_rom.cc:155:do_switch$11$rdmux[0][6][32]$a$326 [2] 2'00 }
    Consolidated identical input bits for $mux cell $flatten\gold.$memory$auto$proc_rom.cc:155:do_switch$11$rdmux[0][7][69]$628:
      Old ports: A=6'100001, B=6'011101, Y=$auto$wreduce.cc:513:run$1760 [5:0]
      New ports: A=2'10, B=2'01, Y={ $auto$wreduce.cc:513:run$1760 [5] $auto$wreduce.cc:513:run$1760 [2] }
      New connections: { $auto$wreduce.cc:513:run$1760 [4:3] $auto$wreduce.cc:513:run$1760 [1:0] } = { $auto$wreduce.cc:513:run$1760 [2] $auto$wreduce.cc:513:run$1760 [2] 2'01 }
    Consolidated identical input bits for $mux cell $flatten\gold.$memory$auto$proc_rom.cc:155:do_switch$11$rdmux[0][7][6]$439:
      Old ports: A=2'01, B=2'11, Y=$auto$wreduce.cc:513:run$1695 [1:0]
      New ports: A=1'0, B=1'1, Y=$auto$wreduce.cc:513:run$1695 [1]
      New connections: $auto$wreduce.cc:513:run$1695 [0] = 1'1
    Consolidated identical input bits for $mux cell $flatten\gold.$memory$auto$proc_rom.cc:155:do_switch$11$rdmux[0][7][71]$634:
      Old ports: A=3'101, B=3'010, Y=$auto$wreduce.cc:513:run$1758 [2:0]
      New ports: A=2'01, B=2'10, Y=$auto$wreduce.cc:513:run$1758 [1:0]
      New connections: $auto$wreduce.cc:513:run$1758 [2] = $auto$wreduce.cc:513:run$1758 [0]
    Consolidated identical input bits for $mux cell $flatten\gold.$memory$auto$proc_rom.cc:155:do_switch$11$rdmux[0][7][74]$643:
      Old ports: A=2'11, B=2'01, Y=$auto$wreduce.cc:513:run$1755 [1:0]
      New ports: A=1'1, B=1'0, Y=$auto$wreduce.cc:513:run$1755 [1]
      New connections: $auto$wreduce.cc:513:run$1755 [0] = 1'1
    Consolidated identical input bits for $mux cell $flatten\gold.$memory$auto$proc_rom.cc:155:do_switch$11$rdmux[0][7][75]$646:
      Old ports: A=3'110, B=3'011, Y=$auto$wreduce.cc:513:run$1754 [2:0]
      New ports: A=2'10, B=2'01, Y={ $auto$wreduce.cc:513:run$1754 [2] $auto$wreduce.cc:513:run$1754 [0] }
      New connections: $auto$wreduce.cc:513:run$1754 [1] = 1'1
    Consolidated identical input bits for $mux cell $flatten\gold.$memory$auto$proc_rom.cc:155:do_switch$11$rdmux[0][7][76]$649:
      Old ports: A=4'1001, B=4'0110, Y=$auto$wreduce.cc:513:run$1753 [3:0]
      New ports: A=2'01, B=2'10, Y=$auto$wreduce.cc:513:run$1753 [1:0]
      New connections: $auto$wreduce.cc:513:run$1753 [3:2] = { $auto$wreduce.cc:513:run$1753 [0] $auto$wreduce.cc:513:run$1753 [1] }
    Consolidated identical input bits for $mux cell $flatten\gold.$memory$auto$proc_rom.cc:155:do_switch$11$rdmux[0][7][77]$652:
      Old ports: A=3'100, B=3'001, Y=$auto$wreduce.cc:513:run$1752 [2:0]
      New ports: A=2'10, B=2'01, Y={ $auto$wreduce.cc:513:run$1752 [2] $auto$wreduce.cc:513:run$1752 [0] }
      New connections: $auto$wreduce.cc:513:run$1752 [1] = 1'0
    Consolidated identical input bits for $mux cell $flatten\gold.$memory$auto$proc_rom.cc:155:do_switch$11$rdmux[0][7][78]$655:
      Old ports: A=2'11, B=2'00, Y=$auto$wreduce.cc:513:run$1751 [1:0]
      New ports: A=1'1, B=1'0, Y=$auto$wreduce.cc:513:run$1751 [0]
      New connections: $auto$wreduce.cc:513:run$1751 [1] = $auto$wreduce.cc:513:run$1751 [0]
    Consolidated identical input bits for $mux cell $flatten\gold.$memory$auto$proc_rom.cc:155:do_switch$11$rdmux[0][7][79]$658:
      Old ports: A=2'10, B=2'00, Y=$auto$wreduce.cc:513:run$1750 [1:0]
      New ports: A=1'1, B=1'0, Y=$auto$wreduce.cc:513:run$1750 [1]
      New connections: $auto$wreduce.cc:513:run$1750 [0] = 1'0
    Consolidated identical input bits for $mux cell $flatten\gold.$memory$auto$proc_rom.cc:155:do_switch$11$rdmux[0][7][7]$442:
      Old ports: A=3'010, B=3'101, Y=$auto$wreduce.cc:513:run$1704 [2:0]
      New ports: A=2'10, B=2'01, Y=$auto$wreduce.cc:513:run$1704 [1:0]
      New connections: $auto$wreduce.cc:513:run$1704 [2] = $auto$wreduce.cc:513:run$1704 [0]
    Consolidated identical input bits for $mux cell $flatten\gold.$memory$auto$proc_rom.cc:155:do_switch$11$rdmux[0][7][81]$664:
      Old ports: A=6'100001, B=6'011111, Y=$auto$wreduce.cc:513:run$1746 [5:0]
      New ports: A=2'10, B=2'01, Y={ $auto$wreduce.cc:513:run$1746 [5] $auto$wreduce.cc:513:run$1746 [1] }
      New connections: { $auto$wreduce.cc:513:run$1746 [4:2] $auto$wreduce.cc:513:run$1746 [0] } = { $auto$wreduce.cc:513:run$1746 [1] $auto$wreduce.cc:513:run$1746 [1] $auto$wreduce.cc:513:run$1746 [1] 1'1 }
    Consolidated identical input bits for $mux cell $flatten\gold.$memory$auto$proc_rom.cc:155:do_switch$11$rdmux[0][7][82]$667:
      Old ports: A=3'101, B=3'011, Y=$auto$wreduce.cc:513:run$1745 [2:0]
      New ports: A=2'10, B=2'01, Y=$auto$wreduce.cc:513:run$1745 [2:1]
      New connections: $auto$wreduce.cc:513:run$1745 [0] = 1'1
    Consolidated identical input bits for $mux cell $flatten\gold.$memory$auto$proc_rom.cc:155:do_switch$11$rdmux[0][7][83]$670:
      Old ports: A=4'1001, B=4'0111, Y=$auto$wreduce.cc:513:run$1744 [3:0]
      New ports: A=2'10, B=2'01, Y={ $auto$wreduce.cc:513:run$1744 [3] $auto$wreduce.cc:513:run$1744 [1] }
      New connections: { $auto$wreduce.cc:513:run$1744 [2] $auto$wreduce.cc:513:run$1744 [0] } = { $auto$wreduce.cc:513:run$1744 [1] 1'1 }
    Consolidated identical input bits for $mux cell $flatten\gold.$memory$auto$proc_rom.cc:155:do_switch$11$rdmux[0][7][8]$445:
      Old ports: A=2'00, B=2'11, Y=$auto$wreduce.cc:513:run$1696 [1:0]
      New ports: A=1'0, B=1'1, Y=$auto$wreduce.cc:513:run$1696 [0]
      New connections: $auto$wreduce.cc:513:run$1696 [1] = $auto$wreduce.cc:513:run$1696 [0]
    Consolidated identical input bits for $mux cell $flatten\gold.$memory$auto$proc_rom.cc:155:do_switch$11$rdmux[0][7][91]$694:
      Old ports: A=3'100, B=3'011, Y=$auto$wreduce.cc:513:run$1737 [2:0]
      New ports: A=2'10, B=2'01, Y={ $auto$wreduce.cc:513:run$1737 [2] $auto$wreduce.cc:513:run$1737 [0] }
      New connections: $auto$wreduce.cc:513:run$1737 [1] = $auto$wreduce.cc:513:run$1737 [0]
    Consolidated identical input bits for $mux cell $flatten\gold.$memory$auto$proc_rom.cc:155:do_switch$11$rdmux[0][7][9]$448:
      Old ports: A=4'0110, B=4'1001, Y=$auto$wreduce.cc:513:run$1698 [3:0]
      New ports: A=2'10, B=2'01, Y=$auto$wreduce.cc:513:run$1698 [1:0]
      New connections: $auto$wreduce.cc:513:run$1698 [3:2] = { $auto$wreduce.cc:513:run$1698 [0] $auto$wreduce.cc:513:run$1698 [1] }
  Optimizing cells in module \miter.
    Consolidated identical input bits for $mux cell $flatten\gate.$memory$auto$proc_rom.cc:155:do_switch$11$rdmux[0][5][0]$901:
      Old ports: A=$flatten\gate.$memory$auto$proc_rom.cc:155:do_switch$11$rdmux[0][5][0]$a$902, B=$flatten\gate.$memory$auto$proc_rom.cc:155:do_switch$11$rdmux[0][5][0]$b$903, Y=$flatten\gate.$memory$auto$proc_rom.cc:155:do_switch$11$rdmux[0][4][0]$a$854
      New ports: A={ 1'0 $flatten\gate.$memory$auto$proc_rom.cc:155:do_switch$11$rdmux[0][5][0]$a$902 [3:0] }, B=$flatten\gate.$memory$auto$proc_rom.cc:155:do_switch$11$rdmux[0][5][0]$b$903 [4:0], Y=$flatten\gate.$memory$auto$proc_rom.cc:155:do_switch$11$rdmux[0][4][0]$a$854 [4:0]
      New connections: $flatten\gate.$memory$auto$proc_rom.cc:155:do_switch$11$rdmux[0][4][0]$a$854 [7:5] = 3'100
    Consolidated identical input bits for $mux cell $flatten\gate.$memory$auto$proc_rom.cc:155:do_switch$11$rdmux[0][5][10]$931:
      Old ports: A=$flatten\gate.$memory$auto$proc_rom.cc:155:do_switch$11$rdmux[0][5][10]$a$932, B=$flatten\gate.$memory$auto$proc_rom.cc:155:do_switch$11$rdmux[0][5][10]$b$933, Y=$flatten\gate.$memory$auto$proc_rom.cc:155:do_switch$11$rdmux[0][4][5]$a$869
      New ports: A={ 2'10 $flatten\gate.$memory$auto$proc_rom.cc:155:do_switch$11$rdmux[0][5][10]$a$932 [2:0] }, B=$flatten\gate.$memory$auto$proc_rom.cc:155:do_switch$11$rdmux[0][5][10]$b$933 [4:0], Y=$flatten\gate.$memory$auto$proc_rom.cc:155:do_switch$11$rdmux[0][4][5]$a$869 [4:0]
      New connections: $flatten\gate.$memory$auto$proc_rom.cc:155:do_switch$11$rdmux[0][4][5]$a$869 [7:5] = 3'111
    Consolidated identical input bits for $mux cell $flatten\gate.$memory$auto$proc_rom.cc:155:do_switch$11$rdmux[0][5][11]$934:
      Old ports: A=$flatten\gate.$memory$auto$proc_rom.cc:155:do_switch$11$rdmux[0][5][11]$a$935, B=$flatten\gate.$memory$auto$proc_rom.cc:155:do_switch$11$rdmux[0][5][11]$b$936, Y=$flatten\gate.$memory$auto$proc_rom.cc:155:do_switch$11$rdmux[0][4][5]$b$870
      New ports: A={ 2'10 $flatten\gate.$memory$auto$proc_rom.cc:155:do_switch$11$rdmux[0][5][11]$a$935 [3:2] }, B={ $flatten\gate.$memory$auto$proc_rom.cc:155:do_switch$11$rdmux[0][5][11]$b$936 [5] $flatten\gate.$memory$auto$proc_rom.cc:155:do_switch$11$rdmux[0][5][11]$b$936 [2] $flatten\gate.$memory$auto$proc_rom.cc:155:do_switch$11$rdmux[0][5][11]$b$936 [2] $flatten\gate.$memory$auto$proc_rom.cc:155:do_switch$11$rdmux[0][5][11]$b$936 [2] }, Y=$flatten\gate.$memory$auto$proc_rom.cc:155:do_switch$11$rdmux[0][4][5]$b$870 [5:2]
      New connections: { $flatten\gate.$memory$auto$proc_rom.cc:155:do_switch$11$rdmux[0][4][5]$b$870 [7:6] $flatten\gate.$memory$auto$proc_rom.cc:155:do_switch$11$rdmux[0][4][5]$b$870 [1:0] } = { 2'11 $auto$wreduce.cc:513:run$1617 [1] 1'0 }
    Consolidated identical input bits for $mux cell $flatten\gate.$memory$auto$proc_rom.cc:155:do_switch$11$rdmux[0][5][12]$937:
      Old ports: A=$flatten\gate.$memory$auto$proc_rom.cc:155:do_switch$11$rdmux[0][5][12]$a$938, B=$flatten\gate.$memory$auto$proc_rom.cc:155:do_switch$11$rdmux[0][5][12]$b$939, Y=$flatten\gate.$memory$auto$proc_rom.cc:155:do_switch$11$rdmux[0][4][6]$a$872
      New ports: A={ 1'1 $flatten\gate.$memory$auto$proc_rom.cc:155:do_switch$11$rdmux[0][5][12]$a$938 [3:0] }, B=$flatten\gate.$memory$auto$proc_rom.cc:155:do_switch$11$rdmux[0][5][12]$b$939 [4:0], Y=$flatten\gate.$memory$auto$proc_rom.cc:155:do_switch$11$rdmux[0][4][6]$a$872 [4:0]
      New connections: $flatten\gate.$memory$auto$proc_rom.cc:155:do_switch$11$rdmux[0][4][6]$a$872 [7:5] = 3'110
    Consolidated identical input bits for $mux cell $flatten\gate.$memory$auto$proc_rom.cc:155:do_switch$11$rdmux[0][5][13]$940:
      Old ports: A=$flatten\gate.$memory$auto$proc_rom.cc:155:do_switch$11$rdmux[0][5][13]$a$941, B=$flatten\gate.$memory$auto$proc_rom.cc:155:do_switch$11$rdmux[0][5][13]$b$942, Y=$flatten\gate.$memory$auto$proc_rom.cc:155:do_switch$11$rdmux[0][4][6]$b$873
      New ports: A=$flatten\gate.$memory$auto$proc_rom.cc:155:do_switch$11$rdmux[0][5][13]$a$941 [6:0], B={ 3'011 $flatten\gate.$memory$auto$proc_rom.cc:155:do_switch$11$rdmux[0][5][13]$b$942 [3:0] }, Y=$flatten\gate.$memory$auto$proc_rom.cc:155:do_switch$11$rdmux[0][4][6]$b$873 [6:0]
      New connections: $flatten\gate.$memory$auto$proc_rom.cc:155:do_switch$11$rdmux[0][4][6]$b$873 [7] = 1'1
    Consolidated identical input bits for $mux cell $flatten\gate.$memory$auto$proc_rom.cc:155:do_switch$11$rdmux[0][5][14]$943:
      Old ports: A=$flatten\gate.$memory$auto$proc_rom.cc:155:do_switch$11$rdmux[0][5][14]$a$944, B=$flatten\gate.$memory$auto$proc_rom.cc:155:do_switch$11$rdmux[0][5][14]$b$945, Y=$flatten\gate.$memory$auto$proc_rom.cc:155:do_switch$11$rdmux[0][4][7]$a$875
      New ports: A={ 1'1 $flatten\gate.$memory$auto$proc_rom.cc:155:do_switch$11$rdmux[0][5][14]$a$944 [4:0] }, B={ $flatten\gate.$memory$auto$proc_rom.cc:155:do_switch$11$rdmux[0][5][14]$b$945 [5] $flatten\gate.$memory$auto$proc_rom.cc:155:do_switch$11$rdmux[0][5][14]$b$945 [3] $flatten\gate.$memory$auto$proc_rom.cc:155:do_switch$11$rdmux[0][5][14]$b$945 [3:0] }, Y=$flatten\gate.$memory$auto$proc_rom.cc:155:do_switch$11$rdmux[0][4][7]$a$875 [5:0]
      New connections: $flatten\gate.$memory$auto$proc_rom.cc:155:do_switch$11$rdmux[0][4][7]$a$875 [7:6] = 2'10
    Consolidated identical input bits for $mux cell $flatten\gate.$memory$auto$proc_rom.cc:155:do_switch$11$rdmux[0][5][15]$946:
      Old ports: A=$flatten\gate.$memory$auto$proc_rom.cc:155:do_switch$11$rdmux[0][5][15]$a$947, B=$flatten\gate.$memory$auto$proc_rom.cc:155:do_switch$11$rdmux[0][5][15]$b$948, Y=$flatten\gate.$memory$auto$proc_rom.cc:155:do_switch$11$rdmux[0][4][7]$b$876
      New ports: A=$flatten\gate.$memory$auto$proc_rom.cc:155:do_switch$11$rdmux[0][5][15]$a$947 [4:0], B={ 1'0 $flatten\gate.$memory$auto$proc_rom.cc:155:do_switch$11$rdmux[0][5][15]$b$948 [3:0] }, Y=$flatten\gate.$memory$auto$proc_rom.cc:155:do_switch$11$rdmux[0][4][7]$b$876 [4:0]
      New connections: $flatten\gate.$memory$auto$proc_rom.cc:155:do_switch$11$rdmux[0][4][7]$b$876 [7:5] = 3'100
    Consolidated identical input bits for $mux cell $flatten\gate.$memory$auto$proc_rom.cc:155:do_switch$11$rdmux[0][5][17]$952:
      Old ports: A=$flatten\gate.$memory$auto$proc_rom.cc:155:do_switch$11$rdmux[0][5][17]$a$953, B=$flatten\gate.$memory$auto$proc_rom.cc:155:do_switch$11$rdmux[0][5][17]$b$954, Y=$flatten\gate.$memory$auto$proc_rom.cc:155:do_switch$11$rdmux[0][4][8]$b$879
      New ports: A=$flatten\gate.$memory$auto$proc_rom.cc:155:do_switch$11$rdmux[0][5][17]$a$953 [5:0], B={ 2'01 $flatten\gate.$memory$auto$proc_rom.cc:155:do_switch$11$rdmux[0][5][17]$b$954 [3:0] }, Y=$flatten\gate.$memory$auto$proc_rom.cc:155:do_switch$11$rdmux[0][4][8]$b$879 [5:0]
      New connections: $flatten\gate.$memory$auto$proc_rom.cc:155:do_switch$11$rdmux[0][4][8]$b$879 [7:6] = 2'01
    Consolidated identical input bits for $mux cell $flatten\gate.$memory$auto$proc_rom.cc:155:do_switch$11$rdmux[0][5][18]$955:
      Old ports: A=$flatten\gate.$memory$auto$proc_rom.cc:155:do_switch$11$rdmux[0][5][18]$a$956, B=$flatten\gate.$memory$auto$proc_rom.cc:155:do_switch$11$rdmux[0][5][18]$b$957, Y=$flatten\gate.$memory$auto$proc_rom.cc:155:do_switch$11$rdmux[0][4][9]$a$881
      New ports: A={ 2'10 $flatten\gate.$memory$auto$proc_rom.cc:155:do_switch$11$rdmux[0][5][18]$a$956 [3:0] }, B={ $flatten\gate.$memory$auto$proc_rom.cc:155:do_switch$11$rdmux[0][5][18]$b$957 [6] $flatten\gate.$memory$auto$proc_rom.cc:155:do_switch$11$rdmux[0][5][18]$b$957 [3] $flatten\gate.$memory$auto$proc_rom.cc:155:do_switch$11$rdmux[0][5][18]$b$957 [3:0] }, Y={ $flatten\gate.$memory$auto$proc_rom.cc:155:do_switch$11$rdmux[0][4][9]$a$881 [6] $flatten\gate.$memory$auto$proc_rom.cc:155:do_switch$11$rdmux[0][4][9]$a$881 [4:0] }
      New connections: { $flatten\gate.$memory$auto$proc_rom.cc:155:do_switch$11$rdmux[0][4][9]$a$881 [7] $flatten\gate.$memory$auto$proc_rom.cc:155:do_switch$11$rdmux[0][4][9]$a$881 [5] } = { 1'0 $flatten\gate.$memory$auto$proc_rom.cc:155:do_switch$11$rdmux[0][4][9]$a$881 [4] }
    Consolidated identical input bits for $mux cell $flatten\gate.$memory$auto$proc_rom.cc:155:do_switch$11$rdmux[0][5][19]$958:
      Old ports: A=$flatten\gate.$memory$auto$proc_rom.cc:155:do_switch$11$rdmux[0][5][19]$a$959, B=$flatten\gate.$memory$auto$proc_rom.cc:155:do_switch$11$rdmux[0][5][19]$b$960, Y=$flatten\gate.$memory$auto$proc_rom.cc:155:do_switch$11$rdmux[0][4][9]$b$882
      New ports: A={ 1'1 $flatten\gate.$memory$auto$proc_rom.cc:155:do_switch$11$rdmux[0][5][19]$a$959 [3:0] }, B={ 2'01 $flatten\gate.$memory$auto$proc_rom.cc:155:do_switch$11$rdmux[0][5][19]$b$960 [2:0] }, Y=$flatten\gate.$memory$auto$proc_rom.cc:155:do_switch$11$rdmux[0][4][9]$b$882 [4:0]
      New connections: $flatten\gate.$memory$auto$proc_rom.cc:155:do_switch$11$rdmux[0][4][9]$b$882 [7:5] = 3'001
    Consolidated identical input bits for $mux cell $flatten\gate.$memory$auto$proc_rom.cc:155:do_switch$11$rdmux[0][5][1]$904:
      Old ports: A=$flatten\gate.$memory$auto$proc_rom.cc:155:do_switch$11$rdmux[0][5][1]$a$905, B=$flatten\gate.$memory$auto$proc_rom.cc:155:do_switch$11$rdmux[0][5][1]$b$906, Y=$flatten\gate.$memory$auto$proc_rom.cc:155:do_switch$11$rdmux[0][4][0]$b$855
      New ports: A=$flatten\gate.$memory$auto$proc_rom.cc:155:do_switch$11$rdmux[0][5][1]$a$905 [5:0], B={ 2'10 $flatten\gate.$memory$auto$proc_rom.cc:155:do_switch$11$rdmux[0][5][1]$b$906 [3:0] }, Y=$flatten\gate.$memory$auto$proc_rom.cc:155:do_switch$11$rdmux[0][4][0]$b$855 [5:0]
      New connections: $flatten\gate.$memory$auto$proc_rom.cc:155:do_switch$11$rdmux[0][4][0]$b$855 [7:6] = 2'10
    Consolidated identical input bits for $mux cell $flatten\gate.$memory$auto$proc_rom.cc:155:do_switch$11$rdmux[0][5][20]$961:
      Old ports: A=$flatten\gate.$memory$auto$proc_rom.cc:155:do_switch$11$rdmux[0][5][20]$a$962, B=$flatten\gate.$memory$auto$proc_rom.cc:155:do_switch$11$rdmux[0][5][20]$b$963, Y=$flatten\gate.$memory$auto$proc_rom.cc:155:do_switch$11$rdmux[0][4][10]$a$884
      New ports: A=$flatten\gate.$memory$auto$proc_rom.cc:155:do_switch$11$rdmux[0][5][20]$a$962 [5:0], B={ 2'01 $flatten\gate.$memory$auto$proc_rom.cc:155:do_switch$11$rdmux[0][5][20]$b$963 [3:0] }, Y=$flatten\gate.$memory$auto$proc_rom.cc:155:do_switch$11$rdmux[0][4][10]$a$884 [5:0]
      New connections: $flatten\gate.$memory$auto$proc_rom.cc:155:do_switch$11$rdmux[0][4][10]$a$884 [7:6] = 2'00
    Consolidated identical input bits for $mux cell $flatten\gate.$memory$auto$proc_rom.cc:155:do_switch$11$rdmux[0][5][21]$964:
      Old ports: A=$flatten\gate.$memory$auto$proc_rom.cc:155:do_switch$11$rdmux[0][5][21]$a$965, B=$flatten\gate.$memory$auto$proc_rom.cc:155:do_switch$11$rdmux[0][5][21]$b$966, Y=$flatten\gate.$memory$auto$proc_rom.cc:155:do_switch$11$rdmux[0][4][10]$b$885
      New ports: A={ 2'10 $flatten\gate.$memory$auto$proc_rom.cc:155:do_switch$11$rdmux[0][5][21]$a$965 [2:0] }, B={ 2'01 $flatten\gate.$memory$auto$proc_rom.cc:155:do_switch$11$rdmux[0][5][21]$b$966 [2:0] }, Y=$flatten\gate.$memory$auto$proc_rom.cc:155:do_switch$11$rdmux[0][4][10]$b$885 [4:0]
      New connections: $flatten\gate.$memory$auto$proc_rom.cc:155:do_switch$11$rdmux[0][4][10]$b$885 [7:5] = 3'000
    Consolidated identical input bits for $mux cell $flatten\gate.$memory$auto$proc_rom.cc:155:do_switch$11$rdmux[0][5][22]$967:
      Old ports: A=$flatten\gate.$memory$auto$proc_rom.cc:155:do_switch$11$rdmux[0][5][22]$a$968, B=$flatten\gate.$memory$auto$proc_rom.cc:155:do_switch$11$rdmux[0][5][22]$b$969, Y=$flatten\gate.$memory$auto$proc_rom.cc:155:do_switch$11$rdmux[0][4][11]$a$887
      New ports: A=$flatten\gate.$memory$auto$proc_rom.cc:155:do_switch$11$rdmux[0][5][22]$a$968 [3:0], B={ 1'0 $flatten\gate.$memory$auto$proc_rom.cc:155:do_switch$11$rdmux[0][5][22]$b$969 [2:0] }, Y=$flatten\gate.$memory$auto$proc_rom.cc:155:do_switch$11$rdmux[0][4][11]$a$887 [3:0]
      New connections: $flatten\gate.$memory$auto$proc_rom.cc:155:do_switch$11$rdmux[0][4][11]$a$887 [7:4] = 4'0000
    Consolidated identical input bits for $mux cell $flatten\gate.$memory$auto$proc_rom.cc:155:do_switch$11$rdmux[0][5][23]$970:
      Old ports: A={ 6'000000 $auto$wreduce.cc:513:run$1685 [1:0] }, B=$flatten\gate.$memory$auto$proc_rom.cc:155:do_switch$11$rdmux[0][5][23]$b$972, Y=$flatten\gate.$memory$auto$proc_rom.cc:155:do_switch$11$rdmux[0][4][11]$b$888
      New ports: A=$auto$wreduce.cc:513:run$1685 [1:0], B={ 1'0 $flatten\gate.$memory$auto$proc_rom.cc:155:do_switch$11$rdmux[0][5][23]$b$972 [0] }, Y=$flatten\gate.$memory$auto$proc_rom.cc:155:do_switch$11$rdmux[0][4][11]$b$888 [1:0]
      New connections: $flatten\gate.$memory$auto$proc_rom.cc:155:do_switch$11$rdmux[0][4][11]$b$888 [7:2] = 6'000000
    Consolidated identical input bits for $mux cell $flatten\gate.$memory$auto$proc_rom.cc:155:do_switch$11$rdmux[0][5][24]$973:
      Old ports: A=8'00000000, B=$flatten\gate.$memory$auto$proc_rom.cc:155:do_switch$11$rdmux[0][5][24]$b$975, Y=$flatten\gate.$memory$auto$proc_rom.cc:155:do_switch$11$rdmux[0][4][12]$a$890
      New ports: A=2'00, B=$flatten\gate.$memory$auto$proc_rom.cc:155:do_switch$11$rdmux[0][5][24]$b$975 [1:0], Y=$flatten\gate.$memory$auto$proc_rom.cc:155:do_switch$11$rdmux[0][4][12]$a$890 [1:0]
      New connections: $flatten\gate.$memory$auto$proc_rom.cc:155:do_switch$11$rdmux[0][4][12]$a$890 [7:2] = 6'000000
    Consolidated identical input bits for $mux cell $flatten\gate.$memory$auto$proc_rom.cc:155:do_switch$11$rdmux[0][5][25]$976:
      Old ports: A=$flatten\gate.$memory$auto$proc_rom.cc:155:do_switch$11$rdmux[0][5][25]$a$977, B=$flatten\gate.$memory$auto$proc_rom.cc:155:do_switch$11$rdmux[0][5][25]$b$978, Y=$flatten\gate.$memory$auto$proc_rom.cc:155:do_switch$11$rdmux[0][4][12]$b$891
      New ports: A={ 1'0 $flatten\gate.$memory$auto$proc_rom.cc:155:do_switch$11$rdmux[0][5][25]$a$977 [2:1] \gate.cnt [0] }, B=$flatten\gate.$memory$auto$proc_rom.cc:155:do_switch$11$rdmux[0][5][25]$b$978 [3:0], Y=$flatten\gate.$memory$auto$proc_rom.cc:155:do_switch$11$rdmux[0][4][12]$b$891 [3:0]
      New connections: $flatten\gate.$memory$auto$proc_rom.cc:155:do_switch$11$rdmux[0][4][12]$b$891 [7:4] = 4'0000
    Consolidated identical input bits for $mux cell $flatten\gate.$memory$auto$proc_rom.cc:155:do_switch$11$rdmux[0][5][26]$979:
      Old ports: A=$flatten\gate.$memory$auto$proc_rom.cc:155:do_switch$11$rdmux[0][5][26]$a$980, B=$flatten\gate.$memory$auto$proc_rom.cc:155:do_switch$11$rdmux[0][5][26]$b$981, Y=$flatten\gate.$memory$auto$proc_rom.cc:155:do_switch$11$rdmux[0][4][13]$a$893
      New ports: A={ 2'01 $flatten\gate.$memory$auto$proc_rom.cc:155:do_switch$11$rdmux[0][5][26]$a$980 [2:0] }, B=$flatten\gate.$memory$auto$proc_rom.cc:155:do_switch$11$rdmux[0][5][26]$b$981 [4:0], Y=$flatten\gate.$memory$auto$proc_rom.cc:155:do_switch$11$rdmux[0][4][13]$a$893 [4:0]
      New connections: $flatten\gate.$memory$auto$proc_rom.cc:155:do_switch$11$rdmux[0][4][13]$a$893 [7:5] = 3'000
    Consolidated identical input bits for $mux cell $flatten\gate.$memory$auto$proc_rom.cc:155:do_switch$11$rdmux[0][5][27]$982:
      Old ports: A=$flatten\gate.$memory$auto$proc_rom.cc:155:do_switch$11$rdmux[0][5][27]$a$983, B=$flatten\gate.$memory$auto$proc_rom.cc:155:do_switch$11$rdmux[0][5][27]$b$984, Y=$flatten\gate.$memory$auto$proc_rom.cc:155:do_switch$11$rdmux[0][4][13]$b$894
      New ports: A={ 2'01 $flatten\gate.$memory$auto$proc_rom.cc:155:do_switch$11$rdmux[0][5][27]$a$983 [3:2] }, B={ $flatten\gate.$memory$auto$proc_rom.cc:155:do_switch$11$rdmux[0][5][27]$b$984 [5] $flatten\gate.$memory$auto$proc_rom.cc:155:do_switch$11$rdmux[0][5][27]$b$984 [2] $flatten\gate.$memory$auto$proc_rom.cc:155:do_switch$11$rdmux[0][5][27]$b$984 [2] $flatten\gate.$memory$auto$proc_rom.cc:155:do_switch$11$rdmux[0][5][27]$b$984 [2] }, Y=$flatten\gate.$memory$auto$proc_rom.cc:155:do_switch$11$rdmux[0][4][13]$b$894 [5:2]
      New connections: { $flatten\gate.$memory$auto$proc_rom.cc:155:do_switch$11$rdmux[0][4][13]$b$894 [7:6] $flatten\gate.$memory$auto$proc_rom.cc:155:do_switch$11$rdmux[0][4][13]$b$894 [1:0] } = { 2'00 $auto$wreduce.cc:513:run$1583 [1] 1'1 }
    Consolidated identical input bits for $mux cell $flatten\gate.$memory$auto$proc_rom.cc:155:do_switch$11$rdmux[0][5][28]$985:
      Old ports: A=$flatten\gate.$memory$auto$proc_rom.cc:155:do_switch$11$rdmux[0][5][28]$a$986, B=$flatten\gate.$memory$auto$proc_rom.cc:155:do_switch$11$rdmux[0][5][28]$b$987, Y=$flatten\gate.$memory$auto$proc_rom.cc:155:do_switch$11$rdmux[0][4][14]$a$896
      New ports: A={ 1'0 $flatten\gate.$memory$auto$proc_rom.cc:155:do_switch$11$rdmux[0][5][28]$a$986 [3:0] }, B=$flatten\gate.$memory$auto$proc_rom.cc:155:do_switch$11$rdmux[0][5][28]$b$987 [4:0], Y=$flatten\gate.$memory$auto$proc_rom.cc:155:do_switch$11$rdmux[0][4][14]$a$896 [4:0]
      New connections: $flatten\gate.$memory$auto$proc_rom.cc:155:do_switch$11$rdmux[0][4][14]$a$896 [7:5] = 3'001
    Consolidated identical input bits for $mux cell $flatten\gate.$memory$auto$proc_rom.cc:155:do_switch$11$rdmux[0][5][29]$988:
      Old ports: A=$flatten\gate.$memory$auto$proc_rom.cc:155:do_switch$11$rdmux[0][5][29]$a$989, B=$flatten\gate.$memory$auto$proc_rom.cc:155:do_switch$11$rdmux[0][5][29]$b$990, Y=$flatten\gate.$memory$auto$proc_rom.cc:155:do_switch$11$rdmux[0][4][14]$b$897
      New ports: A=$flatten\gate.$memory$auto$proc_rom.cc:155:do_switch$11$rdmux[0][5][29]$a$989 [6:0], B={ 3'100 $flatten\gate.$memory$auto$proc_rom.cc:155:do_switch$11$rdmux[0][5][29]$b$990 [3:0] }, Y=$flatten\gate.$memory$auto$proc_rom.cc:155:do_switch$11$rdmux[0][4][14]$b$897 [6:0]
      New connections: $flatten\gate.$memory$auto$proc_rom.cc:155:do_switch$11$rdmux[0][4][14]$b$897 [7] = 1'0
    Consolidated identical input bits for $mux cell $flatten\gate.$memory$auto$proc_rom.cc:155:do_switch$11$rdmux[0][5][2]$907:
      Old ports: A=$flatten\gate.$memory$auto$proc_rom.cc:155:do_switch$11$rdmux[0][5][2]$a$908, B=$flatten\gate.$memory$auto$proc_rom.cc:155:do_switch$11$rdmux[0][5][2]$b$909, Y=$flatten\gate.$memory$auto$proc_rom.cc:155:do_switch$11$rdmux[0][4][1]$a$857
      New ports: A={ 2'01 $flatten\gate.$memory$auto$proc_rom.cc:155:do_switch$11$rdmux[0][5][2]$a$908 [3:0] }, B={ $flatten\gate.$memory$auto$proc_rom.cc:155:do_switch$11$rdmux[0][5][2]$b$909 [6] $flatten\gate.$memory$auto$proc_rom.cc:155:do_switch$11$rdmux[0][5][2]$b$909 [3] $flatten\gate.$memory$auto$proc_rom.cc:155:do_switch$11$rdmux[0][5][2]$b$909 [3:0] }, Y={ $flatten\gate.$memory$auto$proc_rom.cc:155:do_switch$11$rdmux[0][4][1]$a$857 [6] $flatten\gate.$memory$auto$proc_rom.cc:155:do_switch$11$rdmux[0][4][1]$a$857 [4:0] }
      New connections: { $flatten\gate.$memory$auto$proc_rom.cc:155:do_switch$11$rdmux[0][4][1]$a$857 [7] $flatten\gate.$memory$auto$proc_rom.cc:155:do_switch$11$rdmux[0][4][1]$a$857 [5] } = { 1'1 $flatten\gate.$memory$auto$proc_rom.cc:155:do_switch$11$rdmux[0][4][1]$a$857 [4] }
    Consolidated identical input bits for $mux cell $flatten\gate.$memory$auto$proc_rom.cc:155:do_switch$11$rdmux[0][5][30]$991:
      Old ports: A=$flatten\gate.$memory$auto$proc_rom.cc:155:do_switch$11$rdmux[0][5][30]$a$992, B=$flatten\gate.$memory$auto$proc_rom.cc:155:do_switch$11$rdmux[0][5][30]$b$993, Y=$flatten\gate.$memory$auto$proc_rom.cc:155:do_switch$11$rdmux[0][4][15]$a$899
      New ports: A={ 1'0 $flatten\gate.$memory$auto$proc_rom.cc:155:do_switch$11$rdmux[0][5][30]$a$992 [4:0] }, B={ $flatten\gate.$memory$auto$proc_rom.cc:155:do_switch$11$rdmux[0][5][30]$b$993 [5] $flatten\gate.$memory$auto$proc_rom.cc:155:do_switch$11$rdmux[0][5][30]$b$993 [3] $flatten\gate.$memory$auto$proc_rom.cc:155:do_switch$11$rdmux[0][5][30]$b$993 [3:0] }, Y=$flatten\gate.$memory$auto$proc_rom.cc:155:do_switch$11$rdmux[0][4][15]$a$899 [5:0]
      New connections: $flatten\gate.$memory$auto$proc_rom.cc:155:do_switch$11$rdmux[0][4][15]$a$899 [7:6] = 2'01
    Consolidated identical input bits for $mux cell $flatten\gate.$memory$auto$proc_rom.cc:155:do_switch$11$rdmux[0][5][31]$994:
      Old ports: A=$flatten\gate.$memory$auto$proc_rom.cc:155:do_switch$11$rdmux[0][5][31]$a$995, B=$flatten\gate.$memory$auto$proc_rom.cc:155:do_switch$11$rdmux[0][5][31]$b$996, Y=$flatten\gate.$memory$auto$proc_rom.cc:155:do_switch$11$rdmux[0][4][15]$b$900
      New ports: A=$flatten\gate.$memory$auto$proc_rom.cc:155:do_switch$11$rdmux[0][5][31]$a$995 [4:0], B={ 1'1 $flatten\gate.$memory$auto$proc_rom.cc:155:do_switch$11$rdmux[0][5][31]$b$996 [3:0] }, Y=$flatten\gate.$memory$auto$proc_rom.cc:155:do_switch$11$rdmux[0][4][15]$b$900 [4:0]
      New connections: $flatten\gate.$memory$auto$proc_rom.cc:155:do_switch$11$rdmux[0][4][15]$b$900 [7:5] = 3'011
    Consolidated identical input bits for $mux cell $flatten\gate.$memory$auto$proc_rom.cc:155:do_switch$11$rdmux[0][5][3]$910:
      Old ports: A=$flatten\gate.$memory$auto$proc_rom.cc:155:do_switch$11$rdmux[0][5][3]$a$911, B=$flatten\gate.$memory$auto$proc_rom.cc:155:do_switch$11$rdmux[0][5][3]$b$912, Y=$flatten\gate.$memory$auto$proc_rom.cc:155:do_switch$11$rdmux[0][4][1]$b$858
      New ports: A={ 1'0 $flatten\gate.$memory$auto$proc_rom.cc:155:do_switch$11$rdmux[0][5][3]$a$911 [3:0] }, B={ 2'10 $flatten\gate.$memory$auto$proc_rom.cc:155:do_switch$11$rdmux[0][5][3]$b$912 [2:0] }, Y=$flatten\gate.$memory$auto$proc_rom.cc:155:do_switch$11$rdmux[0][4][1]$b$858 [4:0]
      New connections: $flatten\gate.$memory$auto$proc_rom.cc:155:do_switch$11$rdmux[0][4][1]$b$858 [7:5] = 3'110
    Consolidated identical input bits for $mux cell $flatten\gate.$memory$auto$proc_rom.cc:155:do_switch$11$rdmux[0][5][4]$913:
      Old ports: A=$flatten\gate.$memory$auto$proc_rom.cc:155:do_switch$11$rdmux[0][5][4]$a$914, B=$flatten\gate.$memory$auto$proc_rom.cc:155:do_switch$11$rdmux[0][5][4]$b$915, Y=$flatten\gate.$memory$auto$proc_rom.cc:155:do_switch$11$rdmux[0][4][2]$a$860
      New ports: A=$flatten\gate.$memory$auto$proc_rom.cc:155:do_switch$11$rdmux[0][5][4]$a$914 [5:0], B={ 2'10 $flatten\gate.$memory$auto$proc_rom.cc:155:do_switch$11$rdmux[0][5][4]$b$915 [3:0] }, Y=$flatten\gate.$memory$auto$proc_rom.cc:155:do_switch$11$rdmux[0][4][2]$a$860 [5:0]
      New connections: $flatten\gate.$memory$auto$proc_rom.cc:155:do_switch$11$rdmux[0][4][2]$a$860 [7:6] = 2'11
    Consolidated identical input bits for $mux cell $flatten\gate.$memory$auto$proc_rom.cc:155:do_switch$11$rdmux[0][5][5]$916:
      Old ports: A=$flatten\gate.$memory$auto$proc_rom.cc:155:do_switch$11$rdmux[0][5][5]$a$917, B=$flatten\gate.$memory$auto$proc_rom.cc:155:do_switch$11$rdmux[0][5][5]$b$918, Y=$flatten\gate.$memory$auto$proc_rom.cc:155:do_switch$11$rdmux[0][4][2]$b$861
      New ports: A={ 2'01 $flatten\gate.$memory$auto$proc_rom.cc:155:do_switch$11$rdmux[0][5][5]$a$917 [2:0] }, B={ 2'10 $flatten\gate.$memory$auto$proc_rom.cc:155:do_switch$11$rdmux[0][5][5]$b$918 [2:0] }, Y=$flatten\gate.$memory$auto$proc_rom.cc:155:do_switch$11$rdmux[0][4][2]$b$861 [4:0]
      New connections: $flatten\gate.$memory$auto$proc_rom.cc:155:do_switch$11$rdmux[0][4][2]$b$861 [7:5] = 3'111
    Consolidated identical input bits for $mux cell $flatten\gate.$memory$auto$proc_rom.cc:155:do_switch$11$rdmux[0][5][6]$919:
      Old ports: A=$flatten\gate.$memory$auto$proc_rom.cc:155:do_switch$11$rdmux[0][5][6]$a$920, B=$flatten\gate.$memory$auto$proc_rom.cc:155:do_switch$11$rdmux[0][5][6]$b$921, Y=$flatten\gate.$memory$auto$proc_rom.cc:155:do_switch$11$rdmux[0][4][3]$a$863
      New ports: A=$flatten\gate.$memory$auto$proc_rom.cc:155:do_switch$11$rdmux[0][5][6]$a$920 [3:0], B={ 1'1 $flatten\gate.$memory$auto$proc_rom.cc:155:do_switch$11$rdmux[0][5][6]$b$921 [2:0] }, Y=$flatten\gate.$memory$auto$proc_rom.cc:155:do_switch$11$rdmux[0][4][3]$a$863 [3:0]
      New connections: $flatten\gate.$memory$auto$proc_rom.cc:155:do_switch$11$rdmux[0][4][3]$a$863 [7:4] = 4'1111
    Consolidated identical input bits for $mux cell $flatten\gate.$memory$auto$proc_rom.cc:155:do_switch$11$rdmux[0][5][7]$922:
      Old ports: A={ 6'111111 $auto$wreduce.cc:513:run$1683 [1:0] }, B=$flatten\gate.$memory$auto$proc_rom.cc:155:do_switch$11$rdmux[0][5][7]$b$924, Y=$flatten\gate.$memory$auto$proc_rom.cc:155:do_switch$11$rdmux[0][4][3]$b$864
      New ports: A=$auto$wreduce.cc:513:run$1683 [1:0], B={ 1'1 $flatten\gate.$memory$auto$proc_rom.cc:155:do_switch$11$rdmux[0][5][7]$b$924 [0] }, Y=$flatten\gate.$memory$auto$proc_rom.cc:155:do_switch$11$rdmux[0][4][3]$b$864 [1:0]
      New connections: $flatten\gate.$memory$auto$proc_rom.cc:155:do_switch$11$rdmux[0][4][3]$b$864 [7:2] = 6'111111
    Consolidated identical input bits for $mux cell $flatten\gate.$memory$auto$proc_rom.cc:155:do_switch$11$rdmux[0][5][8]$925:
      Old ports: A=8'11111111, B=$flatten\gate.$memory$auto$proc_rom.cc:155:do_switch$11$rdmux[0][5][8]$b$927, Y=$flatten\gate.$memory$auto$proc_rom.cc:155:do_switch$11$rdmux[0][4][4]$a$866
      New ports: A=2'11, B=$flatten\gate.$memory$auto$proc_rom.cc:155:do_switch$11$rdmux[0][5][8]$b$927 [1:0], Y=$flatten\gate.$memory$auto$proc_rom.cc:155:do_switch$11$rdmux[0][4][4]$a$866 [1:0]
      New connections: $flatten\gate.$memory$auto$proc_rom.cc:155:do_switch$11$rdmux[0][4][4]$a$866 [7:2] = 6'111111
    Consolidated identical input bits for $mux cell $flatten\gate.$memory$auto$proc_rom.cc:155:do_switch$11$rdmux[0][5][9]$928:
      Old ports: A=$flatten\gate.$memory$auto$proc_rom.cc:155:do_switch$11$rdmux[0][5][9]$a$929, B=$flatten\gate.$memory$auto$proc_rom.cc:155:do_switch$11$rdmux[0][5][9]$b$930, Y=$flatten\gate.$memory$auto$proc_rom.cc:155:do_switch$11$rdmux[0][4][4]$b$867
      New ports: A={ 1'1 $flatten\gate.$memory$auto$proc_rom.cc:155:do_switch$11$rdmux[0][5][9]$a$929 [2:1] $auto$wreduce.cc:513:run$1600 [0] }, B=$flatten\gate.$memory$auto$proc_rom.cc:155:do_switch$11$rdmux[0][5][9]$b$930 [3:0], Y=$flatten\gate.$memory$auto$proc_rom.cc:155:do_switch$11$rdmux[0][4][4]$b$867 [3:0]
      New connections: $flatten\gate.$memory$auto$proc_rom.cc:155:do_switch$11$rdmux[0][4][4]$b$867 [7:4] = 4'1111
    Consolidated identical input bits for $mux cell $flatten\gate.$memory$auto$proc_rom.cc:155:do_switch$11$rdmux[0][6][26]$1075:
      Old ports: A={ 5'10001 $auto$wreduce.cc:513:run$1617 [1:0] }, B=$auto$wreduce.cc:513:run$1644 [6:0], Y=$flatten\gate.$memory$auto$proc_rom.cc:155:do_switch$11$rdmux[0][5][13]$a$941 [6:0]
      New ports: A={ 3'101 $auto$wreduce.cc:513:run$1617 [1] 1'0 }, B={ $auto$wreduce.cc:513:run$1644 [0] $auto$wreduce.cc:513:run$1644 [1] $auto$wreduce.cc:513:run$1644 [1] $auto$wreduce.cc:513:run$1644 [1:0] }, Y={ $flatten\gate.$memory$auto$proc_rom.cc:155:do_switch$11$rdmux[0][5][13]$a$941 [6] $flatten\gate.$memory$auto$proc_rom.cc:155:do_switch$11$rdmux[0][5][13]$a$941 [3:0] }
      New connections: $flatten\gate.$memory$auto$proc_rom.cc:155:do_switch$11$rdmux[0][5][13]$a$941 [5:4] = { $flatten\gate.$memory$auto$proc_rom.cc:155:do_switch$11$rdmux[0][5][13]$a$941 [3] $flatten\gate.$memory$auto$proc_rom.cc:155:do_switch$11$rdmux[0][5][13]$a$941 [3] }
    Consolidated identical input bits for $mux cell $flatten\gate.$memory$auto$proc_rom.cc:155:do_switch$11$rdmux[0][6][28]$1081:
      Old ports: A=$auto$wreduce.cc:513:run$1641 [4:0], B={ 1'0 $auto$wreduce.cc:513:run$1640 [3:0] }, Y=$flatten\gate.$memory$auto$proc_rom.cc:155:do_switch$11$rdmux[0][5][14]$a$944 [4:0]
      New ports: A={ $auto$wreduce.cc:513:run$1641 [4] $auto$wreduce.cc:513:run$1641 [0] 1'0 $auto$wreduce.cc:513:run$1641 [0] }, B={ 1'0 $auto$wreduce.cc:513:run$1640 [3] 1'1 $auto$wreduce.cc:513:run$1640 [0] }, Y={ $flatten\gate.$memory$auto$proc_rom.cc:155:do_switch$11$rdmux[0][5][14]$a$944 [4:3] $flatten\gate.$memory$auto$proc_rom.cc:155:do_switch$11$rdmux[0][5][14]$a$944 [1:0] }
      New connections: $flatten\gate.$memory$auto$proc_rom.cc:155:do_switch$11$rdmux[0][5][14]$a$944 [2] = $flatten\gate.$memory$auto$proc_rom.cc:155:do_switch$11$rdmux[0][5][14]$a$944 [0]
    Consolidated identical input bits for $mux cell $flatten\gate.$memory$auto$proc_rom.cc:155:do_switch$11$rdmux[0][6][2]$1003:
      Old ports: A={ 4'0110 $auto$wreduce.cc:513:run$1594 [1:0] }, B=$auto$wreduce.cc:513:run$1636 [5:0], Y=$flatten\gate.$memory$auto$proc_rom.cc:155:do_switch$11$rdmux[0][5][1]$a$905 [5:0]
      New ports: A={ 3'010 $auto$wreduce.cc:513:run$1594 [0] $auto$wreduce.cc:513:run$1594 [0] }, B={ $auto$wreduce.cc:513:run$1636 [5] $auto$wreduce.cc:513:run$1636 [2] $auto$wreduce.cc:513:run$1636 [2] 2'10 }, Y={ $flatten\gate.$memory$auto$proc_rom.cc:155:do_switch$11$rdmux[0][5][1]$a$905 [5] $flatten\gate.$memory$auto$proc_rom.cc:155:do_switch$11$rdmux[0][5][1]$a$905 [3:0] }
      New connections: $flatten\gate.$memory$auto$proc_rom.cc:155:do_switch$11$rdmux[0][5][1]$a$905 [4] = $flatten\gate.$memory$auto$proc_rom.cc:155:do_switch$11$rdmux[0][5][1]$a$905 [3]
    Consolidated identical input bits for $mux cell $flatten\gate.$memory$auto$proc_rom.cc:155:do_switch$11$rdmux[0][6][30]$1087:
      Old ports: A={ 1'1 $auto$wreduce.cc:513:run$1635 [3:0] }, B=$auto$wreduce.cc:513:run$1634 [4:0], Y=$flatten\gate.$memory$auto$proc_rom.cc:155:do_switch$11$rdmux[0][5][15]$a$947 [4:0]
      New ports: A={ 1'1 $auto$wreduce.cc:513:run$1635 [3] 1'0 $auto$wreduce.cc:513:run$1635 [0] }, B={ $auto$wreduce.cc:513:run$1634 [4] $auto$wreduce.cc:513:run$1634 [0] 1'1 $auto$wreduce.cc:513:run$1634 [0] }, Y={ $flatten\gate.$memory$auto$proc_rom.cc:155:do_switch$11$rdmux[0][5][15]$a$947 [4:3] $flatten\gate.$memory$auto$proc_rom.cc:155:do_switch$11$rdmux[0][5][15]$a$947 [1:0] }
      New connections: $flatten\gate.$memory$auto$proc_rom.cc:155:do_switch$11$rdmux[0][5][15]$a$947 [2] = $flatten\gate.$memory$auto$proc_rom.cc:155:do_switch$11$rdmux[0][5][15]$a$947 [0]
    Consolidated identical input bits for $mux cell $flatten\gate.$memory$auto$proc_rom.cc:155:do_switch$11$rdmux[0][6][32]$1093:
      Old ports: A=$flatten\gate.$memory$auto$proc_rom.cc:155:do_switch$11$rdmux[0][6][32]$a$1094, B={ 4'0111 $auto$wreduce.cc:513:run$1620 [3:0] }, Y=$flatten\gate.$memory$auto$proc_rom.cc:155:do_switch$11$rdmux[0][5][16]$a$950
      New ports: A={ $flatten\gate.$memory$auto$proc_rom.cc:155:do_switch$11$rdmux[0][6][32]$a$1094 [7] $flatten\gate.$memory$auto$proc_rom.cc:155:do_switch$11$rdmux[0][6][32]$a$1094 [2] $flatten\gate.$memory$auto$proc_rom.cc:155:do_switch$11$rdmux[0][6][32]$a$1094 [2] $flatten\gate.$memory$auto$proc_rom.cc:155:do_switch$11$rdmux[0][6][32]$a$1094 [2] 2'00 }, B={ 2'01 $auto$wreduce.cc:513:run$1620 [0] $auto$wreduce.cc:513:run$1620 [1] $auto$wreduce.cc:513:run$1620 [1:0] }, Y={ $flatten\gate.$memory$auto$proc_rom.cc:155:do_switch$11$rdmux[0][5][16]$a$950 [7] $flatten\gate.$memory$auto$proc_rom.cc:155:do_switch$11$rdmux[0][5][16]$a$950 [4:0] }
      New connections: $flatten\gate.$memory$auto$proc_rom.cc:155:do_switch$11$rdmux[0][5][16]$a$950 [6:5] = { $flatten\gate.$memory$auto$proc_rom.cc:155:do_switch$11$rdmux[0][5][16]$a$950 [4] $flatten\gate.$memory$auto$proc_rom.cc:155:do_switch$11$rdmux[0][5][16]$a$950 [4] }
    Consolidated identical input bits for $mux cell $flatten\gate.$memory$auto$proc_rom.cc:155:do_switch$11$rdmux[0][6][34]$1099:
      Old ports: A={ 4'1001 $auto$wreduce.cc:513:run$1618 [1:0] }, B=$auto$wreduce.cc:513:run$1627 [5:0], Y=$flatten\gate.$memory$auto$proc_rom.cc:155:do_switch$11$rdmux[0][5][17]$a$953 [5:0]
      New ports: A={ 3'101 $auto$wreduce.cc:513:run$1618 [0] $auto$wreduce.cc:513:run$1618 [0] }, B={ $auto$wreduce.cc:513:run$1627 [5] $auto$wreduce.cc:513:run$1627 [2] $auto$wreduce.cc:513:run$1627 [2] 2'01 }, Y={ $flatten\gate.$memory$auto$proc_rom.cc:155:do_switch$11$rdmux[0][5][17]$a$953 [5] $flatten\gate.$memory$auto$proc_rom.cc:155:do_switch$11$rdmux[0][5][17]$a$953 [3:0] }
      New connections: $flatten\gate.$memory$auto$proc_rom.cc:155:do_switch$11$rdmux[0][5][17]$a$953 [4] = $flatten\gate.$memory$auto$proc_rom.cc:155:do_switch$11$rdmux[0][5][17]$a$953 [3]
    Consolidated identical input bits for $mux cell $flatten\gate.$memory$auto$proc_rom.cc:155:do_switch$11$rdmux[0][6][35]$1102:
      Old ports: A={ 2'10 $auto$wreduce.cc:513:run$1617 [1:0] }, B={ 1'0 $auto$wreduce.cc:513:run$1625 [2:0] }, Y=$flatten\gate.$memory$auto$proc_rom.cc:155:do_switch$11$rdmux[0][5][17]$b$954 [3:0]
      New ports: A={ 1'1 $auto$wreduce.cc:513:run$1617 [1] 1'0 }, B={ 1'0 $auto$wreduce.cc:513:run$1625 [1:0] }, Y={ $flatten\gate.$memory$auto$proc_rom.cc:155:do_switch$11$rdmux[0][5][17]$b$954 [3] $flatten\gate.$memory$auto$proc_rom.cc:155:do_switch$11$rdmux[0][5][17]$b$954 [1:0] }
      New connections: $flatten\gate.$memory$auto$proc_rom.cc:155:do_switch$11$rdmux[0][5][17]$b$954 [2] = $flatten\gate.$memory$auto$proc_rom.cc:155:do_switch$11$rdmux[0][5][17]$b$954 [0]
    Consolidated identical input bits for $mux cell $flatten\gate.$memory$auto$proc_rom.cc:155:do_switch$11$rdmux[0][6][3]$1006:
      Old ports: A={ 2'01 $auto$wreduce.cc:513:run$1583 [1:0] }, B={ 1'1 $auto$wreduce.cc:513:run$1604 [2:0] }, Y=$flatten\gate.$memory$auto$proc_rom.cc:155:do_switch$11$rdmux[0][5][1]$b$906 [3:0]
      New ports: A={ 1'0 $auto$wreduce.cc:513:run$1583 [1] 1'1 }, B={ 1'1 $auto$wreduce.cc:513:run$1604 [1:0] }, Y={ $flatten\gate.$memory$auto$proc_rom.cc:155:do_switch$11$rdmux[0][5][1]$b$906 [3] $flatten\gate.$memory$auto$proc_rom.cc:155:do_switch$11$rdmux[0][5][1]$b$906 [1:0] }
      New connections: $flatten\gate.$memory$auto$proc_rom.cc:155:do_switch$11$rdmux[0][5][1]$b$906 [2] = $flatten\gate.$memory$auto$proc_rom.cc:155:do_switch$11$rdmux[0][5][1]$b$906 [0]
    Consolidated identical input bits for $mux cell $flatten\gate.$memory$auto$proc_rom.cc:155:do_switch$11$rdmux[0][6][40]$1117:
      Old ports: A={ 3'100 $auto$wreduce.cc:513:run$1612 [2:0] }, B=$auto$wreduce.cc:513:run$1613 [5:0], Y=$flatten\gate.$memory$auto$proc_rom.cc:155:do_switch$11$rdmux[0][5][20]$a$962 [5:0]
      New ports: A={ 2'10 $auto$wreduce.cc:513:run$1612 [2:1] }, B={ $auto$wreduce.cc:513:run$1613 [5] $auto$wreduce.cc:513:run$1613 [1] $auto$wreduce.cc:513:run$1613 [1] $auto$wreduce.cc:513:run$1613 [1] }, Y={ $flatten\gate.$memory$auto$proc_rom.cc:155:do_switch$11$rdmux[0][5][20]$a$962 [5] $flatten\gate.$memory$auto$proc_rom.cc:155:do_switch$11$rdmux[0][5][20]$a$962 [3:1] }
      New connections: { $flatten\gate.$memory$auto$proc_rom.cc:155:do_switch$11$rdmux[0][5][20]$a$962 [4] $flatten\gate.$memory$auto$proc_rom.cc:155:do_switch$11$rdmux[0][5][20]$a$962 [0] } = { $flatten\gate.$memory$auto$proc_rom.cc:155:do_switch$11$rdmux[0][5][20]$a$962 [3] 1'1 }
    Consolidated identical input bits for $mux cell $flatten\gate.$memory$auto$proc_rom.cc:155:do_switch$11$rdmux[0][6][41]$1120:
      Old ports: A={ 1'1 $auto$wreduce.cc:513:run$1612 [2:0] }, B=$auto$wreduce.cc:513:run$1611 [3:0], Y=$flatten\gate.$memory$auto$proc_rom.cc:155:do_switch$11$rdmux[0][5][20]$b$963 [3:0]
      New ports: A={ 1'1 $auto$wreduce.cc:513:run$1612 [2:1] }, B={ $auto$wreduce.cc:513:run$1611 [3] $auto$wreduce.cc:513:run$1611 [1] $auto$wreduce.cc:513:run$1611 [1] }, Y=$flatten\gate.$memory$auto$proc_rom.cc:155:do_switch$11$rdmux[0][5][20]$b$963 [3:1]
      New connections: $flatten\gate.$memory$auto$proc_rom.cc:155:do_switch$11$rdmux[0][5][20]$b$963 [0] = 1'1
    Consolidated identical input bits for $mux cell $flatten\gate.$memory$auto$proc_rom.cc:155:do_switch$11$rdmux[0][6][58]$1171:
      Old ports: A={ 5'01110 $auto$wreduce.cc:513:run$1583 [1:0] }, B=$auto$wreduce.cc:513:run$1690 [6:0], Y=$flatten\gate.$memory$auto$proc_rom.cc:155:do_switch$11$rdmux[0][5][29]$a$989 [6:0]
      New ports: A={ 3'010 $auto$wreduce.cc:513:run$1583 [1] 1'1 }, B={ $auto$wreduce.cc:513:run$1690 [0] $auto$wreduce.cc:513:run$1690 [1] $auto$wreduce.cc:513:run$1690 [1] $auto$wreduce.cc:513:run$1690 [1:0] }, Y={ $flatten\gate.$memory$auto$proc_rom.cc:155:do_switch$11$rdmux[0][5][29]$a$989 [6] $flatten\gate.$memory$auto$proc_rom.cc:155:do_switch$11$rdmux[0][5][29]$a$989 [3:0] }
      New connections: $flatten\gate.$memory$auto$proc_rom.cc:155:do_switch$11$rdmux[0][5][29]$a$989 [5:4] = { $flatten\gate.$memory$auto$proc_rom.cc:155:do_switch$11$rdmux[0][5][29]$a$989 [3] $flatten\gate.$memory$auto$proc_rom.cc:155:do_switch$11$rdmux[0][5][29]$a$989 [3] }
    Consolidated identical input bits for $mux cell $flatten\gate.$memory$auto$proc_rom.cc:155:do_switch$11$rdmux[0][6][60]$1177:
      Old ports: A=$auto$wreduce.cc:513:run$1601 [4:0], B={ 1'1 $auto$wreduce.cc:513:run$1602 [3:0] }, Y=$flatten\gate.$memory$auto$proc_rom.cc:155:do_switch$11$rdmux[0][5][30]$a$992 [4:0]
      New ports: A={ $auto$wreduce.cc:513:run$1601 [4] $auto$wreduce.cc:513:run$1601 [0] 1'1 $auto$wreduce.cc:513:run$1601 [0] }, B={ 1'1 $auto$wreduce.cc:513:run$1602 [3] 1'0 $auto$wreduce.cc:513:run$1602 [0] }, Y={ $flatten\gate.$memory$auto$proc_rom.cc:155:do_switch$11$rdmux[0][5][30]$a$992 [4:3] $flatten\gate.$memory$auto$proc_rom.cc:155:do_switch$11$rdmux[0][5][30]$a$992 [1:0] }
      New connections: $flatten\gate.$memory$auto$proc_rom.cc:155:do_switch$11$rdmux[0][5][30]$a$992 [2] = $flatten\gate.$memory$auto$proc_rom.cc:155:do_switch$11$rdmux[0][5][30]$a$992 [0]
    Consolidated identical input bits for $mux cell $flatten\gate.$memory$auto$proc_rom.cc:155:do_switch$11$rdmux[0][6][62]$1183:
      Old ports: A={ 1'0 $auto$wreduce.cc:513:run$1666 [3:0] }, B=$auto$wreduce.cc:513:run$1667 [4:0], Y=$flatten\gate.$memory$auto$proc_rom.cc:155:do_switch$11$rdmux[0][5][31]$a$995 [4:0]
      New ports: A={ 1'0 $auto$wreduce.cc:513:run$1666 [3] 1'1 $auto$wreduce.cc:513:run$1666 [0] }, B={ $auto$wreduce.cc:513:run$1667 [4] $auto$wreduce.cc:513:run$1667 [0] 1'0 $auto$wreduce.cc:513:run$1667 [0] }, Y={ $flatten\gate.$memory$auto$proc_rom.cc:155:do_switch$11$rdmux[0][5][31]$a$995 [4:3] $flatten\gate.$memory$auto$proc_rom.cc:155:do_switch$11$rdmux[0][5][31]$a$995 [1:0] }
      New connections: $flatten\gate.$memory$auto$proc_rom.cc:155:do_switch$11$rdmux[0][5][31]$a$995 [2] = $flatten\gate.$memory$auto$proc_rom.cc:155:do_switch$11$rdmux[0][5][31]$a$995 [0]
    Consolidated identical input bits for $mux cell $flatten\gate.$memory$auto$proc_rom.cc:155:do_switch$11$rdmux[0][6][8]$1021:
      Old ports: A={ 3'011 $auto$wreduce.cc:513:run$1686 [2:0] }, B=$auto$wreduce.cc:513:run$1687 [5:0], Y=$flatten\gate.$memory$auto$proc_rom.cc:155:do_switch$11$rdmux[0][5][4]$a$914 [5:0]
      New ports: A={ 2'01 $auto$wreduce.cc:513:run$1686 [2:1] }, B={ $auto$wreduce.cc:513:run$1687 [5] $auto$wreduce.cc:513:run$1687 [1] $auto$wreduce.cc:513:run$1687 [1] $auto$wreduce.cc:513:run$1687 [1] }, Y={ $flatten\gate.$memory$auto$proc_rom.cc:155:do_switch$11$rdmux[0][5][4]$a$914 [5] $flatten\gate.$memory$auto$proc_rom.cc:155:do_switch$11$rdmux[0][5][4]$a$914 [3:1] }
      New connections: { $flatten\gate.$memory$auto$proc_rom.cc:155:do_switch$11$rdmux[0][5][4]$a$914 [4] $flatten\gate.$memory$auto$proc_rom.cc:155:do_switch$11$rdmux[0][5][4]$a$914 [0] } = { $flatten\gate.$memory$auto$proc_rom.cc:155:do_switch$11$rdmux[0][5][4]$a$914 [3] 1'0 }
    Consolidated identical input bits for $mux cell $flatten\gate.$memory$auto$proc_rom.cc:155:do_switch$11$rdmux[0][6][9]$1024:
      Old ports: A={ 1'0 $auto$wreduce.cc:513:run$1686 [2:0] }, B=$auto$wreduce.cc:513:run$1689 [3:0], Y=$flatten\gate.$memory$auto$proc_rom.cc:155:do_switch$11$rdmux[0][5][4]$b$915 [3:0]
      New ports: A={ 1'0 $auto$wreduce.cc:513:run$1686 [2:1] }, B={ $auto$wreduce.cc:513:run$1689 [3] $auto$wreduce.cc:513:run$1689 [1] $auto$wreduce.cc:513:run$1689 [1] }, Y=$flatten\gate.$memory$auto$proc_rom.cc:155:do_switch$11$rdmux[0][5][4]$b$915 [3:1]
      New connections: $flatten\gate.$memory$auto$proc_rom.cc:155:do_switch$11$rdmux[0][5][4]$b$915 [0] = 1'0
    Consolidated identical input bits for $mux cell $flatten\gold.$memory$auto$proc_rom.cc:155:do_switch$11$rdmux[0][5][0]$133:
      Old ports: A=$flatten\gold.$memory$auto$proc_rom.cc:155:do_switch$11$rdmux[0][5][0]$a$134, B=$flatten\gold.$memory$auto$proc_rom.cc:155:do_switch$11$rdmux[0][5][0]$b$135, Y=$flatten\gold.$memory$auto$proc_rom.cc:155:do_switch$11$rdmux[0][4][0]$a$86
      New ports: A={ 1'0 $flatten\gold.$memory$auto$proc_rom.cc:155:do_switch$11$rdmux[0][5][0]$a$134 [3:0] }, B=$flatten\gold.$memory$auto$proc_rom.cc:155:do_switch$11$rdmux[0][5][0]$b$135 [4:0], Y=$flatten\gold.$memory$auto$proc_rom.cc:155:do_switch$11$rdmux[0][4][0]$a$86 [4:0]
      New connections: $flatten\gold.$memory$auto$proc_rom.cc:155:do_switch$11$rdmux[0][4][0]$a$86 [7:5] = 3'100
    Consolidated identical input bits for $mux cell $flatten\gold.$memory$auto$proc_rom.cc:155:do_switch$11$rdmux[0][5][10]$163:
      Old ports: A=$flatten\gold.$memory$auto$proc_rom.cc:155:do_switch$11$rdmux[0][5][10]$a$164, B=$flatten\gold.$memory$auto$proc_rom.cc:155:do_switch$11$rdmux[0][5][10]$b$165, Y=$flatten\gold.$memory$auto$proc_rom.cc:155:do_switch$11$rdmux[0][4][5]$a$101
      New ports: A={ 2'10 $flatten\gold.$memory$auto$proc_rom.cc:155:do_switch$11$rdmux[0][5][10]$a$164 [2:0] }, B=$flatten\gold.$memory$auto$proc_rom.cc:155:do_switch$11$rdmux[0][5][10]$b$165 [4:0], Y=$flatten\gold.$memory$auto$proc_rom.cc:155:do_switch$11$rdmux[0][4][5]$a$101 [4:0]
      New connections: $flatten\gold.$memory$auto$proc_rom.cc:155:do_switch$11$rdmux[0][4][5]$a$101 [7:5] = 3'111
    Consolidated identical input bits for $mux cell $flatten\gold.$memory$auto$proc_rom.cc:155:do_switch$11$rdmux[0][5][11]$166:
      Old ports: A=$flatten\gold.$memory$auto$proc_rom.cc:155:do_switch$11$rdmux[0][5][11]$a$167, B=$flatten\gold.$memory$auto$proc_rom.cc:155:do_switch$11$rdmux[0][5][11]$b$168, Y=$flatten\gold.$memory$auto$proc_rom.cc:155:do_switch$11$rdmux[0][4][5]$b$102
      New ports: A={ 2'10 $flatten\gold.$memory$auto$proc_rom.cc:155:do_switch$11$rdmux[0][5][11]$a$167 [3:2] }, B={ $flatten\gold.$memory$auto$proc_rom.cc:155:do_switch$11$rdmux[0][5][11]$b$168 [5] $flatten\gold.$memory$auto$proc_rom.cc:155:do_switch$11$rdmux[0][5][11]$b$168 [2] $flatten\gold.$memory$auto$proc_rom.cc:155:do_switch$11$rdmux[0][5][11]$b$168 [2] $flatten\gold.$memory$auto$proc_rom.cc:155:do_switch$11$rdmux[0][5][11]$b$168 [2] }, Y=$flatten\gold.$memory$auto$proc_rom.cc:155:do_switch$11$rdmux[0][4][5]$b$102 [5:2]
      New connections: { $flatten\gold.$memory$auto$proc_rom.cc:155:do_switch$11$rdmux[0][4][5]$b$102 [7:6] $flatten\gold.$memory$auto$proc_rom.cc:155:do_switch$11$rdmux[0][4][5]$b$102 [1:0] } = { 2'11 $auto$wreduce.cc:513:run$1750 [1] 1'0 }
    Consolidated identical input bits for $mux cell $flatten\gold.$memory$auto$proc_rom.cc:155:do_switch$11$rdmux[0][5][12]$169:
      Old ports: A=$flatten\gold.$memory$auto$proc_rom.cc:155:do_switch$11$rdmux[0][5][12]$a$170, B=$flatten\gold.$memory$auto$proc_rom.cc:155:do_switch$11$rdmux[0][5][12]$b$171, Y=$flatten\gold.$memory$auto$proc_rom.cc:155:do_switch$11$rdmux[0][4][6]$a$104
      New ports: A={ 1'1 $flatten\gold.$memory$auto$proc_rom.cc:155:do_switch$11$rdmux[0][5][12]$a$170 [3:0] }, B=$flatten\gold.$memory$auto$proc_rom.cc:155:do_switch$11$rdmux[0][5][12]$b$171 [4:0], Y=$flatten\gold.$memory$auto$proc_rom.cc:155:do_switch$11$rdmux[0][4][6]$a$104 [4:0]
      New connections: $flatten\gold.$memory$auto$proc_rom.cc:155:do_switch$11$rdmux[0][4][6]$a$104 [7:5] = 3'110
    Consolidated identical input bits for $mux cell $flatten\gold.$memory$auto$proc_rom.cc:155:do_switch$11$rdmux[0][5][13]$172:
      Old ports: A=$flatten\gold.$memory$auto$proc_rom.cc:155:do_switch$11$rdmux[0][5][13]$a$173, B=$flatten\gold.$memory$auto$proc_rom.cc:155:do_switch$11$rdmux[0][5][13]$b$174, Y=$flatten\gold.$memory$auto$proc_rom.cc:155:do_switch$11$rdmux[0][4][6]$b$105
      New ports: A=$flatten\gold.$memory$auto$proc_rom.cc:155:do_switch$11$rdmux[0][5][13]$a$173 [6:0], B={ 3'011 $flatten\gold.$memory$auto$proc_rom.cc:155:do_switch$11$rdmux[0][5][13]$b$174 [3:0] }, Y=$flatten\gold.$memory$auto$proc_rom.cc:155:do_switch$11$rdmux[0][4][6]$b$105 [6:0]
      New connections: $flatten\gold.$memory$auto$proc_rom.cc:155:do_switch$11$rdmux[0][4][6]$b$105 [7] = 1'1
    Consolidated identical input bits for $mux cell $flatten\gold.$memory$auto$proc_rom.cc:155:do_switch$11$rdmux[0][5][14]$175:
      Old ports: A=$flatten\gold.$memory$auto$proc_rom.cc:155:do_switch$11$rdmux[0][5][14]$a$176, B=$flatten\gold.$memory$auto$proc_rom.cc:155:do_switch$11$rdmux[0][5][14]$b$177, Y=$flatten\gold.$memory$auto$proc_rom.cc:155:do_switch$11$rdmux[0][4][7]$a$107
      New ports: A={ 1'1 $flatten\gold.$memory$auto$proc_rom.cc:155:do_switch$11$rdmux[0][5][14]$a$176 [4:0] }, B={ $flatten\gold.$memory$auto$proc_rom.cc:155:do_switch$11$rdmux[0][5][14]$b$177 [5] $flatten\gold.$memory$auto$proc_rom.cc:155:do_switch$11$rdmux[0][5][14]$b$177 [3] $flatten\gold.$memory$auto$proc_rom.cc:155:do_switch$11$rdmux[0][5][14]$b$177 [3:0] }, Y=$flatten\gold.$memory$auto$proc_rom.cc:155:do_switch$11$rdmux[0][4][7]$a$107 [5:0]
      New connections: $flatten\gold.$memory$auto$proc_rom.cc:155:do_switch$11$rdmux[0][4][7]$a$107 [7:6] = 2'10
    Consolidated identical input bits for $mux cell $flatten\gold.$memory$auto$proc_rom.cc:155:do_switch$11$rdmux[0][5][15]$178:
      Old ports: A=$flatten\gold.$memory$auto$proc_rom.cc:155:do_switch$11$rdmux[0][5][15]$a$179, B=$flatten\gold.$memory$auto$proc_rom.cc:155:do_switch$11$rdmux[0][5][15]$b$180, Y=$flatten\gold.$memory$auto$proc_rom.cc:155:do_switch$11$rdmux[0][4][7]$b$108
      New ports: A=$flatten\gold.$memory$auto$proc_rom.cc:155:do_switch$11$rdmux[0][5][15]$a$179 [4:0], B={ 1'0 $flatten\gold.$memory$auto$proc_rom.cc:155:do_switch$11$rdmux[0][5][15]$b$180 [3:0] }, Y=$flatten\gold.$memory$auto$proc_rom.cc:155:do_switch$11$rdmux[0][4][7]$b$108 [4:0]
      New connections: $flatten\gold.$memory$auto$proc_rom.cc:155:do_switch$11$rdmux[0][4][7]$b$108 [7:5] = 3'100
    Consolidated identical input bits for $mux cell $flatten\gold.$memory$auto$proc_rom.cc:155:do_switch$11$rdmux[0][5][17]$184:
      Old ports: A=$flatten\gold.$memory$auto$proc_rom.cc:155:do_switch$11$rdmux[0][5][17]$a$185, B=$flatten\gold.$memory$auto$proc_rom.cc:155:do_switch$11$rdmux[0][5][17]$b$186, Y=$flatten\gold.$memory$auto$proc_rom.cc:155:do_switch$11$rdmux[0][4][8]$b$111
      New ports: A=$flatten\gold.$memory$auto$proc_rom.cc:155:do_switch$11$rdmux[0][5][17]$a$185 [5:0], B={ 2'01 $flatten\gold.$memory$auto$proc_rom.cc:155:do_switch$11$rdmux[0][5][17]$b$186 [3:0] }, Y=$flatten\gold.$memory$auto$proc_rom.cc:155:do_switch$11$rdmux[0][4][8]$b$111 [5:0]
      New connections: $flatten\gold.$memory$auto$proc_rom.cc:155:do_switch$11$rdmux[0][4][8]$b$111 [7:6] = 2'01
    Consolidated identical input bits for $mux cell $flatten\gold.$memory$auto$proc_rom.cc:155:do_switch$11$rdmux[0][5][18]$187:
      Old ports: A=$flatten\gold.$memory$auto$proc_rom.cc:155:do_switch$11$rdmux[0][5][18]$a$188, B=$flatten\gold.$memory$auto$proc_rom.cc:155:do_switch$11$rdmux[0][5][18]$b$189, Y=$flatten\gold.$memory$auto$proc_rom.cc:155:do_switch$11$rdmux[0][4][9]$a$113
      New ports: A={ 2'10 $flatten\gold.$memory$auto$proc_rom.cc:155:do_switch$11$rdmux[0][5][18]$a$188 [3:0] }, B={ $flatten\gold.$memory$auto$proc_rom.cc:155:do_switch$11$rdmux[0][5][18]$b$189 [6] $flatten\gold.$memory$auto$proc_rom.cc:155:do_switch$11$rdmux[0][5][18]$b$189 [3] $flatten\gold.$memory$auto$proc_rom.cc:155:do_switch$11$rdmux[0][5][18]$b$189 [3:0] }, Y={ $flatten\gold.$memory$auto$proc_rom.cc:155:do_switch$11$rdmux[0][4][9]$a$113 [6] $flatten\gold.$memory$auto$proc_rom.cc:155:do_switch$11$rdmux[0][4][9]$a$113 [4:0] }
      New connections: { $flatten\gold.$memory$auto$proc_rom.cc:155:do_switch$11$rdmux[0][4][9]$a$113 [7] $flatten\gold.$memory$auto$proc_rom.cc:155:do_switch$11$rdmux[0][4][9]$a$113 [5] } = { 1'0 $flatten\gold.$memory$auto$proc_rom.cc:155:do_switch$11$rdmux[0][4][9]$a$113 [4] }
    Consolidated identical input bits for $mux cell $flatten\gold.$memory$auto$proc_rom.cc:155:do_switch$11$rdmux[0][5][19]$190:
      Old ports: A=$flatten\gold.$memory$auto$proc_rom.cc:155:do_switch$11$rdmux[0][5][19]$a$191, B=$flatten\gold.$memory$auto$proc_rom.cc:155:do_switch$11$rdmux[0][5][19]$b$192, Y=$flatten\gold.$memory$auto$proc_rom.cc:155:do_switch$11$rdmux[0][4][9]$b$114
      New ports: A={ 1'1 $flatten\gold.$memory$auto$proc_rom.cc:155:do_switch$11$rdmux[0][5][19]$a$191 [3:0] }, B={ 2'01 $flatten\gold.$memory$auto$proc_rom.cc:155:do_switch$11$rdmux[0][5][19]$b$192 [2:0] }, Y=$flatten\gold.$memory$auto$proc_rom.cc:155:do_switch$11$rdmux[0][4][9]$b$114 [4:0]
      New connections: $flatten\gold.$memory$auto$proc_rom.cc:155:do_switch$11$rdmux[0][4][9]$b$114 [7:5] = 3'001
    Consolidated identical input bits for $mux cell $flatten\gold.$memory$auto$proc_rom.cc:155:do_switch$11$rdmux[0][5][1]$136:
      Old ports: A=$flatten\gold.$memory$auto$proc_rom.cc:155:do_switch$11$rdmux[0][5][1]$a$137, B=$flatten\gold.$memory$auto$proc_rom.cc:155:do_switch$11$rdmux[0][5][1]$b$138, Y=$flatten\gold.$memory$auto$proc_rom.cc:155:do_switch$11$rdmux[0][4][0]$b$87
      New ports: A=$flatten\gold.$memory$auto$proc_rom.cc:155:do_switch$11$rdmux[0][5][1]$a$137 [5:0], B={ 2'10 $flatten\gold.$memory$auto$proc_rom.cc:155:do_switch$11$rdmux[0][5][1]$b$138 [3:0] }, Y=$flatten\gold.$memory$auto$proc_rom.cc:155:do_switch$11$rdmux[0][4][0]$b$87 [5:0]
      New connections: $flatten\gold.$memory$auto$proc_rom.cc:155:do_switch$11$rdmux[0][4][0]$b$87 [7:6] = 2'10
    Consolidated identical input bits for $mux cell $flatten\gold.$memory$auto$proc_rom.cc:155:do_switch$11$rdmux[0][5][20]$193:
      Old ports: A=$flatten\gold.$memory$auto$proc_rom.cc:155:do_switch$11$rdmux[0][5][20]$a$194, B=$flatten\gold.$memory$auto$proc_rom.cc:155:do_switch$11$rdmux[0][5][20]$b$195, Y=$flatten\gold.$memory$auto$proc_rom.cc:155:do_switch$11$rdmux[0][4][10]$a$116
      New ports: A=$flatten\gold.$memory$auto$proc_rom.cc:155:do_switch$11$rdmux[0][5][20]$a$194 [5:0], B={ 2'01 $flatten\gold.$memory$auto$proc_rom.cc:155:do_switch$11$rdmux[0][5][20]$b$195 [3:0] }, Y=$flatten\gold.$memory$auto$proc_rom.cc:155:do_switch$11$rdmux[0][4][10]$a$116 [5:0]
      New connections: $flatten\gold.$memory$auto$proc_rom.cc:155:do_switch$11$rdmux[0][4][10]$a$116 [7:6] = 2'00
    Consolidated identical input bits for $mux cell $flatten\gold.$memory$auto$proc_rom.cc:155:do_switch$11$rdmux[0][5][21]$196:
      Old ports: A=$flatten\gold.$memory$auto$proc_rom.cc:155:do_switch$11$rdmux[0][5][21]$a$197, B=$flatten\gold.$memory$auto$proc_rom.cc:155:do_switch$11$rdmux[0][5][21]$b$198, Y=$flatten\gold.$memory$auto$proc_rom.cc:155:do_switch$11$rdmux[0][4][10]$b$117
      New ports: A={ 2'10 $flatten\gold.$memory$auto$proc_rom.cc:155:do_switch$11$rdmux[0][5][21]$a$197 [2:0] }, B={ 2'01 $flatten\gold.$memory$auto$proc_rom.cc:155:do_switch$11$rdmux[0][5][21]$b$198 [2:0] }, Y=$flatten\gold.$memory$auto$proc_rom.cc:155:do_switch$11$rdmux[0][4][10]$b$117 [4:0]
      New connections: $flatten\gold.$memory$auto$proc_rom.cc:155:do_switch$11$rdmux[0][4][10]$b$117 [7:5] = 3'000
    Consolidated identical input bits for $mux cell $flatten\gold.$memory$auto$proc_rom.cc:155:do_switch$11$rdmux[0][5][22]$199:
      Old ports: A=$flatten\gold.$memory$auto$proc_rom.cc:155:do_switch$11$rdmux[0][5][22]$a$200, B=$flatten\gold.$memory$auto$proc_rom.cc:155:do_switch$11$rdmux[0][5][22]$b$201, Y=$flatten\gold.$memory$auto$proc_rom.cc:155:do_switch$11$rdmux[0][4][11]$a$119
      New ports: A=$flatten\gold.$memory$auto$proc_rom.cc:155:do_switch$11$rdmux[0][5][22]$a$200 [3:0], B={ 1'0 $flatten\gold.$memory$auto$proc_rom.cc:155:do_switch$11$rdmux[0][5][22]$b$201 [2:0] }, Y=$flatten\gold.$memory$auto$proc_rom.cc:155:do_switch$11$rdmux[0][4][11]$a$119 [3:0]
      New connections: $flatten\gold.$memory$auto$proc_rom.cc:155:do_switch$11$rdmux[0][4][11]$a$119 [7:4] = 4'0000
    Consolidated identical input bits for $mux cell $flatten\gold.$memory$auto$proc_rom.cc:155:do_switch$11$rdmux[0][5][23]$202:
      Old ports: A={ 6'000000 $auto$wreduce.cc:513:run$1809 [1:0] }, B=$flatten\gold.$memory$auto$proc_rom.cc:155:do_switch$11$rdmux[0][5][23]$b$204, Y=$flatten\gold.$memory$auto$proc_rom.cc:155:do_switch$11$rdmux[0][4][11]$b$120
      New ports: A=$auto$wreduce.cc:513:run$1809 [1:0], B={ 1'0 $flatten\gold.$memory$auto$proc_rom.cc:155:do_switch$11$rdmux[0][5][23]$b$204 [0] }, Y=$flatten\gold.$memory$auto$proc_rom.cc:155:do_switch$11$rdmux[0][4][11]$b$120 [1:0]
      New connections: $flatten\gold.$memory$auto$proc_rom.cc:155:do_switch$11$rdmux[0][4][11]$b$120 [7:2] = 6'000000
    Consolidated identical input bits for $mux cell $flatten\gold.$memory$auto$proc_rom.cc:155:do_switch$11$rdmux[0][5][24]$205:
      Old ports: A=8'00000000, B=$flatten\gold.$memory$auto$proc_rom.cc:155:do_switch$11$rdmux[0][5][24]$b$207, Y=$flatten\gold.$memory$auto$proc_rom.cc:155:do_switch$11$rdmux[0][4][12]$a$122
      New ports: A=2'00, B=$flatten\gold.$memory$auto$proc_rom.cc:155:do_switch$11$rdmux[0][5][24]$b$207 [1:0], Y=$flatten\gold.$memory$auto$proc_rom.cc:155:do_switch$11$rdmux[0][4][12]$a$122 [1:0]
      New connections: $flatten\gold.$memory$auto$proc_rom.cc:155:do_switch$11$rdmux[0][4][12]$a$122 [7:2] = 6'000000
    Consolidated identical input bits for $mux cell $flatten\gold.$memory$auto$proc_rom.cc:155:do_switch$11$rdmux[0][5][25]$208:
      Old ports: A=$flatten\gold.$memory$auto$proc_rom.cc:155:do_switch$11$rdmux[0][5][25]$a$209, B=$flatten\gold.$memory$auto$proc_rom.cc:155:do_switch$11$rdmux[0][5][25]$b$210, Y=$flatten\gold.$memory$auto$proc_rom.cc:155:do_switch$11$rdmux[0][4][12]$b$123
      New ports: A={ 1'0 $flatten\gold.$memory$auto$proc_rom.cc:155:do_switch$11$rdmux[0][5][25]$a$209 [2:1] \gold.cnt [0] }, B=$flatten\gold.$memory$auto$proc_rom.cc:155:do_switch$11$rdmux[0][5][25]$b$210 [3:0], Y=$flatten\gold.$memory$auto$proc_rom.cc:155:do_switch$11$rdmux[0][4][12]$b$123 [3:0]
      New connections: $flatten\gold.$memory$auto$proc_rom.cc:155:do_switch$11$rdmux[0][4][12]$b$123 [7:4] = 4'0000
    Consolidated identical input bits for $mux cell $flatten\gold.$memory$auto$proc_rom.cc:155:do_switch$11$rdmux[0][5][26]$211:
      Old ports: A=$flatten\gold.$memory$auto$proc_rom.cc:155:do_switch$11$rdmux[0][5][26]$a$212, B=$flatten\gold.$memory$auto$proc_rom.cc:155:do_switch$11$rdmux[0][5][26]$b$213, Y=$flatten\gold.$memory$auto$proc_rom.cc:155:do_switch$11$rdmux[0][4][13]$a$125
      New ports: A={ 2'01 $flatten\gold.$memory$auto$proc_rom.cc:155:do_switch$11$rdmux[0][5][26]$a$212 [2:0] }, B=$flatten\gold.$memory$auto$proc_rom.cc:155:do_switch$11$rdmux[0][5][26]$b$213 [4:0], Y=$flatten\gold.$memory$auto$proc_rom.cc:155:do_switch$11$rdmux[0][4][13]$a$125 [4:0]
      New connections: $flatten\gold.$memory$auto$proc_rom.cc:155:do_switch$11$rdmux[0][4][13]$a$125 [7:5] = 3'000
    Consolidated identical input bits for $mux cell $flatten\gold.$memory$auto$proc_rom.cc:155:do_switch$11$rdmux[0][5][27]$214:
      Old ports: A=$flatten\gold.$memory$auto$proc_rom.cc:155:do_switch$11$rdmux[0][5][27]$a$215, B=$flatten\gold.$memory$auto$proc_rom.cc:155:do_switch$11$rdmux[0][5][27]$b$216, Y=$flatten\gold.$memory$auto$proc_rom.cc:155:do_switch$11$rdmux[0][4][13]$b$126
      New ports: A={ 2'01 $flatten\gold.$memory$auto$proc_rom.cc:155:do_switch$11$rdmux[0][5][27]$a$215 [3:2] }, B={ $flatten\gold.$memory$auto$proc_rom.cc:155:do_switch$11$rdmux[0][5][27]$b$216 [5] $flatten\gold.$memory$auto$proc_rom.cc:155:do_switch$11$rdmux[0][5][27]$b$216 [2] $flatten\gold.$memory$auto$proc_rom.cc:155:do_switch$11$rdmux[0][5][27]$b$216 [2] $flatten\gold.$memory$auto$proc_rom.cc:155:do_switch$11$rdmux[0][5][27]$b$216 [2] }, Y=$flatten\gold.$memory$auto$proc_rom.cc:155:do_switch$11$rdmux[0][4][13]$b$126 [5:2]
      New connections: { $flatten\gold.$memory$auto$proc_rom.cc:155:do_switch$11$rdmux[0][4][13]$b$126 [7:6] $flatten\gold.$memory$auto$proc_rom.cc:155:do_switch$11$rdmux[0][4][13]$b$126 [1:0] } = { 2'00 $auto$wreduce.cc:513:run$1695 [1] 1'1 }
    Consolidated identical input bits for $mux cell $flatten\gold.$memory$auto$proc_rom.cc:155:do_switch$11$rdmux[0][5][28]$217:
      Old ports: A=$flatten\gold.$memory$auto$proc_rom.cc:155:do_switch$11$rdmux[0][5][28]$a$218, B=$flatten\gold.$memory$auto$proc_rom.cc:155:do_switch$11$rdmux[0][5][28]$b$219, Y=$flatten\gold.$memory$auto$proc_rom.cc:155:do_switch$11$rdmux[0][4][14]$a$128
      New ports: A={ 1'0 $flatten\gold.$memory$auto$proc_rom.cc:155:do_switch$11$rdmux[0][5][28]$a$218 [3:0] }, B=$flatten\gold.$memory$auto$proc_rom.cc:155:do_switch$11$rdmux[0][5][28]$b$219 [4:0], Y=$flatten\gold.$memory$auto$proc_rom.cc:155:do_switch$11$rdmux[0][4][14]$a$128 [4:0]
      New connections: $flatten\gold.$memory$auto$proc_rom.cc:155:do_switch$11$rdmux[0][4][14]$a$128 [7:5] = 3'001
    Consolidated identical input bits for $mux cell $flatten\gold.$memory$auto$proc_rom.cc:155:do_switch$11$rdmux[0][5][29]$220:
      Old ports: A=$flatten\gold.$memory$auto$proc_rom.cc:155:do_switch$11$rdmux[0][5][29]$a$221, B=$flatten\gold.$memory$auto$proc_rom.cc:155:do_switch$11$rdmux[0][5][29]$b$222, Y=$flatten\gold.$memory$auto$proc_rom.cc:155:do_switch$11$rdmux[0][4][14]$b$129
      New ports: A=$flatten\gold.$memory$auto$proc_rom.cc:155:do_switch$11$rdmux[0][5][29]$a$221 [6:0], B={ 3'100 $flatten\gold.$memory$auto$proc_rom.cc:155:do_switch$11$rdmux[0][5][29]$b$222 [3:0] }, Y=$flatten\gold.$memory$auto$proc_rom.cc:155:do_switch$11$rdmux[0][4][14]$b$129 [6:0]
      New connections: $flatten\gold.$memory$auto$proc_rom.cc:155:do_switch$11$rdmux[0][4][14]$b$129 [7] = 1'0
    Consolidated identical input bits for $mux cell $flatten\gold.$memory$auto$proc_rom.cc:155:do_switch$11$rdmux[0][5][2]$139:
      Old ports: A=$flatten\gold.$memory$auto$proc_rom.cc:155:do_switch$11$rdmux[0][5][2]$a$140, B=$flatten\gold.$memory$auto$proc_rom.cc:155:do_switch$11$rdmux[0][5][2]$b$141, Y=$flatten\gold.$memory$auto$proc_rom.cc:155:do_switch$11$rdmux[0][4][1]$a$89
      New ports: A={ 2'01 $flatten\gold.$memory$auto$proc_rom.cc:155:do_switch$11$rdmux[0][5][2]$a$140 [3:0] }, B={ $flatten\gold.$memory$auto$proc_rom.cc:155:do_switch$11$rdmux[0][5][2]$b$141 [6] $flatten\gold.$memory$auto$proc_rom.cc:155:do_switch$11$rdmux[0][5][2]$b$141 [3] $flatten\gold.$memory$auto$proc_rom.cc:155:do_switch$11$rdmux[0][5][2]$b$141 [3:0] }, Y={ $flatten\gold.$memory$auto$proc_rom.cc:155:do_switch$11$rdmux[0][4][1]$a$89 [6] $flatten\gold.$memory$auto$proc_rom.cc:155:do_switch$11$rdmux[0][4][1]$a$89 [4:0] }
      New connections: { $flatten\gold.$memory$auto$proc_rom.cc:155:do_switch$11$rdmux[0][4][1]$a$89 [7] $flatten\gold.$memory$auto$proc_rom.cc:155:do_switch$11$rdmux[0][4][1]$a$89 [5] } = { 1'1 $flatten\gold.$memory$auto$proc_rom.cc:155:do_switch$11$rdmux[0][4][1]$a$89 [4] }
    Consolidated identical input bits for $mux cell $flatten\gold.$memory$auto$proc_rom.cc:155:do_switch$11$rdmux[0][5][30]$223:
      Old ports: A=$flatten\gold.$memory$auto$proc_rom.cc:155:do_switch$11$rdmux[0][5][30]$a$224, B=$flatten\gold.$memory$auto$proc_rom.cc:155:do_switch$11$rdmux[0][5][30]$b$225, Y=$flatten\gold.$memory$auto$proc_rom.cc:155:do_switch$11$rdmux[0][4][15]$a$131
      New ports: A={ 1'0 $flatten\gold.$memory$auto$proc_rom.cc:155:do_switch$11$rdmux[0][5][30]$a$224 [4:0] }, B={ $flatten\gold.$memory$auto$proc_rom.cc:155:do_switch$11$rdmux[0][5][30]$b$225 [5] $flatten\gold.$memory$auto$proc_rom.cc:155:do_switch$11$rdmux[0][5][30]$b$225 [3] $flatten\gold.$memory$auto$proc_rom.cc:155:do_switch$11$rdmux[0][5][30]$b$225 [3:0] }, Y=$flatten\gold.$memory$auto$proc_rom.cc:155:do_switch$11$rdmux[0][4][15]$a$131 [5:0]
      New connections: $flatten\gold.$memory$auto$proc_rom.cc:155:do_switch$11$rdmux[0][4][15]$a$131 [7:6] = 2'01
    Consolidated identical input bits for $mux cell $flatten\gold.$memory$auto$proc_rom.cc:155:do_switch$11$rdmux[0][5][31]$226:
      Old ports: A=$flatten\gold.$memory$auto$proc_rom.cc:155:do_switch$11$rdmux[0][5][31]$a$227, B=$flatten\gold.$memory$auto$proc_rom.cc:155:do_switch$11$rdmux[0][5][31]$b$228, Y=$flatten\gold.$memory$auto$proc_rom.cc:155:do_switch$11$rdmux[0][4][15]$b$132
      New ports: A=$flatten\gold.$memory$auto$proc_rom.cc:155:do_switch$11$rdmux[0][5][31]$a$227 [4:0], B={ 1'1 $flatten\gold.$memory$auto$proc_rom.cc:155:do_switch$11$rdmux[0][5][31]$b$228 [3:0] }, Y=$flatten\gold.$memory$auto$proc_rom.cc:155:do_switch$11$rdmux[0][4][15]$b$132 [4:0]
      New connections: $flatten\gold.$memory$auto$proc_rom.cc:155:do_switch$11$rdmux[0][4][15]$b$132 [7:5] = 3'011
    Consolidated identical input bits for $mux cell $flatten\gold.$memory$auto$proc_rom.cc:155:do_switch$11$rdmux[0][5][3]$142:
      Old ports: A=$flatten\gold.$memory$auto$proc_rom.cc:155:do_switch$11$rdmux[0][5][3]$a$143, B=$flatten\gold.$memory$auto$proc_rom.cc:155:do_switch$11$rdmux[0][5][3]$b$144, Y=$flatten\gold.$memory$auto$proc_rom.cc:155:do_switch$11$rdmux[0][4][1]$b$90
      New ports: A={ 1'0 $flatten\gold.$memory$auto$proc_rom.cc:155:do_switch$11$rdmux[0][5][3]$a$143 [3:0] }, B={ 2'10 $flatten\gold.$memory$auto$proc_rom.cc:155:do_switch$11$rdmux[0][5][3]$b$144 [2:0] }, Y=$flatten\gold.$memory$auto$proc_rom.cc:155:do_switch$11$rdmux[0][4][1]$b$90 [4:0]
      New connections: $flatten\gold.$memory$auto$proc_rom.cc:155:do_switch$11$rdmux[0][4][1]$b$90 [7:5] = 3'110
    Consolidated identical input bits for $mux cell $flatten\gold.$memory$auto$proc_rom.cc:155:do_switch$11$rdmux[0][5][4]$145:
      Old ports: A=$flatten\gold.$memory$auto$proc_rom.cc:155:do_switch$11$rdmux[0][5][4]$a$146, B=$flatten\gold.$memory$auto$proc_rom.cc:155:do_switch$11$rdmux[0][5][4]$b$147, Y=$flatten\gold.$memory$auto$proc_rom.cc:155:do_switch$11$rdmux[0][4][2]$a$92
      New ports: A=$flatten\gold.$memory$auto$proc_rom.cc:155:do_switch$11$rdmux[0][5][4]$a$146 [5:0], B={ 2'10 $flatten\gold.$memory$auto$proc_rom.cc:155:do_switch$11$rdmux[0][5][4]$b$147 [3:0] }, Y=$flatten\gold.$memory$auto$proc_rom.cc:155:do_switch$11$rdmux[0][4][2]$a$92 [5:0]
      New connections: $flatten\gold.$memory$auto$proc_rom.cc:155:do_switch$11$rdmux[0][4][2]$a$92 [7:6] = 2'11
    Consolidated identical input bits for $mux cell $flatten\gold.$memory$auto$proc_rom.cc:155:do_switch$11$rdmux[0][5][5]$148:
      Old ports: A=$flatten\gold.$memory$auto$proc_rom.cc:155:do_switch$11$rdmux[0][5][5]$a$149, B=$flatten\gold.$memory$auto$proc_rom.cc:155:do_switch$11$rdmux[0][5][5]$b$150, Y=$flatten\gold.$memory$auto$proc_rom.cc:155:do_switch$11$rdmux[0][4][2]$b$93
      New ports: A={ 2'01 $flatten\gold.$memory$auto$proc_rom.cc:155:do_switch$11$rdmux[0][5][5]$a$149 [2:0] }, B={ 2'10 $flatten\gold.$memory$auto$proc_rom.cc:155:do_switch$11$rdmux[0][5][5]$b$150 [2:0] }, Y=$flatten\gold.$memory$auto$proc_rom.cc:155:do_switch$11$rdmux[0][4][2]$b$93 [4:0]
      New connections: $flatten\gold.$memory$auto$proc_rom.cc:155:do_switch$11$rdmux[0][4][2]$b$93 [7:5] = 3'111
    Consolidated identical input bits for $mux cell $flatten\gold.$memory$auto$proc_rom.cc:155:do_switch$11$rdmux[0][5][6]$151:
      Old ports: A=$flatten\gold.$memory$auto$proc_rom.cc:155:do_switch$11$rdmux[0][5][6]$a$152, B=$flatten\gold.$memory$auto$proc_rom.cc:155:do_switch$11$rdmux[0][5][6]$b$153, Y=$flatten\gold.$memory$auto$proc_rom.cc:155:do_switch$11$rdmux[0][4][3]$a$95
      New ports: A=$flatten\gold.$memory$auto$proc_rom.cc:155:do_switch$11$rdmux[0][5][6]$a$152 [3:0], B={ 1'1 $flatten\gold.$memory$auto$proc_rom.cc:155:do_switch$11$rdmux[0][5][6]$b$153 [2:0] }, Y=$flatten\gold.$memory$auto$proc_rom.cc:155:do_switch$11$rdmux[0][4][3]$a$95 [3:0]
      New connections: $flatten\gold.$memory$auto$proc_rom.cc:155:do_switch$11$rdmux[0][4][3]$a$95 [7:4] = 4'1111
    Consolidated identical input bits for $mux cell $flatten\gold.$memory$auto$proc_rom.cc:155:do_switch$11$rdmux[0][5][7]$154:
      Old ports: A={ 6'111111 $auto$wreduce.cc:513:run$1808 [1:0] }, B=$flatten\gold.$memory$auto$proc_rom.cc:155:do_switch$11$rdmux[0][5][7]$b$156, Y=$flatten\gold.$memory$auto$proc_rom.cc:155:do_switch$11$rdmux[0][4][3]$b$96
      New ports: A=$auto$wreduce.cc:513:run$1808 [1:0], B={ 1'1 $flatten\gold.$memory$auto$proc_rom.cc:155:do_switch$11$rdmux[0][5][7]$b$156 [0] }, Y=$flatten\gold.$memory$auto$proc_rom.cc:155:do_switch$11$rdmux[0][4][3]$b$96 [1:0]
      New connections: $flatten\gold.$memory$auto$proc_rom.cc:155:do_switch$11$rdmux[0][4][3]$b$96 [7:2] = 6'111111
    Consolidated identical input bits for $mux cell $flatten\gold.$memory$auto$proc_rom.cc:155:do_switch$11$rdmux[0][5][8]$157:
      Old ports: A=8'11111111, B=$flatten\gold.$memory$auto$proc_rom.cc:155:do_switch$11$rdmux[0][5][8]$b$159, Y=$flatten\gold.$memory$auto$proc_rom.cc:155:do_switch$11$rdmux[0][4][4]$a$98
      New ports: A=2'11, B=$flatten\gold.$memory$auto$proc_rom.cc:155:do_switch$11$rdmux[0][5][8]$b$159 [1:0], Y=$flatten\gold.$memory$auto$proc_rom.cc:155:do_switch$11$rdmux[0][4][4]$a$98 [1:0]
      New connections: $flatten\gold.$memory$auto$proc_rom.cc:155:do_switch$11$rdmux[0][4][4]$a$98 [7:2] = 6'111111
    Consolidated identical input bits for $mux cell $flatten\gold.$memory$auto$proc_rom.cc:155:do_switch$11$rdmux[0][5][9]$160:
      Old ports: A=$flatten\gold.$memory$auto$proc_rom.cc:155:do_switch$11$rdmux[0][5][9]$a$161, B=$flatten\gold.$memory$auto$proc_rom.cc:155:do_switch$11$rdmux[0][5][9]$b$162, Y=$flatten\gold.$memory$auto$proc_rom.cc:155:do_switch$11$rdmux[0][4][4]$b$99
      New ports: A={ 1'1 $flatten\gold.$memory$auto$proc_rom.cc:155:do_switch$11$rdmux[0][5][9]$a$161 [2:1] $auto$wreduce.cc:513:run$1735 [0] }, B=$flatten\gold.$memory$auto$proc_rom.cc:155:do_switch$11$rdmux[0][5][9]$b$162 [3:0], Y=$flatten\gold.$memory$auto$proc_rom.cc:155:do_switch$11$rdmux[0][4][4]$b$99 [3:0]
      New connections: $flatten\gold.$memory$auto$proc_rom.cc:155:do_switch$11$rdmux[0][4][4]$b$99 [7:4] = 4'1111
    Consolidated identical input bits for $mux cell $flatten\gold.$memory$auto$proc_rom.cc:155:do_switch$11$rdmux[0][6][26]$307:
      Old ports: A={ 5'10001 $auto$wreduce.cc:513:run$1750 [1:0] }, B=$auto$wreduce.cc:513:run$1777 [6:0], Y=$flatten\gold.$memory$auto$proc_rom.cc:155:do_switch$11$rdmux[0][5][13]$a$173 [6:0]
      New ports: A={ 3'101 $auto$wreduce.cc:513:run$1750 [1] 1'0 }, B={ $auto$wreduce.cc:513:run$1777 [0] $auto$wreduce.cc:513:run$1777 [1] $auto$wreduce.cc:513:run$1777 [1] $auto$wreduce.cc:513:run$1777 [1:0] }, Y={ $flatten\gold.$memory$auto$proc_rom.cc:155:do_switch$11$rdmux[0][5][13]$a$173 [6] $flatten\gold.$memory$auto$proc_rom.cc:155:do_switch$11$rdmux[0][5][13]$a$173 [3:0] }
      New connections: $flatten\gold.$memory$auto$proc_rom.cc:155:do_switch$11$rdmux[0][5][13]$a$173 [5:4] = { $flatten\gold.$memory$auto$proc_rom.cc:155:do_switch$11$rdmux[0][5][13]$a$173 [3] $flatten\gold.$memory$auto$proc_rom.cc:155:do_switch$11$rdmux[0][5][13]$a$173 [3] }
    Consolidated identical input bits for $mux cell $flatten\gold.$memory$auto$proc_rom.cc:155:do_switch$11$rdmux[0][6][28]$313:
      Old ports: A=$auto$wreduce.cc:513:run$1774 [4:0], B={ 1'0 $auto$wreduce.cc:513:run$1773 [3:0] }, Y=$flatten\gold.$memory$auto$proc_rom.cc:155:do_switch$11$rdmux[0][5][14]$a$176 [4:0]
      New ports: A={ $auto$wreduce.cc:513:run$1774 [4] $auto$wreduce.cc:513:run$1774 [0] 1'0 $auto$wreduce.cc:513:run$1774 [0] }, B={ 1'0 $auto$wreduce.cc:513:run$1773 [3] 1'1 $auto$wreduce.cc:513:run$1773 [0] }, Y={ $flatten\gold.$memory$auto$proc_rom.cc:155:do_switch$11$rdmux[0][5][14]$a$176 [4:3] $flatten\gold.$memory$auto$proc_rom.cc:155:do_switch$11$rdmux[0][5][14]$a$176 [1:0] }
      New connections: $flatten\gold.$memory$auto$proc_rom.cc:155:do_switch$11$rdmux[0][5][14]$a$176 [2] = $flatten\gold.$memory$auto$proc_rom.cc:155:do_switch$11$rdmux[0][5][14]$a$176 [0]
    Consolidated identical input bits for $mux cell $flatten\gold.$memory$auto$proc_rom.cc:155:do_switch$11$rdmux[0][6][2]$235:
      Old ports: A={ 4'0110 $auto$wreduce.cc:513:run$1696 [1:0] }, B=$auto$wreduce.cc:513:run$1769 [5:0], Y=$flatten\gold.$memory$auto$proc_rom.cc:155:do_switch$11$rdmux[0][5][1]$a$137 [5:0]
      New ports: A={ 3'010 $auto$wreduce.cc:513:run$1696 [0] $auto$wreduce.cc:513:run$1696 [0] }, B={ $auto$wreduce.cc:513:run$1769 [5] $auto$wreduce.cc:513:run$1769 [2] $auto$wreduce.cc:513:run$1769 [2] 2'10 }, Y={ $flatten\gold.$memory$auto$proc_rom.cc:155:do_switch$11$rdmux[0][5][1]$a$137 [5] $flatten\gold.$memory$auto$proc_rom.cc:155:do_switch$11$rdmux[0][5][1]$a$137 [3:0] }
      New connections: $flatten\gold.$memory$auto$proc_rom.cc:155:do_switch$11$rdmux[0][5][1]$a$137 [4] = $flatten\gold.$memory$auto$proc_rom.cc:155:do_switch$11$rdmux[0][5][1]$a$137 [3]
    Consolidated identical input bits for $mux cell $flatten\gold.$memory$auto$proc_rom.cc:155:do_switch$11$rdmux[0][6][30]$319:
      Old ports: A={ 1'1 $auto$wreduce.cc:513:run$1768 [3:0] }, B=$auto$wreduce.cc:513:run$1767 [4:0], Y=$flatten\gold.$memory$auto$proc_rom.cc:155:do_switch$11$rdmux[0][5][15]$a$179 [4:0]
      New ports: A={ 1'1 $auto$wreduce.cc:513:run$1768 [3] 1'0 $auto$wreduce.cc:513:run$1768 [0] }, B={ $auto$wreduce.cc:513:run$1767 [4] $auto$wreduce.cc:513:run$1767 [0] 1'1 $auto$wreduce.cc:513:run$1767 [0] }, Y={ $flatten\gold.$memory$auto$proc_rom.cc:155:do_switch$11$rdmux[0][5][15]$a$179 [4:3] $flatten\gold.$memory$auto$proc_rom.cc:155:do_switch$11$rdmux[0][5][15]$a$179 [1:0] }
      New connections: $flatten\gold.$memory$auto$proc_rom.cc:155:do_switch$11$rdmux[0][5][15]$a$179 [2] = $flatten\gold.$memory$auto$proc_rom.cc:155:do_switch$11$rdmux[0][5][15]$a$179 [0]
    Consolidated identical input bits for $mux cell $flatten\gold.$memory$auto$proc_rom.cc:155:do_switch$11$rdmux[0][6][32]$325:
      Old ports: A=$flatten\gold.$memory$auto$proc_rom.cc:155:do_switch$11$rdmux[0][6][32]$a$326, B={ 4'0111 $auto$wreduce.cc:513:run$1753 [3:0] }, Y=$flatten\gold.$memory$auto$proc_rom.cc:155:do_switch$11$rdmux[0][5][16]$a$182
      New ports: A={ $flatten\gold.$memory$auto$proc_rom.cc:155:do_switch$11$rdmux[0][6][32]$a$326 [7] $flatten\gold.$memory$auto$proc_rom.cc:155:do_switch$11$rdmux[0][6][32]$a$326 [2] $flatten\gold.$memory$auto$proc_rom.cc:155:do_switch$11$rdmux[0][6][32]$a$326 [2] $flatten\gold.$memory$auto$proc_rom.cc:155:do_switch$11$rdmux[0][6][32]$a$326 [2] 2'00 }, B={ 2'01 $auto$wreduce.cc:513:run$1753 [0] $auto$wreduce.cc:513:run$1753 [1] $auto$wreduce.cc:513:run$1753 [1:0] }, Y={ $flatten\gold.$memory$auto$proc_rom.cc:155:do_switch$11$rdmux[0][5][16]$a$182 [7] $flatten\gold.$memory$auto$proc_rom.cc:155:do_switch$11$rdmux[0][5][16]$a$182 [4:0] }
      New connections: $flatten\gold.$memory$auto$proc_rom.cc:155:do_switch$11$rdmux[0][5][16]$a$182 [6:5] = { $flatten\gold.$memory$auto$proc_rom.cc:155:do_switch$11$rdmux[0][5][16]$a$182 [4] $flatten\gold.$memory$auto$proc_rom.cc:155:do_switch$11$rdmux[0][5][16]$a$182 [4] }
    Consolidated identical input bits for $mux cell $flatten\gold.$memory$auto$proc_rom.cc:155:do_switch$11$rdmux[0][6][34]$331:
      Old ports: A={ 4'1001 $auto$wreduce.cc:513:run$1751 [1:0] }, B=$auto$wreduce.cc:513:run$1760 [5:0], Y=$flatten\gold.$memory$auto$proc_rom.cc:155:do_switch$11$rdmux[0][5][17]$a$185 [5:0]
      New ports: A={ 3'101 $auto$wreduce.cc:513:run$1751 [0] $auto$wreduce.cc:513:run$1751 [0] }, B={ $auto$wreduce.cc:513:run$1760 [5] $auto$wreduce.cc:513:run$1760 [2] $auto$wreduce.cc:513:run$1760 [2] 2'01 }, Y={ $flatten\gold.$memory$auto$proc_rom.cc:155:do_switch$11$rdmux[0][5][17]$a$185 [5] $flatten\gold.$memory$auto$proc_rom.cc:155:do_switch$11$rdmux[0][5][17]$a$185 [3:0] }
      New connections: $flatten\gold.$memory$auto$proc_rom.cc:155:do_switch$11$rdmux[0][5][17]$a$185 [4] = $flatten\gold.$memory$auto$proc_rom.cc:155:do_switch$11$rdmux[0][5][17]$a$185 [3]
    Consolidated identical input bits for $mux cell $flatten\gold.$memory$auto$proc_rom.cc:155:do_switch$11$rdmux[0][6][35]$334:
      Old ports: A={ 2'10 $auto$wreduce.cc:513:run$1750 [1:0] }, B={ 1'0 $auto$wreduce.cc:513:run$1758 [2:0] }, Y=$flatten\gold.$memory$auto$proc_rom.cc:155:do_switch$11$rdmux[0][5][17]$b$186 [3:0]
      New ports: A={ 1'1 $auto$wreduce.cc:513:run$1750 [1] 1'0 }, B={ 1'0 $auto$wreduce.cc:513:run$1758 [1:0] }, Y={ $flatten\gold.$memory$auto$proc_rom.cc:155:do_switch$11$rdmux[0][5][17]$b$186 [3] $flatten\gold.$memory$auto$proc_rom.cc:155:do_switch$11$rdmux[0][5][17]$b$186 [1:0] }
      New connections: $flatten\gold.$memory$auto$proc_rom.cc:155:do_switch$11$rdmux[0][5][17]$b$186 [2] = $flatten\gold.$memory$auto$proc_rom.cc:155:do_switch$11$rdmux[0][5][17]$b$186 [0]
    Consolidated identical input bits for $mux cell $flatten\gold.$memory$auto$proc_rom.cc:155:do_switch$11$rdmux[0][6][3]$238:
      Old ports: A={ 2'01 $auto$wreduce.cc:513:run$1695 [1:0] }, B={ 1'1 $auto$wreduce.cc:513:run$1704 [2:0] }, Y=$flatten\gold.$memory$auto$proc_rom.cc:155:do_switch$11$rdmux[0][5][1]$b$138 [3:0]
      New ports: A={ 1'0 $auto$wreduce.cc:513:run$1695 [1] 1'1 }, B={ 1'1 $auto$wreduce.cc:513:run$1704 [1:0] }, Y={ $flatten\gold.$memory$auto$proc_rom.cc:155:do_switch$11$rdmux[0][5][1]$b$138 [3] $flatten\gold.$memory$auto$proc_rom.cc:155:do_switch$11$rdmux[0][5][1]$b$138 [1:0] }
      New connections: $flatten\gold.$memory$auto$proc_rom.cc:155:do_switch$11$rdmux[0][5][1]$b$138 [2] = $flatten\gold.$memory$auto$proc_rom.cc:155:do_switch$11$rdmux[0][5][1]$b$138 [0]
    Consolidated identical input bits for $mux cell $flatten\gold.$memory$auto$proc_rom.cc:155:do_switch$11$rdmux[0][6][40]$349:
      Old ports: A={ 3'100 $auto$wreduce.cc:513:run$1745 [2:0] }, B=$auto$wreduce.cc:513:run$1746 [5:0], Y=$flatten\gold.$memory$auto$proc_rom.cc:155:do_switch$11$rdmux[0][5][20]$a$194 [5:0]
      New ports: A={ 2'10 $auto$wreduce.cc:513:run$1745 [2:1] }, B={ $auto$wreduce.cc:513:run$1746 [5] $auto$wreduce.cc:513:run$1746 [1] $auto$wreduce.cc:513:run$1746 [1] $auto$wreduce.cc:513:run$1746 [1] }, Y={ $flatten\gold.$memory$auto$proc_rom.cc:155:do_switch$11$rdmux[0][5][20]$a$194 [5] $flatten\gold.$memory$auto$proc_rom.cc:155:do_switch$11$rdmux[0][5][20]$a$194 [3:1] }
      New connections: { $flatten\gold.$memory$auto$proc_rom.cc:155:do_switch$11$rdmux[0][5][20]$a$194 [4] $flatten\gold.$memory$auto$proc_rom.cc:155:do_switch$11$rdmux[0][5][20]$a$194 [0] } = { $flatten\gold.$memory$auto$proc_rom.cc:155:do_switch$11$rdmux[0][5][20]$a$194 [3] 1'1 }
    Consolidated identical input bits for $mux cell $flatten\gold.$memory$auto$proc_rom.cc:155:do_switch$11$rdmux[0][6][41]$352:
      Old ports: A={ 1'1 $auto$wreduce.cc:513:run$1745 [2:0] }, B=$auto$wreduce.cc:513:run$1744 [3:0], Y=$flatten\gold.$memory$auto$proc_rom.cc:155:do_switch$11$rdmux[0][5][20]$b$195 [3:0]
      New ports: A={ 1'1 $auto$wreduce.cc:513:run$1745 [2:1] }, B={ $auto$wreduce.cc:513:run$1744 [3] $auto$wreduce.cc:513:run$1744 [1] $auto$wreduce.cc:513:run$1744 [1] }, Y=$flatten\gold.$memory$auto$proc_rom.cc:155:do_switch$11$rdmux[0][5][20]$b$195 [3:1]
      New connections: $flatten\gold.$memory$auto$proc_rom.cc:155:do_switch$11$rdmux[0][5][20]$b$195 [0] = 1'1
    Consolidated identical input bits for $mux cell $flatten\gold.$memory$auto$proc_rom.cc:155:do_switch$11$rdmux[0][6][58]$403:
      Old ports: A={ 5'01110 $auto$wreduce.cc:513:run$1695 [1:0] }, B=$auto$wreduce.cc:513:run$1711 [6:0], Y=$flatten\gold.$memory$auto$proc_rom.cc:155:do_switch$11$rdmux[0][5][29]$a$221 [6:0]
      New ports: A={ 3'010 $auto$wreduce.cc:513:run$1695 [1] 1'1 }, B={ $auto$wreduce.cc:513:run$1711 [0] $auto$wreduce.cc:513:run$1711 [1] $auto$wreduce.cc:513:run$1711 [1] $auto$wreduce.cc:513:run$1711 [1:0] }, Y={ $flatten\gold.$memory$auto$proc_rom.cc:155:do_switch$11$rdmux[0][5][29]$a$221 [6] $flatten\gold.$memory$auto$proc_rom.cc:155:do_switch$11$rdmux[0][5][29]$a$221 [3:0] }
      New connections: $flatten\gold.$memory$auto$proc_rom.cc:155:do_switch$11$rdmux[0][5][29]$a$221 [5:4] = { $flatten\gold.$memory$auto$proc_rom.cc:155:do_switch$11$rdmux[0][5][29]$a$221 [3] $flatten\gold.$memory$auto$proc_rom.cc:155:do_switch$11$rdmux[0][5][29]$a$221 [3] }
    Consolidated identical input bits for $mux cell $flatten\gold.$memory$auto$proc_rom.cc:155:do_switch$11$rdmux[0][6][60]$409:
      Old ports: A=$auto$wreduce.cc:513:run$1706 [4:0], B={ 1'1 $auto$wreduce.cc:513:run$1705 [3:0] }, Y=$flatten\gold.$memory$auto$proc_rom.cc:155:do_switch$11$rdmux[0][5][30]$a$224 [4:0]
      New ports: A={ $auto$wreduce.cc:513:run$1706 [4] $auto$wreduce.cc:513:run$1706 [0] 1'1 $auto$wreduce.cc:513:run$1706 [0] }, B={ 1'1 $auto$wreduce.cc:513:run$1705 [3] 1'0 $auto$wreduce.cc:513:run$1705 [0] }, Y={ $flatten\gold.$memory$auto$proc_rom.cc:155:do_switch$11$rdmux[0][5][30]$a$224 [4:3] $flatten\gold.$memory$auto$proc_rom.cc:155:do_switch$11$rdmux[0][5][30]$a$224 [1:0] }
      New connections: $flatten\gold.$memory$auto$proc_rom.cc:155:do_switch$11$rdmux[0][5][30]$a$224 [2] = $flatten\gold.$memory$auto$proc_rom.cc:155:do_switch$11$rdmux[0][5][30]$a$224 [0]
    Consolidated identical input bits for $mux cell $flatten\gold.$memory$auto$proc_rom.cc:155:do_switch$11$rdmux[0][6][62]$415:
      Old ports: A={ 1'0 $auto$wreduce.cc:513:run$1702 [3:0] }, B=$auto$wreduce.cc:513:run$1701 [4:0], Y=$flatten\gold.$memory$auto$proc_rom.cc:155:do_switch$11$rdmux[0][5][31]$a$227 [4:0]
      New ports: A={ 1'0 $auto$wreduce.cc:513:run$1702 [3] 1'1 $auto$wreduce.cc:513:run$1702 [0] }, B={ $auto$wreduce.cc:513:run$1701 [4] $auto$wreduce.cc:513:run$1701 [0] 1'0 $auto$wreduce.cc:513:run$1701 [0] }, Y={ $flatten\gold.$memory$auto$proc_rom.cc:155:do_switch$11$rdmux[0][5][31]$a$227 [4:3] $flatten\gold.$memory$auto$proc_rom.cc:155:do_switch$11$rdmux[0][5][31]$a$227 [1:0] }
      New connections: $flatten\gold.$memory$auto$proc_rom.cc:155:do_switch$11$rdmux[0][5][31]$a$227 [2] = $flatten\gold.$memory$auto$proc_rom.cc:155:do_switch$11$rdmux[0][5][31]$a$227 [0]
    Consolidated identical input bits for $mux cell $flatten\gold.$memory$auto$proc_rom.cc:155:do_switch$11$rdmux[0][6][8]$253:
      Old ports: A={ 3'011 $auto$wreduce.cc:513:run$1692 [2:0] }, B=$auto$wreduce.cc:513:run$1693 [5:0], Y=$flatten\gold.$memory$auto$proc_rom.cc:155:do_switch$11$rdmux[0][5][4]$a$146 [5:0]
      New ports: A={ 2'01 $auto$wreduce.cc:513:run$1692 [2:1] }, B={ $auto$wreduce.cc:513:run$1693 [5] $auto$wreduce.cc:513:run$1693 [1] $auto$wreduce.cc:513:run$1693 [1] $auto$wreduce.cc:513:run$1693 [1] }, Y={ $flatten\gold.$memory$auto$proc_rom.cc:155:do_switch$11$rdmux[0][5][4]$a$146 [5] $flatten\gold.$memory$auto$proc_rom.cc:155:do_switch$11$rdmux[0][5][4]$a$146 [3:1] }
      New connections: { $flatten\gold.$memory$auto$proc_rom.cc:155:do_switch$11$rdmux[0][5][4]$a$146 [4] $flatten\gold.$memory$auto$proc_rom.cc:155:do_switch$11$rdmux[0][5][4]$a$146 [0] } = { $flatten\gold.$memory$auto$proc_rom.cc:155:do_switch$11$rdmux[0][5][4]$a$146 [3] 1'0 }
    Consolidated identical input bits for $mux cell $flatten\gold.$memory$auto$proc_rom.cc:155:do_switch$11$rdmux[0][6][9]$256:
      Old ports: A={ 1'0 $auto$wreduce.cc:513:run$1692 [2:0] }, B=$auto$wreduce.cc:513:run$1691 [3:0], Y=$flatten\gold.$memory$auto$proc_rom.cc:155:do_switch$11$rdmux[0][5][4]$b$147 [3:0]
      New ports: A={ 1'0 $auto$wreduce.cc:513:run$1692 [2:1] }, B={ $auto$wreduce.cc:513:run$1691 [3] $auto$wreduce.cc:513:run$1691 [1] $auto$wreduce.cc:513:run$1691 [1] }, Y=$flatten\gold.$memory$auto$proc_rom.cc:155:do_switch$11$rdmux[0][5][4]$b$147 [3:1]
      New connections: $flatten\gold.$memory$auto$proc_rom.cc:155:do_switch$11$rdmux[0][5][4]$b$147 [0] = 1'0
  Optimizing cells in module \miter.
    Consolidated identical input bits for $mux cell $flatten\gate.$memory$auto$proc_rom.cc:155:do_switch$11$rdmux[0][4][0]$853:
      Old ports: A=$flatten\gate.$memory$auto$proc_rom.cc:155:do_switch$11$rdmux[0][4][0]$a$854, B=$flatten\gate.$memory$auto$proc_rom.cc:155:do_switch$11$rdmux[0][4][0]$b$855, Y=$flatten\gate.$memory$auto$proc_rom.cc:155:do_switch$11$rdmux[0][3][0]$a$830
      New ports: A={ 1'0 $flatten\gate.$memory$auto$proc_rom.cc:155:do_switch$11$rdmux[0][4][0]$a$854 [4:0] }, B=$flatten\gate.$memory$auto$proc_rom.cc:155:do_switch$11$rdmux[0][4][0]$b$855 [5:0], Y=$flatten\gate.$memory$auto$proc_rom.cc:155:do_switch$11$rdmux[0][3][0]$a$830 [5:0]
      New connections: $flatten\gate.$memory$auto$proc_rom.cc:155:do_switch$11$rdmux[0][3][0]$a$830 [7:6] = 2'10
    Consolidated identical input bits for $mux cell $flatten\gate.$memory$auto$proc_rom.cc:155:do_switch$11$rdmux[0][4][10]$883:
      Old ports: A=$flatten\gate.$memory$auto$proc_rom.cc:155:do_switch$11$rdmux[0][4][10]$a$884, B=$flatten\gate.$memory$auto$proc_rom.cc:155:do_switch$11$rdmux[0][4][10]$b$885, Y=$flatten\gate.$memory$auto$proc_rom.cc:155:do_switch$11$rdmux[0][3][5]$a$845
      New ports: A=$flatten\gate.$memory$auto$proc_rom.cc:155:do_switch$11$rdmux[0][4][10]$a$884 [5:0], B={ 1'0 $flatten\gate.$memory$auto$proc_rom.cc:155:do_switch$11$rdmux[0][4][10]$b$885 [4:0] }, Y=$flatten\gate.$memory$auto$proc_rom.cc:155:do_switch$11$rdmux[0][3][5]$a$845 [5:0]
      New connections: $flatten\gate.$memory$auto$proc_rom.cc:155:do_switch$11$rdmux[0][3][5]$a$845 [7:6] = 2'00
    Consolidated identical input bits for $mux cell $flatten\gate.$memory$auto$proc_rom.cc:155:do_switch$11$rdmux[0][4][11]$886:
      Old ports: A=$flatten\gate.$memory$auto$proc_rom.cc:155:do_switch$11$rdmux[0][4][11]$a$887, B=$flatten\gate.$memory$auto$proc_rom.cc:155:do_switch$11$rdmux[0][4][11]$b$888, Y=$flatten\gate.$memory$auto$proc_rom.cc:155:do_switch$11$rdmux[0][3][5]$b$846
      New ports: A=$flatten\gate.$memory$auto$proc_rom.cc:155:do_switch$11$rdmux[0][4][11]$a$887 [3:0], B={ 2'00 $flatten\gate.$memory$auto$proc_rom.cc:155:do_switch$11$rdmux[0][4][11]$b$888 [1:0] }, Y=$flatten\gate.$memory$auto$proc_rom.cc:155:do_switch$11$rdmux[0][3][5]$b$846 [3:0]
      New connections: $flatten\gate.$memory$auto$proc_rom.cc:155:do_switch$11$rdmux[0][3][5]$b$846 [7:4] = 4'0000
    Consolidated identical input bits for $mux cell $flatten\gate.$memory$auto$proc_rom.cc:155:do_switch$11$rdmux[0][4][12]$889:
      Old ports: A=$flatten\gate.$memory$auto$proc_rom.cc:155:do_switch$11$rdmux[0][4][12]$a$890, B=$flatten\gate.$memory$auto$proc_rom.cc:155:do_switch$11$rdmux[0][4][12]$b$891, Y=$flatten\gate.$memory$auto$proc_rom.cc:155:do_switch$11$rdmux[0][3][6]$a$848
      New ports: A={ 2'00 $flatten\gate.$memory$auto$proc_rom.cc:155:do_switch$11$rdmux[0][4][12]$a$890 [1:0] }, B=$flatten\gate.$memory$auto$proc_rom.cc:155:do_switch$11$rdmux[0][4][12]$b$891 [3:0], Y=$flatten\gate.$memory$auto$proc_rom.cc:155:do_switch$11$rdmux[0][3][6]$a$848 [3:0]
      New connections: $flatten\gate.$memory$auto$proc_rom.cc:155:do_switch$11$rdmux[0][3][6]$a$848 [7:4] = 4'0000
    Consolidated identical input bits for $mux cell $flatten\gate.$memory$auto$proc_rom.cc:155:do_switch$11$rdmux[0][4][13]$892:
      Old ports: A=$flatten\gate.$memory$auto$proc_rom.cc:155:do_switch$11$rdmux[0][4][13]$a$893, B=$flatten\gate.$memory$auto$proc_rom.cc:155:do_switch$11$rdmux[0][4][13]$b$894, Y=$flatten\gate.$memory$auto$proc_rom.cc:155:do_switch$11$rdmux[0][3][6]$b$849
      New ports: A={ 1'0 $flatten\gate.$memory$auto$proc_rom.cc:155:do_switch$11$rdmux[0][4][13]$a$893 [4:0] }, B={ $flatten\gate.$memory$auto$proc_rom.cc:155:do_switch$11$rdmux[0][4][13]$b$894 [5:2] $auto$wreduce.cc:513:run$1583 [1] 1'1 }, Y=$flatten\gate.$memory$auto$proc_rom.cc:155:do_switch$11$rdmux[0][3][6]$b$849 [5:0]
      New connections: $flatten\gate.$memory$auto$proc_rom.cc:155:do_switch$11$rdmux[0][3][6]$b$849 [7:6] = 2'00
    Consolidated identical input bits for $mux cell $flatten\gate.$memory$auto$proc_rom.cc:155:do_switch$11$rdmux[0][4][14]$895:
      Old ports: A=$flatten\gate.$memory$auto$proc_rom.cc:155:do_switch$11$rdmux[0][4][14]$a$896, B=$flatten\gate.$memory$auto$proc_rom.cc:155:do_switch$11$rdmux[0][4][14]$b$897, Y=$flatten\gate.$memory$auto$proc_rom.cc:155:do_switch$11$rdmux[0][3][7]$a$851
      New ports: A={ 2'01 $flatten\gate.$memory$auto$proc_rom.cc:155:do_switch$11$rdmux[0][4][14]$a$896 [4:0] }, B=$flatten\gate.$memory$auto$proc_rom.cc:155:do_switch$11$rdmux[0][4][14]$b$897 [6:0], Y=$flatten\gate.$memory$auto$proc_rom.cc:155:do_switch$11$rdmux[0][3][7]$a$851 [6:0]
      New connections: $flatten\gate.$memory$auto$proc_rom.cc:155:do_switch$11$rdmux[0][3][7]$a$851 [7] = 1'0
    Consolidated identical input bits for $mux cell $flatten\gate.$memory$auto$proc_rom.cc:155:do_switch$11$rdmux[0][4][15]$898:
      Old ports: A=$flatten\gate.$memory$auto$proc_rom.cc:155:do_switch$11$rdmux[0][4][15]$a$899, B=$flatten\gate.$memory$auto$proc_rom.cc:155:do_switch$11$rdmux[0][4][15]$b$900, Y=$flatten\gate.$memory$auto$proc_rom.cc:155:do_switch$11$rdmux[0][3][7]$b$852
      New ports: A=$flatten\gate.$memory$auto$proc_rom.cc:155:do_switch$11$rdmux[0][4][15]$a$899 [5:0], B={ 1'1 $flatten\gate.$memory$auto$proc_rom.cc:155:do_switch$11$rdmux[0][4][15]$b$900 [4:0] }, Y=$flatten\gate.$memory$auto$proc_rom.cc:155:do_switch$11$rdmux[0][3][7]$b$852 [5:0]
      New connections: $flatten\gate.$memory$auto$proc_rom.cc:155:do_switch$11$rdmux[0][3][7]$b$852 [7:6] = 2'01
    Consolidated identical input bits for $mux cell $flatten\gate.$memory$auto$proc_rom.cc:155:do_switch$11$rdmux[0][4][1]$856:
      Old ports: A=$flatten\gate.$memory$auto$proc_rom.cc:155:do_switch$11$rdmux[0][4][1]$a$857, B=$flatten\gate.$memory$auto$proc_rom.cc:155:do_switch$11$rdmux[0][4][1]$b$858, Y=$flatten\gate.$memory$auto$proc_rom.cc:155:do_switch$11$rdmux[0][3][0]$b$831
      New ports: A={ $flatten\gate.$memory$auto$proc_rom.cc:155:do_switch$11$rdmux[0][4][1]$a$857 [6] $flatten\gate.$memory$auto$proc_rom.cc:155:do_switch$11$rdmux[0][4][1]$a$857 [4] $flatten\gate.$memory$auto$proc_rom.cc:155:do_switch$11$rdmux[0][4][1]$a$857 [4:0] }, B={ 2'10 $flatten\gate.$memory$auto$proc_rom.cc:155:do_switch$11$rdmux[0][4][1]$b$858 [4:0] }, Y=$flatten\gate.$memory$auto$proc_rom.cc:155:do_switch$11$rdmux[0][3][0]$b$831 [6:0]
      New connections: $flatten\gate.$memory$auto$proc_rom.cc:155:do_switch$11$rdmux[0][3][0]$b$831 [7] = 1'1
    Consolidated identical input bits for $mux cell $flatten\gate.$memory$auto$proc_rom.cc:155:do_switch$11$rdmux[0][4][2]$859:
      Old ports: A=$flatten\gate.$memory$auto$proc_rom.cc:155:do_switch$11$rdmux[0][4][2]$a$860, B=$flatten\gate.$memory$auto$proc_rom.cc:155:do_switch$11$rdmux[0][4][2]$b$861, Y=$flatten\gate.$memory$auto$proc_rom.cc:155:do_switch$11$rdmux[0][3][1]$a$833
      New ports: A=$flatten\gate.$memory$auto$proc_rom.cc:155:do_switch$11$rdmux[0][4][2]$a$860 [5:0], B={ 1'1 $flatten\gate.$memory$auto$proc_rom.cc:155:do_switch$11$rdmux[0][4][2]$b$861 [4:0] }, Y=$flatten\gate.$memory$auto$proc_rom.cc:155:do_switch$11$rdmux[0][3][1]$a$833 [5:0]
      New connections: $flatten\gate.$memory$auto$proc_rom.cc:155:do_switch$11$rdmux[0][3][1]$a$833 [7:6] = 2'11
    Consolidated identical input bits for $mux cell $flatten\gate.$memory$auto$proc_rom.cc:155:do_switch$11$rdmux[0][4][3]$862:
      Old ports: A=$flatten\gate.$memory$auto$proc_rom.cc:155:do_switch$11$rdmux[0][4][3]$a$863, B=$flatten\gate.$memory$auto$proc_rom.cc:155:do_switch$11$rdmux[0][4][3]$b$864, Y=$flatten\gate.$memory$auto$proc_rom.cc:155:do_switch$11$rdmux[0][3][1]$b$834
      New ports: A=$flatten\gate.$memory$auto$proc_rom.cc:155:do_switch$11$rdmux[0][4][3]$a$863 [3:0], B={ 2'11 $flatten\gate.$memory$auto$proc_rom.cc:155:do_switch$11$rdmux[0][4][3]$b$864 [1:0] }, Y=$flatten\gate.$memory$auto$proc_rom.cc:155:do_switch$11$rdmux[0][3][1]$b$834 [3:0]
      New connections: $flatten\gate.$memory$auto$proc_rom.cc:155:do_switch$11$rdmux[0][3][1]$b$834 [7:4] = 4'1111
    Consolidated identical input bits for $mux cell $flatten\gate.$memory$auto$proc_rom.cc:155:do_switch$11$rdmux[0][4][4]$865:
      Old ports: A=$flatten\gate.$memory$auto$proc_rom.cc:155:do_switch$11$rdmux[0][4][4]$a$866, B=$flatten\gate.$memory$auto$proc_rom.cc:155:do_switch$11$rdmux[0][4][4]$b$867, Y=$flatten\gate.$memory$auto$proc_rom.cc:155:do_switch$11$rdmux[0][3][2]$a$836
      New ports: A={ 2'11 $flatten\gate.$memory$auto$proc_rom.cc:155:do_switch$11$rdmux[0][4][4]$a$866 [1:0] }, B=$flatten\gate.$memory$auto$proc_rom.cc:155:do_switch$11$rdmux[0][4][4]$b$867 [3:0], Y=$flatten\gate.$memory$auto$proc_rom.cc:155:do_switch$11$rdmux[0][3][2]$a$836 [3:0]
      New connections: $flatten\gate.$memory$auto$proc_rom.cc:155:do_switch$11$rdmux[0][3][2]$a$836 [7:4] = 4'1111
    Consolidated identical input bits for $mux cell $flatten\gate.$memory$auto$proc_rom.cc:155:do_switch$11$rdmux[0][4][5]$868:
      Old ports: A=$flatten\gate.$memory$auto$proc_rom.cc:155:do_switch$11$rdmux[0][4][5]$a$869, B=$flatten\gate.$memory$auto$proc_rom.cc:155:do_switch$11$rdmux[0][4][5]$b$870, Y=$flatten\gate.$memory$auto$proc_rom.cc:155:do_switch$11$rdmux[0][3][2]$b$837
      New ports: A={ 1'1 $flatten\gate.$memory$auto$proc_rom.cc:155:do_switch$11$rdmux[0][4][5]$a$869 [4:0] }, B={ $flatten\gate.$memory$auto$proc_rom.cc:155:do_switch$11$rdmux[0][4][5]$b$870 [5:2] $auto$wreduce.cc:513:run$1617 [1] 1'0 }, Y=$flatten\gate.$memory$auto$proc_rom.cc:155:do_switch$11$rdmux[0][3][2]$b$837 [5:0]
      New connections: $flatten\gate.$memory$auto$proc_rom.cc:155:do_switch$11$rdmux[0][3][2]$b$837 [7:6] = 2'11
    Consolidated identical input bits for $mux cell $flatten\gate.$memory$auto$proc_rom.cc:155:do_switch$11$rdmux[0][4][6]$871:
      Old ports: A=$flatten\gate.$memory$auto$proc_rom.cc:155:do_switch$11$rdmux[0][4][6]$a$872, B=$flatten\gate.$memory$auto$proc_rom.cc:155:do_switch$11$rdmux[0][4][6]$b$873, Y=$flatten\gate.$memory$auto$proc_rom.cc:155:do_switch$11$rdmux[0][3][3]$a$839
      New ports: A={ 2'10 $flatten\gate.$memory$auto$proc_rom.cc:155:do_switch$11$rdmux[0][4][6]$a$872 [4:0] }, B=$flatten\gate.$memory$auto$proc_rom.cc:155:do_switch$11$rdmux[0][4][6]$b$873 [6:0], Y=$flatten\gate.$memory$auto$proc_rom.cc:155:do_switch$11$rdmux[0][3][3]$a$839 [6:0]
      New connections: $flatten\gate.$memory$auto$proc_rom.cc:155:do_switch$11$rdmux[0][3][3]$a$839 [7] = 1'1
    Consolidated identical input bits for $mux cell $flatten\gate.$memory$auto$proc_rom.cc:155:do_switch$11$rdmux[0][4][7]$874:
      Old ports: A=$flatten\gate.$memory$auto$proc_rom.cc:155:do_switch$11$rdmux[0][4][7]$a$875, B=$flatten\gate.$memory$auto$proc_rom.cc:155:do_switch$11$rdmux[0][4][7]$b$876, Y=$flatten\gate.$memory$auto$proc_rom.cc:155:do_switch$11$rdmux[0][3][3]$b$840
      New ports: A=$flatten\gate.$memory$auto$proc_rom.cc:155:do_switch$11$rdmux[0][4][7]$a$875 [5:0], B={ 1'0 $flatten\gate.$memory$auto$proc_rom.cc:155:do_switch$11$rdmux[0][4][7]$b$876 [4:0] }, Y=$flatten\gate.$memory$auto$proc_rom.cc:155:do_switch$11$rdmux[0][3][3]$b$840 [5:0]
      New connections: $flatten\gate.$memory$auto$proc_rom.cc:155:do_switch$11$rdmux[0][3][3]$b$840 [7:6] = 2'10
    Consolidated identical input bits for $mux cell $flatten\gate.$memory$auto$proc_rom.cc:155:do_switch$11$rdmux[0][4][9]$880:
      Old ports: A=$flatten\gate.$memory$auto$proc_rom.cc:155:do_switch$11$rdmux[0][4][9]$a$881, B=$flatten\gate.$memory$auto$proc_rom.cc:155:do_switch$11$rdmux[0][4][9]$b$882, Y=$flatten\gate.$memory$auto$proc_rom.cc:155:do_switch$11$rdmux[0][3][4]$b$843
      New ports: A={ $flatten\gate.$memory$auto$proc_rom.cc:155:do_switch$11$rdmux[0][4][9]$a$881 [6] $flatten\gate.$memory$auto$proc_rom.cc:155:do_switch$11$rdmux[0][4][9]$a$881 [4] $flatten\gate.$memory$auto$proc_rom.cc:155:do_switch$11$rdmux[0][4][9]$a$881 [4:0] }, B={ 2'01 $flatten\gate.$memory$auto$proc_rom.cc:155:do_switch$11$rdmux[0][4][9]$b$882 [4:0] }, Y=$flatten\gate.$memory$auto$proc_rom.cc:155:do_switch$11$rdmux[0][3][4]$b$843 [6:0]
      New connections: $flatten\gate.$memory$auto$proc_rom.cc:155:do_switch$11$rdmux[0][3][4]$b$843 [7] = 1'0
    Consolidated identical input bits for $mux cell $flatten\gate.$memory$auto$proc_rom.cc:155:do_switch$11$rdmux[0][5][13]$940:
      Old ports: A=$flatten\gate.$memory$auto$proc_rom.cc:155:do_switch$11$rdmux[0][5][13]$a$941 [6:0], B={ 3'011 $flatten\gate.$memory$auto$proc_rom.cc:155:do_switch$11$rdmux[0][5][13]$b$942 [3:0] }, Y=$flatten\gate.$memory$auto$proc_rom.cc:155:do_switch$11$rdmux[0][4][6]$b$873 [6:0]
      New ports: A={ $flatten\gate.$memory$auto$proc_rom.cc:155:do_switch$11$rdmux[0][5][13]$a$941 [6] $flatten\gate.$memory$auto$proc_rom.cc:155:do_switch$11$rdmux[0][5][13]$a$941 [3] $flatten\gate.$memory$auto$proc_rom.cc:155:do_switch$11$rdmux[0][5][13]$a$941 [3:0] }, B={ 2'01 $flatten\gate.$memory$auto$proc_rom.cc:155:do_switch$11$rdmux[0][5][13]$b$942 [3:0] }, Y={ $flatten\gate.$memory$auto$proc_rom.cc:155:do_switch$11$rdmux[0][4][6]$b$873 [6] $flatten\gate.$memory$auto$proc_rom.cc:155:do_switch$11$rdmux[0][4][6]$b$873 [4:0] }
      New connections: $flatten\gate.$memory$auto$proc_rom.cc:155:do_switch$11$rdmux[0][4][6]$b$873 [5] = $flatten\gate.$memory$auto$proc_rom.cc:155:do_switch$11$rdmux[0][4][6]$b$873 [4]
    Consolidated identical input bits for $mux cell $flatten\gate.$memory$auto$proc_rom.cc:155:do_switch$11$rdmux[0][5][16]$949:
      Old ports: A=$flatten\gate.$memory$auto$proc_rom.cc:155:do_switch$11$rdmux[0][5][16]$a$950, B=$flatten\gate.$memory$auto$proc_rom.cc:155:do_switch$11$rdmux[0][5][16]$b$951, Y=$flatten\gate.$memory$auto$proc_rom.cc:155:do_switch$11$rdmux[0][4][8]$a$878
      New ports: A={ $flatten\gate.$memory$auto$proc_rom.cc:155:do_switch$11$rdmux[0][5][16]$a$950 [7] $flatten\gate.$memory$auto$proc_rom.cc:155:do_switch$11$rdmux[0][5][16]$a$950 [4] $flatten\gate.$memory$auto$proc_rom.cc:155:do_switch$11$rdmux[0][5][16]$a$950 [4:0] }, B={ 2'01 $flatten\gate.$memory$auto$proc_rom.cc:155:do_switch$11$rdmux[0][5][16]$b$951 [4:0] }, Y={ $flatten\gate.$memory$auto$proc_rom.cc:155:do_switch$11$rdmux[0][4][8]$a$878 [7] $flatten\gate.$memory$auto$proc_rom.cc:155:do_switch$11$rdmux[0][4][8]$a$878 [5:0] }
      New connections: $flatten\gate.$memory$auto$proc_rom.cc:155:do_switch$11$rdmux[0][4][8]$a$878 [6] = $flatten\gate.$memory$auto$proc_rom.cc:155:do_switch$11$rdmux[0][4][8]$a$878 [5]
    Consolidated identical input bits for $mux cell $flatten\gate.$memory$auto$proc_rom.cc:155:do_switch$11$rdmux[0][5][20]$961:
      Old ports: A=$flatten\gate.$memory$auto$proc_rom.cc:155:do_switch$11$rdmux[0][5][20]$a$962 [5:0], B={ 2'01 $flatten\gate.$memory$auto$proc_rom.cc:155:do_switch$11$rdmux[0][5][20]$b$963 [3:0] }, Y=$flatten\gate.$memory$auto$proc_rom.cc:155:do_switch$11$rdmux[0][4][10]$a$884 [5:0]
      New ports: A={ $flatten\gate.$memory$auto$proc_rom.cc:155:do_switch$11$rdmux[0][5][20]$a$962 [5] $flatten\gate.$memory$auto$proc_rom.cc:155:do_switch$11$rdmux[0][5][20]$a$962 [3] $flatten\gate.$memory$auto$proc_rom.cc:155:do_switch$11$rdmux[0][5][20]$a$962 [3:1] }, B={ 2'01 $flatten\gate.$memory$auto$proc_rom.cc:155:do_switch$11$rdmux[0][5][20]$b$963 [3:1] }, Y=$flatten\gate.$memory$auto$proc_rom.cc:155:do_switch$11$rdmux[0][4][10]$a$884 [5:1]
      New connections: $flatten\gate.$memory$auto$proc_rom.cc:155:do_switch$11$rdmux[0][4][10]$a$884 [0] = 1'1
    Consolidated identical input bits for $mux cell $flatten\gate.$memory$auto$proc_rom.cc:155:do_switch$11$rdmux[0][5][29]$988:
      Old ports: A=$flatten\gate.$memory$auto$proc_rom.cc:155:do_switch$11$rdmux[0][5][29]$a$989 [6:0], B={ 3'100 $flatten\gate.$memory$auto$proc_rom.cc:155:do_switch$11$rdmux[0][5][29]$b$990 [3:0] }, Y=$flatten\gate.$memory$auto$proc_rom.cc:155:do_switch$11$rdmux[0][4][14]$b$897 [6:0]
      New ports: A={ $flatten\gate.$memory$auto$proc_rom.cc:155:do_switch$11$rdmux[0][5][29]$a$989 [6] $flatten\gate.$memory$auto$proc_rom.cc:155:do_switch$11$rdmux[0][5][29]$a$989 [3] $flatten\gate.$memory$auto$proc_rom.cc:155:do_switch$11$rdmux[0][5][29]$a$989 [3:0] }, B={ 2'10 $flatten\gate.$memory$auto$proc_rom.cc:155:do_switch$11$rdmux[0][5][29]$b$990 [3:0] }, Y={ $flatten\gate.$memory$auto$proc_rom.cc:155:do_switch$11$rdmux[0][4][14]$b$897 [6] $flatten\gate.$memory$auto$proc_rom.cc:155:do_switch$11$rdmux[0][4][14]$b$897 [4:0] }
      New connections: $flatten\gate.$memory$auto$proc_rom.cc:155:do_switch$11$rdmux[0][4][14]$b$897 [5] = $flatten\gate.$memory$auto$proc_rom.cc:155:do_switch$11$rdmux[0][4][14]$b$897 [4]
    Consolidated identical input bits for $mux cell $flatten\gate.$memory$auto$proc_rom.cc:155:do_switch$11$rdmux[0][5][4]$913:
      Old ports: A=$flatten\gate.$memory$auto$proc_rom.cc:155:do_switch$11$rdmux[0][5][4]$a$914 [5:0], B={ 2'10 $flatten\gate.$memory$auto$proc_rom.cc:155:do_switch$11$rdmux[0][5][4]$b$915 [3:0] }, Y=$flatten\gate.$memory$auto$proc_rom.cc:155:do_switch$11$rdmux[0][4][2]$a$860 [5:0]
      New ports: A={ $flatten\gate.$memory$auto$proc_rom.cc:155:do_switch$11$rdmux[0][5][4]$a$914 [5] $flatten\gate.$memory$auto$proc_rom.cc:155:do_switch$11$rdmux[0][5][4]$a$914 [3] $flatten\gate.$memory$auto$proc_rom.cc:155:do_switch$11$rdmux[0][5][4]$a$914 [3:1] }, B={ 2'10 $flatten\gate.$memory$auto$proc_rom.cc:155:do_switch$11$rdmux[0][5][4]$b$915 [3:1] }, Y=$flatten\gate.$memory$auto$proc_rom.cc:155:do_switch$11$rdmux[0][4][2]$a$860 [5:1]
      New connections: $flatten\gate.$memory$auto$proc_rom.cc:155:do_switch$11$rdmux[0][4][2]$a$860 [0] = 1'0
    Consolidated identical input bits for $mux cell $flatten\gold.$memory$auto$proc_rom.cc:155:do_switch$11$rdmux[0][4][0]$85:
      Old ports: A=$flatten\gold.$memory$auto$proc_rom.cc:155:do_switch$11$rdmux[0][4][0]$a$86, B=$flatten\gold.$memory$auto$proc_rom.cc:155:do_switch$11$rdmux[0][4][0]$b$87, Y=$flatten\gold.$memory$auto$proc_rom.cc:155:do_switch$11$rdmux[0][3][0]$a$62
      New ports: A={ 1'0 $flatten\gold.$memory$auto$proc_rom.cc:155:do_switch$11$rdmux[0][4][0]$a$86 [4:0] }, B=$flatten\gold.$memory$auto$proc_rom.cc:155:do_switch$11$rdmux[0][4][0]$b$87 [5:0], Y=$flatten\gold.$memory$auto$proc_rom.cc:155:do_switch$11$rdmux[0][3][0]$a$62 [5:0]
      New connections: $flatten\gold.$memory$auto$proc_rom.cc:155:do_switch$11$rdmux[0][3][0]$a$62 [7:6] = 2'10
    Consolidated identical input bits for $mux cell $flatten\gold.$memory$auto$proc_rom.cc:155:do_switch$11$rdmux[0][4][10]$115:
      Old ports: A=$flatten\gold.$memory$auto$proc_rom.cc:155:do_switch$11$rdmux[0][4][10]$a$116, B=$flatten\gold.$memory$auto$proc_rom.cc:155:do_switch$11$rdmux[0][4][10]$b$117, Y=$flatten\gold.$memory$auto$proc_rom.cc:155:do_switch$11$rdmux[0][3][5]$a$77
      New ports: A=$flatten\gold.$memory$auto$proc_rom.cc:155:do_switch$11$rdmux[0][4][10]$a$116 [5:0], B={ 1'0 $flatten\gold.$memory$auto$proc_rom.cc:155:do_switch$11$rdmux[0][4][10]$b$117 [4:0] }, Y=$flatten\gold.$memory$auto$proc_rom.cc:155:do_switch$11$rdmux[0][3][5]$a$77 [5:0]
      New connections: $flatten\gold.$memory$auto$proc_rom.cc:155:do_switch$11$rdmux[0][3][5]$a$77 [7:6] = 2'00
    Consolidated identical input bits for $mux cell $flatten\gold.$memory$auto$proc_rom.cc:155:do_switch$11$rdmux[0][4][11]$118:
      Old ports: A=$flatten\gold.$memory$auto$proc_rom.cc:155:do_switch$11$rdmux[0][4][11]$a$119, B=$flatten\gold.$memory$auto$proc_rom.cc:155:do_switch$11$rdmux[0][4][11]$b$120, Y=$flatten\gold.$memory$auto$proc_rom.cc:155:do_switch$11$rdmux[0][3][5]$b$78
      New ports: A=$flatten\gold.$memory$auto$proc_rom.cc:155:do_switch$11$rdmux[0][4][11]$a$119 [3:0], B={ 2'00 $flatten\gold.$memory$auto$proc_rom.cc:155:do_switch$11$rdmux[0][4][11]$b$120 [1:0] }, Y=$flatten\gold.$memory$auto$proc_rom.cc:155:do_switch$11$rdmux[0][3][5]$b$78 [3:0]
      New connections: $flatten\gold.$memory$auto$proc_rom.cc:155:do_switch$11$rdmux[0][3][5]$b$78 [7:4] = 4'0000
    Consolidated identical input bits for $mux cell $flatten\gold.$memory$auto$proc_rom.cc:155:do_switch$11$rdmux[0][4][12]$121:
      Old ports: A=$flatten\gold.$memory$auto$proc_rom.cc:155:do_switch$11$rdmux[0][4][12]$a$122, B=$flatten\gold.$memory$auto$proc_rom.cc:155:do_switch$11$rdmux[0][4][12]$b$123, Y=$flatten\gold.$memory$auto$proc_rom.cc:155:do_switch$11$rdmux[0][3][6]$a$80
      New ports: A={ 2'00 $flatten\gold.$memory$auto$proc_rom.cc:155:do_switch$11$rdmux[0][4][12]$a$122 [1:0] }, B=$flatten\gold.$memory$auto$proc_rom.cc:155:do_switch$11$rdmux[0][4][12]$b$123 [3:0], Y=$flatten\gold.$memory$auto$proc_rom.cc:155:do_switch$11$rdmux[0][3][6]$a$80 [3:0]
      New connections: $flatten\gold.$memory$auto$proc_rom.cc:155:do_switch$11$rdmux[0][3][6]$a$80 [7:4] = 4'0000
    Consolidated identical input bits for $mux cell $flatten\gold.$memory$auto$proc_rom.cc:155:do_switch$11$rdmux[0][4][13]$124:
      Old ports: A=$flatten\gold.$memory$auto$proc_rom.cc:155:do_switch$11$rdmux[0][4][13]$a$125, B=$flatten\gold.$memory$auto$proc_rom.cc:155:do_switch$11$rdmux[0][4][13]$b$126, Y=$flatten\gold.$memory$auto$proc_rom.cc:155:do_switch$11$rdmux[0][3][6]$b$81
      New ports: A={ 1'0 $flatten\gold.$memory$auto$proc_rom.cc:155:do_switch$11$rdmux[0][4][13]$a$125 [4:0] }, B={ $flatten\gold.$memory$auto$proc_rom.cc:155:do_switch$11$rdmux[0][4][13]$b$126 [5:2] $auto$wreduce.cc:513:run$1695 [1] 1'1 }, Y=$flatten\gold.$memory$auto$proc_rom.cc:155:do_switch$11$rdmux[0][3][6]$b$81 [5:0]
      New connections: $flatten\gold.$memory$auto$proc_rom.cc:155:do_switch$11$rdmux[0][3][6]$b$81 [7:6] = 2'00
    Consolidated identical input bits for $mux cell $flatten\gold.$memory$auto$proc_rom.cc:155:do_switch$11$rdmux[0][4][14]$127:
      Old ports: A=$flatten\gold.$memory$auto$proc_rom.cc:155:do_switch$11$rdmux[0][4][14]$a$128, B=$flatten\gold.$memory$auto$proc_rom.cc:155:do_switch$11$rdmux[0][4][14]$b$129, Y=$flatten\gold.$memory$auto$proc_rom.cc:155:do_switch$11$rdmux[0][3][7]$a$83
      New ports: A={ 2'01 $flatten\gold.$memory$auto$proc_rom.cc:155:do_switch$11$rdmux[0][4][14]$a$128 [4:0] }, B=$flatten\gold.$memory$auto$proc_rom.cc:155:do_switch$11$rdmux[0][4][14]$b$129 [6:0], Y=$flatten\gold.$memory$auto$proc_rom.cc:155:do_switch$11$rdmux[0][3][7]$a$83 [6:0]
      New connections: $flatten\gold.$memory$auto$proc_rom.cc:155:do_switch$11$rdmux[0][3][7]$a$83 [7] = 1'0
    Consolidated identical input bits for $mux cell $flatten\gold.$memory$auto$proc_rom.cc:155:do_switch$11$rdmux[0][4][15]$130:
      Old ports: A=$flatten\gold.$memory$auto$proc_rom.cc:155:do_switch$11$rdmux[0][4][15]$a$131, B=$flatten\gold.$memory$auto$proc_rom.cc:155:do_switch$11$rdmux[0][4][15]$b$132, Y=$flatten\gold.$memory$auto$proc_rom.cc:155:do_switch$11$rdmux[0][3][7]$b$84
      New ports: A=$flatten\gold.$memory$auto$proc_rom.cc:155:do_switch$11$rdmux[0][4][15]$a$131 [5:0], B={ 1'1 $flatten\gold.$memory$auto$proc_rom.cc:155:do_switch$11$rdmux[0][4][15]$b$132 [4:0] }, Y=$flatten\gold.$memory$auto$proc_rom.cc:155:do_switch$11$rdmux[0][3][7]$b$84 [5:0]
      New connections: $flatten\gold.$memory$auto$proc_rom.cc:155:do_switch$11$rdmux[0][3][7]$b$84 [7:6] = 2'01
    Consolidated identical input bits for $mux cell $flatten\gold.$memory$auto$proc_rom.cc:155:do_switch$11$rdmux[0][4][1]$88:
      Old ports: A=$flatten\gold.$memory$auto$proc_rom.cc:155:do_switch$11$rdmux[0][4][1]$a$89, B=$flatten\gold.$memory$auto$proc_rom.cc:155:do_switch$11$rdmux[0][4][1]$b$90, Y=$flatten\gold.$memory$auto$proc_rom.cc:155:do_switch$11$rdmux[0][3][0]$b$63
      New ports: A={ $flatten\gold.$memory$auto$proc_rom.cc:155:do_switch$11$rdmux[0][4][1]$a$89 [6] $flatten\gold.$memory$auto$proc_rom.cc:155:do_switch$11$rdmux[0][4][1]$a$89 [4] $flatten\gold.$memory$auto$proc_rom.cc:155:do_switch$11$rdmux[0][4][1]$a$89 [4:0] }, B={ 2'10 $flatten\gold.$memory$auto$proc_rom.cc:155:do_switch$11$rdmux[0][4][1]$b$90 [4:0] }, Y=$flatten\gold.$memory$auto$proc_rom.cc:155:do_switch$11$rdmux[0][3][0]$b$63 [6:0]
      New connections: $flatten\gold.$memory$auto$proc_rom.cc:155:do_switch$11$rdmux[0][3][0]$b$63 [7] = 1'1
    Consolidated identical input bits for $mux cell $flatten\gold.$memory$auto$proc_rom.cc:155:do_switch$11$rdmux[0][4][2]$91:
      Old ports: A=$flatten\gold.$memory$auto$proc_rom.cc:155:do_switch$11$rdmux[0][4][2]$a$92, B=$flatten\gold.$memory$auto$proc_rom.cc:155:do_switch$11$rdmux[0][4][2]$b$93, Y=$flatten\gold.$memory$auto$proc_rom.cc:155:do_switch$11$rdmux[0][3][1]$a$65
      New ports: A=$flatten\gold.$memory$auto$proc_rom.cc:155:do_switch$11$rdmux[0][4][2]$a$92 [5:0], B={ 1'1 $flatten\gold.$memory$auto$proc_rom.cc:155:do_switch$11$rdmux[0][4][2]$b$93 [4:0] }, Y=$flatten\gold.$memory$auto$proc_rom.cc:155:do_switch$11$rdmux[0][3][1]$a$65 [5:0]
      New connections: $flatten\gold.$memory$auto$proc_rom.cc:155:do_switch$11$rdmux[0][3][1]$a$65 [7:6] = 2'11
    Consolidated identical input bits for $mux cell $flatten\gold.$memory$auto$proc_rom.cc:155:do_switch$11$rdmux[0][4][3]$94:
      Old ports: A=$flatten\gold.$memory$auto$proc_rom.cc:155:do_switch$11$rdmux[0][4][3]$a$95, B=$flatten\gold.$memory$auto$proc_rom.cc:155:do_switch$11$rdmux[0][4][3]$b$96, Y=$flatten\gold.$memory$auto$proc_rom.cc:155:do_switch$11$rdmux[0][3][1]$b$66
      New ports: A=$flatten\gold.$memory$auto$proc_rom.cc:155:do_switch$11$rdmux[0][4][3]$a$95 [3:0], B={ 2'11 $flatten\gold.$memory$auto$proc_rom.cc:155:do_switch$11$rdmux[0][4][3]$b$96 [1:0] }, Y=$flatten\gold.$memory$auto$proc_rom.cc:155:do_switch$11$rdmux[0][3][1]$b$66 [3:0]
      New connections: $flatten\gold.$memory$auto$proc_rom.cc:155:do_switch$11$rdmux[0][3][1]$b$66 [7:4] = 4'1111
    Consolidated identical input bits for $mux cell $flatten\gold.$memory$auto$proc_rom.cc:155:do_switch$11$rdmux[0][4][4]$97:
      Old ports: A=$flatten\gold.$memory$auto$proc_rom.cc:155:do_switch$11$rdmux[0][4][4]$a$98, B=$flatten\gold.$memory$auto$proc_rom.cc:155:do_switch$11$rdmux[0][4][4]$b$99, Y=$flatten\gold.$memory$auto$proc_rom.cc:155:do_switch$11$rdmux[0][3][2]$a$68
      New ports: A={ 2'11 $flatten\gold.$memory$auto$proc_rom.cc:155:do_switch$11$rdmux[0][4][4]$a$98 [1:0] }, B=$flatten\gold.$memory$auto$proc_rom.cc:155:do_switch$11$rdmux[0][4][4]$b$99 [3:0], Y=$flatten\gold.$memory$auto$proc_rom.cc:155:do_switch$11$rdmux[0][3][2]$a$68 [3:0]
      New connections: $flatten\gold.$memory$auto$proc_rom.cc:155:do_switch$11$rdmux[0][3][2]$a$68 [7:4] = 4'1111
    Consolidated identical input bits for $mux cell $flatten\gold.$memory$auto$proc_rom.cc:155:do_switch$11$rdmux[0][4][5]$100:
      Old ports: A=$flatten\gold.$memory$auto$proc_rom.cc:155:do_switch$11$rdmux[0][4][5]$a$101, B=$flatten\gold.$memory$auto$proc_rom.cc:155:do_switch$11$rdmux[0][4][5]$b$102, Y=$flatten\gold.$memory$auto$proc_rom.cc:155:do_switch$11$rdmux[0][3][2]$b$69
      New ports: A={ 1'1 $flatten\gold.$memory$auto$proc_rom.cc:155:do_switch$11$rdmux[0][4][5]$a$101 [4:0] }, B={ $flatten\gold.$memory$auto$proc_rom.cc:155:do_switch$11$rdmux[0][4][5]$b$102 [5:2] $auto$wreduce.cc:513:run$1750 [1] 1'0 }, Y=$flatten\gold.$memory$auto$proc_rom.cc:155:do_switch$11$rdmux[0][3][2]$b$69 [5:0]
      New connections: $flatten\gold.$memory$auto$proc_rom.cc:155:do_switch$11$rdmux[0][3][2]$b$69 [7:6] = 2'11
    Consolidated identical input bits for $mux cell $flatten\gold.$memory$auto$proc_rom.cc:155:do_switch$11$rdmux[0][4][6]$103:
      Old ports: A=$flatten\gold.$memory$auto$proc_rom.cc:155:do_switch$11$rdmux[0][4][6]$a$104, B=$flatten\gold.$memory$auto$proc_rom.cc:155:do_switch$11$rdmux[0][4][6]$b$105, Y=$flatten\gold.$memory$auto$proc_rom.cc:155:do_switch$11$rdmux[0][3][3]$a$71
      New ports: A={ 2'10 $flatten\gold.$memory$auto$proc_rom.cc:155:do_switch$11$rdmux[0][4][6]$a$104 [4:0] }, B=$flatten\gold.$memory$auto$proc_rom.cc:155:do_switch$11$rdmux[0][4][6]$b$105 [6:0], Y=$flatten\gold.$memory$auto$proc_rom.cc:155:do_switch$11$rdmux[0][3][3]$a$71 [6:0]
      New connections: $flatten\gold.$memory$auto$proc_rom.cc:155:do_switch$11$rdmux[0][3][3]$a$71 [7] = 1'1
    Consolidated identical input bits for $mux cell $flatten\gold.$memory$auto$proc_rom.cc:155:do_switch$11$rdmux[0][4][7]$106:
      Old ports: A=$flatten\gold.$memory$auto$proc_rom.cc:155:do_switch$11$rdmux[0][4][7]$a$107, B=$flatten\gold.$memory$auto$proc_rom.cc:155:do_switch$11$rdmux[0][4][7]$b$108, Y=$flatten\gold.$memory$auto$proc_rom.cc:155:do_switch$11$rdmux[0][3][3]$b$72
      New ports: A=$flatten\gold.$memory$auto$proc_rom.cc:155:do_switch$11$rdmux[0][4][7]$a$107 [5:0], B={ 1'0 $flatten\gold.$memory$auto$proc_rom.cc:155:do_switch$11$rdmux[0][4][7]$b$108 [4:0] }, Y=$flatten\gold.$memory$auto$proc_rom.cc:155:do_switch$11$rdmux[0][3][3]$b$72 [5:0]
      New connections: $flatten\gold.$memory$auto$proc_rom.cc:155:do_switch$11$rdmux[0][3][3]$b$72 [7:6] = 2'10
    Consolidated identical input bits for $mux cell $flatten\gold.$memory$auto$proc_rom.cc:155:do_switch$11$rdmux[0][4][9]$112:
      Old ports: A=$flatten\gold.$memory$auto$proc_rom.cc:155:do_switch$11$rdmux[0][4][9]$a$113, B=$flatten\gold.$memory$auto$proc_rom.cc:155:do_switch$11$rdmux[0][4][9]$b$114, Y=$flatten\gold.$memory$auto$proc_rom.cc:155:do_switch$11$rdmux[0][3][4]$b$75
      New ports: A={ $flatten\gold.$memory$auto$proc_rom.cc:155:do_switch$11$rdmux[0][4][9]$a$113 [6] $flatten\gold.$memory$auto$proc_rom.cc:155:do_switch$11$rdmux[0][4][9]$a$113 [4] $flatten\gold.$memory$auto$proc_rom.cc:155:do_switch$11$rdmux[0][4][9]$a$113 [4:0] }, B={ 2'01 $flatten\gold.$memory$auto$proc_rom.cc:155:do_switch$11$rdmux[0][4][9]$b$114 [4:0] }, Y=$flatten\gold.$memory$auto$proc_rom.cc:155:do_switch$11$rdmux[0][3][4]$b$75 [6:0]
      New connections: $flatten\gold.$memory$auto$proc_rom.cc:155:do_switch$11$rdmux[0][3][4]$b$75 [7] = 1'0
    Consolidated identical input bits for $mux cell $flatten\gold.$memory$auto$proc_rom.cc:155:do_switch$11$rdmux[0][5][13]$172:
      Old ports: A=$flatten\gold.$memory$auto$proc_rom.cc:155:do_switch$11$rdmux[0][5][13]$a$173 [6:0], B={ 3'011 $flatten\gold.$memory$auto$proc_rom.cc:155:do_switch$11$rdmux[0][5][13]$b$174 [3:0] }, Y=$flatten\gold.$memory$auto$proc_rom.cc:155:do_switch$11$rdmux[0][4][6]$b$105 [6:0]
      New ports: A={ $flatten\gold.$memory$auto$proc_rom.cc:155:do_switch$11$rdmux[0][5][13]$a$173 [6] $flatten\gold.$memory$auto$proc_rom.cc:155:do_switch$11$rdmux[0][5][13]$a$173 [3] $flatten\gold.$memory$auto$proc_rom.cc:155:do_switch$11$rdmux[0][5][13]$a$173 [3:0] }, B={ 2'01 $flatten\gold.$memory$auto$proc_rom.cc:155:do_switch$11$rdmux[0][5][13]$b$174 [3:0] }, Y={ $flatten\gold.$memory$auto$proc_rom.cc:155:do_switch$11$rdmux[0][4][6]$b$105 [6] $flatten\gold.$memory$auto$proc_rom.cc:155:do_switch$11$rdmux[0][4][6]$b$105 [4:0] }
      New connections: $flatten\gold.$memory$auto$proc_rom.cc:155:do_switch$11$rdmux[0][4][6]$b$105 [5] = $flatten\gold.$memory$auto$proc_rom.cc:155:do_switch$11$rdmux[0][4][6]$b$105 [4]
    Consolidated identical input bits for $mux cell $flatten\gold.$memory$auto$proc_rom.cc:155:do_switch$11$rdmux[0][5][16]$181:
      Old ports: A=$flatten\gold.$memory$auto$proc_rom.cc:155:do_switch$11$rdmux[0][5][16]$a$182, B=$flatten\gold.$memory$auto$proc_rom.cc:155:do_switch$11$rdmux[0][5][16]$b$183, Y=$flatten\gold.$memory$auto$proc_rom.cc:155:do_switch$11$rdmux[0][4][8]$a$110
      New ports: A={ $flatten\gold.$memory$auto$proc_rom.cc:155:do_switch$11$rdmux[0][5][16]$a$182 [7] $flatten\gold.$memory$auto$proc_rom.cc:155:do_switch$11$rdmux[0][5][16]$a$182 [4] $flatten\gold.$memory$auto$proc_rom.cc:155:do_switch$11$rdmux[0][5][16]$a$182 [4:0] }, B={ 2'01 $flatten\gold.$memory$auto$proc_rom.cc:155:do_switch$11$rdmux[0][5][16]$b$183 [4:0] }, Y={ $flatten\gold.$memory$auto$proc_rom.cc:155:do_switch$11$rdmux[0][4][8]$a$110 [7] $flatten\gold.$memory$auto$proc_rom.cc:155:do_switch$11$rdmux[0][4][8]$a$110 [5:0] }
      New connections: $flatten\gold.$memory$auto$proc_rom.cc:155:do_switch$11$rdmux[0][4][8]$a$110 [6] = $flatten\gold.$memory$auto$proc_rom.cc:155:do_switch$11$rdmux[0][4][8]$a$110 [5]
    Consolidated identical input bits for $mux cell $flatten\gold.$memory$auto$proc_rom.cc:155:do_switch$11$rdmux[0][5][20]$193:
      Old ports: A=$flatten\gold.$memory$auto$proc_rom.cc:155:do_switch$11$rdmux[0][5][20]$a$194 [5:0], B={ 2'01 $flatten\gold.$memory$auto$proc_rom.cc:155:do_switch$11$rdmux[0][5][20]$b$195 [3:0] }, Y=$flatten\gold.$memory$auto$proc_rom.cc:155:do_switch$11$rdmux[0][4][10]$a$116 [5:0]
      New ports: A={ $flatten\gold.$memory$auto$proc_rom.cc:155:do_switch$11$rdmux[0][5][20]$a$194 [5] $flatten\gold.$memory$auto$proc_rom.cc:155:do_switch$11$rdmux[0][5][20]$a$194 [3] $flatten\gold.$memory$auto$proc_rom.cc:155:do_switch$11$rdmux[0][5][20]$a$194 [3:1] }, B={ 2'01 $flatten\gold.$memory$auto$proc_rom.cc:155:do_switch$11$rdmux[0][5][20]$b$195 [3:1] }, Y=$flatten\gold.$memory$auto$proc_rom.cc:155:do_switch$11$rdmux[0][4][10]$a$116 [5:1]
      New connections: $flatten\gold.$memory$auto$proc_rom.cc:155:do_switch$11$rdmux[0][4][10]$a$116 [0] = 1'1
    Consolidated identical input bits for $mux cell $flatten\gold.$memory$auto$proc_rom.cc:155:do_switch$11$rdmux[0][5][29]$220:
      Old ports: A=$flatten\gold.$memory$auto$proc_rom.cc:155:do_switch$11$rdmux[0][5][29]$a$221 [6:0], B={ 3'100 $flatten\gold.$memory$auto$proc_rom.cc:155:do_switch$11$rdmux[0][5][29]$b$222 [3:0] }, Y=$flatten\gold.$memory$auto$proc_rom.cc:155:do_switch$11$rdmux[0][4][14]$b$129 [6:0]
      New ports: A={ $flatten\gold.$memory$auto$proc_rom.cc:155:do_switch$11$rdmux[0][5][29]$a$221 [6] $flatten\gold.$memory$auto$proc_rom.cc:155:do_switch$11$rdmux[0][5][29]$a$221 [3] $flatten\gold.$memory$auto$proc_rom.cc:155:do_switch$11$rdmux[0][5][29]$a$221 [3:0] }, B={ 2'10 $flatten\gold.$memory$auto$proc_rom.cc:155:do_switch$11$rdmux[0][5][29]$b$222 [3:0] }, Y={ $flatten\gold.$memory$auto$proc_rom.cc:155:do_switch$11$rdmux[0][4][14]$b$129 [6] $flatten\gold.$memory$auto$proc_rom.cc:155:do_switch$11$rdmux[0][4][14]$b$129 [4:0] }
      New connections: $flatten\gold.$memory$auto$proc_rom.cc:155:do_switch$11$rdmux[0][4][14]$b$129 [5] = $flatten\gold.$memory$auto$proc_rom.cc:155:do_switch$11$rdmux[0][4][14]$b$129 [4]
    Consolidated identical input bits for $mux cell $flatten\gold.$memory$auto$proc_rom.cc:155:do_switch$11$rdmux[0][5][4]$145:
      Old ports: A=$flatten\gold.$memory$auto$proc_rom.cc:155:do_switch$11$rdmux[0][5][4]$a$146 [5:0], B={ 2'10 $flatten\gold.$memory$auto$proc_rom.cc:155:do_switch$11$rdmux[0][5][4]$b$147 [3:0] }, Y=$flatten\gold.$memory$auto$proc_rom.cc:155:do_switch$11$rdmux[0][4][2]$a$92 [5:0]
      New ports: A={ $flatten\gold.$memory$auto$proc_rom.cc:155:do_switch$11$rdmux[0][5][4]$a$146 [5] $flatten\gold.$memory$auto$proc_rom.cc:155:do_switch$11$rdmux[0][5][4]$a$146 [3] $flatten\gold.$memory$auto$proc_rom.cc:155:do_switch$11$rdmux[0][5][4]$a$146 [3:1] }, B={ 2'10 $flatten\gold.$memory$auto$proc_rom.cc:155:do_switch$11$rdmux[0][5][4]$b$147 [3:1] }, Y=$flatten\gold.$memory$auto$proc_rom.cc:155:do_switch$11$rdmux[0][4][2]$a$92 [5:1]
      New connections: $flatten\gold.$memory$auto$proc_rom.cc:155:do_switch$11$rdmux[0][4][2]$a$92 [0] = 1'0
  Optimizing cells in module \miter.
    Consolidated identical input bits for $mux cell $flatten\gate.$memory$auto$proc_rom.cc:155:do_switch$11$rdmux[0][3][0]$829:
      Old ports: A=$flatten\gate.$memory$auto$proc_rom.cc:155:do_switch$11$rdmux[0][3][0]$a$830, B=$flatten\gate.$memory$auto$proc_rom.cc:155:do_switch$11$rdmux[0][3][0]$b$831, Y=$flatten\gate.$memory$auto$proc_rom.cc:155:do_switch$11$rdmux[0][2][0]$a$818
      New ports: A={ 1'0 $flatten\gate.$memory$auto$proc_rom.cc:155:do_switch$11$rdmux[0][3][0]$a$830 [5:0] }, B=$flatten\gate.$memory$auto$proc_rom.cc:155:do_switch$11$rdmux[0][3][0]$b$831 [6:0], Y=$flatten\gate.$memory$auto$proc_rom.cc:155:do_switch$11$rdmux[0][2][0]$a$818 [6:0]
      New connections: $flatten\gate.$memory$auto$proc_rom.cc:155:do_switch$11$rdmux[0][2][0]$a$818 [7] = 1'1
    Consolidated identical input bits for $mux cell $flatten\gate.$memory$auto$proc_rom.cc:155:do_switch$11$rdmux[0][3][1]$832:
      Old ports: A=$flatten\gate.$memory$auto$proc_rom.cc:155:do_switch$11$rdmux[0][3][1]$a$833, B=$flatten\gate.$memory$auto$proc_rom.cc:155:do_switch$11$rdmux[0][3][1]$b$834, Y=$flatten\gate.$memory$auto$proc_rom.cc:155:do_switch$11$rdmux[0][2][0]$b$819
      New ports: A=$flatten\gate.$memory$auto$proc_rom.cc:155:do_switch$11$rdmux[0][3][1]$a$833 [5:0], B={ 2'11 $flatten\gate.$memory$auto$proc_rom.cc:155:do_switch$11$rdmux[0][3][1]$b$834 [3:0] }, Y=$flatten\gate.$memory$auto$proc_rom.cc:155:do_switch$11$rdmux[0][2][0]$b$819 [5:0]
      New connections: $flatten\gate.$memory$auto$proc_rom.cc:155:do_switch$11$rdmux[0][2][0]$b$819 [7:6] = 2'11
    Consolidated identical input bits for $mux cell $flatten\gate.$memory$auto$proc_rom.cc:155:do_switch$11$rdmux[0][3][2]$835:
      Old ports: A=$flatten\gate.$memory$auto$proc_rom.cc:155:do_switch$11$rdmux[0][3][2]$a$836, B=$flatten\gate.$memory$auto$proc_rom.cc:155:do_switch$11$rdmux[0][3][2]$b$837, Y=$flatten\gate.$memory$auto$proc_rom.cc:155:do_switch$11$rdmux[0][2][1]$a$821
      New ports: A={ 2'11 $flatten\gate.$memory$auto$proc_rom.cc:155:do_switch$11$rdmux[0][3][2]$a$836 [3:0] }, B=$flatten\gate.$memory$auto$proc_rom.cc:155:do_switch$11$rdmux[0][3][2]$b$837 [5:0], Y=$flatten\gate.$memory$auto$proc_rom.cc:155:do_switch$11$rdmux[0][2][1]$a$821 [5:0]
      New connections: $flatten\gate.$memory$auto$proc_rom.cc:155:do_switch$11$rdmux[0][2][1]$a$821 [7:6] = 2'11
    Consolidated identical input bits for $mux cell $flatten\gate.$memory$auto$proc_rom.cc:155:do_switch$11$rdmux[0][3][3]$838:
      Old ports: A=$flatten\gate.$memory$auto$proc_rom.cc:155:do_switch$11$rdmux[0][3][3]$a$839, B=$flatten\gate.$memory$auto$proc_rom.cc:155:do_switch$11$rdmux[0][3][3]$b$840, Y=$flatten\gate.$memory$auto$proc_rom.cc:155:do_switch$11$rdmux[0][2][1]$b$822
      New ports: A=$flatten\gate.$memory$auto$proc_rom.cc:155:do_switch$11$rdmux[0][3][3]$a$839 [6:0], B={ 1'0 $flatten\gate.$memory$auto$proc_rom.cc:155:do_switch$11$rdmux[0][3][3]$b$840 [5:0] }, Y=$flatten\gate.$memory$auto$proc_rom.cc:155:do_switch$11$rdmux[0][2][1]$b$822 [6:0]
      New connections: $flatten\gate.$memory$auto$proc_rom.cc:155:do_switch$11$rdmux[0][2][1]$b$822 [7] = 1'1
    Consolidated identical input bits for $mux cell $flatten\gate.$memory$auto$proc_rom.cc:155:do_switch$11$rdmux[0][3][5]$844:
      Old ports: A=$flatten\gate.$memory$auto$proc_rom.cc:155:do_switch$11$rdmux[0][3][5]$a$845, B=$flatten\gate.$memory$auto$proc_rom.cc:155:do_switch$11$rdmux[0][3][5]$b$846, Y=$flatten\gate.$memory$auto$proc_rom.cc:155:do_switch$11$rdmux[0][2][2]$b$825
      New ports: A=$flatten\gate.$memory$auto$proc_rom.cc:155:do_switch$11$rdmux[0][3][5]$a$845 [5:0], B={ 2'00 $flatten\gate.$memory$auto$proc_rom.cc:155:do_switch$11$rdmux[0][3][5]$b$846 [3:0] }, Y=$flatten\gate.$memory$auto$proc_rom.cc:155:do_switch$11$rdmux[0][2][2]$b$825 [5:0]
      New connections: $flatten\gate.$memory$auto$proc_rom.cc:155:do_switch$11$rdmux[0][2][2]$b$825 [7:6] = 2'00
    Consolidated identical input bits for $mux cell $flatten\gate.$memory$auto$proc_rom.cc:155:do_switch$11$rdmux[0][3][6]$847:
      Old ports: A=$flatten\gate.$memory$auto$proc_rom.cc:155:do_switch$11$rdmux[0][3][6]$a$848, B=$flatten\gate.$memory$auto$proc_rom.cc:155:do_switch$11$rdmux[0][3][6]$b$849, Y=$flatten\gate.$memory$auto$proc_rom.cc:155:do_switch$11$rdmux[0][2][3]$a$827
      New ports: A={ 2'00 $flatten\gate.$memory$auto$proc_rom.cc:155:do_switch$11$rdmux[0][3][6]$a$848 [3:0] }, B=$flatten\gate.$memory$auto$proc_rom.cc:155:do_switch$11$rdmux[0][3][6]$b$849 [5:0], Y=$flatten\gate.$memory$auto$proc_rom.cc:155:do_switch$11$rdmux[0][2][3]$a$827 [5:0]
      New connections: $flatten\gate.$memory$auto$proc_rom.cc:155:do_switch$11$rdmux[0][2][3]$a$827 [7:6] = 2'00
    Consolidated identical input bits for $mux cell $flatten\gate.$memory$auto$proc_rom.cc:155:do_switch$11$rdmux[0][3][7]$850:
      Old ports: A=$flatten\gate.$memory$auto$proc_rom.cc:155:do_switch$11$rdmux[0][3][7]$a$851, B=$flatten\gate.$memory$auto$proc_rom.cc:155:do_switch$11$rdmux[0][3][7]$b$852, Y=$flatten\gate.$memory$auto$proc_rom.cc:155:do_switch$11$rdmux[0][2][3]$b$828
      New ports: A=$flatten\gate.$memory$auto$proc_rom.cc:155:do_switch$11$rdmux[0][3][7]$a$851 [6:0], B={ 1'1 $flatten\gate.$memory$auto$proc_rom.cc:155:do_switch$11$rdmux[0][3][7]$b$852 [5:0] }, Y=$flatten\gate.$memory$auto$proc_rom.cc:155:do_switch$11$rdmux[0][2][3]$b$828 [6:0]
      New connections: $flatten\gate.$memory$auto$proc_rom.cc:155:do_switch$11$rdmux[0][2][3]$b$828 [7] = 1'0
    Consolidated identical input bits for $mux cell $flatten\gold.$memory$auto$proc_rom.cc:155:do_switch$11$rdmux[0][3][0]$61:
      Old ports: A=$flatten\gold.$memory$auto$proc_rom.cc:155:do_switch$11$rdmux[0][3][0]$a$62, B=$flatten\gold.$memory$auto$proc_rom.cc:155:do_switch$11$rdmux[0][3][0]$b$63, Y=$flatten\gold.$memory$auto$proc_rom.cc:155:do_switch$11$rdmux[0][2][0]$a$50
      New ports: A={ 1'0 $flatten\gold.$memory$auto$proc_rom.cc:155:do_switch$11$rdmux[0][3][0]$a$62 [5:0] }, B=$flatten\gold.$memory$auto$proc_rom.cc:155:do_switch$11$rdmux[0][3][0]$b$63 [6:0], Y=$flatten\gold.$memory$auto$proc_rom.cc:155:do_switch$11$rdmux[0][2][0]$a$50 [6:0]
      New connections: $flatten\gold.$memory$auto$proc_rom.cc:155:do_switch$11$rdmux[0][2][0]$a$50 [7] = 1'1
    Consolidated identical input bits for $mux cell $flatten\gold.$memory$auto$proc_rom.cc:155:do_switch$11$rdmux[0][3][1]$64:
      Old ports: A=$flatten\gold.$memory$auto$proc_rom.cc:155:do_switch$11$rdmux[0][3][1]$a$65, B=$flatten\gold.$memory$auto$proc_rom.cc:155:do_switch$11$rdmux[0][3][1]$b$66, Y=$flatten\gold.$memory$auto$proc_rom.cc:155:do_switch$11$rdmux[0][2][0]$b$51
      New ports: A=$flatten\gold.$memory$auto$proc_rom.cc:155:do_switch$11$rdmux[0][3][1]$a$65 [5:0], B={ 2'11 $flatten\gold.$memory$auto$proc_rom.cc:155:do_switch$11$rdmux[0][3][1]$b$66 [3:0] }, Y=$flatten\gold.$memory$auto$proc_rom.cc:155:do_switch$11$rdmux[0][2][0]$b$51 [5:0]
      New connections: $flatten\gold.$memory$auto$proc_rom.cc:155:do_switch$11$rdmux[0][2][0]$b$51 [7:6] = 2'11
    Consolidated identical input bits for $mux cell $flatten\gold.$memory$auto$proc_rom.cc:155:do_switch$11$rdmux[0][3][2]$67:
      Old ports: A=$flatten\gold.$memory$auto$proc_rom.cc:155:do_switch$11$rdmux[0][3][2]$a$68, B=$flatten\gold.$memory$auto$proc_rom.cc:155:do_switch$11$rdmux[0][3][2]$b$69, Y=$flatten\gold.$memory$auto$proc_rom.cc:155:do_switch$11$rdmux[0][2][1]$a$53
      New ports: A={ 2'11 $flatten\gold.$memory$auto$proc_rom.cc:155:do_switch$11$rdmux[0][3][2]$a$68 [3:0] }, B=$flatten\gold.$memory$auto$proc_rom.cc:155:do_switch$11$rdmux[0][3][2]$b$69 [5:0], Y=$flatten\gold.$memory$auto$proc_rom.cc:155:do_switch$11$rdmux[0][2][1]$a$53 [5:0]
      New connections: $flatten\gold.$memory$auto$proc_rom.cc:155:do_switch$11$rdmux[0][2][1]$a$53 [7:6] = 2'11
    Consolidated identical input bits for $mux cell $flatten\gold.$memory$auto$proc_rom.cc:155:do_switch$11$rdmux[0][3][3]$70:
      Old ports: A=$flatten\gold.$memory$auto$proc_rom.cc:155:do_switch$11$rdmux[0][3][3]$a$71, B=$flatten\gold.$memory$auto$proc_rom.cc:155:do_switch$11$rdmux[0][3][3]$b$72, Y=$flatten\gold.$memory$auto$proc_rom.cc:155:do_switch$11$rdmux[0][2][1]$b$54
      New ports: A=$flatten\gold.$memory$auto$proc_rom.cc:155:do_switch$11$rdmux[0][3][3]$a$71 [6:0], B={ 1'0 $flatten\gold.$memory$auto$proc_rom.cc:155:do_switch$11$rdmux[0][3][3]$b$72 [5:0] }, Y=$flatten\gold.$memory$auto$proc_rom.cc:155:do_switch$11$rdmux[0][2][1]$b$54 [6:0]
      New connections: $flatten\gold.$memory$auto$proc_rom.cc:155:do_switch$11$rdmux[0][2][1]$b$54 [7] = 1'1
    Consolidated identical input bits for $mux cell $flatten\gold.$memory$auto$proc_rom.cc:155:do_switch$11$rdmux[0][3][5]$76:
      Old ports: A=$flatten\gold.$memory$auto$proc_rom.cc:155:do_switch$11$rdmux[0][3][5]$a$77, B=$flatten\gold.$memory$auto$proc_rom.cc:155:do_switch$11$rdmux[0][3][5]$b$78, Y=$flatten\gold.$memory$auto$proc_rom.cc:155:do_switch$11$rdmux[0][2][2]$b$57
      New ports: A=$flatten\gold.$memory$auto$proc_rom.cc:155:do_switch$11$rdmux[0][3][5]$a$77 [5:0], B={ 2'00 $flatten\gold.$memory$auto$proc_rom.cc:155:do_switch$11$rdmux[0][3][5]$b$78 [3:0] }, Y=$flatten\gold.$memory$auto$proc_rom.cc:155:do_switch$11$rdmux[0][2][2]$b$57 [5:0]
      New connections: $flatten\gold.$memory$auto$proc_rom.cc:155:do_switch$11$rdmux[0][2][2]$b$57 [7:6] = 2'00
    Consolidated identical input bits for $mux cell $flatten\gold.$memory$auto$proc_rom.cc:155:do_switch$11$rdmux[0][3][6]$79:
      Old ports: A=$flatten\gold.$memory$auto$proc_rom.cc:155:do_switch$11$rdmux[0][3][6]$a$80, B=$flatten\gold.$memory$auto$proc_rom.cc:155:do_switch$11$rdmux[0][3][6]$b$81, Y=$flatten\gold.$memory$auto$proc_rom.cc:155:do_switch$11$rdmux[0][2][3]$a$59
      New ports: A={ 2'00 $flatten\gold.$memory$auto$proc_rom.cc:155:do_switch$11$rdmux[0][3][6]$a$80 [3:0] }, B=$flatten\gold.$memory$auto$proc_rom.cc:155:do_switch$11$rdmux[0][3][6]$b$81 [5:0], Y=$flatten\gold.$memory$auto$proc_rom.cc:155:do_switch$11$rdmux[0][2][3]$a$59 [5:0]
      New connections: $flatten\gold.$memory$auto$proc_rom.cc:155:do_switch$11$rdmux[0][2][3]$a$59 [7:6] = 2'00
    Consolidated identical input bits for $mux cell $flatten\gold.$memory$auto$proc_rom.cc:155:do_switch$11$rdmux[0][3][7]$82:
      Old ports: A=$flatten\gold.$memory$auto$proc_rom.cc:155:do_switch$11$rdmux[0][3][7]$a$83, B=$flatten\gold.$memory$auto$proc_rom.cc:155:do_switch$11$rdmux[0][3][7]$b$84, Y=$flatten\gold.$memory$auto$proc_rom.cc:155:do_switch$11$rdmux[0][2][3]$b$60
      New ports: A=$flatten\gold.$memory$auto$proc_rom.cc:155:do_switch$11$rdmux[0][3][7]$a$83 [6:0], B={ 1'1 $flatten\gold.$memory$auto$proc_rom.cc:155:do_switch$11$rdmux[0][3][7]$b$84 [5:0] }, Y=$flatten\gold.$memory$auto$proc_rom.cc:155:do_switch$11$rdmux[0][2][3]$b$60 [6:0]
      New connections: $flatten\gold.$memory$auto$proc_rom.cc:155:do_switch$11$rdmux[0][2][3]$b$60 [7] = 1'0
  Optimizing cells in module \miter.
    Consolidated identical input bits for $mux cell $flatten\gate.$memory$auto$proc_rom.cc:155:do_switch$11$rdmux[0][2][0]$817:
      Old ports: A=$flatten\gate.$memory$auto$proc_rom.cc:155:do_switch$11$rdmux[0][2][0]$a$818, B=$flatten\gate.$memory$auto$proc_rom.cc:155:do_switch$11$rdmux[0][2][0]$b$819, Y=$flatten\gate.$memory$auto$proc_rom.cc:155:do_switch$11$rdmux[0][1][0]$a$812
      New ports: A=$flatten\gate.$memory$auto$proc_rom.cc:155:do_switch$11$rdmux[0][2][0]$a$818 [6:0], B={ 1'1 $flatten\gate.$memory$auto$proc_rom.cc:155:do_switch$11$rdmux[0][2][0]$b$819 [5:0] }, Y=$flatten\gate.$memory$auto$proc_rom.cc:155:do_switch$11$rdmux[0][1][0]$a$812 [6:0]
      New connections: $flatten\gate.$memory$auto$proc_rom.cc:155:do_switch$11$rdmux[0][1][0]$a$812 [7] = 1'1
    Consolidated identical input bits for $mux cell $flatten\gate.$memory$auto$proc_rom.cc:155:do_switch$11$rdmux[0][2][1]$820:
      Old ports: A=$flatten\gate.$memory$auto$proc_rom.cc:155:do_switch$11$rdmux[0][2][1]$a$821, B=$flatten\gate.$memory$auto$proc_rom.cc:155:do_switch$11$rdmux[0][2][1]$b$822, Y=$flatten\gate.$memory$auto$proc_rom.cc:155:do_switch$11$rdmux[0][1][0]$b$813
      New ports: A={ 1'1 $flatten\gate.$memory$auto$proc_rom.cc:155:do_switch$11$rdmux[0][2][1]$a$821 [5:0] }, B=$flatten\gate.$memory$auto$proc_rom.cc:155:do_switch$11$rdmux[0][2][1]$b$822 [6:0], Y=$flatten\gate.$memory$auto$proc_rom.cc:155:do_switch$11$rdmux[0][1][0]$b$813 [6:0]
      New connections: $flatten\gate.$memory$auto$proc_rom.cc:155:do_switch$11$rdmux[0][1][0]$b$813 [7] = 1'1
    Consolidated identical input bits for $mux cell $flatten\gate.$memory$auto$proc_rom.cc:155:do_switch$11$rdmux[0][2][3]$826:
      Old ports: A=$flatten\gate.$memory$auto$proc_rom.cc:155:do_switch$11$rdmux[0][2][3]$a$827, B=$flatten\gate.$memory$auto$proc_rom.cc:155:do_switch$11$rdmux[0][2][3]$b$828, Y=$flatten\gate.$memory$auto$proc_rom.cc:155:do_switch$11$rdmux[0][1][1]$b$816
      New ports: A={ 1'0 $flatten\gate.$memory$auto$proc_rom.cc:155:do_switch$11$rdmux[0][2][3]$a$827 [5:0] }, B=$flatten\gate.$memory$auto$proc_rom.cc:155:do_switch$11$rdmux[0][2][3]$b$828 [6:0], Y=$flatten\gate.$memory$auto$proc_rom.cc:155:do_switch$11$rdmux[0][1][1]$b$816 [6:0]
      New connections: $flatten\gate.$memory$auto$proc_rom.cc:155:do_switch$11$rdmux[0][1][1]$b$816 [7] = 1'0
    Consolidated identical input bits for $mux cell $flatten\gold.$memory$auto$proc_rom.cc:155:do_switch$11$rdmux[0][2][0]$49:
      Old ports: A=$flatten\gold.$memory$auto$proc_rom.cc:155:do_switch$11$rdmux[0][2][0]$a$50, B=$flatten\gold.$memory$auto$proc_rom.cc:155:do_switch$11$rdmux[0][2][0]$b$51, Y=$flatten\gold.$memory$auto$proc_rom.cc:155:do_switch$11$rdmux[0][1][0]$a$44
      New ports: A=$flatten\gold.$memory$auto$proc_rom.cc:155:do_switch$11$rdmux[0][2][0]$a$50 [6:0], B={ 1'1 $flatten\gold.$memory$auto$proc_rom.cc:155:do_switch$11$rdmux[0][2][0]$b$51 [5:0] }, Y=$flatten\gold.$memory$auto$proc_rom.cc:155:do_switch$11$rdmux[0][1][0]$a$44 [6:0]
      New connections: $flatten\gold.$memory$auto$proc_rom.cc:155:do_switch$11$rdmux[0][1][0]$a$44 [7] = 1'1
    Consolidated identical input bits for $mux cell $flatten\gold.$memory$auto$proc_rom.cc:155:do_switch$11$rdmux[0][2][1]$52:
      Old ports: A=$flatten\gold.$memory$auto$proc_rom.cc:155:do_switch$11$rdmux[0][2][1]$a$53, B=$flatten\gold.$memory$auto$proc_rom.cc:155:do_switch$11$rdmux[0][2][1]$b$54, Y=$flatten\gold.$memory$auto$proc_rom.cc:155:do_switch$11$rdmux[0][1][0]$b$45
      New ports: A={ 1'1 $flatten\gold.$memory$auto$proc_rom.cc:155:do_switch$11$rdmux[0][2][1]$a$53 [5:0] }, B=$flatten\gold.$memory$auto$proc_rom.cc:155:do_switch$11$rdmux[0][2][1]$b$54 [6:0], Y=$flatten\gold.$memory$auto$proc_rom.cc:155:do_switch$11$rdmux[0][1][0]$b$45 [6:0]
      New connections: $flatten\gold.$memory$auto$proc_rom.cc:155:do_switch$11$rdmux[0][1][0]$b$45 [7] = 1'1
    Consolidated identical input bits for $mux cell $flatten\gold.$memory$auto$proc_rom.cc:155:do_switch$11$rdmux[0][2][3]$58:
      Old ports: A=$flatten\gold.$memory$auto$proc_rom.cc:155:do_switch$11$rdmux[0][2][3]$a$59, B=$flatten\gold.$memory$auto$proc_rom.cc:155:do_switch$11$rdmux[0][2][3]$b$60, Y=$flatten\gold.$memory$auto$proc_rom.cc:155:do_switch$11$rdmux[0][1][1]$b$48
      New ports: A={ 1'0 $flatten\gold.$memory$auto$proc_rom.cc:155:do_switch$11$rdmux[0][2][3]$a$59 [5:0] }, B=$flatten\gold.$memory$auto$proc_rom.cc:155:do_switch$11$rdmux[0][2][3]$b$60 [6:0], Y=$flatten\gold.$memory$auto$proc_rom.cc:155:do_switch$11$rdmux[0][1][1]$b$48 [6:0]
      New connections: $flatten\gold.$memory$auto$proc_rom.cc:155:do_switch$11$rdmux[0][1][1]$b$48 [7] = 1'0
  Optimizing cells in module \miter.
    Consolidated identical input bits for $mux cell $flatten\gate.$memory$auto$proc_rom.cc:155:do_switch$11$rdmux[0][1][0]$811:
      Old ports: A=$flatten\gate.$memory$auto$proc_rom.cc:155:do_switch$11$rdmux[0][1][0]$a$812, B=$flatten\gate.$memory$auto$proc_rom.cc:155:do_switch$11$rdmux[0][1][0]$b$813, Y=$flatten\gate.$memory$auto$proc_rom.cc:155:do_switch$11$rdmux[0][0][0]$a$809
      New ports: A=$flatten\gate.$memory$auto$proc_rom.cc:155:do_switch$11$rdmux[0][1][0]$a$812 [6:0], B=$flatten\gate.$memory$auto$proc_rom.cc:155:do_switch$11$rdmux[0][1][0]$b$813 [6:0], Y=$flatten\gate.$memory$auto$proc_rom.cc:155:do_switch$11$rdmux[0][0][0]$a$809 [6:0]
      New connections: $flatten\gate.$memory$auto$proc_rom.cc:155:do_switch$11$rdmux[0][0][0]$a$809 [7] = 1'1
    Consolidated identical input bits for $mux cell $flatten\gold.$memory$auto$proc_rom.cc:155:do_switch$11$rdmux[0][1][0]$43:
      Old ports: A=$flatten\gold.$memory$auto$proc_rom.cc:155:do_switch$11$rdmux[0][1][0]$a$44, B=$flatten\gold.$memory$auto$proc_rom.cc:155:do_switch$11$rdmux[0][1][0]$b$45, Y=$flatten\gold.$memory$auto$proc_rom.cc:155:do_switch$11$rdmux[0][0][0]$a$41
      New ports: A=$flatten\gold.$memory$auto$proc_rom.cc:155:do_switch$11$rdmux[0][1][0]$a$44 [6:0], B=$flatten\gold.$memory$auto$proc_rom.cc:155:do_switch$11$rdmux[0][1][0]$b$45 [6:0], Y=$flatten\gold.$memory$auto$proc_rom.cc:155:do_switch$11$rdmux[0][0][0]$a$41 [6:0]
      New connections: $flatten\gold.$memory$auto$proc_rom.cc:155:do_switch$11$rdmux[0][0][0]$a$41 [7] = 1'1
  Optimizing cells in module \miter.
Performed a total of 350 changes.

6.5. Executing OPT_MERGE pass (detect identical cells).
Finding identical cells in module `\miter'.
Computing hashes of 376 cells of `\miter'.
Finding duplicate cells in `\miter'.
Computing hashes of 284 cells of `\miter'.
Finding duplicate cells in `\miter'.
<suppressed ~276 debug messages>
Removed a total of 92 cells.

6.6. Executing OPT_SHARE pass.

6.7. Executing OPT_DFF pass (perform DFF optimizations).

6.8. Executing OPT_CLEAN pass (remove unused cells and wires).
Finding unused cells or wires in module \miter..
Removed 1 unused cells and 95 unused wires.
<suppressed ~3 debug messages>

6.9. Executing OPT_EXPR pass (perform const folding).
Optimizing module miter.
<suppressed ~6 debug messages>

6.10. Rerunning OPT passes. (Maybe there is more to do..)

6.11. Executing OPT_MUXTREE pass (detect dead branches in mux trees).
Running muxtree optimizer on module \miter..
  Creating internal representation of mux trees.
  Evaluating internal representation of mux trees.
  Analyzing evaluation results.
Removed 0 multiplexer ports.
<suppressed ~450 debug messages>

6.12. Executing OPT_REDUCE pass (consolidate $*mux and $reduce_* inputs).
  Optimizing cells in module \miter.
    Consolidated identical input bits for $mux cell $flatten\gate.$memory$auto$proc_rom.cc:155:do_switch$11$rdmux[0][6][39]$1114:
      Old ports: A={ 1'1 $auto$wreduce.cc:513:run$1617 [1] $auto$wreduce.cc:513:run$1617 [1] }, B={ 1'0 $auto$wreduce.cc:513:run$1617 [1] 1'0 }, Y=$flatten\gate.$memory$auto$proc_rom.cc:155:do_switch$11$rdmux[0][5][19]$b$960 [2:0]
      New ports: A={ 1'1 $auto$wreduce.cc:513:run$1617 [1] }, B=2'00, Y={ $flatten\gate.$memory$auto$proc_rom.cc:155:do_switch$11$rdmux[0][5][19]$b$960 [2] $flatten\gate.$memory$auto$proc_rom.cc:155:do_switch$11$rdmux[0][5][19]$b$960 [0] }
      New connections: $flatten\gate.$memory$auto$proc_rom.cc:155:do_switch$11$rdmux[0][5][19]$b$960 [1] = $auto$wreduce.cc:513:run$1617 [1]
    Consolidated identical input bits for $mux cell $flatten\gate.$memory$auto$proc_rom.cc:155:do_switch$11$rdmux[0][6][40]$1117:
      Old ports: A={ 2'10 $auto$wreduce.cc:513:run$1593 [1:0] }, B={ $auto$wreduce.cc:513:run$1593 [1:0] $auto$wreduce.cc:513:run$1593 [0] $auto$wreduce.cc:513:run$1593 [0] }, Y={ $flatten\gate.$memory$auto$proc_rom.cc:155:do_switch$11$rdmux[0][5][20]$a$962 [5] $flatten\gate.$memory$auto$proc_rom.cc:155:do_switch$11$rdmux[0][5][20]$a$962 [3:1] }
      New ports: A={ 2'10 $auto$wreduce.cc:513:run$1593 [1] }, B={ $auto$wreduce.cc:513:run$1593 [1:0] $auto$wreduce.cc:513:run$1593 [0] }, Y={ $flatten\gate.$memory$auto$proc_rom.cc:155:do_switch$11$rdmux[0][5][20]$a$962 [5] $flatten\gate.$memory$auto$proc_rom.cc:155:do_switch$11$rdmux[0][5][20]$a$962 [3:2] }
      New connections: $flatten\gate.$memory$auto$proc_rom.cc:155:do_switch$11$rdmux[0][5][20]$a$962 [1] = $auto$wreduce.cc:513:run$1593 [0]
    Consolidated identical input bits for $mux cell $flatten\gate.$memory$auto$proc_rom.cc:155:do_switch$11$rdmux[0][6][41]$1120:
      Old ports: A={ 1'1 $auto$wreduce.cc:513:run$1593 [1:0] }, B={ $auto$wreduce.cc:513:run$1593 [1:0] $auto$wreduce.cc:513:run$1593 [0] }, Y=$flatten\gate.$memory$auto$proc_rom.cc:155:do_switch$11$rdmux[0][5][20]$b$963 [3:1]
      New ports: A={ 1'1 $auto$wreduce.cc:513:run$1593 [1] }, B=$auto$wreduce.cc:513:run$1593 [1:0], Y=$flatten\gate.$memory$auto$proc_rom.cc:155:do_switch$11$rdmux[0][5][20]$b$963 [3:2]
      New connections: $flatten\gate.$memory$auto$proc_rom.cc:155:do_switch$11$rdmux[0][5][20]$b$963 [1] = $auto$wreduce.cc:513:run$1593 [0]
    Consolidated identical input bits for $mux cell $flatten\gate.$memory$auto$proc_rom.cc:155:do_switch$11$rdmux[0][6][53]$1156:
      Old ports: A={ $auto$wreduce.cc:513:run$1585 [4] $auto$wreduce.cc:513:run$1585 [1] $auto$wreduce.cc:513:run$1585 [1] $auto$wreduce.cc:513:run$1585 [1] 1'1 }, B={ 2'10 $auto$wreduce.cc:513:run$1585 [4] $auto$wreduce.cc:513:run$1585 [1] 1'0 }, Y=$flatten\gate.$memory$auto$proc_rom.cc:155:do_switch$11$rdmux[0][5][26]$b$981 [4:0]
      New ports: A={ $auto$wreduce.cc:513:run$1585 [4] $auto$wreduce.cc:513:run$1585 [1] $auto$wreduce.cc:513:run$1585 [1] 1'1 }, B={ 2'10 $auto$wreduce.cc:513:run$1585 [4] 1'0 }, Y={ $flatten\gate.$memory$auto$proc_rom.cc:155:do_switch$11$rdmux[0][5][26]$b$981 [4:2] $flatten\gate.$memory$auto$proc_rom.cc:155:do_switch$11$rdmux[0][5][26]$b$981 [0] }
      New connections: $flatten\gate.$memory$auto$proc_rom.cc:155:do_switch$11$rdmux[0][5][26]$b$981 [1] = $auto$wreduce.cc:513:run$1585 [1]
    Consolidated identical input bits for $mux cell $flatten\gate.$memory$auto$proc_rom.cc:155:do_switch$11$rdmux[0][6][59]$1174:
      Old ports: A={ 1'0 $auto$wreduce.cc:513:run$1585 [4] 1'1 $auto$wreduce.cc:513:run$1585 [1] }, B={ 1'1 $auto$wreduce.cc:513:run$1585 [4] 1'0 $auto$wreduce.cc:513:run$1585 [1] }, Y=$flatten\gate.$memory$auto$proc_rom.cc:155:do_switch$11$rdmux[0][5][29]$b$990 [3:0]
      New ports: A=2'01, B=2'10, Y={ $flatten\gate.$memory$auto$proc_rom.cc:155:do_switch$11$rdmux[0][5][29]$b$990 [3] $flatten\gate.$memory$auto$proc_rom.cc:155:do_switch$11$rdmux[0][5][29]$b$990 [1] }
      New connections: { $flatten\gate.$memory$auto$proc_rom.cc:155:do_switch$11$rdmux[0][5][29]$b$990 [2] $flatten\gate.$memory$auto$proc_rom.cc:155:do_switch$11$rdmux[0][5][29]$b$990 [0] } = { $auto$wreduce.cc:513:run$1585 [4] $auto$wreduce.cc:513:run$1585 [1] }
    Consolidated identical input bits for $mux cell $flatten\gate.$memory$auto$proc_rom.cc:155:do_switch$11$rdmux[0][6][60]$1177:
      Old ports: A={ $auto$wreduce.cc:513:run$1585 [4] $auto$wreduce.cc:513:run$1585 [1] 1'1 $auto$wreduce.cc:513:run$1585 [1] }, B={ 1'1 $auto$wreduce.cc:513:run$1585 [4] 1'0 $auto$wreduce.cc:513:run$1585 [1] }, Y={ $flatten\gate.$memory$auto$proc_rom.cc:155:do_switch$11$rdmux[0][5][30]$a$992 [4:3] $flatten\gate.$memory$auto$proc_rom.cc:155:do_switch$11$rdmux[0][5][30]$a$992 [1:0] }
      New ports: A={ $auto$wreduce.cc:513:run$1585 [4] $auto$wreduce.cc:513:run$1585 [1] 1'1 }, B={ 1'1 $auto$wreduce.cc:513:run$1585 [4] 1'0 }, Y={ $flatten\gate.$memory$auto$proc_rom.cc:155:do_switch$11$rdmux[0][5][30]$a$992 [4:3] $flatten\gate.$memory$auto$proc_rom.cc:155:do_switch$11$rdmux[0][5][30]$a$992 [1] }
      New connections: $flatten\gate.$memory$auto$proc_rom.cc:155:do_switch$11$rdmux[0][5][30]$a$992 [0] = $auto$wreduce.cc:513:run$1585 [1]
    Consolidated identical input bits for $mux cell $flatten\gate.$memory$auto$proc_rom.cc:155:do_switch$11$rdmux[0][6][62]$1183:
      Old ports: A={ 1'0 $auto$wreduce.cc:513:run$1585 [4] 1'1 $auto$wreduce.cc:513:run$1585 [1] }, B={ $auto$wreduce.cc:513:run$1585 [4] $auto$wreduce.cc:513:run$1585 [1] 1'0 $auto$wreduce.cc:513:run$1585 [1] }, Y={ $flatten\gate.$memory$auto$proc_rom.cc:155:do_switch$11$rdmux[0][5][31]$a$995 [4:3] $flatten\gate.$memory$auto$proc_rom.cc:155:do_switch$11$rdmux[0][5][31]$a$995 [1:0] }
      New ports: A={ 1'0 $auto$wreduce.cc:513:run$1585 [4] 1'1 }, B={ $auto$wreduce.cc:513:run$1585 [4] $auto$wreduce.cc:513:run$1585 [1] 1'0 }, Y={ $flatten\gate.$memory$auto$proc_rom.cc:155:do_switch$11$rdmux[0][5][31]$a$995 [4:3] $flatten\gate.$memory$auto$proc_rom.cc:155:do_switch$11$rdmux[0][5][31]$a$995 [1] }
      New connections: $flatten\gate.$memory$auto$proc_rom.cc:155:do_switch$11$rdmux[0][5][31]$a$995 [0] = $auto$wreduce.cc:513:run$1585 [1]
    Consolidated identical input bits for $mux cell $flatten\gate.$memory$auto$proc_rom.cc:155:do_switch$11$rdmux[0][6][7]$1018:
      Old ports: A={ 1'0 $auto$wreduce.cc:513:run$1583 [1] $auto$wreduce.cc:513:run$1583 [1] }, B={ 1'1 $auto$wreduce.cc:513:run$1583 [1] 1'1 }, Y=$flatten\gate.$memory$auto$proc_rom.cc:155:do_switch$11$rdmux[0][5][3]$b$912 [2:0]
      New ports: A={ 1'0 \gate.cnt [0] }, B=2'11, Y={ $flatten\gate.$memory$auto$proc_rom.cc:155:do_switch$11$rdmux[0][5][3]$b$912 [2] $flatten\gate.$memory$auto$proc_rom.cc:155:do_switch$11$rdmux[0][5][3]$b$912 [0] }
      New connections: $flatten\gate.$memory$auto$proc_rom.cc:155:do_switch$11$rdmux[0][5][3]$b$912 [1] = \gate.cnt [0]
    Consolidated identical input bits for $mux cell $flatten\gate.$memory$auto$proc_rom.cc:155:do_switch$11$rdmux[0][6][8]$1021:
      Old ports: A={ 2'01 $auto$wreduce.cc:513:run$1585 [4] $auto$wreduce.cc:513:run$1585 [1] }, B={ $auto$wreduce.cc:513:run$1585 [4] $auto$wreduce.cc:513:run$1585 [1] $auto$wreduce.cc:513:run$1585 [1] $auto$wreduce.cc:513:run$1585 [1] }, Y={ $flatten\gate.$memory$auto$proc_rom.cc:155:do_switch$11$rdmux[0][5][4]$a$914 [5] $flatten\gate.$memory$auto$proc_rom.cc:155:do_switch$11$rdmux[0][5][4]$a$914 [3:1] }
      New ports: A={ 2'01 $auto$wreduce.cc:513:run$1585 [4] }, B={ $auto$wreduce.cc:513:run$1585 [4] $auto$wreduce.cc:513:run$1585 [1] $auto$wreduce.cc:513:run$1585 [1] }, Y={ $flatten\gate.$memory$auto$proc_rom.cc:155:do_switch$11$rdmux[0][5][4]$a$914 [5] $flatten\gate.$memory$auto$proc_rom.cc:155:do_switch$11$rdmux[0][5][4]$a$914 [3:2] }
      New connections: $flatten\gate.$memory$auto$proc_rom.cc:155:do_switch$11$rdmux[0][5][4]$a$914 [1] = $auto$wreduce.cc:513:run$1585 [1]
    Consolidated identical input bits for $mux cell $flatten\gate.$memory$auto$proc_rom.cc:155:do_switch$11$rdmux[0][6][9]$1024:
      Old ports: A={ 1'0 $auto$wreduce.cc:513:run$1585 [4] $auto$wreduce.cc:513:run$1585 [1] }, B={ $auto$wreduce.cc:513:run$1585 [4] $auto$wreduce.cc:513:run$1585 [1] $auto$wreduce.cc:513:run$1585 [1] }, Y=$flatten\gate.$memory$auto$proc_rom.cc:155:do_switch$11$rdmux[0][5][4]$b$915 [3:1]
      New ports: A={ 1'0 $auto$wreduce.cc:513:run$1585 [4] }, B={ $auto$wreduce.cc:513:run$1585 [4] $auto$wreduce.cc:513:run$1585 [1] }, Y=$flatten\gate.$memory$auto$proc_rom.cc:155:do_switch$11$rdmux[0][5][4]$b$915 [3:2]
      New connections: $flatten\gate.$memory$auto$proc_rom.cc:155:do_switch$11$rdmux[0][5][4]$b$915 [1] = $auto$wreduce.cc:513:run$1585 [1]
    Consolidated identical input bits for $mux cell $flatten\gate.$memory$auto$proc_rom.cc:155:do_switch$11$rdmux[0][5][11]$934:
      Old ports: A={ 2'10 $auto$wreduce.cc:513:run$1685 [1:0] }, B={ $auto$wreduce.cc:513:run$1685 [1:0] $auto$wreduce.cc:513:run$1685 [0] $auto$wreduce.cc:513:run$1685 [0] }, Y=$flatten\gate.$memory$auto$proc_rom.cc:155:do_switch$11$rdmux[0][4][5]$b$870 [5:2]
      New ports: A={ 2'10 $auto$wreduce.cc:513:run$1685 [1] }, B={ $auto$wreduce.cc:513:run$1685 [1:0] $auto$wreduce.cc:513:run$1685 [0] }, Y=$flatten\gate.$memory$auto$proc_rom.cc:155:do_switch$11$rdmux[0][4][5]$b$870 [5:3]
      New connections: $flatten\gate.$memory$auto$proc_rom.cc:155:do_switch$11$rdmux[0][4][5]$b$870 [2] = $auto$wreduce.cc:513:run$1685 [0]
    Consolidated identical input bits for $mux cell $flatten\gold.$memory$auto$proc_rom.cc:155:do_switch$11$rdmux[0][5][11]$166:
      Old ports: A={ 2'10 $auto$wreduce.cc:513:run$1809 [1:0] }, B={ $auto$wreduce.cc:513:run$1809 [1:0] $auto$wreduce.cc:513:run$1809 [0] $auto$wreduce.cc:513:run$1809 [0] }, Y=$flatten\gold.$memory$auto$proc_rom.cc:155:do_switch$11$rdmux[0][4][5]$b$102 [5:2]
      New ports: A={ 2'10 $auto$wreduce.cc:513:run$1809 [1] }, B={ $auto$wreduce.cc:513:run$1809 [1:0] $auto$wreduce.cc:513:run$1809 [0] }, Y=$flatten\gold.$memory$auto$proc_rom.cc:155:do_switch$11$rdmux[0][4][5]$b$102 [5:3]
      New connections: $flatten\gold.$memory$auto$proc_rom.cc:155:do_switch$11$rdmux[0][4][5]$b$102 [2] = $auto$wreduce.cc:513:run$1809 [0]
    Consolidated identical input bits for $mux cell $flatten\gold.$memory$auto$proc_rom.cc:155:do_switch$11$rdmux[0][5][27]$214:
      Old ports: A={ 2'01 $auto$wreduce.cc:513:run$1808 [1:0] }, B={ $auto$wreduce.cc:513:run$1808 [1:0] $auto$wreduce.cc:513:run$1808 [0] $auto$wreduce.cc:513:run$1808 [0] }, Y=$flatten\gold.$memory$auto$proc_rom.cc:155:do_switch$11$rdmux[0][4][13]$b$126 [5:2]
      New ports: A={ 2'01 $auto$wreduce.cc:513:run$1808 [1] }, B={ $auto$wreduce.cc:513:run$1808 [1:0] $auto$wreduce.cc:513:run$1808 [0] }, Y=$flatten\gold.$memory$auto$proc_rom.cc:155:do_switch$11$rdmux[0][4][13]$b$126 [5:3]
      New connections: $flatten\gold.$memory$auto$proc_rom.cc:155:do_switch$11$rdmux[0][4][13]$b$126 [2] = $auto$wreduce.cc:513:run$1808 [0]
    Consolidated identical input bits for $mux cell $flatten\gold.$memory$auto$proc_rom.cc:155:do_switch$11$rdmux[0][6][21]$292:
      Old ports: A={ $auto$wreduce.cc:513:run$1698 [1:0] $auto$wreduce.cc:513:run$1698 [0] $auto$wreduce.cc:513:run$1698 [0] 1'0 }, B={ 2'01 $auto$wreduce.cc:513:run$1698 [1:0] 1'1 }, Y=$flatten\gold.$memory$auto$proc_rom.cc:155:do_switch$11$rdmux[0][5][10]$b$165 [4:0]
      New ports: A={ $auto$wreduce.cc:513:run$1698 [1:0] $auto$wreduce.cc:513:run$1698 [0] 1'0 }, B={ 2'01 $auto$wreduce.cc:513:run$1698 [1] 1'1 }, Y={ $flatten\gold.$memory$auto$proc_rom.cc:155:do_switch$11$rdmux[0][5][10]$b$165 [4:2] $flatten\gold.$memory$auto$proc_rom.cc:155:do_switch$11$rdmux[0][5][10]$b$165 [0] }
      New connections: $flatten\gold.$memory$auto$proc_rom.cc:155:do_switch$11$rdmux[0][5][10]$b$165 [1] = $auto$wreduce.cc:513:run$1698 [0]
    Consolidated identical input bits for $mux cell $flatten\gold.$memory$auto$proc_rom.cc:155:do_switch$11$rdmux[0][6][27]$310:
      Old ports: A={ 1'1 $auto$wreduce.cc:513:run$1698 [1] 1'0 $auto$wreduce.cc:513:run$1698 [0] }, B={ 1'0 $auto$wreduce.cc:513:run$1698 [1] 1'1 $auto$wreduce.cc:513:run$1698 [0] }, Y=$flatten\gold.$memory$auto$proc_rom.cc:155:do_switch$11$rdmux[0][5][13]$b$174 [3:0]
      New ports: A=2'10, B=2'01, Y={ $flatten\gold.$memory$auto$proc_rom.cc:155:do_switch$11$rdmux[0][5][13]$b$174 [3] $flatten\gold.$memory$auto$proc_rom.cc:155:do_switch$11$rdmux[0][5][13]$b$174 [1] }
      New connections: { $flatten\gold.$memory$auto$proc_rom.cc:155:do_switch$11$rdmux[0][5][13]$b$174 [2] $flatten\gold.$memory$auto$proc_rom.cc:155:do_switch$11$rdmux[0][5][13]$b$174 [0] } = $auto$wreduce.cc:513:run$1698 [1:0]
    Consolidated identical input bits for $mux cell $flatten\gold.$memory$auto$proc_rom.cc:155:do_switch$11$rdmux[0][6][28]$313:
      Old ports: A={ $auto$wreduce.cc:513:run$1698 [1:0] 1'0 $auto$wreduce.cc:513:run$1698 [0] }, B={ 1'0 $auto$wreduce.cc:513:run$1698 [1] 1'1 $auto$wreduce.cc:513:run$1698 [0] }, Y={ $flatten\gold.$memory$auto$proc_rom.cc:155:do_switch$11$rdmux[0][5][14]$a$176 [4:3] $flatten\gold.$memory$auto$proc_rom.cc:155:do_switch$11$rdmux[0][5][14]$a$176 [1:0] }
      New ports: A={ $auto$wreduce.cc:513:run$1698 [1:0] 1'0 }, B={ 1'0 $auto$wreduce.cc:513:run$1698 [1] 1'1 }, Y={ $flatten\gold.$memory$auto$proc_rom.cc:155:do_switch$11$rdmux[0][5][14]$a$176 [4:3] $flatten\gold.$memory$auto$proc_rom.cc:155:do_switch$11$rdmux[0][5][14]$a$176 [1] }
      New connections: $flatten\gold.$memory$auto$proc_rom.cc:155:do_switch$11$rdmux[0][5][14]$a$176 [0] = $auto$wreduce.cc:513:run$1698 [0]
    Consolidated identical input bits for $mux cell $flatten\gold.$memory$auto$proc_rom.cc:155:do_switch$11$rdmux[0][6][30]$319:
      Old ports: A={ 1'1 $auto$wreduce.cc:513:run$1698 [1] 1'0 $auto$wreduce.cc:513:run$1698 [0] }, B={ $auto$wreduce.cc:513:run$1698 [1:0] 1'1 $auto$wreduce.cc:513:run$1698 [0] }, Y={ $flatten\gold.$memory$auto$proc_rom.cc:155:do_switch$11$rdmux[0][5][15]$a$179 [4:3] $flatten\gold.$memory$auto$proc_rom.cc:155:do_switch$11$rdmux[0][5][15]$a$179 [1:0] }
      New ports: A={ 1'1 $auto$wreduce.cc:513:run$1698 [1] 1'0 }, B={ $auto$wreduce.cc:513:run$1698 [1:0] 1'1 }, Y={ $flatten\gold.$memory$auto$proc_rom.cc:155:do_switch$11$rdmux[0][5][15]$a$179 [4:3] $flatten\gold.$memory$auto$proc_rom.cc:155:do_switch$11$rdmux[0][5][15]$a$179 [1] }
      New connections: $flatten\gold.$memory$auto$proc_rom.cc:155:do_switch$11$rdmux[0][5][15]$a$179 [0] = $auto$wreduce.cc:513:run$1698 [0]
    Consolidated identical input bits for $mux cell $flatten\gold.$memory$auto$proc_rom.cc:155:do_switch$11$rdmux[0][6][39]$346:
      Old ports: A={ 1'1 $auto$wreduce.cc:513:run$1750 [1] $auto$wreduce.cc:513:run$1750 [1] }, B={ 1'0 $auto$wreduce.cc:513:run$1750 [1] 1'0 }, Y=$flatten\gold.$memory$auto$proc_rom.cc:155:do_switch$11$rdmux[0][5][19]$b$192 [2:0]
      New ports: A={ 1'1 $auto$wreduce.cc:513:run$1750 [1] }, B=2'00, Y={ $flatten\gold.$memory$auto$proc_rom.cc:155:do_switch$11$rdmux[0][5][19]$b$192 [2] $flatten\gold.$memory$auto$proc_rom.cc:155:do_switch$11$rdmux[0][5][19]$b$192 [0] }
      New connections: $flatten\gold.$memory$auto$proc_rom.cc:155:do_switch$11$rdmux[0][5][19]$b$192 [1] = $auto$wreduce.cc:513:run$1750 [1]
    Consolidated identical input bits for $mux cell $flatten\gold.$memory$auto$proc_rom.cc:155:do_switch$11$rdmux[0][6][40]$349:
      Old ports: A={ 2'10 $auto$wreduce.cc:513:run$1698 [1:0] }, B={ $auto$wreduce.cc:513:run$1698 [1:0] $auto$wreduce.cc:513:run$1698 [0] $auto$wreduce.cc:513:run$1698 [0] }, Y={ $flatten\gold.$memory$auto$proc_rom.cc:155:do_switch$11$rdmux[0][5][20]$a$194 [5] $flatten\gold.$memory$auto$proc_rom.cc:155:do_switch$11$rdmux[0][5][20]$a$194 [3:1] }
      New ports: A={ 2'10 $auto$wreduce.cc:513:run$1698 [1] }, B={ $auto$wreduce.cc:513:run$1698 [1:0] $auto$wreduce.cc:513:run$1698 [0] }, Y={ $flatten\gold.$memory$auto$proc_rom.cc:155:do_switch$11$rdmux[0][5][20]$a$194 [5] $flatten\gold.$memory$auto$proc_rom.cc:155:do_switch$11$rdmux[0][5][20]$a$194 [3:2] }
      New connections: $flatten\gold.$memory$auto$proc_rom.cc:155:do_switch$11$rdmux[0][5][20]$a$194 [1] = $auto$wreduce.cc:513:run$1698 [0]
    Consolidated identical input bits for $mux cell $flatten\gold.$memory$auto$proc_rom.cc:155:do_switch$11$rdmux[0][6][41]$352:
      Old ports: A={ 1'1 $auto$wreduce.cc:513:run$1698 [1:0] }, B={ $auto$wreduce.cc:513:run$1698 [1:0] $auto$wreduce.cc:513:run$1698 [0] }, Y=$flatten\gold.$memory$auto$proc_rom.cc:155:do_switch$11$rdmux[0][5][20]$b$195 [3:1]
      New ports: A={ 1'1 $auto$wreduce.cc:513:run$1698 [1] }, B=$auto$wreduce.cc:513:run$1698 [1:0], Y=$flatten\gold.$memory$auto$proc_rom.cc:155:do_switch$11$rdmux[0][5][20]$b$195 [3:2]
      New connections: $flatten\gold.$memory$auto$proc_rom.cc:155:do_switch$11$rdmux[0][5][20]$b$195 [1] = $auto$wreduce.cc:513:run$1698 [0]
    Consolidated identical input bits for $mux cell $flatten\gold.$memory$auto$proc_rom.cc:155:do_switch$11$rdmux[0][6][53]$388:
      Old ports: A={ $auto$wreduce.cc:513:run$1691 [3] $auto$wreduce.cc:513:run$1691 [1] $auto$wreduce.cc:513:run$1691 [1] $auto$wreduce.cc:513:run$1691 [1] 1'1 }, B={ 2'10 $auto$wreduce.cc:513:run$1691 [3] $auto$wreduce.cc:513:run$1691 [1] 1'0 }, Y=$flatten\gold.$memory$auto$proc_rom.cc:155:do_switch$11$rdmux[0][5][26]$b$213 [4:0]
      New ports: A={ $auto$wreduce.cc:513:run$1691 [3] $auto$wreduce.cc:513:run$1691 [1] $auto$wreduce.cc:513:run$1691 [1] 1'1 }, B={ 2'10 $auto$wreduce.cc:513:run$1691 [3] 1'0 }, Y={ $flatten\gold.$memory$auto$proc_rom.cc:155:do_switch$11$rdmux[0][5][26]$b$213 [4:2] $flatten\gold.$memory$auto$proc_rom.cc:155:do_switch$11$rdmux[0][5][26]$b$213 [0] }
      New connections: $flatten\gold.$memory$auto$proc_rom.cc:155:do_switch$11$rdmux[0][5][26]$b$213 [1] = $auto$wreduce.cc:513:run$1691 [1]
    Consolidated identical input bits for $mux cell $flatten\gold.$memory$auto$proc_rom.cc:155:do_switch$11$rdmux[0][6][59]$406:
      Old ports: A={ 1'0 $auto$wreduce.cc:513:run$1691 [3] 1'1 $auto$wreduce.cc:513:run$1691 [1] }, B={ 1'1 $auto$wreduce.cc:513:run$1691 [3] 1'0 $auto$wreduce.cc:513:run$1691 [1] }, Y=$flatten\gold.$memory$auto$proc_rom.cc:155:do_switch$11$rdmux[0][5][29]$b$222 [3:0]
      New ports: A=2'01, B=2'10, Y={ $flatten\gold.$memory$auto$proc_rom.cc:155:do_switch$11$rdmux[0][5][29]$b$222 [3] $flatten\gold.$memory$auto$proc_rom.cc:155:do_switch$11$rdmux[0][5][29]$b$222 [1] }
      New connections: { $flatten\gold.$memory$auto$proc_rom.cc:155:do_switch$11$rdmux[0][5][29]$b$222 [2] $flatten\gold.$memory$auto$proc_rom.cc:155:do_switch$11$rdmux[0][5][29]$b$222 [0] } = { $auto$wreduce.cc:513:run$1691 [3] $auto$wreduce.cc:513:run$1691 [1] }
    Consolidated identical input bits for $mux cell $flatten\gold.$memory$auto$proc_rom.cc:155:do_switch$11$rdmux[0][6][60]$409:
      Old ports: A={ $auto$wreduce.cc:513:run$1691 [3] $auto$wreduce.cc:513:run$1691 [1] 1'1 $auto$wreduce.cc:513:run$1691 [1] }, B={ 1'1 $auto$wreduce.cc:513:run$1691 [3] 1'0 $auto$wreduce.cc:513:run$1691 [1] }, Y={ $flatten\gold.$memory$auto$proc_rom.cc:155:do_switch$11$rdmux[0][5][30]$a$224 [4:3] $flatten\gold.$memory$auto$proc_rom.cc:155:do_switch$11$rdmux[0][5][30]$a$224 [1:0] }
      New ports: A={ $auto$wreduce.cc:513:run$1691 [3] $auto$wreduce.cc:513:run$1691 [1] 1'1 }, B={ 1'1 $auto$wreduce.cc:513:run$1691 [3] 1'0 }, Y={ $flatten\gold.$memory$auto$proc_rom.cc:155:do_switch$11$rdmux[0][5][30]$a$224 [4:3] $flatten\gold.$memory$auto$proc_rom.cc:155:do_switch$11$rdmux[0][5][30]$a$224 [1] }
      New connections: $flatten\gold.$memory$auto$proc_rom.cc:155:do_switch$11$rdmux[0][5][30]$a$224 [0] = $auto$wreduce.cc:513:run$1691 [1]
    Consolidated identical input bits for $mux cell $flatten\gold.$memory$auto$proc_rom.cc:155:do_switch$11$rdmux[0][6][62]$415:
      Old ports: A={ 1'0 $auto$wreduce.cc:513:run$1691 [3] 1'1 $auto$wreduce.cc:513:run$1691 [1] }, B={ $auto$wreduce.cc:513:run$1691 [3] $auto$wreduce.cc:513:run$1691 [1] 1'0 $auto$wreduce.cc:513:run$1691 [1] }, Y={ $flatten\gold.$memory$auto$proc_rom.cc:155:do_switch$11$rdmux[0][5][31]$a$227 [4:3] $flatten\gold.$memory$auto$proc_rom.cc:155:do_switch$11$rdmux[0][5][31]$a$227 [1:0] }
      New ports: A={ 1'0 $auto$wreduce.cc:513:run$1691 [3] 1'1 }, B={ $auto$wreduce.cc:513:run$1691 [3] $auto$wreduce.cc:513:run$1691 [1] 1'0 }, Y={ $flatten\gold.$memory$auto$proc_rom.cc:155:do_switch$11$rdmux[0][5][31]$a$227 [4:3] $flatten\gold.$memory$auto$proc_rom.cc:155:do_switch$11$rdmux[0][5][31]$a$227 [1] }
      New connections: $flatten\gold.$memory$auto$proc_rom.cc:155:do_switch$11$rdmux[0][5][31]$a$227 [0] = $auto$wreduce.cc:513:run$1691 [1]
    Consolidated identical input bits for $mux cell $flatten\gold.$memory$auto$proc_rom.cc:155:do_switch$11$rdmux[0][6][7]$250:
      Old ports: A={ 1'0 $auto$wreduce.cc:513:run$1695 [1] $auto$wreduce.cc:513:run$1695 [1] }, B={ 1'1 $auto$wreduce.cc:513:run$1695 [1] 1'1 }, Y=$flatten\gold.$memory$auto$proc_rom.cc:155:do_switch$11$rdmux[0][5][3]$b$144 [2:0]
      New ports: A={ 1'0 \gold.cnt [0] }, B=2'11, Y={ $flatten\gold.$memory$auto$proc_rom.cc:155:do_switch$11$rdmux[0][5][3]$b$144 [2] $flatten\gold.$memory$auto$proc_rom.cc:155:do_switch$11$rdmux[0][5][3]$b$144 [0] }
      New connections: $flatten\gold.$memory$auto$proc_rom.cc:155:do_switch$11$rdmux[0][5][3]$b$144 [1] = \gold.cnt [0]
    Consolidated identical input bits for $mux cell $flatten\gold.$memory$auto$proc_rom.cc:155:do_switch$11$rdmux[0][6][8]$253:
      Old ports: A={ 2'01 $auto$wreduce.cc:513:run$1691 [3] $auto$wreduce.cc:513:run$1691 [1] }, B={ $auto$wreduce.cc:513:run$1691 [3] $auto$wreduce.cc:513:run$1691 [1] $auto$wreduce.cc:513:run$1691 [1] $auto$wreduce.cc:513:run$1691 [1] }, Y={ $flatten\gold.$memory$auto$proc_rom.cc:155:do_switch$11$rdmux[0][5][4]$a$146 [5] $flatten\gold.$memory$auto$proc_rom.cc:155:do_switch$11$rdmux[0][5][4]$a$146 [3:1] }
      New ports: A={ 2'01 $auto$wreduce.cc:513:run$1691 [3] }, B={ $auto$wreduce.cc:513:run$1691 [3] $auto$wreduce.cc:513:run$1691 [1] $auto$wreduce.cc:513:run$1691 [1] }, Y={ $flatten\gold.$memory$auto$proc_rom.cc:155:do_switch$11$rdmux[0][5][4]$a$146 [5] $flatten\gold.$memory$auto$proc_rom.cc:155:do_switch$11$rdmux[0][5][4]$a$146 [3:2] }
      New connections: $flatten\gold.$memory$auto$proc_rom.cc:155:do_switch$11$rdmux[0][5][4]$a$146 [1] = $auto$wreduce.cc:513:run$1691 [1]
    Consolidated identical input bits for $mux cell $flatten\gold.$memory$auto$proc_rom.cc:155:do_switch$11$rdmux[0][6][9]$256:
      Old ports: A={ 1'0 $auto$wreduce.cc:513:run$1691 [3] $auto$wreduce.cc:513:run$1691 [1] }, B={ $auto$wreduce.cc:513:run$1691 [3] $auto$wreduce.cc:513:run$1691 [1] $auto$wreduce.cc:513:run$1691 [1] }, Y=$flatten\gold.$memory$auto$proc_rom.cc:155:do_switch$11$rdmux[0][5][4]$b$147 [3:1]
      New ports: A={ 1'0 $auto$wreduce.cc:513:run$1691 [3] }, B={ $auto$wreduce.cc:513:run$1691 [3] $auto$wreduce.cc:513:run$1691 [1] }, Y=$flatten\gold.$memory$auto$proc_rom.cc:155:do_switch$11$rdmux[0][5][4]$b$147 [3:2]
      New connections: $flatten\gold.$memory$auto$proc_rom.cc:155:do_switch$11$rdmux[0][5][4]$b$147 [1] = $auto$wreduce.cc:513:run$1691 [1]
    Consolidated identical input bits for $mux cell $flatten\gate.$memory$auto$proc_rom.cc:155:do_switch$11$rdmux[0][5][27]$982:
      Old ports: A={ 2'01 $auto$wreduce.cc:513:run$1683 [1:0] }, B={ $auto$wreduce.cc:513:run$1683 [1:0] $auto$wreduce.cc:513:run$1683 [0] $auto$wreduce.cc:513:run$1683 [0] }, Y=$flatten\gate.$memory$auto$proc_rom.cc:155:do_switch$11$rdmux[0][4][13]$b$894 [5:2]
      New ports: A={ 2'01 $auto$wreduce.cc:513:run$1683 [1] }, B={ $auto$wreduce.cc:513:run$1683 [1:0] $auto$wreduce.cc:513:run$1683 [0] }, Y=$flatten\gate.$memory$auto$proc_rom.cc:155:do_switch$11$rdmux[0][4][13]$b$894 [5:3]
      New connections: $flatten\gate.$memory$auto$proc_rom.cc:155:do_switch$11$rdmux[0][4][13]$b$894 [2] = $auto$wreduce.cc:513:run$1683 [0]
    Consolidated identical input bits for $mux cell $flatten\gate.$memory$auto$proc_rom.cc:155:do_switch$11$rdmux[0][6][21]$1060:
      Old ports: A={ $auto$wreduce.cc:513:run$1593 [1:0] $auto$wreduce.cc:513:run$1593 [0] $auto$wreduce.cc:513:run$1593 [0] 1'0 }, B={ 2'01 $auto$wreduce.cc:513:run$1593 [1:0] 1'1 }, Y=$flatten\gate.$memory$auto$proc_rom.cc:155:do_switch$11$rdmux[0][5][10]$b$933 [4:0]
      New ports: A={ $auto$wreduce.cc:513:run$1593 [1:0] $auto$wreduce.cc:513:run$1593 [0] 1'0 }, B={ 2'01 $auto$wreduce.cc:513:run$1593 [1] 1'1 }, Y={ $flatten\gate.$memory$auto$proc_rom.cc:155:do_switch$11$rdmux[0][5][10]$b$933 [4:2] $flatten\gate.$memory$auto$proc_rom.cc:155:do_switch$11$rdmux[0][5][10]$b$933 [0] }
      New connections: $flatten\gate.$memory$auto$proc_rom.cc:155:do_switch$11$rdmux[0][5][10]$b$933 [1] = $auto$wreduce.cc:513:run$1593 [0]
    Consolidated identical input bits for $mux cell $flatten\gate.$memory$auto$proc_rom.cc:155:do_switch$11$rdmux[0][6][30]$1087:
      Old ports: A={ 1'1 $auto$wreduce.cc:513:run$1593 [1] 1'0 $auto$wreduce.cc:513:run$1593 [0] }, B={ $auto$wreduce.cc:513:run$1593 [1:0] 1'1 $auto$wreduce.cc:513:run$1593 [0] }, Y={ $flatten\gate.$memory$auto$proc_rom.cc:155:do_switch$11$rdmux[0][5][15]$a$947 [4:3] $flatten\gate.$memory$auto$proc_rom.cc:155:do_switch$11$rdmux[0][5][15]$a$947 [1:0] }
      New ports: A={ 1'1 $auto$wreduce.cc:513:run$1593 [1] 1'0 }, B={ $auto$wreduce.cc:513:run$1593 [1:0] 1'1 }, Y={ $flatten\gate.$memory$auto$proc_rom.cc:155:do_switch$11$rdmux[0][5][15]$a$947 [4:3] $flatten\gate.$memory$auto$proc_rom.cc:155:do_switch$11$rdmux[0][5][15]$a$947 [1] }
      New connections: $flatten\gate.$memory$auto$proc_rom.cc:155:do_switch$11$rdmux[0][5][15]$a$947 [0] = $auto$wreduce.cc:513:run$1593 [0]
    Consolidated identical input bits for $mux cell $flatten\gate.$memory$auto$proc_rom.cc:155:do_switch$11$rdmux[0][6][27]$1078:
      Old ports: A={ 1'1 $auto$wreduce.cc:513:run$1593 [1] 1'0 $auto$wreduce.cc:513:run$1593 [0] }, B={ 1'0 $auto$wreduce.cc:513:run$1593 [1] 1'1 $auto$wreduce.cc:513:run$1593 [0] }, Y=$flatten\gate.$memory$auto$proc_rom.cc:155:do_switch$11$rdmux[0][5][13]$b$942 [3:0]
      New ports: A=2'10, B=2'01, Y={ $flatten\gate.$memory$auto$proc_rom.cc:155:do_switch$11$rdmux[0][5][13]$b$942 [3] $flatten\gate.$memory$auto$proc_rom.cc:155:do_switch$11$rdmux[0][5][13]$b$942 [1] }
      New connections: { $flatten\gate.$memory$auto$proc_rom.cc:155:do_switch$11$rdmux[0][5][13]$b$942 [2] $flatten\gate.$memory$auto$proc_rom.cc:155:do_switch$11$rdmux[0][5][13]$b$942 [0] } = $auto$wreduce.cc:513:run$1593 [1:0]
    Consolidated identical input bits for $mux cell $flatten\gate.$memory$auto$proc_rom.cc:155:do_switch$11$rdmux[0][6][28]$1081:
      Old ports: A={ $auto$wreduce.cc:513:run$1593 [1:0] 1'0 $auto$wreduce.cc:513:run$1593 [0] }, B={ 1'0 $auto$wreduce.cc:513:run$1593 [1] 1'1 $auto$wreduce.cc:513:run$1593 [0] }, Y={ $flatten\gate.$memory$auto$proc_rom.cc:155:do_switch$11$rdmux[0][5][14]$a$944 [4:3] $flatten\gate.$memory$auto$proc_rom.cc:155:do_switch$11$rdmux[0][5][14]$a$944 [1:0] }
      New ports: A={ $auto$wreduce.cc:513:run$1593 [1:0] 1'0 }, B={ 1'0 $auto$wreduce.cc:513:run$1593 [1] 1'1 }, Y={ $flatten\gate.$memory$auto$proc_rom.cc:155:do_switch$11$rdmux[0][5][14]$a$944 [4:3] $flatten\gate.$memory$auto$proc_rom.cc:155:do_switch$11$rdmux[0][5][14]$a$944 [1] }
      New connections: $flatten\gate.$memory$auto$proc_rom.cc:155:do_switch$11$rdmux[0][5][14]$a$944 [0] = $auto$wreduce.cc:513:run$1593 [0]
  Optimizing cells in module \miter.
    Consolidated identical input bits for $mux cell $flatten\gate.$memory$auto$proc_rom.cc:155:do_switch$11$rdmux[0][5][15]$946:
      Old ports: A={ $flatten\gate.$memory$auto$proc_rom.cc:155:do_switch$11$rdmux[0][5][15]$a$947 [4:3] $flatten\gate.$memory$auto$proc_rom.cc:155:do_switch$11$rdmux[0][5][15]$a$947 [0] $flatten\gate.$memory$auto$proc_rom.cc:155:do_switch$11$rdmux[0][5][15]$a$947 [1:0] }, B={ 1'0 $flatten\gate.$memory$auto$proc_rom.cc:155:do_switch$11$rdmux[0][5][13]$b$942 [3:0] }, Y=$flatten\gate.$memory$auto$proc_rom.cc:155:do_switch$11$rdmux[0][4][7]$b$876 [4:0]
      New ports: A={ $flatten\gate.$memory$auto$proc_rom.cc:155:do_switch$11$rdmux[0][5][15]$a$947 [4:3] $auto$wreduce.cc:513:run$1593 [0] $flatten\gate.$memory$auto$proc_rom.cc:155:do_switch$11$rdmux[0][5][15]$a$947 [1] }, B={ 1'0 $flatten\gate.$memory$auto$proc_rom.cc:155:do_switch$11$rdmux[0][5][13]$b$942 [3] $auto$wreduce.cc:513:run$1593 [1] $flatten\gate.$memory$auto$proc_rom.cc:155:do_switch$11$rdmux[0][5][13]$b$942 [1] }, Y=$flatten\gate.$memory$auto$proc_rom.cc:155:do_switch$11$rdmux[0][4][7]$b$876 [4:1]
      New connections: $flatten\gate.$memory$auto$proc_rom.cc:155:do_switch$11$rdmux[0][4][7]$b$876 [0] = $auto$wreduce.cc:513:run$1593 [0]
    Consolidated identical input bits for $mux cell $flatten\gold.$memory$auto$proc_rom.cc:155:do_switch$11$rdmux[0][5][15]$178:
      Old ports: A={ $flatten\gold.$memory$auto$proc_rom.cc:155:do_switch$11$rdmux[0][5][15]$a$179 [4:3] $flatten\gold.$memory$auto$proc_rom.cc:155:do_switch$11$rdmux[0][5][15]$a$179 [0] $flatten\gold.$memory$auto$proc_rom.cc:155:do_switch$11$rdmux[0][5][15]$a$179 [1:0] }, B={ 1'0 $flatten\gold.$memory$auto$proc_rom.cc:155:do_switch$11$rdmux[0][5][13]$b$174 [3:0] }, Y=$flatten\gold.$memory$auto$proc_rom.cc:155:do_switch$11$rdmux[0][4][7]$b$108 [4:0]
      New ports: A={ $flatten\gold.$memory$auto$proc_rom.cc:155:do_switch$11$rdmux[0][5][15]$a$179 [4:3] $auto$wreduce.cc:513:run$1698 [0] $flatten\gold.$memory$auto$proc_rom.cc:155:do_switch$11$rdmux[0][5][15]$a$179 [1] }, B={ 1'0 $flatten\gold.$memory$auto$proc_rom.cc:155:do_switch$11$rdmux[0][5][13]$b$174 [3] $auto$wreduce.cc:513:run$1698 [1] $flatten\gold.$memory$auto$proc_rom.cc:155:do_switch$11$rdmux[0][5][13]$b$174 [1] }, Y=$flatten\gold.$memory$auto$proc_rom.cc:155:do_switch$11$rdmux[0][4][7]$b$108 [4:1]
      New connections: $flatten\gold.$memory$auto$proc_rom.cc:155:do_switch$11$rdmux[0][4][7]$b$108 [0] = $auto$wreduce.cc:513:run$1698 [0]
    Consolidated identical input bits for $mux cell $flatten\gold.$memory$auto$proc_rom.cc:155:do_switch$11$rdmux[0][5][20]$193:
      Old ports: A={ $flatten\gold.$memory$auto$proc_rom.cc:155:do_switch$11$rdmux[0][5][20]$a$194 [5] $flatten\gold.$memory$auto$proc_rom.cc:155:do_switch$11$rdmux[0][5][20]$a$194 [3] $flatten\gold.$memory$auto$proc_rom.cc:155:do_switch$11$rdmux[0][5][20]$a$194 [3:1] }, B={ 2'01 $flatten\gold.$memory$auto$proc_rom.cc:155:do_switch$11$rdmux[0][5][20]$b$195 [3:1] }, Y=$flatten\gold.$memory$auto$proc_rom.cc:155:do_switch$11$rdmux[0][4][10]$a$116 [5:1]
      New ports: A={ $flatten\gold.$memory$auto$proc_rom.cc:155:do_switch$11$rdmux[0][5][20]$a$194 [5] $flatten\gold.$memory$auto$proc_rom.cc:155:do_switch$11$rdmux[0][5][20]$a$194 [3] $flatten\gold.$memory$auto$proc_rom.cc:155:do_switch$11$rdmux[0][5][20]$a$194 [3:2] }, B={ 2'01 $flatten\gold.$memory$auto$proc_rom.cc:155:do_switch$11$rdmux[0][5][20]$b$195 [3:2] }, Y=$flatten\gold.$memory$auto$proc_rom.cc:155:do_switch$11$rdmux[0][4][10]$a$116 [5:2]
      New connections: $flatten\gold.$memory$auto$proc_rom.cc:155:do_switch$11$rdmux[0][4][10]$a$116 [1] = $auto$wreduce.cc:513:run$1698 [0]
    Consolidated identical input bits for $mux cell $flatten\gold.$memory$auto$proc_rom.cc:155:do_switch$11$rdmux[0][5][31]$226:
      Old ports: A={ $flatten\gold.$memory$auto$proc_rom.cc:155:do_switch$11$rdmux[0][5][31]$a$227 [4:3] $flatten\gold.$memory$auto$proc_rom.cc:155:do_switch$11$rdmux[0][5][31]$a$227 [0] $flatten\gold.$memory$auto$proc_rom.cc:155:do_switch$11$rdmux[0][5][31]$a$227 [1:0] }, B={ 1'1 $flatten\gold.$memory$auto$proc_rom.cc:155:do_switch$11$rdmux[0][5][29]$b$222 [3:0] }, Y=$flatten\gold.$memory$auto$proc_rom.cc:155:do_switch$11$rdmux[0][4][15]$b$132 [4:0]
      New ports: A={ $flatten\gold.$memory$auto$proc_rom.cc:155:do_switch$11$rdmux[0][5][31]$a$227 [4:3] $auto$wreduce.cc:513:run$1691 [1] $flatten\gold.$memory$auto$proc_rom.cc:155:do_switch$11$rdmux[0][5][31]$a$227 [1] }, B={ 1'1 $flatten\gold.$memory$auto$proc_rom.cc:155:do_switch$11$rdmux[0][5][29]$b$222 [3] $auto$wreduce.cc:513:run$1691 [3] $flatten\gold.$memory$auto$proc_rom.cc:155:do_switch$11$rdmux[0][5][29]$b$222 [1] }, Y=$flatten\gold.$memory$auto$proc_rom.cc:155:do_switch$11$rdmux[0][4][15]$b$132 [4:1]
      New connections: $flatten\gold.$memory$auto$proc_rom.cc:155:do_switch$11$rdmux[0][4][15]$b$132 [0] = $auto$wreduce.cc:513:run$1691 [1]
    Consolidated identical input bits for $mux cell $flatten\gold.$memory$auto$proc_rom.cc:155:do_switch$11$rdmux[0][5][4]$145:
      Old ports: A={ $flatten\gold.$memory$auto$proc_rom.cc:155:do_switch$11$rdmux[0][5][4]$a$146 [5] $flatten\gold.$memory$auto$proc_rom.cc:155:do_switch$11$rdmux[0][5][4]$a$146 [3] $flatten\gold.$memory$auto$proc_rom.cc:155:do_switch$11$rdmux[0][5][4]$a$146 [3:1] }, B={ 2'10 $flatten\gold.$memory$auto$proc_rom.cc:155:do_switch$11$rdmux[0][5][4]$b$147 [3:1] }, Y=$flatten\gold.$memory$auto$proc_rom.cc:155:do_switch$11$rdmux[0][4][2]$a$92 [5:1]
      New ports: A={ $flatten\gold.$memory$auto$proc_rom.cc:155:do_switch$11$rdmux[0][5][4]$a$146 [5] $flatten\gold.$memory$auto$proc_rom.cc:155:do_switch$11$rdmux[0][5][4]$a$146 [3] $flatten\gold.$memory$auto$proc_rom.cc:155:do_switch$11$rdmux[0][5][4]$a$146 [3:2] }, B={ 2'10 $flatten\gold.$memory$auto$proc_rom.cc:155:do_switch$11$rdmux[0][5][4]$b$147 [3:2] }, Y=$flatten\gold.$memory$auto$proc_rom.cc:155:do_switch$11$rdmux[0][4][2]$a$92 [5:2]
      New connections: $flatten\gold.$memory$auto$proc_rom.cc:155:do_switch$11$rdmux[0][4][2]$a$92 [1] = $auto$wreduce.cc:513:run$1691 [1]
    Consolidated identical input bits for $mux cell $flatten\gate.$memory$auto$proc_rom.cc:155:do_switch$11$rdmux[0][5][20]$961:
      Old ports: A={ $flatten\gate.$memory$auto$proc_rom.cc:155:do_switch$11$rdmux[0][5][20]$a$962 [5] $flatten\gate.$memory$auto$proc_rom.cc:155:do_switch$11$rdmux[0][5][20]$a$962 [3] $flatten\gate.$memory$auto$proc_rom.cc:155:do_switch$11$rdmux[0][5][20]$a$962 [3:1] }, B={ 2'01 $flatten\gate.$memory$auto$proc_rom.cc:155:do_switch$11$rdmux[0][5][20]$b$963 [3:1] }, Y=$flatten\gate.$memory$auto$proc_rom.cc:155:do_switch$11$rdmux[0][4][10]$a$884 [5:1]
      New ports: A={ $flatten\gate.$memory$auto$proc_rom.cc:155:do_switch$11$rdmux[0][5][20]$a$962 [5] $flatten\gate.$memory$auto$proc_rom.cc:155:do_switch$11$rdmux[0][5][20]$a$962 [3] $flatten\gate.$memory$auto$proc_rom.cc:155:do_switch$11$rdmux[0][5][20]$a$962 [3:2] }, B={ 2'01 $flatten\gate.$memory$auto$proc_rom.cc:155:do_switch$11$rdmux[0][5][20]$b$963 [3:2] }, Y=$flatten\gate.$memory$auto$proc_rom.cc:155:do_switch$11$rdmux[0][4][10]$a$884 [5:2]
      New connections: $flatten\gate.$memory$auto$proc_rom.cc:155:do_switch$11$rdmux[0][4][10]$a$884 [1] = $auto$wreduce.cc:513:run$1593 [0]
    Consolidated identical input bits for $mux cell $flatten\gate.$memory$auto$proc_rom.cc:155:do_switch$11$rdmux[0][5][31]$994:
      Old ports: A={ $flatten\gate.$memory$auto$proc_rom.cc:155:do_switch$11$rdmux[0][5][31]$a$995 [4:3] $flatten\gate.$memory$auto$proc_rom.cc:155:do_switch$11$rdmux[0][5][31]$a$995 [0] $flatten\gate.$memory$auto$proc_rom.cc:155:do_switch$11$rdmux[0][5][31]$a$995 [1:0] }, B={ 1'1 $flatten\gate.$memory$auto$proc_rom.cc:155:do_switch$11$rdmux[0][5][29]$b$990 [3:0] }, Y=$flatten\gate.$memory$auto$proc_rom.cc:155:do_switch$11$rdmux[0][4][15]$b$900 [4:0]
      New ports: A={ $flatten\gate.$memory$auto$proc_rom.cc:155:do_switch$11$rdmux[0][5][31]$a$995 [4:3] $auto$wreduce.cc:513:run$1585 [1] $flatten\gate.$memory$auto$proc_rom.cc:155:do_switch$11$rdmux[0][5][31]$a$995 [1] }, B={ 1'1 $flatten\gate.$memory$auto$proc_rom.cc:155:do_switch$11$rdmux[0][5][29]$b$990 [3] $auto$wreduce.cc:513:run$1585 [4] $flatten\gate.$memory$auto$proc_rom.cc:155:do_switch$11$rdmux[0][5][29]$b$990 [1] }, Y=$flatten\gate.$memory$auto$proc_rom.cc:155:do_switch$11$rdmux[0][4][15]$b$900 [4:1]
      New connections: $flatten\gate.$memory$auto$proc_rom.cc:155:do_switch$11$rdmux[0][4][15]$b$900 [0] = $auto$wreduce.cc:513:run$1585 [1]
    Consolidated identical input bits for $mux cell $flatten\gate.$memory$auto$proc_rom.cc:155:do_switch$11$rdmux[0][5][4]$913:
      Old ports: A={ $flatten\gate.$memory$auto$proc_rom.cc:155:do_switch$11$rdmux[0][5][4]$a$914 [5] $flatten\gate.$memory$auto$proc_rom.cc:155:do_switch$11$rdmux[0][5][4]$a$914 [3] $flatten\gate.$memory$auto$proc_rom.cc:155:do_switch$11$rdmux[0][5][4]$a$914 [3:1] }, B={ 2'10 $flatten\gate.$memory$auto$proc_rom.cc:155:do_switch$11$rdmux[0][5][4]$b$915 [3:1] }, Y=$flatten\gate.$memory$auto$proc_rom.cc:155:do_switch$11$rdmux[0][4][2]$a$860 [5:1]
      New ports: A={ $flatten\gate.$memory$auto$proc_rom.cc:155:do_switch$11$rdmux[0][5][4]$a$914 [5] $flatten\gate.$memory$auto$proc_rom.cc:155:do_switch$11$rdmux[0][5][4]$a$914 [3] $flatten\gate.$memory$auto$proc_rom.cc:155:do_switch$11$rdmux[0][5][4]$a$914 [3:2] }, B={ 2'10 $flatten\gate.$memory$auto$proc_rom.cc:155:do_switch$11$rdmux[0][5][4]$b$915 [3:2] }, Y=$flatten\gate.$memory$auto$proc_rom.cc:155:do_switch$11$rdmux[0][4][2]$a$860 [5:2]
      New connections: $flatten\gate.$memory$auto$proc_rom.cc:155:do_switch$11$rdmux[0][4][2]$a$860 [1] = $auto$wreduce.cc:513:run$1585 [1]
  Optimizing cells in module \miter.
Performed a total of 40 changes.

6.13. Executing OPT_MERGE pass (detect identical cells).
Finding identical cells in module `\miter'.
Computing hashes of 281 cells of `\miter'.
Finding duplicate cells in `\miter'.
Computing hashes of 275 cells of `\miter'.
Finding duplicate cells in `\miter'.
<suppressed ~18 debug messages>
Removed a total of 6 cells.

6.14. Executing OPT_SHARE pass.

6.15. Executing OPT_DFF pass (perform DFF optimizations).

6.16. Executing OPT_CLEAN pass (remove unused cells and wires).
Finding unused cells or wires in module \miter..
Removed 0 unused cells and 8 unused wires.
<suppressed ~1 debug messages>

6.17. Executing OPT_EXPR pass (perform const folding).
Optimizing module miter.

6.18. Rerunning OPT passes. (Maybe there is more to do..)

6.19. Executing OPT_MUXTREE pass (detect dead branches in mux trees).
Running muxtree optimizer on module \miter..
  Creating internal representation of mux trees.
  Evaluating internal representation of mux trees.
  Analyzing evaluation results.
Removed 0 multiplexer ports.
<suppressed ~394 debug messages>

6.20. Executing OPT_REDUCE pass (consolidate $*mux and $reduce_* inputs).
  Optimizing cells in module \miter.
Performed a total of 0 changes.

6.21. Executing OPT_MERGE pass (detect identical cells).
Finding identical cells in module `\miter'.
Computing hashes of 275 cells of `\miter'.
Finding duplicate cells in `\miter'.
Removed a total of 0 cells.

6.22. Executing OPT_SHARE pass.

6.23. Executing OPT_DFF pass (perform DFF optimizations).

6.24. Executing OPT_CLEAN pass (remove unused cells and wires).
Finding unused cells or wires in module \miter..

6.25. Executing OPT_EXPR pass (perform const folding).
Optimizing module miter.

6.26. Finished fast OPT passes. (There is nothing left to do.)

7. Executing TECHMAP pass (map to technology primitives).

7.1. Executing Verilog-2005 frontend: /home/ihsan/.cc/toolchains/iic-osic-tools-2026.09/foss/tools/yosys/bin/../share/yosys/techmap.v
Parsing Verilog input from `/home/ihsan/.cc/toolchains/iic-osic-tools-2026.09/foss/tools/yosys/bin/../share/yosys/techmap.v' to AST representation.
Generating RTLIL representation for module `\_90_simplemap_bool_ops'.
Generating RTLIL representation for module `\_90_simplemap_reduce_ops'.
Generating RTLIL representation for module `\_90_simplemap_logic_ops'.
Generating RTLIL representation for module `\_90_simplemap_compare_ops'.
Generating RTLIL representation for module `\_90_simplemap_various'.
Generating RTLIL representation for module `\_90_simplemap_registers'.
Generating RTLIL representation for module `\_90_shift_ops_shr_shl_sshl_sshr'.
Generating RTLIL representation for module `\_90_shift_shiftx'.
Generating RTLIL representation for module `\_90_fa'.
Generating RTLIL representation for module `\_90_lcu_brent_kung'.
Generating RTLIL representation for module `\_90_alu'.
Generating RTLIL representation for module `\_90_macc'.
Generating RTLIL representation for module `\_90_alumacc'.
Generating RTLIL representation for module `$__div_mod_u'.
Generating RTLIL representation for module `$__div_mod_trunc'.
Generating RTLIL representation for module `\_90_div'.
Generating RTLIL representation for module `\_90_mod'.
Generating RTLIL representation for module `$__div_mod_floor'.
Generating RTLIL representation for module `\_90_divfloor'.
Generating RTLIL representation for module `\_90_modfloor'.
Generating RTLIL representation for module `\_90_pow'.
Generating RTLIL representation for module `\_90_demux'.
Generating RTLIL representation for module `\_90_lut'.
Generating RTLIL representation for module `$connect'.
Generating RTLIL representation for module `$input_port'.
Successfully finished Verilog frontend.

7.2. Continuing TECHMAP pass.
Using extmapper simplemap for cells of type $not.
Using extmapper simplemap for cells of type $mux.
Using extmapper simplemap for cells of type $eq.
Using extmapper simplemap for cells of type $pmux.
Using extmapper simplemap for cells of type $ff.
Using extmapper simplemap for cells of type $or.
Running "alumacc" on wrapper $extern:wrap:$add:A_SIGNED=0:A_WIDTH=8:B_SIGNED=0:B_WIDTH=1:Y_WIDTH=8:394426c56d1a028ba8fdd5469b163e04011def47.
Using template $extern:wrap:$add:A_SIGNED=0:A_WIDTH=8:B_SIGNED=0:B_WIDTH=1:Y_WIDTH=8:394426c56d1a028ba8fdd5469b163e04011def47 for cells of type $extern:wrap:$add:A_SIGNED=0:A_WIDTH=8:B_SIGNED=0:B_WIDTH=1:Y_WIDTH=8:394426c56d1a028ba8fdd5469b163e04011def47.
Using extmapper simplemap for cells of type $eqx.
Using extmapper simplemap for cells of type $logic_not.
Using template $paramod$c3cd1564c35d873179656addd6052d7ea8b6d991\_90_alu for cells of type $alu.
Using extmapper simplemap for cells of type $xor.
Using template $paramod\_90_fa\WIDTH=32'00000000000000000000000000001000 for cells of type $fa.
Using template $paramod\_90_lcu_brent_kung\WIDTH=32'00000000000000000000000000001000 for cells of type $lcu.
Using extmapper simplemap for cells of type $pos.
Using extmapper simplemap for cells of type $and.
No more expansions possible.
<suppressed ~645 debug messages>

8. Executing OPT pass (performing simple optimizations).

8.1. Executing OPT_EXPR pass (perform const folding).
Optimizing module miter.
<suppressed ~364 debug messages>

8.2. Executing OPT_MERGE pass (detect identical cells).
Finding identical cells in module `\miter'.
Computing hashes of 1433 cells of `\miter'.
Finding duplicate cells in `\miter'.
Computing hashes of 1111 cells of `\miter'.
Finding duplicate cells in `\miter'.
Computing hashes of 1008 cells of `\miter'.
Finding duplicate cells in `\miter'.
Computing hashes of 966 cells of `\miter'.
Finding duplicate cells in `\miter'.
Computing hashes of 962 cells of `\miter'.
Finding duplicate cells in `\miter'.
<suppressed ~1413 debug messages>
Removed a total of 471 cells.

8.3. Executing OPT_DFF pass (perform DFF optimizations).

8.4. Executing OPT_CLEAN pass (remove unused cells and wires).
Finding unused cells or wires in module \miter..
Removed 22 unused cells and 358 unused wires.
<suppressed ~23 debug messages>

8.5. Finished fast OPT passes.

9. Executing MEMORY_MAP pass (converting memories to logic and flip-flops).

10. Executing FORMALFF pass.

11. Executing SIMPLEMAP pass (map simple cells to gate primitives).

12. Executing DFFUNMAP pass (unmap clock enable and synchronous reset from FFs).

13. Executing AIGMAP pass (map logic to AIG).
Module miter: replaced 768 cells with 5190 new cells, skipped 172 cells.
  replaced 3 cell types:
     670 $_MUX_
      62 $_OR_
      36 $_XOR_
  not replaced 6 cell types:
      72 $_AND_
      64 $_FF_
      32 $_NOT_
       1 $assert
       1 $assume
       2 $scopeinfo

14. Executing OPT_CLEAN pass (remove unused cells and wires).
Finding unused cells or wires in module \miter..
Removed 0 unused cells and 243 unused wires.
<suppressed ~1 debug messages>

15. Printing statistics.

=== miter ===

        +----------Local Count, excluding submodules.
        | 
     5270 wires
     5518 wire bits
       38 public wires
      174 public wire bits
        6 ports
       14 port bits
     5362 cells
     2252   $_AND_
       64   $_FF_
     3042   $_NOT_
        1   $assert
        1   $assume
        2   $scopeinfo

16. Executing AIGER backend.
Warning: Treating undriven bit miter.\in_ui_in [0] like $anyseq.
Warning: Treating undriven bit miter.\in_ui_in [1] like $anyseq.
Warning: Treating undriven bit miter.\in_ui_in [2] like $anyseq.
Warning: Treating undriven bit miter.\in_ui_in [3] like $anyseq.
Warning: Treating undriven bit miter.\in_ui_in [4] like $anyseq.
Warning: Treating undriven bit miter.\in_ui_in [5] like $anyseq.
Warning: Treating undriven bit miter.\in_ui_in [6] like $anyseq.
Warning: Treating undriven bit miter.\in_ui_in [7] like $anyseq.
Warning: Treating undriven bit miter.\in_slow like $anyseq.
Warning: Treating undriven bit miter.\in_rst_n like $anyseq.
Warning: Treating undriven bit miter.\in_mode [0] like $anyseq.
Warning: Treating undriven bit miter.\in_mode [1] like $anyseq.
Warning: Treating undriven bit miter.\in_clk like $anyseq.
Warning: Treating a total of 13 undriven bits in miter like $anyseq.

Warnings: 14 unique messages, 14 total
End of script. Logfile hash: bacae27672, time: 0.40s, user: 0.23s, system: 0.03s, MEM: 37.76 MB peak
Yosys 0.69 (git sha1 9f75ca1f9, Release, GNU /usr/bin/c++ 13.3.0)
Time spent: 27% 6x opt_clean (0 sec), 17% 7x opt_expr (0 sec), ...
